sha256,filename,included,new_path,category,target_layer,authority,runtime_authority,priority,source_locator,canonical_package,canonical_path,exclusion_reason
73a1b9afda8ad841e65513e626d07f2dc171ae2b89d69082f2af99dd0ce3dc8c,README_从这里开始.md,YES,03_VALID_HISTORY/REGISTRY/REFERENCE/73a1b9afda__README_从这里开始.md,VALID_HISTORY,REGISTRY,REFERENCE,REFERENCE,P1,红楼梦探佚_R4审计准备_精简过程文档体系_v3.4(2).zip::红楼梦探佚_R4审计准备_精简过程文档体系_v3.4/00_从这里开始/README_从这里开始.md,红楼梦探佚_R4审计准备_精简过程文档体系_v3.4(2).zip,红楼梦探佚_R4审计准备_精简过程文档体系_v3.4/00_从这里开始/README_从这里开始.md,
b87f43436d3e76577e12021248826ce1d31f15f76909f1e3b45de0bafea4f348,v3.4精简过程文档体系验收审计.md,YES,03_VALID_HISTORY/ARCHIVE/HISTORICAL/b87f43436d__v3.4精简过程文档体系验收审计.md,VALID_HISTORY,ARCHIVE,HISTORICAL,NO,P2,红楼梦探佚_R4审计准备_精简过程文档体系_v3.4(2).zip::红楼梦探佚_R4审计准备_精简过程文档体系_v3.4/00_从这里开始/v3.4精简过程文档体系验收审计.md,红楼梦探佚_R4审计准备_精简过程文档体系_v3.4(2).zip,红楼梦探佚_R4审计准备_精简过程文档体系_v3.4/00_从这里开始/v3.4精简过程文档体系验收审计.md,
3654a476d08b451e32a231ccb7172d3c328d66e343e3929113e7c87d7a6cf626,下一步唯一入口_R4全链审计.md,YES,03_VALID_HISTORY/ARCHIVE/HISTORICAL/3654a476d0__下一步唯一入口_R4全链审计.md,VALID_HISTORY,ARCHIVE,HISTORICAL,NO,P2,红楼梦探佚_R4审计准备_精简过程文档体系_v3.4(2).zip::红楼梦探佚_R4审计准备_精简过程文档体系_v3.4/00_从这里开始/下一步唯一入口_R4全链审计.md,红楼梦探佚_R4审计准备_精简过程文档体系_v3.4(2).zip,红楼梦探佚_R4审计准备_精简过程文档体系_v3.4/00_从这里开始/下一步唯一入口_R4全链审计.md,
367e3d25e177b34c3c9c114f8a26a97f4299d0d8ebd473c284ec81b06945dee5,当前操作链索引_v3.4.md,YES,03_VALID_HISTORY/GOVERNANCE/HISTORICAL/367e3d25e1__当前操作链索引_v3.4.md,VALID_HISTORY,GOVERNANCE,HISTORICAL,NO,P2,红楼梦探佚_R4审计准备_精简过程文档体系_v3.4(2).zip::红楼梦探佚_R4审计准备_精简过程文档体系_v3.4/00_从这里开始/当前操作链索引_v3.4.md,红楼梦探佚_R4审计准备_精简过程文档体系_v3.4(2).zip,红楼梦探佚_R4审计准备_精简过程文档体系_v3.4/00_从这里开始/当前操作链索引_v3.4.md,
dd57fc2c8243d777c541b49d63b0a5f3cad95c4ad9a4d09ac6d1d51fa8bb91f2,文件清单与SHA256_v3.4.md,YES,03_VALID_HISTORY/REGISTRY/REFERENCE/dd57fc2c82__文件清单与SHA256_v3.4.md,VALID_HISTORY,REGISTRY,REFERENCE,REFERENCE,P1,红楼梦探佚_R4审计准备_精简过程文档体系_v3.4(2).zip::红楼梦探佚_R4审计准备_精简过程文档体系_v3.4/00_从这里开始/文件清单与SHA256_v3.4.md,红楼梦探佚_R4审计准备_精简过程文档体系_v3.4(2).zip,红楼梦探佚_R4审计准备_精简过程文档体系_v3.4/00_从这里开始/文件清单与SHA256_v3.4.md,
9e4cb117bf0791e81bf64a4b64a01f202c3aecbb98f56835546040aa9e4e06d0,文档体系清理与整编报告_v3.4.md,YES,03_VALID_HISTORY/REGISTRY/REFERENCE/9e4cb117bf__文档体系清理与整编报告_v3.4.md,VALID_HISTORY,REGISTRY,REFERENCE,REFERENCE,P1,红楼梦探佚_R4审计准备_精简过程文档体系_v3.4(2).zip::红楼梦探佚_R4审计准备_精简过程文档体系_v3.4/00_从这里开始/文档体系清理与整编报告_v3.4.md,红楼梦探佚_R4审计准备_精简过程文档体系_v3.4(2).zip,红楼梦探佚_R4审计准备_精简过程文档体系_v3.4/00_从这里开始/文档体系清理与整编报告_v3.4.md,
6626dc52188b7efb3e07d7ee69ee78496b996ec0507e64fa6d50cb6bf66fd3fa,81—100_二十回全幅补完卡_v2.1_当前施工版.md,YES,03_VALID_HISTORY/RECONSTRUCTION/REFERENCE/6626dc5218__81—100_二十回全幅补完卡_v2.1_当前施工版.md,VALID_HISTORY,RECONSTRUCTION,REFERENCE,REFERENCE,P0,红楼梦探佚_R4审计准备_精简过程文档体系_v3.4(2).zip::红楼梦探佚_R4审计准备_精简过程文档体系_v3.4/01_总控与正文基线/81—100_二十回全幅补完卡_v2.1_当前施工版.md,红楼梦探佚_R4审计准备_精简过程文档体系_v3.4(2).zip,红楼梦探佚_R4审计准备_精简过程文档体系_v3.4/01_总控与正文基线/81—100_二十回全幅补完卡_v2.1_当前施工版.md,
c83d915e0a8cfe73a5a79c3a760e325fcda0efc22afffe9794846d800ee60571,81—100_保护锁与不可破坏细节表_v2.1_当前版.md,YES,03_VALID_HISTORY/LOCK/REFERENCE/c83d915e0a__81—100_保护锁与不可破坏细节表_v2.1_当前版.md,VALID_HISTORY,LOCK,REFERENCE,REFERENCE,P0,红楼梦探佚_R4审计准备_精简过程文档体系_v3.4(2).zip::红楼梦探佚_R4审计准备_精简过程文档体系_v3.4/01_总控与正文基线/81—100_保护锁与不可破坏细节表_v2.1_当前版.md,红楼梦探佚_R4审计准备_精简过程文档体系_v3.4(2).zip,红楼梦探佚_R4审计准备_精简过程文档体系_v3.4/01_总控与正文基线/81—100_保护锁与不可破坏细节表_v2.1_当前版.md,
18f8bcc2739481d0b66ace616bb7cfc8b3f09d109e189d0b081d9c70f074a2c2,81—100_正文实施事实登记表_v1.2_当前版.md,YES,03_VALID_HISTORY/IMPLEMENTATION/REFERENCE/18f8bcc273__81—100_正文实施事实登记表_v1.2_当前版.md,VALID_HISTORY,IMPLEMENTATION,REFERENCE,REFERENCE,P0,红楼梦探佚_R4审计准备_精简过程文档体系_v3.4(2).zip::红楼梦探佚_R4审计准备_精简过程文档体系_v3.4/01_总控与正文基线/81—100_正文实施事实登记表_v1.2_当前版.md,红楼梦探佚_R4审计准备_精简过程文档体系_v3.4(2).zip,红楼梦探佚_R4审计准备_精简过程文档体系_v3.4/01_总控与正文基线/81—100_正文实施事实登记表_v1.2_当前版.md,
417a201365f0e5c961b1497b098eaa8f40c02cabc07cf2a79391a6d2ae00ed69,81—100_运行性前置状态总表_v1.8_当前版.md,YES,03_VALID_HISTORY/WORLD/REFERENCE/417a201365__81—100_运行性前置状态总表_v1.8_当前版.md,VALID_HISTORY,WORLD,REFERENCE,REFERENCE,P0,红楼梦探佚_R4审计准备_精简过程文档体系_v3.4(2).zip::红楼梦探佚_R4审计准备_精简过程文档体系_v3.4/01_总控与正文基线/81—100_运行性前置状态总表_v1.8_当前版.md,红楼梦探佚_R4审计准备_精简过程文档体系_v3.4(2).zip,红楼梦探佚_R4审计准备_精简过程文档体系_v3.4/01_总控与正文基线/81—100_运行性前置状态总表_v1.8_当前版.md,
ea84c40c90cb0b11b826b2e567d0ae817621097959d9e7c412c62b49e05de002,第32-A_红楼梦八十回后文学复原_纯读版_v1.2_证据角色回归基线.md,YES,03_VALID_HISTORY/IMPLEMENTATION/VERSION_HISTORY/ea84c40c90__第32-A_红楼梦八十回后文学复原_纯读版_v1.2_证据角色回归基线.md,VALID_HISTORY,IMPLEMENTATION,VERSION_HISTORY,NO,P2,红楼梦探佚_全量文档体系_重整版_v4.2.zip::红楼梦探佚_全量文档体系_重整版_v4.2/09_正文基线与版本治理历史/03_R3总控与正文基线/第32-A_红楼梦八十回后文学复原_纯读版_v1.2_证据角色回归基线.md,红楼梦探佚_全量文档体系_重整版_v4.2.zip,红楼梦探佚_全量文档体系_重整版_v4.2/09_正文基线与版本治理历史/03_R3总控与正文基线/第32-A_红楼梦八十回后文学复原_纯读版_v1.2_证据角色回归基线.md,
432c7a95120fe807bdfe2d89d90c430c5be34548fe957477251812cbd6817f26,红楼梦八十回后佚稿复原_工作底稿_v2.12_当前母本.md,YES,03_VALID_HISTORY/RECONSTRUCTION/REFERENCE/432c7a9512__红楼梦八十回后佚稿复原_工作底稿_v2.12_当前母本.md,VALID_HISTORY,RECONSTRUCTION,REFERENCE,REFERENCE,P0,红楼梦探佚_R4审计准备_精简过程文档体系_v3.4(2).zip::红楼梦探佚_R4审计准备_精简过程文档体系_v3.4/01_总控与正文基线/红楼梦八十回后佚稿复原_工作底稿_v2.12_当前母本.md,红楼梦探佚_R4审计准备_精简过程文档体系_v3.4(2).zip,红楼梦探佚_R4审计准备_精简过程文档体系_v3.4/01_总控与正文基线/红楼梦八十回后佚稿复原_工作底稿_v2.12_当前母本.md,
bc46bc89fb41ba3a11240ba268b78daeef002240cf1009b1ffee3e36de084a6e,红楼梦八十回后全幅文学补完大工程计划_v5.8_R4审计准备版(3).md,YES,03_VALID_HISTORY/GOVERNANCE/HISTORICAL/bc46bc89fb__红楼梦八十回后全幅文学补完大工程计划_v5.8_R4审计准备版(3).md,VALID_HISTORY,GOVERNANCE,HISTORICAL,NO,P2,workspace:红楼梦八十回后全幅文学补完大工程计划_v5.8_R4审计准备版(3).md,红楼梦探佚_全量文档体系_重整版_v4.2.zip,红楼梦探佚_全量文档体系_重整版_v4.2/10_R4全链审计与纠偏全过程/05_R4中间版本链_只读/红楼梦八十回后全幅文学补完大工程计划_v5.8_R4审计准备版(3).md,
0f2651a5c0f1562b2372fd12710ecbe6aaaa706e5081bbd39b5ea3232ab536fa,80回后佚失诗词文赋总表_v1.4_当前版.md,YES,03_VALID_HISTORY/EVIDENCE_LITERARY/REFERENCE/0f2651a5c0__80回后佚失诗词文赋总表_v1.4_当前版.md,VALID_HISTORY,EVIDENCE_LITERARY,REFERENCE,REFERENCE,P0,红楼梦探佚_R4审计准备_精简过程文档体系_v3.4(2).zip::红楼梦探佚_R4审计准备_精简过程文档体系_v3.4/02_证据治理/80回后佚失诗词文赋总表_v1.4_当前版.md,红楼梦探佚_R4审计准备_精简过程文档体系_v3.4(2).zip,红楼梦探佚_R4审计准备_精简过程文档体系_v3.4/02_证据治理/80回后佚失诗词文赋总表_v1.4_当前版.md,
ad44ee6b1fd05b1f55958c27524a77b2c3717dd7dbc681eb04a4af7a1b7d1821,81—100_回目T轴审计与实施状态表_v1.2_当前版.md,YES,03_VALID_HISTORY/EVIDENCE/REFERENCE/ad44ee6b1f__81—100_回目T轴审计与实施状态表_v1.2_当前版.md,VALID_HISTORY,EVIDENCE,REFERENCE,REFERENCE,P0,红楼梦探佚_R4审计准备_精简过程文档体系_v3.4(2).zip::红楼梦探佚_R4审计准备_精简过程文档体系_v3.4/02_证据治理/81—100_回目T轴审计与实施状态表_v1.2_当前版.md,红楼梦探佚_R4审计准备_精简过程文档体系_v3.4(2).zip,红楼梦探佚_R4审计准备_精简过程文档体系_v3.4/02_证据治理/81—100_回目T轴审计与实施状态表_v1.2_当前版.md,
fdc75d8be557217496f187772a1fdd602c9d5b3fb339f818f465411be1b68629,后80直引证据角色总台账_v1.3_当前版.md,YES,03_VALID_HISTORY/EVIDENCE/REFERENCE/fdc75d8be5__后80直引证据角色总台账_v1.3_当前版.md,VALID_HISTORY,EVIDENCE,REFERENCE,REFERENCE,P0,红楼梦探佚_R4审计准备_精简过程文档体系_v3.4(2).zip::红楼梦探佚_R4审计准备_精简过程文档体系_v3.4/02_证据治理/后80直引证据角色总台账_v1.3_当前版.md,红楼梦探佚_R4审计准备_精简过程文档体系_v3.4(2).zip,红楼梦探佚_R4审计准备_精简过程文档体系_v3.4/02_证据治理/后80直引证据角色总台账_v1.3_当前版.md,
cdd61375cc17ad72506799fc23d3660b439712a9adf86d9d9be2acb67f7c1e44,末回情榜系统_五层芳讳候选证据矩阵_v1.4_当前版.md,YES,03_VALID_HISTORY/LITERARY_EVIDENCE/REFERENCE/cdd61375cc__末回情榜系统_五层芳讳候选证据矩阵_v1.4_当前版.md,VALID_HISTORY,LITERARY_EVIDENCE,REFERENCE,REFERENCE,P0,红楼梦探佚_R4审计准备_精简过程文档体系_v3.4(2).zip::红楼梦探佚_R4审计准备_精简过程文档体系_v3.4/02_证据治理/末回情榜系统_五层芳讳候选证据矩阵_v1.4_当前版.md,红楼梦探佚_R4审计准备_精简过程文档体系_v3.4(2).zip,红楼梦探佚_R4审计准备_精简过程文档体系_v3.4/02_证据治理/末回情榜系统_五层芳讳候选证据矩阵_v1.4_当前版.md,
e320a041faa72a5298eff9ec01a7f3731c30b7dd933a12e16cb5c9c744e78f75,证据角色六字段治理规范_v1.1_当前版.md,YES,03_VALID_HISTORY/GOVERNANCE/REFERENCE/e320a041fa__证据角色六字段治理规范_v1.1_当前版.md,VALID_HISTORY,GOVERNANCE,REFERENCE,REFERENCE,P0,红楼梦探佚_R4审计准备_精简过程文档体系_v3.4(2).zip::红楼梦探佚_R4审计准备_精简过程文档体系_v3.4/02_证据治理/证据角色六字段治理规范_v1.1_当前版.md,红楼梦探佚_R4审计准备_精简过程文档体系_v3.4(2).zip,红楼梦探佚_R4审计准备_精简过程文档体系_v3.4/02_证据治理/证据角色六字段治理规范_v1.1_当前版.md,
eab875c6975564b45f7a1bcb785cb1edcc9257f274f5402866a6d7b8d2b14adf,诗文B类非作品约束收口表_v1.3_当前版.md,YES,03_VALID_HISTORY/EVIDENCE_LITERARY/REFERENCE/eab875c697__诗文B类非作品约束收口表_v1.3_当前版.md,VALID_HISTORY,EVIDENCE_LITERARY,REFERENCE,REFERENCE,P0,红楼梦探佚_R4审计准备_精简过程文档体系_v3.4(2).zip::红楼梦探佚_R4审计准备_精简过程文档体系_v3.4/02_证据治理/诗文B类非作品约束收口表_v1.3_当前版.md,红楼梦探佚_R4审计准备_精简过程文档体系_v3.4(2).zip,红楼梦探佚_R4审计准备_精简过程文档体系_v3.4/02_证据治理/诗文B类非作品约束收口表_v1.3_当前版.md,
516935ff3a97a24fea0f25f287f7c212037edc8bbe95ccb647c03d3ef0ca473e,前80_80回章回外框与回前回末韵文总表_v1.0.md,YES,03_VALID_HISTORY/LITERARY_ECOLOGY/REFERENCE/516935ff3a__前80_80回章回外框与回前回末韵文总表_v1.0.md,VALID_HISTORY,LITERARY_ECOLOGY,REFERENCE,REFERENCE,P0,红楼梦探佚_R4审计准备_精简过程文档体系_v3.4(2).zip::红楼梦探佚_R4审计准备_精简过程文档体系_v3.4/03_前80生态基线/前80_80回章回外框与回前回末韵文总表_v1.0.md,红楼梦探佚_R4审计准备_精简过程文档体系_v3.4(2).zip,红楼梦探佚_R4审计准备_精简过程文档体系_v3.4/03_前80生态基线/前80_80回章回外框与回前回末韵文总表_v1.0.md,
e9b9b54f25c6c2419433b9b3da040e936d0f4d1bad4945817c5cad1643161f97,前80_世情百业礼俗经济总谱_v1.0.md,YES,03_VALID_HISTORY/LITERARY_ECOLOGY/REFERENCE/e9b9b54f25__前80_世情百业礼俗经济总谱_v1.0.md,VALID_HISTORY,LITERARY_ECOLOGY,REFERENCE,REFERENCE,P0,红楼梦探佚_R4审计准备_精简过程文档体系_v3.4(2).zip::红楼梦探佚_R4审计准备_精简过程文档体系_v3.4/03_前80生态基线/前80_世情百业礼俗经济总谱_v1.0.md,红楼梦探佚_R4审计准备_精简过程文档体系_v3.4(2).zip,红楼梦探佚_R4审计准备_精简过程文档体系_v3.4/03_前80生态基线/前80_世情百业礼俗经济总谱_v1.0.md,
2e573c452396e356265837b9130fb28351ca8b8a691c539685ffdcaba4e76136,前80_佛道梦幻哲学系统总谱_v1.0.md,YES,03_VALID_HISTORY/LITERARY_ECOLOGY/REFERENCE/2e573c4523__前80_佛道梦幻哲学系统总谱_v1.0.md,VALID_HISTORY,LITERARY_ECOLOGY,REFERENCE,REFERENCE,P0,红楼梦探佚_全量文档体系_重整版_v4.2.zip::红楼梦探佚_全量文档体系_重整版_v4.2/04_前80文学生态与语料/02_R3生态总谱/前80_佛道梦幻哲学系统总谱_v1.0.md,红楼梦探佚_全量文档体系_重整版_v4.2.zip,红楼梦探佚_全量文档体系_重整版_v4.2/04_前80文学生态与语料/02_R3生态总谱/前80_佛道梦幻哲学系统总谱_v1.0.md,
98d9c0a13e692043b440941fe50cdcb719ab9cb4f1623f061f894cb6d6a3155c,前80_医学身体疾病书写总谱_v1.0.md,YES,03_VALID_HISTORY/LITERARY_ECOLOGY/REFERENCE/98d9c0a13e__前80_医学身体疾病书写总谱_v1.0.md,VALID_HISTORY,LITERARY_ECOLOGY,REFERENCE,REFERENCE,P0,红楼梦探佚_全量文档体系_重整版_v4.2.zip::红楼梦探佚_全量文档体系_重整版_v4.2/04_前80文学生态与语料/02_R3生态总谱/前80_医学身体疾病书写总谱_v1.0.md,红楼梦探佚_全量文档体系_重整版_v4.2.zip,红楼梦探佚_全量文档体系_重整版_v4.2/04_前80文学生态与语料/02_R3生态总谱/前80_医学身体疾病书写总谱_v1.0.md,
663d991bedc4d362a6898f135edfe6f4bb907c5a25334374766667cbd964eb2d,前80_琴棋书画文人生活总谱_v1.0.md,YES,03_VALID_HISTORY/LITERARY_ECOLOGY/REFERENCE/663d991bed__前80_琴棋书画文人生活总谱_v1.0.md,VALID_HISTORY,LITERARY_ECOLOGY,REFERENCE,REFERENCE,P0,红楼梦探佚_全量文档体系_重整版_v4.2.zip::红楼梦探佚_全量文档体系_重整版_v4.2/04_前80文学生态与语料/02_R3生态总谱/前80_琴棋书画文人生活总谱_v1.0.md,红楼梦探佚_全量文档体系_重整版_v4.2.zip,红楼梦探佚_全量文档体系_重整版_v4.2/04_前80文学生态与语料/02_R3生态总谱/前80_琴棋书画文人生活总谱_v1.0.md,
ddeb1147fda8c4b5fd6de214ace78ddc672f07e527ac636143419ebb24cef299,前80_诗词曲赋完整生态谱_v1.0.md,YES,03_VALID_HISTORY/LITERARY_ECOLOGY/REFERENCE/ddeb1147fd__前80_诗词曲赋完整生态谱_v1.0.md,VALID_HISTORY,LITERARY_ECOLOGY,REFERENCE,REFERENCE,P0,红楼梦探佚_全量文档体系_重整版_v4.2.zip::红楼梦探佚_全量文档体系_重整版_v4.2/04_前80文学生态与语料/02_R3生态总谱/前80_诗词曲赋完整生态谱_v1.0.md,红楼梦探佚_全量文档体系_重整版_v4.2.zip,红楼梦探佚_全量文档体系_重整版_v4.2/04_前80文学生态与语料/02_R3生态总谱/前80_诗词曲赋完整生态谱_v1.0.md,
c974385eeaa02e7b1a6170cb702aae2bed84eab96e5ba13f5e68968d5f1700c2,81—100_人物新增诗文G层竞选总表_v1.3_当前版.md,YES,03_VALID_HISTORY/LITERARY_ECOLOGY/REFERENCE/c974385eea__81—100_人物新增诗文G层竞选总表_v1.3_当前版.md,VALID_HISTORY,LITERARY_ECOLOGY,REFERENCE,REFERENCE,P0,红楼梦探佚_R4审计准备_精简过程文档体系_v3.4(2).zip::红楼梦探佚_R4审计准备_精简过程文档体系_v3.4/04_后20专项施工底板/81—100_人物新增诗文G层竞选总表_v1.3_当前版.md,红楼梦探佚_R4审计准备_精简过程文档体系_v3.4(2).zip,红楼梦探佚_R4审计准备_精简过程文档体系_v3.4/04_后20专项施工底板/81—100_人物新增诗文G层竞选总表_v1.3_当前版.md,
fc421b406baee7946b3d3bf4291c59678bfb09a04d13939c9e80199f157e7674,81—100_作者层韵文配置与三案竞选总表_v1.6_当前版.md,YES,03_VALID_HISTORY/LITERARY_ECOLOGY/REFERENCE/fc421b406b__81—100_作者层韵文配置与三案竞选总表_v1.6_当前版.md,VALID_HISTORY,LITERARY_ECOLOGY,REFERENCE,REFERENCE,P0,红楼梦探佚_R4审计准备_精简过程文档体系_v3.4(2).zip::红楼梦探佚_R4审计准备_精简过程文档体系_v3.4/04_后20专项施工底板/81—100_作者层韵文配置与三案竞选总表_v1.6_当前版.md,红楼梦探佚_R4审计准备_精简过程文档体系_v3.4(2).zip,红楼梦探佚_R4审计准备_精简过程文档体系_v3.4/04_后20专项施工底板/81—100_作者层韵文配置与三案竞选总表_v1.6_当前版.md,
7e4ba5576d56cf953338ef9dfa98b9dea3da4be4a595fff241a5c26d4c7e23bf,81—100_医学身体饮食婚丧礼俗补完表_v1.3_当前版.md,YES,03_VALID_HISTORY/WORLD_LITERARY/REFERENCE/7e4ba5576d__81—100_医学身体饮食婚丧礼俗补完表_v1.3_当前版.md,VALID_HISTORY,WORLD_LITERARY,REFERENCE,REFERENCE,P0,红楼梦探佚_R4审计准备_精简过程文档体系_v3.4(2).zip::红楼梦探佚_R4审计准备_精简过程文档体系_v3.4/04_后20专项施工底板/81—100_医学身体饮食婚丧礼俗补完表_v1.3_当前版.md,红楼梦探佚_R4审计准备_精简过程文档体系_v3.4(2).zip,红楼梦探佚_R4审计准备_精简过程文档体系_v3.4/04_后20专项施工底板/81—100_医学身体饮食婚丧礼俗补完表_v1.3_当前版.md,
faae6f996071b532940ceddfdd55830df7eb60a59d98ee167f725dffd7b4f3d0,81—100_十二维文学文化缺口总表_v1.6_当前版.md,YES,03_VALID_HISTORY/PLANNING/REFERENCE/faae6f9960__81—100_十二维文学文化缺口总表_v1.6_当前版.md,VALID_HISTORY,PLANNING,REFERENCE,REFERENCE,P0,红楼梦探佚_R4审计准备_精简过程文档体系_v3.4(2).zip::红楼梦探佚_R4审计准备_精简过程文档体系_v3.4/04_后20专项施工底板/81—100_十二维文学文化缺口总表_v1.6_当前版.md,红楼梦探佚_R4审计准备_精简过程文档体系_v3.4(2).zip,红楼梦探佚_R4审计准备_精简过程文档体系_v3.4/04_后20专项施工底板/81—100_十二维文学文化缺口总表_v1.6_当前版.md,
969df67818a9b3d3ecc387bafbb7f9a87167aca12765ee5b0cb44214832057c1,81—100_哲学宗教梦境情榜太虚深化方案_v1.3_当前版.md,YES,03_VALID_HISTORY/LITERARY_ECOLOGY/REFERENCE/969df67818__81—100_哲学宗教梦境情榜太虚深化方案_v1.3_当前版.md,VALID_HISTORY,LITERARY_ECOLOGY,REFERENCE,REFERENCE,P0,红楼梦探佚_R4审计准备_精简过程文档体系_v3.4(2).zip::红楼梦探佚_R4审计准备_精简过程文档体系_v3.4/04_后20专项施工底板/81—100_哲学宗教梦境情榜太虚深化方案_v1.3_当前版.md,红楼梦探佚_R4审计准备_精简过程文档体系_v3.4(2).zip,红楼梦探佚_R4审计准备_精简过程文档体系_v3.4/04_后20专项施工底板/81—100_哲学宗教梦境情榜太虚深化方案_v1.3_当前版.md,
121ea5f5687f121241204a19c4717de7df5631a617424e11a1f5e01e4aedef2e,81—100_旧文化生活定向补完表_v1.3_当前版.md,YES,03_VALID_HISTORY/LITERARY_ECOLOGY/REFERENCE/121ea5f568__81—100_旧文化生活定向补完表_v1.3_当前版.md,VALID_HISTORY,LITERARY_ECOLOGY,REFERENCE,REFERENCE,P0,红楼梦探佚_R4审计准备_精简过程文档体系_v3.4(2).zip::红楼梦探佚_R4审计准备_精简过程文档体系_v3.4/04_后20专项施工底板/81—100_旧文化生活定向补完表_v1.3_当前版.md,红楼梦探佚_R4审计准备_精简过程文档体系_v3.4(2).zip,红楼梦探佚_R4审计准备_精简过程文档体系_v3.4/04_后20专项施工底板/81—100_旧文化生活定向补完表_v1.3_当前版.md,
bc6bf7cb5e60a47ff8a60fe348fc816c060d39901714efb1006695da81a68823,81—100_社会基础设施现金流职业世界总表_v1.4_当前版.md,YES,03_VALID_HISTORY/WORLD/REFERENCE/bc6bf7cb5e__81—100_社会基础设施现金流职业世界总表_v1.4_当前版.md,VALID_HISTORY,WORLD,REFERENCE,REFERENCE,P0,红楼梦探佚_R4审计准备_精简过程文档体系_v3.4(2).zip::红楼梦探佚_R4审计准备_精简过程文档体系_v3.4/04_后20专项施工底板/81—100_社会基础设施现金流职业世界总表_v1.4_当前版.md,红楼梦探佚_R4审计准备_精简过程文档体系_v3.4(2).zip,红楼梦探佚_R4审计准备_精简过程文档体系_v3.4/04_后20专项施工底板/81—100_社会基础设施现金流职业世界总表_v1.4_当前版.md,
4e1dd2a2d7669011ece72f8d7a5b93903b235042aadd528f0178f6544901dc7b,81—100_被压缩形成过程与社会过程补完总表_v1.7_当前版.md,YES,03_VALID_HISTORY/PLANNING/REFERENCE/4e1dd2a2d7__81—100_被压缩形成过程与社会过程补完总表_v1.7_当前版.md,VALID_HISTORY,PLANNING,REFERENCE,REFERENCE,P0,红楼梦探佚_R4审计准备_精简过程文档体系_v3.4(2).zip::红楼梦探佚_R4审计准备_精简过程文档体系_v3.4/04_后20专项施工底板/81—100_被压缩形成过程与社会过程补完总表_v1.7_当前版.md,红楼梦探佚_R4审计准备_精简过程文档体系_v3.4(2).zip,红楼梦探佚_R4审计准备_精简过程文档体系_v3.4/04_后20专项施工底板/81—100_被压缩形成过程与社会过程补完总表_v1.7_当前版.md,
5fddcda466a44b6d0d078a83f3b636c7084ddb3720cb0ec3487d1065f0e0f222,十独吟_作者形制时序专题_v1.3_当前版.md,YES,03_VALID_HISTORY/LITERARY_EVIDENCE/REFERENCE/5fddcda466__十独吟_作者形制时序专题_v1.3_当前版.md,VALID_HISTORY,LITERARY_EVIDENCE,REFERENCE,REFERENCE,P0,红楼梦探佚_R4审计准备_精简过程文档体系_v3.4(2).zip::红楼梦探佚_R4审计准备_精简过程文档体系_v3.4/05_诗文与情榜专题/十独吟_作者形制时序专题_v1.3_当前版.md,红楼梦探佚_R4审计准备_精简过程文档体系_v3.4(2).zip,红楼梦探佚_R4审计准备_精简过程文档体系_v3.4/05_诗文与情榜专题/十独吟_作者形制时序专题_v1.3_当前版.md,
826d133717a7ac46d487cc400fdda2a9f4f332409f1b9dc85f5cacd46d66929f,对景悼颦儿_场景体裁竞争专题_v1.3_当前版.md,YES,03_VALID_HISTORY/LITERARY_EVIDENCE/REFERENCE/826d133717__对景悼颦儿_场景体裁竞争专题_v1.3_当前版.md,VALID_HISTORY,LITERARY_EVIDENCE,REFERENCE,REFERENCE,P0,红楼梦探佚_R4审计准备_精简过程文档体系_v3.4(2).zip::红楼梦探佚_R4审计准备_精简过程文档体系_v3.4/05_诗文与情榜专题/对景悼颦儿_场景体裁竞争专题_v1.3_当前版.md,红楼梦探佚_R4审计准备_精简过程文档体系_v3.4(2).zip,红楼梦探佚_R4审计准备_精简过程文档体系_v3.4/05_诗文与情榜专题/对景悼颦儿_场景体裁竞争专题_v1.3_当前版.md,
cc1895317c5806dabf7836be32a29d5b08bd1df242e92d1e84477f5fbdd3be31,末回情榜系统_榜式层级与生成边界专题_v1.3_当前版.md,YES,03_VALID_HISTORY/LITERARY_EVIDENCE/REFERENCE/cc1895317c__末回情榜系统_榜式层级与生成边界专题_v1.3_当前版.md,VALID_HISTORY,LITERARY_EVIDENCE,REFERENCE,REFERENCE,P0,红楼梦探佚_R4审计准备_精简过程文档体系_v3.4(2).zip::红楼梦探佚_R4审计准备_精简过程文档体系_v3.4/05_诗文与情榜专题/末回情榜系统_榜式层级与生成边界专题_v1.3_当前版.md,红楼梦探佚_R4审计准备_精简过程文档体系_v3.4(2).zip,红楼梦探佚_R4审计准备_精简过程文档体系_v3.4/05_诗文与情榜专题/末回情榜系统_榜式层级与生成边界专题_v1.3_当前版.md,
1dddde4f100b2596778e58e1a7ab2557b25b836d083a567ffff0bf1aa8023c54,续庄子绝句_物质文本流转专题_v1.2_当前版.md,YES,03_VALID_HISTORY/WORLD_LITERARY/REFERENCE/1dddde4f10__续庄子绝句_物质文本流转专题_v1.2_当前版.md,VALID_HISTORY,WORLD_LITERARY,REFERENCE,REFERENCE,P0,红楼梦探佚_R4审计准备_精简过程文档体系_v3.4(2).zip::红楼梦探佚_R4审计准备_精简过程文档体系_v3.4/05_诗文与情榜专题/续庄子绝句_物质文本流转专题_v1.2_当前版.md,红楼梦探佚_R4审计准备_精简过程文档体系_v3.4(2).zip,红楼梦探佚_R4审计准备_精简过程文档体系_v3.4/05_诗文与情榜专题/续庄子绝句_物质文本流转专题_v1.2_当前版.md,
43d3c27fb994ef2a6d9385229063cdaaadaa09765f845bd450279f040185e002,黛亡诗文总接口与旧作分工专题_v1.2_当前版.md,YES,03_VALID_HISTORY/LITERARY_ECOLOGY/REFERENCE/43d3c27fb9__黛亡诗文总接口与旧作分工专题_v1.2_当前版.md,VALID_HISTORY,LITERARY_ECOLOGY,REFERENCE,REFERENCE,P0,红楼梦探佚_R4审计准备_精简过程文档体系_v3.4(2).zip::红楼梦探佚_R4审计准备_精简过程文档体系_v3.4/05_诗文与情榜专题/黛亡诗文总接口与旧作分工专题_v1.2_当前版.md,红楼梦探佚_R4审计准备_精简过程文档体系_v3.4(2).zip,红楼梦探佚_R4审计准备_精简过程文档体系_v3.4/05_诗文与情榜专题/黛亡诗文总接口与旧作分工专题_v1.2_当前版.md,
c854b24a9a853aff6ce3ca401de239bfbe5be3c402d43695139370a19b3ded6e,README_使用边界.md,YES,03_VALID_HISTORY/REGISTRY/REFERENCE/c854b24a9a__README_使用边界.md,VALID_HISTORY,REGISTRY,REFERENCE,REFERENCE,P1,红楼梦探佚_全量文档体系_重整版_v4.2.zip::红楼梦探佚_全量文档体系_重整版_v4.2/07_语言声口章法与文学审计/04_R3语言声口章法参考/README_使用边界.md,红楼梦探佚_全量文档体系_重整版_v4.2.zip,红楼梦探佚_全量文档体系_重整版_v4.2/07_语言声口章法与文学审计/04_R3语言声口章法参考/README_使用边界.md,
3a6c54bfac7be45f913a8f43d4869efe87a618a4161738f1424c20668ca24d9a,前八十回_人物对白语料库_v1.0.md,YES,03_VALID_HISTORY/LITERARY_ECOLOGY/REFERENCE/3a6c54bfac__前八十回_人物对白语料库_v1.0.md,VALID_HISTORY,LITERARY_ECOLOGY,REFERENCE,REFERENCE,P0,红楼梦探佚_全量文档体系_重整版_v4.2.zip::红楼梦探佚_全量文档体系_重整版_v4.2/04_前80文学生态与语料/01_基础语料_v4/前八十回_人物对白语料库_v1.0.md,红楼梦探佚_全量文档体系_重整版_v4.2.zip,红楼梦探佚_全量文档体系_重整版_v4.2/04_前80文学生态与语料/01_基础语料_v4/前八十回_人物对白语料库_v1.0.md,
42016d91258f71f0bb574b67bfb54c8a607b60c6546ee08209532a198f85f7fa,前八十回_回次结构解剖表_v1.0.md,YES,03_VALID_HISTORY/LITERARY_ECOLOGY/REFERENCE/42016d9125__前八十回_回次结构解剖表_v1.0.md,VALID_HISTORY,LITERARY_ECOLOGY,REFERENCE,REFERENCE,P0,红楼梦探佚_全量文档体系_重整版_v4.2.zip::红楼梦探佚_全量文档体系_重整版_v4.2/04_前80文学生态与语料/01_基础语料_v4/前八十回_回次结构解剖表_v1.0.md,红楼梦探佚_全量文档体系_重整版_v4.2.zip,红楼梦探佚_全量文档体系_重整版_v4.2/04_前80文学生态与语料/01_基础语料_v4/前八十回_回次结构解剖表_v1.0.md,
3735d2b2d82d70aac061f2cf7f5ccee84370064d6935364aa587402dccb7ff96,前八十回_生活物质与家务索引_v1.0.md,YES,03_VALID_HISTORY/LITERARY_ECOLOGY/REFERENCE/3735d2b2d8__前八十回_生活物质与家务索引_v1.0.md,VALID_HISTORY,LITERARY_ECOLOGY,REFERENCE,REFERENCE,P0,红楼梦探佚_全量文档体系_重整版_v4.2.zip::红楼梦探佚_全量文档体系_重整版_v4.2/04_前80文学生态与语料/01_基础语料_v4/前八十回_生活物质与家务索引_v1.0.md,红楼梦探佚_全量文档体系_重整版_v4.2.zip,红楼梦探佚_全量文档体系_重整版_v4.2/04_前80文学生态与语料/01_基础语料_v4/前八十回_生活物质与家务索引_v1.0.md,
fa3777ea9bf815e7885be960879a35732c51c78e392ad7d11ebe32a36cae181e,前八十回_章法技法索引_v1.0.md,YES,03_VALID_HISTORY/LITERARY_ECOLOGY/REFERENCE/fa3777ea9b__前八十回_章法技法索引_v1.0.md,VALID_HISTORY,LITERARY_ECOLOGY,REFERENCE,REFERENCE,P0,红楼梦探佚_全量文档体系_重整版_v4.2.zip::红楼梦探佚_全量文档体系_重整版_v4.2/04_前80文学生态与语料/01_基础语料_v4/前八十回_章法技法索引_v1.0.md,红楼梦探佚_全量文档体系_重整版_v4.2.zip,红楼梦探佚_全量文档体系_重整版_v4.2/04_前80文学生态与语料/01_基础语料_v4/前八十回_章法技法索引_v1.0.md,
384ad26886acd15ec18e37d5b9d87a6db2cd5cee7509c7fc9ccb08cb670181f7,前八十回_诗词文书功能索引_v1.0.md,YES,03_VALID_HISTORY/LITERARY_ECOLOGY/REFERENCE/384ad26886__前八十回_诗词文书功能索引_v1.0.md,VALID_HISTORY,LITERARY_ECOLOGY,REFERENCE,REFERENCE,P0,红楼梦探佚_全量文档体系_重整版_v4.2.zip::红楼梦探佚_全量文档体系_重整版_v4.2/04_前80文学生态与语料/01_基础语料_v4/前八十回_诗词文书功能索引_v1.0.md,红楼梦探佚_全量文档体系_重整版_v4.2.zip,红楼梦探佚_全量文档体系_重整版_v4.2/04_前80文学生态与语料/01_基础语料_v4/前八十回_诗词文书功能索引_v1.0.md,
d1e2865d63b79f75c63c50cc03a5033fdddc26d21ac2632a689af26c682bc3fe,正文时代语汇与称谓表_v0.1.md,YES,03_VALID_HISTORY/LITERARY_ECOLOGY/REFERENCE/d1e2865d63__正文时代语汇与称谓表_v0.1.md,VALID_HISTORY,LITERARY_ECOLOGY,REFERENCE,REFERENCE,P0,红楼梦探佚_全量文档体系_重整版_v4.2.zip::红楼梦探佚_全量文档体系_重整版_v4.2/07_语言声口章法与文学审计/04_R3语言声口章法参考/正文时代语汇与称谓表_v0.1.md,红楼梦探佚_全量文档体系_重整版_v4.2.zip,红楼梦探佚_全量文档体系_重整版_v4.2/07_语言声口章法与文学审计/04_R3语言声口章法参考/正文时代语汇与称谓表_v0.1.md,
e441cb4792a16a8940f223ebb8530c7a77fb0e886494f4b8926b8c0e6dfd3f42,第28C步_香菱诗文声口卡_v1.0.md,YES,03_VALID_HISTORY/LITERARY_ECOLOGY/REFERENCE/e441cb4792__第28C步_香菱诗文声口卡_v1.0.md,VALID_HISTORY,LITERARY_ECOLOGY,REFERENCE,REFERENCE,P0,红楼梦探佚_全量文档体系_重整版_v4.2.zip::红楼梦探佚_全量文档体系_重整版_v4.2/06_诗文情榜与文书/01_第28步诗文情榜文书专项/第28C步_香菱诗文声口卡_v1.0.md,红楼梦探佚_全量文档体系_重整版_v4.2.zip,红楼梦探佚_全量文档体系_重整版_v4.2/06_诗文情榜与文书/01_第28步诗文情榜文书专项/第28C步_香菱诗文声口卡_v1.0.md,
41b7b6819038948bf18e73dc3c0a46676b9a6242cc9e095222f0c312a91329ee,第28C步_香菱黛玉诗体比较审计与施工决策_v1.0.md,YES,03_VALID_HISTORY/LITERARY_ECOLOGY/REFERENCE/41b7b68190__第28C步_香菱黛玉诗体比较审计与施工决策_v1.0.md,VALID_HISTORY,LITERARY_ECOLOGY,REFERENCE,REFERENCE,P0,红楼梦探佚_全量文档体系_重整版_v4.2.zip::红楼梦探佚_全量文档体系_重整版_v4.2/06_诗文情榜与文书/01_第28步诗文情榜文书专项/第28C步_香菱黛玉诗体比较审计与施工决策_v1.0.md,红楼梦探佚_全量文档体系_重整版_v4.2.zip,红楼梦探佚_全量文档体系_重整版_v4.2/06_诗文情榜与文书/01_第28步诗文情榜文书专项/第28C步_香菱黛玉诗体比较审计与施工决策_v1.0.md,
e44db8f289c4f43d251701ca2449e8bbde643663fac4e5ac62a14ac31486fde8,第28C步_黛玉诗文声口卡_v1.0.md,YES,03_VALID_HISTORY/LITERARY_ECOLOGY/REFERENCE/e44db8f289__第28C步_黛玉诗文声口卡_v1.0.md,VALID_HISTORY,LITERARY_ECOLOGY,REFERENCE,REFERENCE,P0,红楼梦探佚_全量文档体系_重整版_v4.2.zip::红楼梦探佚_全量文档体系_重整版_v4.2/06_诗文情榜与文书/01_第28步诗文情榜文书专项/第28C步_黛玉诗文声口卡_v1.0.md,红楼梦探佚_全量文档体系_重整版_v4.2.zip,红楼梦探佚_全量文档体系_重整版_v4.2/06_诗文情榜与文书/01_第28步诗文情榜文书专项/第28C步_黛玉诗文声口卡_v1.0.md,
8cfb49404420cb1accc5e66e155285bc74f9cd9417cf77e45a60602172052ce9,第31-A_字法与称谓统一矩阵_v1.0.md,YES,03_VALID_HISTORY/LITERARY_ECOLOGY/REFERENCE/8cfb494044__第31-A_字法与称谓统一矩阵_v1.0.md,VALID_HISTORY,LITERARY_ECOLOGY,REFERENCE,REFERENCE,P0,红楼梦探佚_全量文档体系_重整版_v4.2.zip::红楼梦探佚_全量文档体系_重整版_v4.2/07_语言声口章法与文学审计/03_第31步语言统一与版本治理/第31-A_字法与称谓统一矩阵_v1.0.md,红楼梦探佚_全量文档体系_重整版_v4.2.zip,红楼梦探佚_全量文档体系_重整版_v4.2/07_语言声口章法与文学审计/03_第31步语言统一与版本治理/第31-A_字法与称谓统一矩阵_v1.0.md,
7d26392985e78222e422016a2722ab301e345309006f092c68742b6738e93b9c,第31-C_书中文本排版规范_v1.0.md,YES,03_VALID_HISTORY/GOVERNANCE/REFERENCE/7d26392985__第31-C_书中文本排版规范_v1.0.md,VALID_HISTORY,GOVERNANCE,REFERENCE,REFERENCE,P1,红楼梦探佚_全量文档体系_重整版_v4.2.zip::红楼梦探佚_全量文档体系_重整版_v4.2/07_语言声口章法与文学审计/03_第31步语言统一与版本治理/第31-C_书中文本排版规范_v1.0.md,红楼梦探佚_全量文档体系_重整版_v4.2.zip,红楼梦探佚_全量文档体系_重整版_v4.2/07_语言声口章法与文学审计/03_第31步语言统一与版本治理/第31-C_书中文本排版规范_v1.0.md,
34cacbd77285efb14d7ec405931b7350e1584f303ce8d249294cf5fc75704677,第31-D_语言词法与标点终校矩阵_v1.0.md,YES,03_VALID_HISTORY/LITERARY_ECOLOGY/REFERENCE/34cacbd772__第31-D_语言词法与标点终校矩阵_v1.0.md,VALID_HISTORY,LITERARY_ECOLOGY,REFERENCE,REFERENCE,P0,红楼梦探佚_全量文档体系_重整版_v4.2.zip::红楼梦探佚_全量文档体系_重整版_v4.2/07_语言声口章法与文学审计/03_第31步语言统一与版本治理/第31-D_语言词法与标点终校矩阵_v1.0.md,红楼梦探佚_全量文档体系_重整版_v4.2.zip,红楼梦探佚_全量文档体系_重整版_v4.2/07_语言声口章法与文学审计/03_第31步语言统一与版本治理/第31-D_语言词法与标点终校矩阵_v1.0.md,
70263357a0729014aec3abf96a1bc14b498e8ead972995834c7cbd6618279681,README_使用边界.md,YES,03_VALID_HISTORY/REGISTRY/REFERENCE/70263357a0__README_使用边界.md,VALID_HISTORY,REGISTRY,REFERENCE,REFERENCE,P1,红楼梦探佚_R4审计准备_精简过程文档体系_v3.4(2).zip::红楼梦探佚_R4审计准备_精简过程文档体系_v3.4/07_历史机制_待R4复核/README_使用边界.md,红楼梦探佚_R4审计准备_精简过程文档体系_v3.4(2).zip,红楼梦探佚_R4审计准备_精简过程文档体系_v3.4/07_历史机制_待R4复核/README_使用边界.md,
5c494219cf27418daafaab684bf3b3aa23c97766bc459989ae48565c8d8369fd,清代机制核查_H01狱神庙_v0.1.md,YES,03_VALID_HISTORY/MECHANISM_RESEARCH/REFERENCE/5c494219cf__清代机制核查_H01狱神庙_v0.1.md,VALID_HISTORY,MECHANISM_RESEARCH,REFERENCE,REFERENCE,P1,红楼梦探佚_全量文档体系_重整版_v4.2.zip::红楼梦探佚_全量文档体系_重整版_v4.2/08_历史机制/02_R3历史机制只读参考/清代机制核查_H01狱神庙_v0.1.md,红楼梦探佚_全量文档体系_重整版_v4.2.zip,红楼梦探佚_全量文档体系_重整版_v4.2/08_历史机制/02_R3历史机制只读参考/清代机制核查_H01狱神庙_v0.1.md,
c55fa92033019bba8a5fb4a3984b09c9fe24268b19300bbbe3234ae1f16f1c3c,清代机制核查_H02抄没与羁押_v0.1.md,YES,03_VALID_HISTORY/MECHANISM_RESEARCH/REFERENCE/c55fa92033__清代机制核查_H02抄没与羁押_v0.1.md,VALID_HISTORY,MECHANISM_RESEARCH,REFERENCE,REFERENCE,P1,红楼梦探佚_全量文档体系_重整版_v4.2.zip::红楼梦探佚_全量文档体系_重整版_v4.2/08_历史机制/02_R3历史机制只读参考/清代机制核查_H02抄没与羁押_v0.1.md,红楼梦探佚_全量文档体系_重整版_v4.2.zip,红楼梦探佚_全量文档体系_重整版_v4.2/08_历史机制/02_R3历史机制只读参考/清代机制核查_H02抄没与羁押_v0.1.md,
045c31fe44760c1e7626ade24598601da5585e555116dad9af0c9253e8b9028b,清代机制核查_H03服制与婚期_v0.1.md,YES,03_VALID_HISTORY/MECHANISM_RESEARCH/REFERENCE/045c31fe44__清代机制核查_H03服制与婚期_v0.1.md,VALID_HISTORY,MECHANISM_RESEARCH,REFERENCE,REFERENCE,P1,红楼梦探佚_全量文档体系_重整版_v4.2.zip::红楼梦探佚_全量文档体系_重整版_v4.2/08_历史机制/02_R3历史机制只读参考/清代机制核查_H03服制与婚期_v0.1.md,红楼梦探佚_全量文档体系_重整版_v4.2.zip,红楼梦探佚_全量文档体系_重整版_v4.2/08_历史机制/02_R3历史机制只读参考/清代机制核查_H03服制与婚期_v0.1.md,
32cbad077901d216bfc24b6d27229453b8f5d009a406b564297075f920cb7547,清代机制核查_H04居所与主婚权_v0.1.md,YES,03_VALID_HISTORY/MECHANISM_RESEARCH/REFERENCE/32cbad0779__清代机制核查_H04居所与主婚权_v0.1.md,VALID_HISTORY,MECHANISM_RESEARCH,REFERENCE,REFERENCE,P1,红楼梦探佚_全量文档体系_重整版_v4.2.zip::红楼梦探佚_全量文档体系_重整版_v4.2/08_历史机制/02_R3历史机制只读参考/清代机制核查_H04居所与主婚权_v0.1.md,红楼梦探佚_全量文档体系_重整版_v4.2.zip,红楼梦探佚_全量文档体系_重整版_v4.2/08_历史机制/02_R3历史机制只读参考/清代机制核查_H04居所与主婚权_v0.1.md,
8a8a090d90ca391d6b1e17025e8ac336cc080e19231b3510dc252788a3ad2b89,清代机制核查_H05贫困状态_v0.1.md,YES,03_VALID_HISTORY/MECHANISM_RESEARCH/REFERENCE/8a8a090d90__清代机制核查_H05贫困状态_v0.1.md,VALID_HISTORY,MECHANISM_RESEARCH,REFERENCE,REFERENCE,P1,红楼梦探佚_全量文档体系_重整版_v4.2.zip::红楼梦探佚_全量文档体系_重整版_v4.2/08_历史机制/02_R3历史机制只读参考/清代机制核查_H05贫困状态_v0.1.md,红楼梦探佚_全量文档体系_重整版_v4.2.zip,红楼梦探佚_全量文档体系_重整版_v4.2/08_历史机制/02_R3历史机制只读参考/清代机制核查_H05贫困状态_v0.1.md,
ede20d0c650dfd20784acae4f68beb719def76ba21bd68b691faa328c95c3e2e,清代机制核查_H06薛家援助_v0.1.md,YES,03_VALID_HISTORY/MECHANISM_RESEARCH/REFERENCE/ede20d0c65__清代机制核查_H06薛家援助_v0.1.md,VALID_HISTORY,MECHANISM_RESEARCH,REFERENCE,REFERENCE,P1,红楼梦探佚_全量文档体系_重整版_v4.2.zip::红楼梦探佚_全量文档体系_重整版_v4.2/08_历史机制/02_R3历史机制只读参考/清代机制核查_H06薛家援助_v0.1.md,红楼梦探佚_全量文档体系_重整版_v4.2.zip,红楼梦探佚_全量文档体系_重整版_v4.2/08_历史机制/02_R3历史机制只读参考/清代机制核查_H06薛家援助_v0.1.md,
c7d8f3a40d5d39be25e9b18e6048dd2990251db97d96bcba6d8a9635364a7446,补充机制研究_贾兰功名与李纨因子得荣_v0.1_原H07.md,YES,03_VALID_HISTORY/MECHANISM_RESEARCH/REFERENCE/c7d8f3a40d__补充机制研究_贾兰功名与李纨因子得荣_v0.1_原H07.md,VALID_HISTORY,MECHANISM_RESEARCH,REFERENCE,REFERENCE,P1,红楼梦探佚_全量文档体系_重整版_v4.2.zip::红楼梦探佚_全量文档体系_重整版_v4.2/08_历史机制/02_R3历史机制只读参考/补充机制研究_贾兰功名与李纨因子得荣_v0.1_原H07.md,红楼梦探佚_全量文档体系_重整版_v4.2.zip,红楼梦探佚_全量文档体系_重整版_v4.2/08_历史机制/02_R3历史机制只读参考/补充机制研究_贾兰功名与李纨因子得荣_v0.1_原H07.md,
04ef46e366fe04f0469f2d2787a17682d7e6d4ca244f229c22e2f1d7c9ae84bf,R4_全链审计总方案_v1.0.md,YES,03_VALID_HISTORY/REVIEW/AUDIT/04ef46e366__R4_全链审计总方案_v1.0.md,VALID_HISTORY,REVIEW,AUDIT,NO,P1,红楼梦探佚_R4审计准备_精简过程文档体系_v3.4(2).zip::红楼梦探佚_R4审计准备_精简过程文档体系_v3.4/08_R4审计工作区/R4_全链审计总方案_v1.0.md,红楼梦探佚_R4审计准备_精简过程文档体系_v3.4(2).zip,红楼梦探佚_R4审计准备_精简过程文档体系_v3.4/08_R4审计工作区/R4_全链审计总方案_v1.0.md,
789a15bca4e0c7100a7e96bf243bc0ff3c4cfc16f57a8591c79431fdc58725f2,R4_历史机制一手史料复核任务表_v1.0.md,YES,03_VALID_HISTORY/REVIEW/AUDIT/789a15bca4__R4_历史机制一手史料复核任务表_v1.0.md,VALID_HISTORY,REVIEW,AUDIT,NO,P1,红楼梦探佚_R4审计准备_精简过程文档体系_v3.4(2).zip::红楼梦探佚_R4审计准备_精简过程文档体系_v3.4/08_R4审计工作区/R4_历史机制一手史料复核任务表_v1.0.md,红楼梦探佚_R4审计准备_精简过程文档体系_v3.4(2).zip,红楼梦探佚_R4审计准备_精简过程文档体系_v3.4/08_R4审计工作区/R4_历史机制一手史料复核任务表_v1.0.md,
7c9086bae23677ebe63f7dc30f3a9c0f4fdad1d48777cbaea7c5a568da6400af,R4_放行门槛与失败回滚规则_v1.0.md,YES,03_VALID_HISTORY/REVIEW/AUDIT/7c9086bae2__R4_放行门槛与失败回滚规则_v1.0.md,VALID_HISTORY,REVIEW,AUDIT,NO,P1,红楼梦探佚_R4审计准备_精简过程文档体系_v3.4(2).zip::红楼梦探佚_R4审计准备_精简过程文档体系_v3.4/08_R4审计工作区/R4_放行门槛与失败回滚规则_v1.0.md,红楼梦探佚_R4审计准备_精简过程文档体系_v3.4(2).zip,红楼梦探佚_R4审计准备_精简过程文档体系_v3.4/08_R4审计工作区/R4_放行门槛与失败回滚规则_v1.0.md,
e99d85d38ded796a9a1ccb6ef2c3b79e68c9f8b4c59f6a50ff020f6f30bb1663,R4_证据角色审计矩阵_v1.0.md,YES,03_VALID_HISTORY/EVIDENCE/REFERENCE/e99d85d38d__R4_证据角色审计矩阵_v1.0.md,VALID_HISTORY,EVIDENCE,REFERENCE,REFERENCE,P0,红楼梦探佚_R4审计准备_精简过程文档体系_v3.4(2).zip::红楼梦探佚_R4审计准备_精简过程文档体系_v3.4/08_R4审计工作区/R4_证据角色审计矩阵_v1.0.md,红楼梦探佚_R4审计准备_精简过程文档体系_v3.4(2).zip,红楼梦探佚_R4审计准备_精简过程文档体系_v3.4/08_R4审计工作区/R4_证据角色审计矩阵_v1.0.md,
1522ec54b7a943b18bbeab910e49640f1bbcdf6a8afbef2ced50a46dd6967e0c,R3过程文档同步审计_v1.4_最终定稿.md,YES,03_VALID_HISTORY/ARCHIVE/HISTORICAL/1522ec54b7__R3过程文档同步审计_v1.4_最终定稿.md,VALID_HISTORY,ARCHIVE,HISTORICAL,NO,P2,红楼梦探佚_R4审计准备_精简过程文档体系_v3.4(2).zip::红楼梦探佚_R4审计准备_精简过程文档体系_v3.4/99_最小审计记录/R3过程文档同步审计_v1.4_最终定稿.md,红楼梦探佚_R4审计准备_精简过程文档体系_v3.4(2).zip,红楼梦探佚_R4审计准备_精简过程文档体系_v3.4/99_最小审计记录/R3过程文档同步审计_v1.4_最终定稿.md,
191272c27b0457334f267ca1c3e3559d87995d0c33c282545a9fc761709c605d,当前文档继承与废止表_v2.0.md,YES,03_VALID_HISTORY/ARCHIVE/HISTORICAL/191272c27b__当前文档继承与废止表_v2.0.md,VALID_HISTORY,ARCHIVE,HISTORICAL,NO,P2,红楼梦探佚_R4审计准备_精简过程文档体系_v3.4(2).zip::红楼梦探佚_R4审计准备_精简过程文档体系_v3.4/99_最小审计记录/当前文档继承与废止表_v2.0.md,红楼梦探佚_R4审计准备_精简过程文档体系_v3.4(2).zip,红楼梦探佚_R4审计准备_精简过程文档体系_v3.4/99_最小审计记录/当前文档继承与废止表_v2.0.md,
920018f7224d976ce1d0c845f0c8aeee62c556638cfacab251301d80fdd5d319,第32-A_v1.1_to_v1.2_证据角色回归统一差分.patch,YES,03_VALID_HISTORY/REVIEW/AUDIT/920018f722__第32-A_v1.1_to_v1.2_证据角色回归统一差分.patch,VALID_HISTORY,REVIEW,AUDIT,NO,P1,红楼梦探佚_全量文档体系_重整版_v4.2.zip::红楼梦探佚_全量文档体系_重整版_v4.2/11_P0_R1_R2_R3审计与事故复盘/02_R1_R2_R3审计归档/第32-A_v1.1_to_v1.2_证据角色回归统一差分.patch,红楼梦探佚_全量文档体系_重整版_v4.2.zip,红楼梦探佚_全量文档体系_重整版_v4.2/11_P0_R1_R2_R3审计与事故复盘/02_R1_R2_R3审计归档/第32-A_v1.1_to_v1.2_证据角色回归统一差分.patch,
ae1bd64da998ae831409dbb15a404997f339810a23a94583c02cff51e025f3da,第32-A_v1.2_证据角色回归基线审计报告_v1.0.md,YES,03_VALID_HISTORY/REVIEW/AUDIT/ae1bd64da9__第32-A_v1.2_证据角色回归基线审计报告_v1.0.md,VALID_HISTORY,REVIEW,AUDIT,NO,P1,红楼梦探佚_全量文档体系_重整版_v4.2.zip::红楼梦探佚_全量文档体系_重整版_v4.2/11_P0_R1_R2_R3审计与事故复盘/02_R1_R2_R3审计归档/R2裁定记录/第32-A_v1.2_证据角色回归基线审计报告_v1.0.md,红楼梦探佚_全量文档体系_重整版_v4.2.zip,红楼梦探佚_全量文档体系_重整版_v4.2/11_P0_R1_R2_R3审计与事故复盘/02_R1_R2_R3审计归档/R2裁定记录/第32-A_v1.2_证据角色回归基线审计报告_v1.0.md,
2532ba0d86ad8855e58ec1e569e9a8117f9545989510473235218bc47942b058,证据治理回归与文档清理摘要_v1.0.md,YES,03_VALID_HISTORY/REVIEW/AUDIT/2532ba0d86__证据治理回归与文档清理摘要_v1.0.md,VALID_HISTORY,REVIEW,AUDIT,NO,P1,红楼梦探佚_R4审计准备_精简过程文档体系_v3.4(2).zip::红楼梦探佚_R4审计准备_精简过程文档体系_v3.4/99_最小审计记录/证据治理回归与文档清理摘要_v1.0.md,红楼梦探佚_R4审计准备_精简过程文档体系_v3.4(2).zip,红楼梦探佚_R4审计准备_精简过程文档体系_v3.4/99_最小审计记录/证据治理回归与文档清理摘要_v1.0.md,
497e17485fc26212a8130879cb067dec8c1fca713237097a88703c02623fc337,00_当前操作链索引_R4G_REOPENED_v1.0.md,YES,03_VALID_HISTORY/GOVERNANCE/HISTORICAL/497e17485f__00_当前操作链索引_R4G_REOPENED_v1.0.md,VALID_HISTORY,GOVERNANCE,HISTORICAL,NO,P2,workspace:00_当前操作链索引_R4G_REOPENED_v1.0.md,红楼梦探佚_全量文档体系_重整版_v4.2.zip,红楼梦探佚_全量文档体系_重整版_v4.2/10_R4全链审计与纠偏全过程/05_R4中间版本链_只读/00_当前操作链索引_R4G_REOPENED_v1.0.md,
c80053647fb54b4eefdb2ba6f2064973869ef5914da3c364f236897540f2dd53,R4_Phase0-1_执行报告_v1.0.md,YES,03_VALID_HISTORY/REVIEW/AUDIT/c80053647f__R4_Phase0-1_执行报告_v1.0.md,VALID_HISTORY,REVIEW,AUDIT,NO,P1,workspace:R4_Phase0-1_执行报告_v1.0.md,红楼梦探佚_全量文档体系_重整版_v4.2.zip,红楼梦探佚_全量文档体系_重整版_v4.2/10_R4全链审计与纠偏全过程/03_R4_纠偏治理_OPEN_状态清扫/R4_Phase0-1_执行报告_v1.0.md,
7d68ab32563a3712b0ca424734cd3dc067f2bc654c9e078777e16be2ed345101,R4_当前纠偏状态_v1.0.md,YES,03_VALID_HISTORY/REVIEW/AUDIT/7d68ab3256__R4_当前纠偏状态_v1.0.md,VALID_HISTORY,REVIEW,AUDIT,NO,P1,workspace:R4_当前纠偏状态_v1.0.md,红楼梦探佚_全量文档体系_重整版_v4.2.zip,红楼梦探佚_全量文档体系_重整版_v4.2/10_R4全链审计与纠偏全过程/03_R4_纠偏治理_OPEN_状态清扫/R4_当前纠偏状态_v1.0.md,
d73467866dcbff4225615ac0edb593e1779b0c1314b61ebdbca09ccaf322b631,R4_放行撤销与当前状态校正_v1.0.md,YES,03_VALID_HISTORY/REVIEW/AUDIT/d73467866d__R4_放行撤销与当前状态校正_v1.0.md,VALID_HISTORY,REVIEW,AUDIT,NO,P1,workspace:R4_放行撤销与当前状态校正_v1.0.md,红楼梦探佚_全量文档体系_重整版_v4.2.zip,红楼梦探佚_全量文档体系_重整版_v4.2/10_R4全链审计与纠偏全过程/03_R4_纠偏治理_OPEN_状态清扫/R4_放行撤销与当前状态校正_v1.0.md,
4860cddff6515ef37df3ac92b5c65e3db96e4f40218e3bbb5a69e6c36904991d,R4_过早放行产物冻结清单_v1.0.md,YES,03_VALID_HISTORY/REVIEW/AUDIT/4860cddff6__R4_过早放行产物冻结清单_v1.0.md,VALID_HISTORY,REVIEW,AUDIT,NO,P1,workspace:R4_过早放行产物冻结清单_v1.0.md,红楼梦探佚_全量文档体系_重整版_v4.2.zip,红楼梦探佚_全量文档体系_重整版_v4.2/10_R4全链审计与纠偏全过程/03_R4_纠偏治理_OPEN_状态清扫/R4_过早放行产物冻结清单_v1.0.md,
a5e486bd5b96637ee2bccfae225fa0f2f72ce2be25ee50f90ba6bff821f6f2c1,R4_遗留问题总台账_v1.0.csv,YES,03_VALID_HISTORY/REVIEW/AUDIT/a5e486bd5b__R4_遗留问题总台账_v1.0.csv,VALID_HISTORY,REVIEW,AUDIT,NO,P1,workspace:R4_遗留问题总台账_v1.0.csv,红楼梦探佚_全量文档体系_重整版_v4.2.zip,红楼梦探佚_全量文档体系_重整版_v4.2/10_R4全链审计与纠偏全过程/03_R4_纠偏治理_OPEN_状态清扫/R4_遗留问题总台账_v1.0.csv,
7913e73e7beb43489739980fe44199d96177f094613fc00f0fcf5eba3a75420c,R4_遗留问题总台账_v1.0.md,YES,03_VALID_HISTORY/REVIEW/AUDIT/7913e73e7b__R4_遗留问题总台账_v1.0.md,VALID_HISTORY,REVIEW,AUDIT,NO,P1,workspace:R4_遗留问题总台账_v1.0.md,红楼梦探佚_全量文档体系_重整版_v4.2.zip,红楼梦探佚_全量文档体系_重整版_v4.2/10_R4全链审计与纠偏全过程/03_R4_纠偏治理_OPEN_状态清扫/R4_遗留问题总台账_v1.0.md,
cd78f8d5da55dcee963456914d8d86251a97787a4d43e87b624c361f3f953762,R4_遗留问题清零与重新放行计划_v1.0.md,YES,03_VALID_HISTORY/REVIEW/AUDIT/cd78f8d5da__R4_遗留问题清零与重新放行计划_v1.0.md,VALID_HISTORY,REVIEW,AUDIT,NO,P1,workspace:R4_遗留问题清零与重新放行计划_v1.0.md,红楼梦探佚_全量文档体系_重整版_v4.2.zip,红楼梦探佚_全量文档体系_重整版_v4.2/10_R4全链审计与纠偏全过程/03_R4_纠偏治理_OPEN_状态清扫/R4_遗留问题清零与重新放行计划_v1.0.md,
83c2280a36621735e64622e0dba61c5e7895d97be500c1ac9b76f7263f59f259,SHA256_Phase0-1_v1.0.md,YES,03_VALID_HISTORY/ARCHIVE/HISTORICAL/83c2280a36__SHA256_Phase0-1_v1.0.md,VALID_HISTORY,ARCHIVE,HISTORICAL,NO,P2,红楼梦探佚_R4纠偏_Phase0-1_v1.0.zip::红楼梦探佚_R4纠偏_Phase0-1_v1.0/SHA256_Phase0-1_v1.0.md,红楼梦探佚_R4纠偏_Phase0-1_v1.0.zip,红楼梦探佚_R4纠偏_Phase0-1_v1.0/SHA256_Phase0-1_v1.0.md,
a59f2d6b226469a0ae92cecf71411fff074a3f732377af2cdd8c4af2aa15a177,00_当前操作链索引_R4G_REOPENED_v1.1_Phase2完成.md,YES,03_VALID_HISTORY/GOVERNANCE/HISTORICAL/a59f2d6b22__00_当前操作链索引_R4G_REOPENED_v1.1_Phase2完成.md,VALID_HISTORY,GOVERNANCE,HISTORICAL,NO,P2,workspace:00_当前操作链索引_R4G_REOPENED_v1.1_Phase2完成.md,红楼梦探佚_全量文档体系_重整版_v4.2.zip,红楼梦探佚_全量文档体系_重整版_v4.2/10_R4全链审计与纠偏全过程/05_R4中间版本链_只读/00_当前操作链索引_R4G_REOPENED_v1.1_Phase2完成.md,
135ee8723833bca0eaf41085fad6ec7f3e669271ca5592c0481162fe067e6f7a,R4-G_Phase2_RG-92-01_A-B-C实验报告_v1.3_FINAL_REVISE-B.md,YES,03_VALID_HISTORY/REVIEW/AUDIT/135ee87238__R4-G_Phase2_RG-92-01_A-B-C实验报告_v1.3_FINAL_REVISE-B.md,VALID_HISTORY,REVIEW,AUDIT,NO,P1,workspace:R4-G_Phase2_RG-92-01_A-B-C实验报告_v1.3_FINAL_REVISE-B.md,红楼梦探佚_全量文档体系_重整版_v4.2.zip,红楼梦探佚_全量文档体系_重整版_v4.2/10_R4全链审计与纠偏全过程/02_R4-G_文学实验/R4-G_Phase2_RG-92-01_A-B-C实验报告_v1.3_FINAL_REVISE-B.md,
4e7260ac9b80e10a2ae932429217c8550d944e09a26af05ea2d3fcdd62cdaa04,R4-G_Phase2_第92_A_当前基线.md,YES,03_VALID_HISTORY/REVIEW/AUDIT/4e7260ac9b__R4-G_Phase2_第92_A_当前基线.md,VALID_HISTORY,REVIEW,AUDIT,NO,P1,workspace:R4-G_Phase2_第92_A_当前基线.md,红楼梦探佚_全量文档体系_重整版_v4.2.zip,红楼梦探佚_全量文档体系_重整版_v4.2/10_R4全链审计与纠偏全过程/02_R4-G_文学实验/R4-G_Phase2_第92_A_当前基线.md,
6029bd36f9b3969d07b3a238a417509c6ca3f13aa3cc2daa31326481418739bd,R4-G_Phase2_第92_B_程序压缩版.md,YES,03_VALID_HISTORY/REVIEW/AUDIT/6029bd36f9__R4-G_Phase2_第92_B_程序压缩版.md,VALID_HISTORY,REVIEW,AUDIT,NO,P1,workspace:R4-G_Phase2_第92_B_程序压缩版.md,红楼梦探佚_全量文档体系_重整版_v4.2.zip,红楼梦探佚_全量文档体系_重整版_v4.2/10_R4全链审计与纠偏全过程/02_R4-G_文学实验/R4-G_Phase2_第92_B_程序压缩版.md,
b7513deb17621165e1437457bab2b0846ca88e30501355f4fdaa1e5431f452c6,R4-G_Phase2_第92_C_强压缩下限版.md,YES,03_VALID_HISTORY/REVIEW/AUDIT/b7513deb17__R4-G_Phase2_第92_C_强压缩下限版.md,VALID_HISTORY,REVIEW,AUDIT,NO,P1,workspace:R4-G_Phase2_第92_C_强压缩下限版.md,红楼梦探佚_全量文档体系_重整版_v4.2.zip,红楼梦探佚_全量文档体系_重整版_v4.2/10_R4全链审计与纠偏全过程/02_R4-G_文学实验/R4-G_Phase2_第92_C_强压缩下限版.md,
c690f39455509d130dba0f846f240c3e53bcbec88802f7a924e16d0428ff6a7d,R4_遗留问题总台账_v1.1_Phase2同步.csv,YES,03_VALID_HISTORY/REVIEW/AUDIT/c690f39455__R4_遗留问题总台账_v1.1_Phase2同步.csv,VALID_HISTORY,REVIEW,AUDIT,NO,P1,workspace:R4_遗留问题总台账_v1.1_Phase2同步.csv,红楼梦探佚_全量文档体系_重整版_v4.2.zip,红楼梦探佚_全量文档体系_重整版_v4.2/10_R4全链审计与纠偏全过程/03_R4_纠偏治理_OPEN_状态清扫/R4_遗留问题总台账_v1.1_Phase2同步.csv,
d9deb45cb8c71fd292a817afe4674a0e867c3d82a2fba954145d59afee5de010,R4_遗留问题总台账_v1.1_Phase2同步.md,YES,03_VALID_HISTORY/REVIEW/AUDIT/d9deb45cb8__R4_遗留问题总台账_v1.1_Phase2同步.md,VALID_HISTORY,REVIEW,AUDIT,NO,P1,workspace:R4_遗留问题总台账_v1.1_Phase2同步.md,红楼梦探佚_全量文档体系_重整版_v4.2.zip,红楼梦探佚_全量文档体系_重整版_v4.2/10_R4全链审计与纠偏全过程/03_R4_纠偏治理_OPEN_状态清扫/R4_遗留问题总台账_v1.1_Phase2同步.md,
b424c0187791c1f87664a9a0fd663811ab9e84cf15662edc2e8002e12ffe2d05,SHA256_Phase2_RG92.md,YES,03_VALID_HISTORY/REVIEW/AUDIT/b424c01877__SHA256_Phase2_RG92.md,VALID_HISTORY,REVIEW,AUDIT,NO,P1,红楼梦探佚_R4纠偏_Phase2_RG92_v1.0.zip::红楼梦探佚_R4纠偏_Phase2_RG92_v1.0/SHA256_Phase2_RG92.md,红楼梦探佚_R4纠偏_Phase2_RG92_v1.0.zip,红楼梦探佚_R4纠偏_Phase2_RG92_v1.0/SHA256_Phase2_RG92.md,
cf237666db3d817c66145457aad7ba002ee2ab5b9f566adb5ab039ae9cf1e11a,R4-G_Phase3_RG-97-01_妙玉压缩实验_v1.0_FINAL_REVISE-B.md,YES,03_VALID_HISTORY/REVIEW/AUDIT/cf237666db__R4-G_Phase3_RG-97-01_妙玉压缩实验_v1.0_FINAL_REVISE-B.md,VALID_HISTORY,REVIEW,AUDIT,NO,P1,红楼梦探佚_R4纠偏_Phase3_RG97_v1.0.zip::红楼梦探佚_R4纠偏_Phase3_RG97_v1.0/R4-G_Phase3_RG-97-01_妙玉压缩实验_v1.0_FINAL_REVISE-B.md,红楼梦探佚_R4纠偏_Phase3_RG97_v1.0.zip,红楼梦探佚_R4纠偏_Phase3_RG97_v1.0/R4-G_Phase3_RG-97-01_妙玉压缩实验_v1.0_FINAL_REVISE-B.md,
f53700d8659d6202ba1a3742d0781ed9395c03a918b10b2debb584741242e6ef,R4-G_Phase3_妙玉段功能拆分_v1.0.md,YES,03_VALID_HISTORY/REVIEW/AUDIT/f53700d865__R4-G_Phase3_妙玉段功能拆分_v1.0.md,VALID_HISTORY,REVIEW,AUDIT,NO,P1,workspace:R4-G_Phase3_妙玉段功能拆分_v1.0.md,红楼梦探佚_全量文档体系_重整版_v4.2.zip,红楼梦探佚_全量文档体系_重整版_v4.2/10_R4全链审计与纠偏全过程/02_R4-G_文学实验/R4-G_Phase3_妙玉段功能拆分_v1.0.md,
315c0f36b16a0b4816a20edc282caf60a4aca2da5aa4e728ae84d0837d5eea33,R4-G_Phase3_第97_A_当前基线.md,YES,03_VALID_HISTORY/REVIEW/AUDIT/315c0f36b1__R4-G_Phase3_第97_A_当前基线.md,VALID_HISTORY,REVIEW,AUDIT,NO,P1,workspace:R4-G_Phase3_第97_A_当前基线.md,红楼梦探佚_全量文档体系_重整版_v4.2.zip,红楼梦探佚_全量文档体系_重整版_v4.2/10_R4全链审计与纠偏全过程/02_R4-G_文学实验/R4-G_Phase3_第97_A_当前基线.md,
c6e838c5113f3a7ec4ad581870240867e9eab3d9a26e058aa2b6210fa2585443,R4-G_Phase3_第97_B_妙玉轻压版.md,YES,03_VALID_HISTORY/REVIEW/AUDIT/c6e838c511__R4-G_Phase3_第97_B_妙玉轻压版.md,VALID_HISTORY,REVIEW,AUDIT,NO,P1,红楼梦探佚_R4纠偏_Phase3_RG97_v1.0.zip::红楼梦探佚_R4纠偏_Phase3_RG97_v1.0/R4-G_Phase3_第97_B_妙玉轻压版.md,红楼梦探佚_R4纠偏_Phase3_RG97_v1.0.zip,红楼梦探佚_R4纠偏_Phase3_RG97_v1.0/R4-G_Phase3_第97_B_妙玉轻压版.md,
fed05a049d5d45da6799ec3aa7697ab957a7d5fac5592c720edf610e72a42460,R4-G_Phase3_第97_C_妙玉中压版.md,YES,03_VALID_HISTORY/REVIEW/AUDIT/fed05a049d__R4-G_Phase3_第97_C_妙玉中压版.md,VALID_HISTORY,REVIEW,AUDIT,NO,P1,红楼梦探佚_R4纠偏_Phase3_RG97_v1.0.zip::红楼梦探佚_R4纠偏_Phase3_RG97_v1.0/R4-G_Phase3_第97_C_妙玉中压版.md,红楼梦探佚_R4纠偏_Phase3_RG97_v1.0.zip,红楼梦探佚_R4纠偏_Phase3_RG97_v1.0/R4-G_Phase3_第97_C_妙玉中压版.md,
55136d9db20a60e0e3adf2ccd9460dbc8fe72b516fcb12c3e86ba3c27d8d3173,R4_遗留问题总台账_v1.2_Phase3同步.csv,YES,03_VALID_HISTORY/REVIEW/AUDIT/55136d9db2__R4_遗留问题总台账_v1.2_Phase3同步.csv,VALID_HISTORY,REVIEW,AUDIT,NO,P1,红楼梦探佚_R4纠偏_Phase3_RG97_v1.0.zip::红楼梦探佚_R4纠偏_Phase3_RG97_v1.0/R4_遗留问题总台账_v1.2_Phase3同步.csv,红楼梦探佚_R4纠偏_Phase3_RG97_v1.0.zip,红楼梦探佚_R4纠偏_Phase3_RG97_v1.0/R4_遗留问题总台账_v1.2_Phase3同步.csv,
32ff8e43ce50b97fe92fb122cabcc58f96cef9149ff8b75ec374409195838397,R4_遗留问题总台账_v1.2_Phase3同步.md,YES,03_VALID_HISTORY/REVIEW/AUDIT/32ff8e43ce__R4_遗留问题总台账_v1.2_Phase3同步.md,VALID_HISTORY,REVIEW,AUDIT,NO,P1,红楼梦探佚_R4纠偏_Phase3_RG97_v1.0.zip::红楼梦探佚_R4纠偏_Phase3_RG97_v1.0/R4_遗留问题总台账_v1.2_Phase3同步.md,红楼梦探佚_R4纠偏_Phase3_RG97_v1.0.zip,红楼梦探佚_R4纠偏_Phase3_RG97_v1.0/R4_遗留问题总台账_v1.2_Phase3同步.md,
82b1d5c358bd68078fb5fe4e522809002c9a7c74e23d7dfbbd47e42c215f9dee,SHA256_Phase3_RG97.md,YES,03_VALID_HISTORY/REVIEW/AUDIT/82b1d5c358__SHA256_Phase3_RG97.md,VALID_HISTORY,REVIEW,AUDIT,NO,P1,红楼梦探佚_R4纠偏_Phase3_RG97_v1.0.zip::红楼梦探佚_R4纠偏_Phase3_RG97_v1.0/SHA256_Phase3_RG97.md,红楼梦探佚_R4纠偏_Phase3_RG97_v1.0.zip,红楼梦探佚_R4纠偏_Phase3_RG97_v1.0/SHA256_Phase3_RG97.md,
9f4c663af8956cbb53b2556830f6e813d308427b6851ed6d934f769b2fcc5cf0,00_当前操作链索引_R4G_REOPENED_v1.2_Phase3完成.md,YES,03_VALID_HISTORY/GOVERNANCE/HISTORICAL/9f4c663af8__00_当前操作链索引_R4G_REOPENED_v1.2_Phase3完成.md,VALID_HISTORY,GOVERNANCE,HISTORICAL,NO,P2,workspace:00_当前操作链索引_R4G_REOPENED_v1.2_Phase3完成.md,红楼梦探佚_全量文档体系_重整版_v4.2.zip,红楼梦探佚_全量文档体系_重整版_v4.2/10_R4全链审计与纠偏全过程/05_R4中间版本链_只读/00_当前操作链索引_R4G_REOPENED_v1.2_Phase3完成.md,
4cca387bea616dd0ab9206f3ceb9e5c93b0b76af859585003ccbf80697226b24,R4-G_Phase3_RG-97-01_妙玉压缩实验_v1.1_FINAL_REVISE-B.md,YES,03_VALID_HISTORY/REVIEW/AUDIT/4cca387bea__R4-G_Phase3_RG-97-01_妙玉压缩实验_v1.1_FINAL_REVISE-B.md,VALID_HISTORY,REVIEW,AUDIT,NO,P1,workspace:R4-G_Phase3_RG-97-01_妙玉压缩实验_v1.1_FINAL_REVISE-B.md,红楼梦探佚_全量文档体系_重整版_v4.2.zip,红楼梦探佚_全量文档体系_重整版_v4.2/10_R4全链审计与纠偏全过程/02_R4-G_文学实验/R4-G_Phase3_RG-97-01_妙玉压缩实验_v1.1_FINAL_REVISE-B.md,
bd685112a6255b7438c146e95732a1f506bdf9220883e8e6ca0f7e42341efeee,R4-G_Phase3_妙玉段功能拆分_v1.1.md,YES,03_VALID_HISTORY/REVIEW/AUDIT/bd685112a6__R4-G_Phase3_妙玉段功能拆分_v1.1.md,VALID_HISTORY,REVIEW,AUDIT,NO,P1,workspace:R4-G_Phase3_妙玉段功能拆分_v1.1.md,红楼梦探佚_全量文档体系_重整版_v4.2.zip,红楼梦探佚_全量文档体系_重整版_v4.2/10_R4全链审计与纠偏全过程/02_R4-G_文学实验/R4-G_Phase3_妙玉段功能拆分_v1.1.md,
107553c7f50f37f051827a3d1b0aa284d446dcf0bf99fcc8c84037f9e60dc041,R4-G_Phase3_第97_B_妙玉轻压版.md,YES,03_VALID_HISTORY/REVIEW/AUDIT/107553c7f5__R4-G_Phase3_第97_B_妙玉轻压版.md,VALID_HISTORY,REVIEW,AUDIT,NO,P1,workspace:R4-G_Phase3_第97_B_妙玉轻压版.md,红楼梦探佚_全量文档体系_重整版_v4.2.zip,红楼梦探佚_全量文档体系_重整版_v4.2/10_R4全链审计与纠偏全过程/02_R4-G_文学实验/R4-G_Phase3_第97_B_妙玉轻压版.md,
56cbfe9c233bb62eed42587950c35c74f24a1254028652441aca9f318c79da39,R4-G_Phase3_第97_C_妙玉中压版.md,YES,03_VALID_HISTORY/REVIEW/AUDIT/56cbfe9c23__R4-G_Phase3_第97_C_妙玉中压版.md,VALID_HISTORY,REVIEW,AUDIT,NO,P1,workspace:R4-G_Phase3_第97_C_妙玉中压版.md,红楼梦探佚_全量文档体系_重整版_v4.2.zip,红楼梦探佚_全量文档体系_重整版_v4.2/10_R4全链审计与纠偏全过程/02_R4-G_文学实验/R4-G_Phase3_第97_C_妙玉中压版.md,
e997078b282a64b8d0291e3d9b41352e35db03dcb9159601832f865298247cef,R4_遗留问题总台账_v1.2_Phase3同步.csv,YES,03_VALID_HISTORY/REVIEW/AUDIT/e997078b28__R4_遗留问题总台账_v1.2_Phase3同步.csv,VALID_HISTORY,REVIEW,AUDIT,NO,P1,workspace:R4_遗留问题总台账_v1.2_Phase3同步.csv,红楼梦探佚_全量文档体系_重整版_v4.2.zip,红楼梦探佚_全量文档体系_重整版_v4.2/10_R4全链审计与纠偏全过程/03_R4_纠偏治理_OPEN_状态清扫/R4_遗留问题总台账_v1.2_Phase3同步.csv,
1cc0a6c9abd08b698114e2d5400c9ce45cda984b2992c13af4758f2b0f37f0b8,R4_遗留问题总台账_v1.2_Phase3同步.md,YES,03_VALID_HISTORY/REVIEW/AUDIT/1cc0a6c9ab__R4_遗留问题总台账_v1.2_Phase3同步.md,VALID_HISTORY,REVIEW,AUDIT,NO,P1,workspace:R4_遗留问题总台账_v1.2_Phase3同步.md,红楼梦探佚_全量文档体系_重整版_v4.2.zip,红楼梦探佚_全量文档体系_重整版_v4.2/10_R4全链审计与纠偏全过程/03_R4_纠偏治理_OPEN_状态清扫/R4_遗留问题总台账_v1.2_Phase3同步.md,
ef410621f8b8ee338ae6d13d27504b67d1c1bcf616377c413a374cebfb05359f,SHA256_Phase3_RG97_v1.1.md,YES,03_VALID_HISTORY/REVIEW/AUDIT/ef410621f8__SHA256_Phase3_RG97_v1.1.md,VALID_HISTORY,REVIEW,AUDIT,NO,P1,红楼梦探佚_R4纠偏_Phase3_RG97_v1.1.zip::红楼梦探佚_R4纠偏_Phase3_RG97_v1.1/SHA256_Phase3_RG97_v1.1.md,红楼梦探佚_R4纠偏_Phase3_RG97_v1.1.zip,红楼梦探佚_R4纠偏_Phase3_RG97_v1.1/SHA256_Phase3_RG97_v1.1.md,
bfcfdb4eca178e5b685ec6d4fea04c737687a187124aaf537f0e0eb54b1d05d9,00_当前操作链索引_R4G_REOPENED_v1.3_Phase4完成.md,YES,03_VALID_HISTORY/GOVERNANCE/HISTORICAL/bfcfdb4eca__00_当前操作链索引_R4G_REOPENED_v1.3_Phase4完成.md,VALID_HISTORY,GOVERNANCE,HISTORICAL,NO,P2,workspace:00_当前操作链索引_R4G_REOPENED_v1.3_Phase4完成.md,红楼梦探佚_全量文档体系_重整版_v4.2.zip,红楼梦探佚_全量文档体系_重整版_v4.2/10_R4全链审计与纠偏全过程/05_R4中间版本链_只读/00_当前操作链索引_R4G_REOPENED_v1.3_Phase4完成.md,
a2f7a571af7ffd541f2541e16278729cb1345df77f3c27ce8e3d57afa4992795,R4-G_Phase4_RG-100-01_长中短尾竞争_v1.0_FINAL_REVISE-B.md,YES,03_VALID_HISTORY/REVIEW/AUDIT/a2f7a571af__R4-G_Phase4_RG-100-01_长中短尾竞争_v1.0_FINAL_REVISE-B.md,VALID_HISTORY,REVIEW,AUDIT,NO,P1,workspace:R4-G_Phase4_RG-100-01_长中短尾竞争_v1.0_FINAL_REVISE-B.md,红楼梦探佚_全量文档体系_重整版_v4.2.zip,红楼梦探佚_全量文档体系_重整版_v4.2/10_R4全链审计与纠偏全过程/02_R4-G_文学实验/R4-G_Phase4_RG-100-01_长中短尾竞争_v1.0_FINAL_REVISE-B.md,
1f82b209658b3308ae00433f60151a386f71c32eaf69e99a36b47d971ef6c70f,R4-G_Phase4_第100_A_当前长尾版.md,YES,03_VALID_HISTORY/REVIEW/AUDIT/1f82b20965__R4-G_Phase4_第100_A_当前长尾版.md,VALID_HISTORY,REVIEW,AUDIT,NO,P1,workspace:R4-G_Phase4_第100_A_当前长尾版.md,红楼梦探佚_全量文档体系_重整版_v4.2.zip,红楼梦探佚_全量文档体系_重整版_v4.2/10_R4全链审计与纠偏全过程/02_R4-G_文学实验/R4-G_Phase4_第100_A_当前长尾版.md,
99a86508d2b8d34421b35839e617eb643466c3ad31d6c81a3c21bbbe7e35fb46,R4-G_Phase4_第100_B_中压尾版.md,YES,03_VALID_HISTORY/REVIEW/AUDIT/99a86508d2__R4-G_Phase4_第100_B_中压尾版.md,VALID_HISTORY,REVIEW,AUDIT,NO,P1,workspace:R4-G_Phase4_第100_B_中压尾版.md,红楼梦探佚_全量文档体系_重整版_v4.2.zip,红楼梦探佚_全量文档体系_重整版_v4.2/10_R4全链审计与纠偏全过程/02_R4-G_文学实验/R4-G_Phase4_第100_B_中压尾版.md,
45a63b0cc2353af0edf4f1b7a37743e50b06036cf1f6a462e1dc7565759d1fd6,R4-G_Phase4_第100_C_短尾版.md,YES,03_VALID_HISTORY/REVIEW/AUDIT/45a63b0cc2__R4-G_Phase4_第100_C_短尾版.md,VALID_HISTORY,REVIEW,AUDIT,NO,P1,workspace:R4-G_Phase4_第100_C_短尾版.md,红楼梦探佚_全量文档体系_重整版_v4.2.zip,红楼梦探佚_全量文档体系_重整版_v4.2/10_R4全链审计与纠偏全过程/02_R4-G_文学实验/R4-G_Phase4_第100_C_短尾版.md,
e29b44ea9792d0588d8a3923a7e9406fce97c6105b1ea4de2a79e025883154dd,R4_遗留问题总台账_v1.3_Phase4同步.csv,YES,03_VALID_HISTORY/REVIEW/AUDIT/e29b44ea97__R4_遗留问题总台账_v1.3_Phase4同步.csv,VALID_HISTORY,REVIEW,AUDIT,NO,P1,workspace:R4_遗留问题总台账_v1.3_Phase4同步.csv,红楼梦探佚_全量文档体系_重整版_v4.2.zip,红楼梦探佚_全量文档体系_重整版_v4.2/10_R4全链审计与纠偏全过程/03_R4_纠偏治理_OPEN_状态清扫/R4_遗留问题总台账_v1.3_Phase4同步.csv,
c2ed5d1e9a45393848d5debc90e8d308b20b4fa34a2f8caa6436fafe427c598a,R4_遗留问题总台账_v1.3_Phase4同步.md,YES,03_VALID_HISTORY/REVIEW/AUDIT/c2ed5d1e9a__R4_遗留问题总台账_v1.3_Phase4同步.md,VALID_HISTORY,REVIEW,AUDIT,NO,P1,workspace:R4_遗留问题总台账_v1.3_Phase4同步.md,红楼梦探佚_全量文档体系_重整版_v4.2.zip,红楼梦探佚_全量文档体系_重整版_v4.2/10_R4全链审计与纠偏全过程/03_R4_纠偏治理_OPEN_状态清扫/R4_遗留问题总台账_v1.3_Phase4同步.md,
a862dc2638b9a65d9fc0e975339b10aac4d2ae2bd90e4c3ef0fb9728878580f1,SHA256_Phase4_RG100.md,YES,03_VALID_HISTORY/REVIEW/AUDIT/a862dc2638__SHA256_Phase4_RG100.md,VALID_HISTORY,REVIEW,AUDIT,NO,P1,红楼梦探佚_R4纠偏_Phase4_RG100_v1.0.zip::红楼梦探佚_R4纠偏_Phase4_RG100_v1.0/SHA256_Phase4_RG100.md,红楼梦探佚_R4纠偏_Phase4_RG100_v1.0.zip,红楼梦探佚_R4纠偏_Phase4_RG100_v1.0/SHA256_Phase4_RG100.md,
24c4c617c647db7740e29cfc2bb6c2e7776d93ed963ae7d4411eed75bd0d2bf8,00_当前操作链索引_R4G_REOPENED_v1.4_Phase5完成.md,YES,03_VALID_HISTORY/GOVERNANCE/HISTORICAL/24c4c617c6__00_当前操作链索引_R4G_REOPENED_v1.4_Phase5完成.md,VALID_HISTORY,GOVERNANCE,HISTORICAL,NO,P2,workspace:00_当前操作链索引_R4G_REOPENED_v1.4_Phase5完成.md,红楼梦探佚_全量文档体系_重整版_v4.2.zip,红楼梦探佚_全量文档体系_重整版_v4.2/10_R4全链审计与纠偏全过程/05_R4中间版本链_只读/00_当前操作链索引_R4G_REOPENED_v1.4_Phase5完成.md,
94328cfc12eac812304990578745dd74b1aad710c8a00759299ce78a585c3f4f,81—100_OPEN接口冻结表_v1.0.md,YES,02_CURRENT_RUNTIME/LOCK/81—100_OPEN接口冻结表_v1.0.md,CURRENT_RUNTIME,LOCK,CURRENT,YES,P0,workspace:81—100_OPEN接口冻结表_v1.0.md,红楼梦探佚_稳定ACTIVE过程文档体系_v4.1.zip,红楼梦探佚_稳定ACTIVE过程文档体系_v4.1/02_证据与边界/81—100_OPEN接口冻结表_v1.0.md,
324c8bfbc5f590253cc66155c02784cee69f7af047f2994fc3f05e8746d60a1b,R4_OPEN-LOCK治理规范_v1.0.md,YES,02_CURRENT_RUNTIME/LOCK/R4_OPEN-LOCK治理规范_v1.0.md,CURRENT_RUNTIME,LOCK,CURRENT,YES,P0,workspace:R4_OPEN-LOCK治理规范_v1.0.md,红楼梦探佚_稳定ACTIVE过程文档体系_v4.1.zip,红楼梦探佚_稳定ACTIVE过程文档体系_v4.1/02_证据与边界/R4_OPEN-LOCK治理规范_v1.0.md,
01b833e319043ab7259b8fc132aca4719de4c4e050954e095bbe1d39160d40d8,R4_Phase5_OPEN-LOCK冻结执行报告_v1.0_PASS.md,YES,03_VALID_HISTORY/REVIEW/AUDIT/01b833e319__R4_Phase5_OPEN-LOCK冻结执行报告_v1.0_PASS.md,VALID_HISTORY,REVIEW,AUDIT,NO,P1,workspace:R4_Phase5_OPEN-LOCK冻结执行报告_v1.0_PASS.md,红楼梦探佚_全量文档体系_重整版_v4.2.zip,红楼梦探佚_全量文档体系_重整版_v4.2/10_R4全链审计与纠偏全过程/03_R4_纠偏治理_OPEN_状态清扫/R4_Phase5_OPEN-LOCK冻结执行报告_v1.0_PASS.md,
71f4136cd7cac54169907df2368f329f111a41239eb57d3b9116e959603986b5,R4_遗留问题总台账_v1.4_Phase5同步.csv,YES,03_VALID_HISTORY/REVIEW/AUDIT/71f4136cd7__R4_遗留问题总台账_v1.4_Phase5同步.csv,VALID_HISTORY,REVIEW,AUDIT,NO,P1,workspace:R4_遗留问题总台账_v1.4_Phase5同步.csv,红楼梦探佚_全量文档体系_重整版_v4.2.zip,红楼梦探佚_全量文档体系_重整版_v4.2/10_R4全链审计与纠偏全过程/03_R4_纠偏治理_OPEN_状态清扫/R4_遗留问题总台账_v1.4_Phase5同步.csv,
fab887c5bb8692551dc1f32fc955524e8bcb3058fad892ef31b875504aa02234,R4_遗留问题总台账_v1.4_Phase5同步.md,YES,03_VALID_HISTORY/REVIEW/AUDIT/fab887c5bb__R4_遗留问题总台账_v1.4_Phase5同步.md,VALID_HISTORY,REVIEW,AUDIT,NO,P1,workspace:R4_遗留问题总台账_v1.4_Phase5同步.md,红楼梦探佚_全量文档体系_重整版_v4.2.zip,红楼梦探佚_全量文档体系_重整版_v4.2/10_R4全链审计与纠偏全过程/03_R4_纠偏治理_OPEN_状态清扫/R4_遗留问题总台账_v1.4_Phase5同步.md,
4dc6d4997b28573c26f891e1f08eac7b27dcdb3a12e65c131857cc2e395ee322,SHA256_Phase5_OPENLOCK.md,YES,03_VALID_HISTORY/RELEASE_HISTORY/VERSION_HISTORY/4dc6d4997b__SHA256_Phase5_OPENLOCK.md,VALID_HISTORY,RELEASE_HISTORY,VERSION_HISTORY,NO,P1,红楼梦探佚_R4纠偏_Phase5_OPENLOCK_v1.0.zip::红楼梦探佚_R4纠偏_Phase5_OPENLOCK_v1.0/SHA256_Phase5_OPENLOCK.md,红楼梦探佚_R4纠偏_Phase5_OPENLOCK_v1.0.zip,红楼梦探佚_R4纠偏_Phase5_OPENLOCK_v1.0/SHA256_Phase5_OPENLOCK.md,
98e36258f6a090a089f55a48df0cb5842960412ba0bcfb073b03dec7b0eaee63,00_当前操作链索引_R4G_REOPENED_v1.5_Phase6完成.md,YES,03_VALID_HISTORY/GOVERNANCE/HISTORICAL/98e36258f6__00_当前操作链索引_R4G_REOPENED_v1.5_Phase6完成.md,VALID_HISTORY,GOVERNANCE,HISTORICAL,NO,P2,workspace:00_当前操作链索引_R4G_REOPENED_v1.5_Phase6完成.md,红楼梦探佚_全量文档体系_重整版_v4.2.zip,红楼梦探佚_全量文档体系_重整版_v4.2/10_R4全链审计与纠偏全过程/05_R4中间版本链_只读/00_当前操作链索引_R4G_REOPENED_v1.5_Phase6完成.md,
0b5b9af34edb54b1ebeb3f1d09e240a72f0aa0cd18391fb9d85f4420b6b58c04,81—100_二十回全幅补完卡_v2.4_Phase6清扫版.md,YES,03_VALID_HISTORY/RECONSTRUCTION/REFERENCE/0b5b9af34e__81—100_二十回全幅补完卡_v2.4_Phase6清扫版.md,VALID_HISTORY,RECONSTRUCTION,REFERENCE,REFERENCE,P0,红楼梦探佚_R4纠偏_Phase6_CURRENT_v1.0.zip::红楼梦探佚_R4纠偏_Phase6_CURRENT_v1.0/81—100_二十回全幅补完卡_v2.4_Phase6清扫版.md,红楼梦探佚_R4纠偏_Phase6_CURRENT_v1.0.zip,红楼梦探佚_R4纠偏_Phase6_CURRENT_v1.0/81—100_二十回全幅补完卡_v2.4_Phase6清扫版.md,
367c5f2995b84e580521af3bcc7a29815ba6529d22ba0c992563eb29ff5ba768,81—100_保护锁与不可破坏细节表_v2.3_Phase6候选版.md,YES,03_VALID_HISTORY/LOCK/REFERENCE/367c5f2995__81—100_保护锁与不可破坏细节表_v2.3_Phase6候选版.md,VALID_HISTORY,LOCK,REFERENCE,REFERENCE,P0,红楼梦探佚_R4纠偏_Phase6_CURRENT_v1.0.zip::红楼梦探佚_R4纠偏_Phase6_CURRENT_v1.0/81—100_保护锁与不可破坏细节表_v2.3_Phase6候选版.md,红楼梦探佚_R4纠偏_Phase6_CURRENT_v1.0.zip,红楼梦探佚_R4纠偏_Phase6_CURRENT_v1.0/81—100_保护锁与不可破坏细节表_v2.3_Phase6候选版.md,
37a8e92ff263fff70ffae635c11afeffb46356d0b5449a6912f7d762a0a64447,81—100_正文实施事实登记表_v1.6_Phase6清扫版.md,YES,03_VALID_HISTORY/IMPLEMENTATION/REFERENCE/37a8e92ff2__81—100_正文实施事实登记表_v1.6_Phase6清扫版.md,VALID_HISTORY,IMPLEMENTATION,REFERENCE,REFERENCE,P0,workspace:81—100_正文实施事实登记表_v1.6_Phase6清扫版.md,红楼梦探佚_全量文档体系_重整版_v4.2.zip,红楼梦探佚_全量文档体系_重整版_v4.2/10_R4全链审计与纠偏全过程/05_R4中间版本链_只读/81—100_正文实施事实登记表_v1.6_Phase6清扫版.md,
b63d359a25df64c9eb2d6588cb99cc0faf085dfaa45e920e3b9583dd93c3acc4,R4-E_历史机制一手史料复核总表_v1.0_R4E_PASS.md,YES,02_CURRENT_RUNTIME/MECHANISM/R4-E_历史机制一手史料复核总表_v1.0_R4E_PASS.md,CURRENT_RUNTIME,MECHANISM,CURRENT,YES,P0,workspace:R4-E_历史机制一手史料复核总表_v1.0_R4E_PASS.md,红楼梦探佚_稳定ACTIVE过程文档体系_v4.1.zip,红楼梦探佚_稳定ACTIVE过程文档体系_v4.1/03_历史机制/R4-E_历史机制一手史料复核总表_v1.0_R4E_PASS.md,
b8b3f2d359b23648ae72c836af398da134fab1a471110676ae7a74ef215ed727,R4-E_历史机制边界同步表_v1.0.md,YES,02_CURRENT_RUNTIME/MECHANISM/R4-E_历史机制边界同步表_v1.0.md,CURRENT_RUNTIME,MECHANISM,CURRENT,YES,P0,workspace:R4-E_历史机制边界同步表_v1.0.md,红楼梦探佚_稳定ACTIVE过程文档体系_v4.1.zip,红楼梦探佚_稳定ACTIVE过程文档体系_v4.1/03_历史机制/R4-E_历史机制边界同步表_v1.0.md,
c7d8afb50c32fbe9e6a00915442b617cc714331a0cdccf491d3faeb6ae809930,R4-F_Literal-Semantic-Boundary硬接口回归报告_v1.0_R4F_PASS.md,YES,02_CURRENT_RUNTIME/EVIDENCE/R4-F_Literal-Semantic-Boundary硬接口回归报告_v1.0_R4F_PASS.md,CURRENT_RUNTIME,EVIDENCE,CURRENT,YES,P0,workspace:R4-F_Literal-Semantic-Boundary硬接口回归报告_v1.0_R4F_PASS.md,红楼梦探佚_全量文档体系_重整版_v4.2.zip,红楼梦探佚_全量文档体系_重整版_v4.2/10_R4全链审计与纠偏全过程/01_R4-A—F/R4-F_Literal-Semantic-Boundary硬接口回归报告_v1.0_R4F_PASS.md,
c4436883a2c1013b2d808361b34676938d89f2962dc1dfb4409f1cd6c23f6884,R4_Phase6_CURRENT活动文档白名单_v1.0.md,YES,03_VALID_HISTORY/REVIEW/AUDIT/c4436883a2__R4_Phase6_CURRENT活动文档白名单_v1.0.md,VALID_HISTORY,REVIEW,AUDIT,NO,P1,workspace:R4_Phase6_CURRENT活动文档白名单_v1.0.md,红楼梦探佚_全量文档体系_重整版_v4.2.zip,红楼梦探佚_全量文档体系_重整版_v4.2/10_R4全链审计与纠偏全过程/03_R4_纠偏治理_OPEN_状态清扫/R4_Phase6_CURRENT活动文档白名单_v1.0.md,
95a4032d3236e75fc67c7b33a9859d7852ea6d25be43c357009d9124d23f25f0,R4_Phase6_全包状态与活动文档一致性清扫_v1.0_PASS.md,YES,03_VALID_HISTORY/REVIEW/AUDIT/95a4032d32__R4_Phase6_全包状态与活动文档一致性清扫_v1.0_PASS.md,VALID_HISTORY,REVIEW,AUDIT,NO,P1,workspace:R4_Phase6_全包状态与活动文档一致性清扫_v1.0_PASS.md,红楼梦探佚_全量文档体系_重整版_v4.2.zip,红楼梦探佚_全量文档体系_重整版_v4.2/10_R4全链审计与纠偏全过程/03_R4_纠偏治理_OPEN_状态清扫/R4_Phase6_全包状态与活动文档一致性清扫_v1.0_PASS.md,
256d861a4b4f89f694850eba8ccb6a1c02d743486576ff57643a92e7d4784e9d,R4_Phase6_活动文档机械清扫报告_v1.0.md,YES,03_VALID_HISTORY/REVIEW/AUDIT/256d861a4b__R4_Phase6_活动文档机械清扫报告_v1.0.md,VALID_HISTORY,REVIEW,AUDIT,NO,P1,workspace:R4_Phase6_活动文档机械清扫报告_v1.0.md,红楼梦探佚_全量文档体系_重整版_v4.2.zip,红楼梦探佚_全量文档体系_重整版_v4.2/10_R4全链审计与纠偏全过程/03_R4_纠偏治理_OPEN_状态清扫/R4_Phase6_活动文档机械清扫报告_v1.0.md,
6e71fe89984dee6b425a7226625b81041f4d28f485d3bba4c13517eb422de011,R4_纠偏施工总控_v1.0_Phase6.md,YES,03_VALID_HISTORY/REVIEW/AUDIT/6e71fe8998__R4_纠偏施工总控_v1.0_Phase6.md,VALID_HISTORY,REVIEW,AUDIT,NO,P1,workspace:R4_纠偏施工总控_v1.0_Phase6.md,红楼梦探佚_全量文档体系_重整版_v4.2.zip,红楼梦探佚_全量文档体系_重整版_v4.2/10_R4全链审计与纠偏全过程/03_R4_纠偏治理_OPEN_状态清扫/R4_纠偏施工总控_v1.0_Phase6.md,
0ab7a1f6899133eeb17607d651582f17346211a1c5e4bc7de26d50460e3dec0d,R4_证据角色审计矩阵_v1.7_Phase6同步.md,YES,03_VALID_HISTORY/EVIDENCE/REFERENCE/0ab7a1f689__R4_证据角色审计矩阵_v1.7_Phase6同步.md,VALID_HISTORY,EVIDENCE,REFERENCE,REFERENCE,P0,workspace:R4_证据角色审计矩阵_v1.7_Phase6同步.md,红楼梦探佚_全量文档体系_重整版_v4.2.zip,红楼梦探佚_全量文档体系_重整版_v4.2/10_R4全链审计与纠偏全过程/01_R4-A—F/R4_证据角色审计矩阵_v1.7_Phase6同步.md,
c153fbba91c6a28a7d669cae935861c7fb91cd38546bb69ad69fc294ff3e515a,R4_遗留问题总台账_v1.5_Phase6同步.csv,YES,03_VALID_HISTORY/REVIEW/AUDIT/c153fbba91__R4_遗留问题总台账_v1.5_Phase6同步.csv,VALID_HISTORY,REVIEW,AUDIT,NO,P1,workspace:R4_遗留问题总台账_v1.5_Phase6同步.csv,红楼梦探佚_全量文档体系_重整版_v4.2.zip,红楼梦探佚_全量文档体系_重整版_v4.2/10_R4全链审计与纠偏全过程/03_R4_纠偏治理_OPEN_状态清扫/R4_遗留问题总台账_v1.5_Phase6同步.csv,
a09f1a87a4fb410e0a4662c941bbb66b17700ea7f81bb3efa083858a48b74a2c,R4_遗留问题总台账_v1.5_Phase6同步.md,YES,03_VALID_HISTORY/REVIEW/AUDIT/a09f1a87a4__R4_遗留问题总台账_v1.5_Phase6同步.md,VALID_HISTORY,REVIEW,AUDIT,NO,P1,workspace:R4_遗留问题总台账_v1.5_Phase6同步.md,红楼梦探佚_全量文档体系_重整版_v4.2.zip,红楼梦探佚_全量文档体系_重整版_v4.2/10_R4全链审计与纠偏全过程/03_R4_纠偏治理_OPEN_状态清扫/R4_遗留问题总台账_v1.5_Phase6同步.md,
bd15b087dc6ac701a83312007d1cc77453f22f1ffe7791dc77d787c9fc532664,第32-A_红楼梦八十回后文学复原_纯读版_v1.3_R4C位置修复基线.md,YES,03_VALID_HISTORY/IMPLEMENTATION/VERSION_HISTORY/bd15b087dc__第32-A_红楼梦八十回后文学复原_纯读版_v1.3_R4C位置修复基线.md,VALID_HISTORY,IMPLEMENTATION,VERSION_HISTORY,NO,P2,workspace:第32-A_红楼梦八十回后文学复原_纯读版_v1.3_R4C位置修复基线.md,红楼梦探佚_全量文档体系_重整版_v4.2.zip,红楼梦探佚_全量文档体系_重整版_v4.2/10_R4全链审计与纠偏全过程/05_R4中间版本链_只读/第32-A_红楼梦八十回后文学复原_纯读版_v1.3_R4C位置修复基线.md,
5d8c99cbce8c499e727982ed63b83029815b70da5e510da614b709cc4b4f79eb,81—100_二十回全幅补完卡_v2.4_Phase6清扫版.md,YES,03_VALID_HISTORY/RECONSTRUCTION/REFERENCE/5d8c99cbce__81—100_二十回全幅补完卡_v2.4_Phase6清扫版.md,VALID_HISTORY,RECONSTRUCTION,REFERENCE,REFERENCE,P0,workspace:81—100_二十回全幅补完卡_v2.4_Phase6清扫版.md,红楼梦探佚_全量文档体系_重整版_v4.2.zip,红楼梦探佚_全量文档体系_重整版_v4.2/10_R4全链审计与纠偏全过程/05_R4中间版本链_只读/81—100_二十回全幅补完卡_v2.4_Phase6清扫版.md,
f1325f6d8a2c9554ee3aa8dc120dcb60e65775b3dcab623fede6e2624e00f42d,81—100_保护锁与不可破坏细节表_v2.3_Phase6候选版.md,YES,03_VALID_HISTORY/LOCK/REFERENCE/f1325f6d8a__81—100_保护锁与不可破坏细节表_v2.3_Phase6候选版.md,VALID_HISTORY,LOCK,REFERENCE,REFERENCE,P0,workspace:81—100_保护锁与不可破坏细节表_v2.3_Phase6候选版.md,红楼梦探佚_全量文档体系_重整版_v4.2.zip,红楼梦探佚_全量文档体系_重整版_v4.2/10_R4全链审计与纠偏全过程/05_R4中间版本链_只读/81—100_保护锁与不可破坏细节表_v2.3_Phase6候选版.md,
1f5338967eeb68a42dd62e6153c4e08eb9c009f607a7cd7299f26f16daa94ed2,R4_Phase6_CURRENT活动文档白名单_v1.1.md,YES,03_VALID_HISTORY/REVIEW/AUDIT/1f5338967e__R4_Phase6_CURRENT活动文档白名单_v1.1.md,VALID_HISTORY,REVIEW,AUDIT,NO,P1,workspace:R4_Phase6_CURRENT活动文档白名单_v1.1.md,红楼梦探佚_全量文档体系_重整版_v4.2.zip,红楼梦探佚_全量文档体系_重整版_v4.2/10_R4全链审计与纠偏全过程/03_R4_纠偏治理_OPEN_状态清扫/R4_Phase6_CURRENT活动文档白名单_v1.1.md,
8bfa037a8cb35d88e6c27d876fc83c3dde66c1102428472b76611190b24e1009,R4_Phase6_全包状态与活动文档一致性清扫_v1.1_PASS.md,YES,03_VALID_HISTORY/REVIEW/AUDIT/8bfa037a8c__R4_Phase6_全包状态与活动文档一致性清扫_v1.1_PASS.md,VALID_HISTORY,REVIEW,AUDIT,NO,P1,workspace:R4_Phase6_全包状态与活动文档一致性清扫_v1.1_PASS.md,红楼梦探佚_全量文档体系_重整版_v4.2.zip,红楼梦探佚_全量文档体系_重整版_v4.2/10_R4全链审计与纠偏全过程/03_R4_纠偏治理_OPEN_状态清扫/R4_Phase6_全包状态与活动文档一致性清扫_v1.1_PASS.md,
73ef34364cd0a70d64d413a6cf7e6489ae0864ea58563873b38e0f6b86989620,R4_Phase6_活动文档机械清扫报告_v1.1_PASS.md,YES,03_VALID_HISTORY/REVIEW/AUDIT/73ef34364c__R4_Phase6_活动文档机械清扫报告_v1.1_PASS.md,VALID_HISTORY,REVIEW,AUDIT,NO,P1,workspace:R4_Phase6_活动文档机械清扫报告_v1.1_PASS.md,红楼梦探佚_全量文档体系_重整版_v4.2.zip,红楼梦探佚_全量文档体系_重整版_v4.2/10_R4全链审计与纠偏全过程/03_R4_纠偏治理_OPEN_状态清扫/R4_Phase6_活动文档机械清扫报告_v1.1_PASS.md,
5a14db392c5b7258e77f48180af436be073edbb21a4f6b110f434af06e5c1a5a,SHA256_Phase6_CURRENT_v1.1.md,YES,03_VALID_HISTORY/ARCHIVE/HISTORICAL/5a14db392c__SHA256_Phase6_CURRENT_v1.1.md,VALID_HISTORY,ARCHIVE,HISTORICAL,NO,P2,红楼梦探佚_R4纠偏_Phase6_CURRENT_v1.1.zip::红楼梦探佚_R4纠偏_Phase6_CURRENT_v1.0/SHA256_Phase6_CURRENT_v1.1.md,红楼梦探佚_R4纠偏_Phase6_CURRENT_v1.1.zip,红楼梦探佚_R4纠偏_Phase6_CURRENT_v1.0/SHA256_Phase6_CURRENT_v1.1.md,
1797e310a25be1c66ffe006a77fbe9c492379252c483ca2e9f6d23295d163aea,00_当前操作链索引_R4G_REOPENED_v1.6_R4F回归完成.md,YES,03_VALID_HISTORY/GOVERNANCE/HISTORICAL/1797e310a2__00_当前操作链索引_R4G_REOPENED_v1.6_R4F回归完成.md,VALID_HISTORY,GOVERNANCE,HISTORICAL,NO,P2,workspace:00_当前操作链索引_R4G_REOPENED_v1.6_R4F回归完成.md,红楼梦探佚_全量文档体系_重整版_v4.2.zip,红楼梦探佚_全量文档体系_重整版_v4.2/10_R4全链审计与纠偏全过程/05_R4中间版本链_只读/00_当前操作链索引_R4G_REOPENED_v1.6_R4F回归完成.md,
c1849d0c1ed3a44dfbaeded8e77af6fbbc37654497c1911a993af88ab385453a,81—100_正文实施事实登记表_v1.7_R4F回归候选版.md,YES,03_VALID_HISTORY/IMPLEMENTATION/REFERENCE/c1849d0c1e__81—100_正文实施事实登记表_v1.7_R4F回归候选版.md,VALID_HISTORY,IMPLEMENTATION,REFERENCE,REFERENCE,P0,workspace:81—100_正文实施事实登记表_v1.7_R4F回归候选版.md,红楼梦探佚_全量文档体系_重整版_v4.2.zip,红楼梦探佚_全量文档体系_重整版_v4.2/10_R4全链审计与纠偏全过程/05_R4中间版本链_只读/81—100_正文实施事实登记表_v1.7_R4F回归候选版.md,
966982008462bdefe979b9d28bca902bba2143db68740071edea24e8bd5fb7b4,R4-F_regression_R4G候选正文_v1.0_PASS.md,YES,03_VALID_HISTORY/REVIEW/AUDIT/9669820084__R4-F_regression_R4G候选正文_v1.0_PASS.md,VALID_HISTORY,REVIEW,AUDIT,NO,P1,红楼梦探佚_R4纠偏_Phase7_R4FRegression_v1.0.zip::红楼梦探佚_R4纠偏_Phase7_R4FRegression_v1.0/R4-F_regression_R4G候选正文_v1.0_PASS.md,红楼梦探佚_R4纠偏_Phase7_R4FRegression_v1.0.zip,红楼梦探佚_R4纠偏_Phase7_R4FRegression_v1.0/R4-F_regression_R4G候选正文_v1.0_PASS.md,
7a2bb2d5b2e2902326176ba2d2fd0b8097e57c11f32980abb57064d0cfb7279b,R4-G_三处候选合并报告_v1.0.md,YES,03_VALID_HISTORY/REVIEW/AUDIT/7a2bb2d5b2__R4-G_三处候选合并报告_v1.0.md,VALID_HISTORY,REVIEW,AUDIT,NO,P1,workspace:R4-G_三处候选合并报告_v1.0.md,红楼梦探佚_全量文档体系_重整版_v4.2.zip,红楼梦探佚_全量文档体系_重整版_v4.2/10_R4全链审计与纠偏全过程/02_R4-G_文学实验/R4-G_三处候选合并报告_v1.0.md,
c4f15da5825d69c81a9f1dcdb2ab3c708ac012822a63ef730e17fb842f4550e7,R4_证据角色审计矩阵_v1.8_R4F回归PASS.md,YES,03_VALID_HISTORY/EVIDENCE/REFERENCE/c4f15da582__R4_证据角色审计矩阵_v1.8_R4F回归PASS.md,VALID_HISTORY,EVIDENCE,REFERENCE,REFERENCE,P0,workspace:R4_证据角色审计矩阵_v1.8_R4F回归PASS.md,红楼梦探佚_全量文档体系_重整版_v4.2.zip,红楼梦探佚_全量文档体系_重整版_v4.2/10_R4全链审计与纠偏全过程/01_R4-A—F/R4_证据角色审计矩阵_v1.8_R4F回归PASS.md,
1dc347ce787bcd15892eaa1749f8f89040ab9934ad602b2a786af159098b5205,R4_遗留问题总台账_v1.6_R4F回归同步.csv,YES,03_VALID_HISTORY/REVIEW/AUDIT/1dc347ce78__R4_遗留问题总台账_v1.6_R4F回归同步.csv,VALID_HISTORY,REVIEW,AUDIT,NO,P1,workspace:R4_遗留问题总台账_v1.6_R4F回归同步.csv,红楼梦探佚_全量文档体系_重整版_v4.2.zip,红楼梦探佚_全量文档体系_重整版_v4.2/10_R4全链审计与纠偏全过程/03_R4_纠偏治理_OPEN_状态清扫/R4_遗留问题总台账_v1.6_R4F回归同步.csv,
a950bb4b28b4909949e69f0b0db724a1d18e82a5b00bbfdd361e2b33653ea5b7,R4_遗留问题总台账_v1.6_R4F回归同步.md,YES,03_VALID_HISTORY/REVIEW/AUDIT/a950bb4b28__R4_遗留问题总台账_v1.6_R4F回归同步.md,VALID_HISTORY,REVIEW,AUDIT,NO,P1,workspace:R4_遗留问题总台账_v1.6_R4F回归同步.md,红楼梦探佚_全量文档体系_重整版_v4.2.zip,红楼梦探佚_全量文档体系_重整版_v4.2/10_R4全链审计与纠偏全过程/03_R4_纠偏治理_OPEN_状态清扫/R4_遗留问题总台账_v1.6_R4F回归同步.md,
4645da79b1bed76f54be281c50b5df648f599ea41541fb7855685753b6a85320,第32-A_红楼梦八十回后文学复原_纯读版_v1.4_稳定ACTIVE基线.md,YES,02_CURRENT_RUNTIME/IMPLEMENTATION/第32-A_红楼梦八十回后文学复原_纯读版_v1.4_稳定ACTIVE基线.md,CURRENT_RUNTIME,IMPLEMENTATION,CURRENT,YES,P0,workspace:第32-A_红楼梦八十回后文学复原_纯读版_v1.4_稳定ACTIVE基线.md,红楼梦探佚_稳定ACTIVE过程文档体系_v4.1.zip,红楼梦探佚_稳定ACTIVE过程文档体系_v4.1/01_正文与施工/第32-A_红楼梦八十回后文学复原_纯读版_v1.4_稳定ACTIVE基线.md,
7b866195a40d24437f2ce6287fee1ad159295aec61ab262fb9e363d794aeded2,00_当前操作链索引_R4G_REOPENED_v1.7_R4F回归PASS.md,YES,03_VALID_HISTORY/GOVERNANCE/HISTORICAL/7b866195a4__00_当前操作链索引_R4G_REOPENED_v1.7_R4F回归PASS.md,VALID_HISTORY,GOVERNANCE,HISTORICAL,NO,P2,workspace:00_当前操作链索引_R4G_REOPENED_v1.7_R4F回归PASS.md,红楼梦探佚_全量文档体系_重整版_v4.2.zip,红楼梦探佚_全量文档体系_重整版_v4.2/10_R4全链审计与纠偏全过程/05_R4中间版本链_只读/00_当前操作链索引_R4G_REOPENED_v1.7_R4F回归PASS.md,
3be10c692c0e7c331a8f32f1cb4cf6d0d35da6aaf071ed6a5c8b53c0ae2141c3,81—100_正文实施事实登记表_v1.8_R4F回归PASS候选版.md,YES,03_VALID_HISTORY/IMPLEMENTATION/REFERENCE/3be10c692c__81—100_正文实施事实登记表_v1.8_R4F回归PASS候选版.md,VALID_HISTORY,IMPLEMENTATION,REFERENCE,REFERENCE,P0,workspace:81—100_正文实施事实登记表_v1.8_R4F回归PASS候选版.md,红楼梦探佚_全量文档体系_重整版_v4.2.zip,红楼梦探佚_全量文档体系_重整版_v4.2/10_R4全链审计与纠偏全过程/05_R4中间版本链_只读/81—100_正文实施事实登记表_v1.8_R4F回归PASS候选版.md,
60800c8969742ef65db6e2dfb6a2157b61a5c006a5479bee890932637b627bdf,R4-F_regression_R4G候选正文_v1.1_PASS.md,YES,03_VALID_HISTORY/REVIEW/AUDIT/60800c8969__R4-F_regression_R4G候选正文_v1.1_PASS.md,VALID_HISTORY,REVIEW,AUDIT,NO,P1,红楼梦探佚_R4纠偏_Phase7_R4FRegression_v1.1.zip::红楼梦探佚_R4纠偏_Phase7_R4FRegression_v1.1/R4-F_regression_R4G候选正文_v1.1_PASS.md,红楼梦探佚_R4纠偏_Phase7_R4FRegression_v1.1.zip,红楼梦探佚_R4纠偏_Phase7_R4FRegression_v1.1/R4-F_regression_R4G候选正文_v1.1_PASS.md,
e7d86de89a58405fcea730e7b47dfc32cfd057ddbee87f78e85d3a58b9939ef3,R4_证据角色审计矩阵_v1.9_R4F回归终版.md,YES,03_VALID_HISTORY/EVIDENCE/REFERENCE/e7d86de89a__R4_证据角色审计矩阵_v1.9_R4F回归终版.md,VALID_HISTORY,EVIDENCE,REFERENCE,REFERENCE,P0,workspace:R4_证据角色审计矩阵_v1.9_R4F回归终版.md,红楼梦探佚_全量文档体系_重整版_v4.2.zip,红楼梦探佚_全量文档体系_重整版_v4.2/10_R4全链审计与纠偏全过程/01_R4-A—F/R4_证据角色审计矩阵_v1.9_R4F回归终版.md,
5e6e40337125b9ca10a6a90d747b93f4402c8c2d58215bcaf3f15a87800c17d7,R4_遗留问题总台账_v1.6_R4F回归PASS.csv,YES,03_VALID_HISTORY/REVIEW/AUDIT/5e6e403371__R4_遗留问题总台账_v1.6_R4F回归PASS.csv,VALID_HISTORY,REVIEW,AUDIT,NO,P1,workspace:R4_遗留问题总台账_v1.6_R4F回归PASS.csv,红楼梦探佚_全量文档体系_重整版_v4.2.zip,红楼梦探佚_全量文档体系_重整版_v4.2/10_R4全链审计与纠偏全过程/03_R4_纠偏治理_OPEN_状态清扫/R4_遗留问题总台账_v1.6_R4F回归PASS.csv,
a50f114c7042fd0f4fdaccb31e041c537041fa20290d3b5822741786accfdc4a,R4_遗留问题总台账_v1.6_R4F回归PASS.md,YES,03_VALID_HISTORY/REVIEW/AUDIT/a50f114c70__R4_遗留问题总台账_v1.6_R4F回归PASS.md,VALID_HISTORY,REVIEW,AUDIT,NO,P1,workspace:R4_遗留问题总台账_v1.6_R4F回归PASS.md,红楼梦探佚_全量文档体系_重整版_v4.2.zip,红楼梦探佚_全量文档体系_重整版_v4.2/10_R4全链审计与纠偏全过程/03_R4_纠偏治理_OPEN_状态清扫/R4_遗留问题总台账_v1.6_R4F回归PASS.md,
b0b205461ae7723d884c85667874f3001e9ecfcaf73b006422b776241cc60d9e,00_当前操作链索引_R4G_REOPENED_v1.7_R4FRegression_FINAL_PASS.md,YES,03_VALID_HISTORY/GOVERNANCE/HISTORICAL/b0b205461a__00_当前操作链索引_R4G_REOPENED_v1.7_R4FRegression_FINAL_PASS.md,VALID_HISTORY,GOVERNANCE,HISTORICAL,NO,P2,workspace:00_当前操作链索引_R4G_REOPENED_v1.7_R4FRegression_FINAL_PASS.md,红楼梦探佚_全量文档体系_重整版_v4.2.zip,红楼梦探佚_全量文档体系_重整版_v4.2/10_R4全链审计与纠偏全过程/05_R4中间版本链_只读/00_当前操作链索引_R4G_REOPENED_v1.7_R4FRegression_FINAL_PASS.md,
77576184608c4b4799e99fc1ceb8bbe564a70c466890edb10be2d9f77f14027b,81—100_正文实施事实登记表_v1.7_R4FRegression_FINAL候选版.md,YES,03_VALID_HISTORY/IMPLEMENTATION/REFERENCE/7757618460__81—100_正文实施事实登记表_v1.7_R4FRegression_FINAL候选版.md,VALID_HISTORY,IMPLEMENTATION,REFERENCE,REFERENCE,P0,workspace:81—100_正文实施事实登记表_v1.7_R4FRegression_FINAL候选版.md,红楼梦探佚_全量文档体系_重整版_v4.2.zip,红楼梦探佚_全量文档体系_重整版_v4.2/10_R4全链审计与纠偏全过程/05_R4中间版本链_只读/81—100_正文实施事实登记表_v1.7_R4FRegression_FINAL候选版.md,
f79ba80ca2e9caff0113e83100bc5b046736ce0faa03413bdbbf464dba3c6794,R4-F_regression_R4G候选正文_v1.2_FINAL_PASS.md,YES,03_VALID_HISTORY/REVIEW/AUDIT/f79ba80ca2__R4-F_regression_R4G候选正文_v1.2_FINAL_PASS.md,VALID_HISTORY,REVIEW,AUDIT,NO,P1,workspace:R4-F_regression_R4G候选正文_v1.2_FINAL_PASS.md,红楼梦探佚_稳定ACTIVE过程文档体系_v4.1.zip,红楼梦探佚_稳定ACTIVE过程文档体系_v4.1/99_最小审计记录/R4-F_regression_R4G候选正文_v1.2_FINAL_PASS.md,
3530807848001539172794fe83b72428f5b6cb5f6dc1f8521a57b5b1336b0bdd,R4_证据角色审计矩阵_v1.8_R4FRegression_FINAL.md,YES,03_VALID_HISTORY/EVIDENCE/REFERENCE/3530807848__R4_证据角色审计矩阵_v1.8_R4FRegression_FINAL.md,VALID_HISTORY,EVIDENCE,REFERENCE,REFERENCE,P0,workspace:R4_证据角色审计矩阵_v1.8_R4FRegression_FINAL.md,红楼梦探佚_全量文档体系_重整版_v4.2.zip,红楼梦探佚_全量文档体系_重整版_v4.2/10_R4全链审计与纠偏全过程/01_R4-A—F/R4_证据角色审计矩阵_v1.8_R4FRegression_FINAL.md,
c57489c816f33a153b5795e098714d7249e1de0d5b746ed49e2a0f477c05198b,R4_遗留问题总台账_v1.6_R4FRegression_FINAL.csv,YES,03_VALID_HISTORY/REVIEW/AUDIT/c57489c816__R4_遗留问题总台账_v1.6_R4FRegression_FINAL.csv,VALID_HISTORY,REVIEW,AUDIT,NO,P1,workspace:R4_遗留问题总台账_v1.6_R4FRegression_FINAL.csv,红楼梦探佚_全量文档体系_重整版_v4.2.zip,红楼梦探佚_全量文档体系_重整版_v4.2/10_R4全链审计与纠偏全过程/03_R4_纠偏治理_OPEN_状态清扫/R4_遗留问题总台账_v1.6_R4FRegression_FINAL.csv,
8b60ee8e62fb82841497b0bc25bedb45f4b36702f02e278f92d1a112b5bebe01,R4_遗留问题总台账_v1.6_R4FRegression_FINAL.md,YES,03_VALID_HISTORY/REVIEW/AUDIT/8b60ee8e62__R4_遗留问题总台账_v1.6_R4FRegression_FINAL.md,VALID_HISTORY,REVIEW,AUDIT,NO,P1,workspace:R4_遗留问题总台账_v1.6_R4FRegression_FINAL.md,红楼梦探佚_全量文档体系_重整版_v4.2.zip,红楼梦探佚_全量文档体系_重整版_v4.2/10_R4全链审计与纠偏全过程/03_R4_纠偏治理_OPEN_状态清扫/R4_遗留问题总台账_v1.6_R4FRegression_FINAL.md,
9e3db5f7886df4023800db1594c0afbdec05bca4642663dd0720900aa4b97879,SHA256_Phase7_R4FRegression_v1.2_FINAL.md,YES,03_VALID_HISTORY/ARCHIVE/HISTORICAL/9e3db5f788__SHA256_Phase7_R4FRegression_v1.2_FINAL.md,VALID_HISTORY,ARCHIVE,HISTORICAL,NO,P2,红楼梦探佚_R4纠偏_Phase7_R4FRegression_v1.2_FINAL.zip::红楼梦探佚_R4纠偏_Phase7_R4FRegression_v1.2_FINAL/SHA256_Phase7_R4FRegression_v1.2_FINAL.md,红楼梦探佚_R4纠偏_Phase7_R4FRegression_v1.2_FINAL.zip,红楼梦探佚_R4纠偏_Phase7_R4FRegression_v1.2_FINAL/SHA256_Phase7_R4FRegression_v1.2_FINAL.md,
9f7307efe5db664493ca52c85707711afb02784da8868fe96ced1b1a852d15dd,00_当前操作链索引_R4G_FINAL_PASS_v1.8.md,YES,03_VALID_HISTORY/GOVERNANCE/HISTORICAL/9f7307efe5__00_当前操作链索引_R4G_FINAL_PASS_v1.8.md,VALID_HISTORY,GOVERNANCE,HISTORICAL,NO,P2,workspace:00_当前操作链索引_R4G_FINAL_PASS_v1.8.md,红楼梦探佚_全量文档体系_重整版_v4.2.zip,红楼梦探佚_全量文档体系_重整版_v4.2/10_R4全链审计与纠偏全过程/05_R4中间版本链_只读/00_当前操作链索引_R4G_FINAL_PASS_v1.8.md,
52175a0bbe188eb6e186a6dadc1e4e318a6b4cb5bf16e565b2b2765367a7bbe5,81—100_保护锁与不可破坏细节表_v2.4_R4G_FINAL候选版.md,YES,03_VALID_HISTORY/LOCK/REFERENCE/52175a0bbe__81—100_保护锁与不可破坏细节表_v2.4_R4G_FINAL候选版.md,VALID_HISTORY,LOCK,REFERENCE,REFERENCE,P0,workspace:81—100_保护锁与不可破坏细节表_v2.4_R4G_FINAL候选版.md,红楼梦探佚_全量文档体系_重整版_v4.2.zip,红楼梦探佚_全量文档体系_重整版_v4.2/10_R4全链审计与纠偏全过程/05_R4中间版本链_只读/81—100_保护锁与不可破坏细节表_v2.4_R4G_FINAL候选版.md,
089acdf621d2a021ac2ba6259663c3aacfad57ef4895d755041b6a99c45c367d,R4-G_文学保护与越界终审_v2.0_FINAL_PASS.md,YES,03_VALID_HISTORY/REVIEW/AUDIT/089acdf621__R4-G_文学保护与越界终审_v2.0_FINAL_PASS.md,VALID_HISTORY,REVIEW,AUDIT,NO,P1,workspace:R4-G_文学保护与越界终审_v2.0_FINAL_PASS.md,红楼梦探佚_稳定ACTIVE过程文档体系_v4.1.zip,红楼梦探佚_稳定ACTIVE过程文档体系_v4.1/99_最小审计记录/R4-G_文学保护与越界终审_v2.0_FINAL_PASS.md,
a3e05e2594b5df02e4fd9ae512ebf0d6ae2953a5b6ef6b9207bfee3c056b5691,R4_遗留问题总台账_v1.7_R4G_FINAL.csv,YES,03_VALID_HISTORY/REVIEW/AUDIT/a3e05e2594__R4_遗留问题总台账_v1.7_R4G_FINAL.csv,VALID_HISTORY,REVIEW,AUDIT,NO,P1,workspace:R4_遗留问题总台账_v1.7_R4G_FINAL.csv,红楼梦探佚_全量文档体系_重整版_v4.2.zip,红楼梦探佚_全量文档体系_重整版_v4.2/10_R4全链审计与纠偏全过程/03_R4_纠偏治理_OPEN_状态清扫/R4_遗留问题总台账_v1.7_R4G_FINAL.csv,
5bb4f62bec6b0e68924fad8d07e43982e193cd0c686c47abb4153721199f3caa,R4_遗留问题总台账_v1.7_R4G_FINAL.md,YES,03_VALID_HISTORY/REVIEW/AUDIT/5bb4f62bec__R4_遗留问题总台账_v1.7_R4G_FINAL.md,VALID_HISTORY,REVIEW,AUDIT,NO,P1,workspace:R4_遗留问题总台账_v1.7_R4G_FINAL.md,红楼梦探佚_全量文档体系_重整版_v4.2.zip,红楼梦探佚_全量文档体系_重整版_v4.2/10_R4全链审计与纠偏全过程/03_R4_纠偏治理_OPEN_状态清扫/R4_遗留问题总台账_v1.7_R4G_FINAL.md,
88913f21dc12df7f41d2d23503a4519ef62965b23402a9989d7fc6faeb27ef6e,SHA256_Phase8_R4G_FINAL_v2.0.md,YES,03_VALID_HISTORY/ARCHIVE/HISTORICAL/88913f21dc__SHA256_Phase8_R4G_FINAL_v2.0.md,VALID_HISTORY,ARCHIVE,HISTORICAL,NO,P2,红楼梦探佚_R4纠偏_Phase8_R4G_FINAL_v2.0.zip::红楼梦探佚_R4纠偏_Phase8_R4G_FINAL_v2.0/SHA256_Phase8_R4G_FINAL_v2.0.md,红楼梦探佚_R4纠偏_Phase8_R4G_FINAL_v2.0.zip,红楼梦探佚_R4纠偏_Phase8_R4G_FINAL_v2.0/SHA256_Phase8_R4G_FINAL_v2.0.md,
e2f51062a5d9a8f3521d3b2a1b64ebcec9d1ebbc2a083b7712cb573f2dd42ece,README_从这里开始.md,YES,03_VALID_HISTORY/REGISTRY/REFERENCE/e2f51062a5__README_从这里开始.md,VALID_HISTORY,REGISTRY,REFERENCE,REFERENCE,P1,红楼梦探佚_全量文档体系_重整版_v4.2.zip::红楼梦探佚_全量文档体系_重整版_v4.2/00_从这里开始/README_从这里开始.md,红楼梦探佚_全量文档体系_重整版_v4.2.zip,红楼梦探佚_全量文档体系_重整版_v4.2/00_从这里开始/README_从这里开始.md,
4032adea29a45cf0513e3cd6884b49232ec5be646237322dcb1a2ba19ec342d7,工程版本谱系与状态说明_v4.2.md,YES,03_VALID_HISTORY/RELEASE_HISTORY/VERSION_HISTORY/4032adea29__工程版本谱系与状态说明_v4.2.md,VALID_HISTORY,RELEASE_HISTORY,VERSION_HISTORY,NO,P1,红楼梦探佚_全量文档体系_重整版_v4.2.zip::红楼梦探佚_全量文档体系_重整版_v4.2/00_从这里开始/工程版本谱系与状态说明_v4.2.md,红楼梦探佚_全量文档体系_重整版_v4.2.zip,红楼梦探佚_全量文档体系_重整版_v4.2/00_从这里开始/工程版本谱系与状态说明_v4.2.md,
75681ccaae1509b984e691b034fc7a27071ee474a31257cadc28cab0ef8198e5,当前版本_状态与下一步_v4.2.md,YES,03_VALID_HISTORY/RELEASE_HISTORY/VERSION_HISTORY/75681ccaae__当前版本_状态与下一步_v4.2.md,VALID_HISTORY,RELEASE_HISTORY,VERSION_HISTORY,NO,P1,红楼梦探佚_全量文档体系_重整版_v4.2.zip::红楼梦探佚_全量文档体系_重整版_v4.2/00_从这里开始/当前版本_状态与下一步_v4.2.md,红楼梦探佚_全量文档体系_重整版_v4.2.zip,红楼梦探佚_全量文档体系_重整版_v4.2/00_从这里开始/当前版本_状态与下一步_v4.2.md,
37fe9259ae61a079ba81e3767b7f5a1a3e84545bbb329bc96a7181fd219b6165,文档体系地图与权威链_v4.2.md,YES,03_VALID_HISTORY/REGISTRY/REFERENCE/37fe9259ae__文档体系地图与权威链_v4.2.md,VALID_HISTORY,REGISTRY,REFERENCE,REFERENCE,P1,红楼梦探佚_全量文档体系_重整版_v4.2.zip::红楼梦探佚_全量文档体系_重整版_v4.2/00_从这里开始/文档体系地图与权威链_v4.2.md,红楼梦探佚_全量文档体系_重整版_v4.2.zip,红楼梦探佚_全量文档体系_重整版_v4.2/00_从这里开始/文档体系地图与权威链_v4.2.md,
6b85071a4a2a4c1359c254090ed55d6284161ae64f0c97c8936bdf5c8c7ade40,重整完成报告_v1.0.md,YES,03_VALID_HISTORY/REGISTRY/REFERENCE/6b85071a4a__重整完成报告_v1.0.md,VALID_HISTORY,REGISTRY,REFERENCE,REFERENCE,P1,红楼梦探佚_全量文档体系_重整版_v4.2.zip::红楼梦探佚_全量文档体系_重整版_v4.2/00_从这里开始/重整完成报告_v1.0.md,红楼梦探佚_全量文档体系_重整版_v4.2.zip,红楼梦探佚_全量文档体系_重整版_v4.2/00_从这里开始/重整完成报告_v1.0.md,
07794156204376fc316d45bbaf43995d5e43b4165d9c4b7d247bbcdac6702402,R4_活动链状态_v2.0_R4_COMPLETE.md,YES,02_CURRENT_RUNTIME/GOVERNANCE/R4_活动链状态_v2.0_R4_COMPLETE.md,CURRENT_RUNTIME,GOVERNANCE,CURRENT,YES,P2,workspace:R4_活动链状态_v2.0_R4_COMPLETE.md,红楼梦探佚_稳定ACTIVE过程文档体系_v4.1.zip,红楼梦探佚_稳定ACTIVE过程文档体系_v4.1/00_CURRENT/R4_活动链状态_v2.0_R4_COMPLETE.md,
ef76fd7ff258ba6c765dbe4ba2bf9765ad6d03ffaea66d10d543e9bc7bd7729c,R4_稳定ACTIVE发布清单_v4.1.md,YES,02_CURRENT_RUNTIME/GOVERNANCE/R4_稳定ACTIVE发布清单_v4.1.md,CURRENT_RUNTIME,GOVERNANCE,CURRENT,YES,P0,workspace:R4_稳定ACTIVE发布清单_v4.1.md,红楼梦探佚_稳定ACTIVE过程文档体系_v4.1.zip,红楼梦探佚_稳定ACTIVE过程文档体系_v4.1/00_CURRENT/R4_稳定ACTIVE发布清单_v4.1.md,
6ab10932c4f8ae3580ec1f1db3034e8ba2fee58ae038db9556204ee11aeb0d44,红楼梦八十回后全幅文学补完大工程计划_v6.0_R4最终放行版.md,YES,02_CURRENT_RUNTIME/GOVERNANCE/红楼梦八十回后全幅文学补完大工程计划_v6.0_R4最终放行版.md,CURRENT_RUNTIME,GOVERNANCE,CURRENT,YES,P0,workspace:红楼梦八十回后全幅文学补完大工程计划_v6.0_R4最终放行版.md,红楼梦探佚_稳定ACTIVE过程文档体系_v4.1.zip,红楼梦探佚_稳定ACTIVE过程文档体系_v4.1/00_CURRENT/红楼梦八十回后全幅文学补完大工程计划_v6.0_R4最终放行版.md,
c903d6004de45c9c10d7e4bafa599de1a63b9ccd4ee3fae680d4be4010bbc678,00_当前操作链索引_v4.1.md,YES,02_CURRENT_RUNTIME/GOVERNANCE/00_当前操作链索引_v4.1.md,CURRENT_RUNTIME,GOVERNANCE,CURRENT,YES,P0,workspace:00_当前操作链索引_v4.1.md,红楼梦探佚_稳定ACTIVE过程文档体系_v4.1.zip,红楼梦探佚_稳定ACTIVE过程文档体系_v4.1/00_当前操作链索引_v4.1.md,
23861cce04acb8308e2d9c19a38445cddbe985b41fc8f0458d965e2379309072,81—100_二十回全幅补完卡_v2.5_稳定ACTIVE.md,YES,02_CURRENT_RUNTIME/RECONSTRUCTION/81—100_二十回全幅补完卡_v2.5_稳定ACTIVE.md,CURRENT_RUNTIME,RECONSTRUCTION,CURRENT,YES,P0,workspace:81—100_二十回全幅补完卡_v2.5_稳定ACTIVE.md,红楼梦探佚_稳定ACTIVE过程文档体系_v4.1.zip,红楼梦探佚_稳定ACTIVE过程文档体系_v4.1/01_正文与施工/81—100_二十回全幅补完卡_v2.5_稳定ACTIVE.md,
626917a3603d00697ccb86e6be8d1bb5b40911ffad700436ea836cd8e6336261,81—100_保护锁与不可破坏细节表_v2.5_稳定ACTIVE.md,YES,02_CURRENT_RUNTIME/LOCK/81—100_保护锁与不可破坏细节表_v2.5_稳定ACTIVE.md,CURRENT_RUNTIME,LOCK,CURRENT,YES,P0,workspace:81—100_保护锁与不可破坏细节表_v2.5_稳定ACTIVE.md,红楼梦探佚_稳定ACTIVE过程文档体系_v4.1.zip,红楼梦探佚_稳定ACTIVE过程文档体系_v4.1/01_正文与施工/81—100_保护锁与不可破坏细节表_v2.5_稳定ACTIVE.md,
b90e41f44edbf0f3f86bd34365d842ccb121baa6ff1d8c9d047a38d86d67a95d,81—100_正文实施事实登记表_v1.8_稳定ACTIVE.md,YES,02_CURRENT_RUNTIME/IMPLEMENTATION/81—100_正文实施事实登记表_v1.8_稳定ACTIVE.md,CURRENT_RUNTIME,IMPLEMENTATION,CURRENT,YES,P0,workspace:81—100_正文实施事实登记表_v1.8_稳定ACTIVE.md,红楼梦探佚_稳定ACTIVE过程文档体系_v4.1.zip,红楼梦探佚_稳定ACTIVE过程文档体系_v4.1/01_正文与施工/81—100_正文实施事实登记表_v1.8_稳定ACTIVE.md,
bdb3868be396dacc4986c15a1d8dd95484b7cd2518151e63dfcada896b73cb0b,R4_证据角色审计矩阵_v1.9_稳定ACTIVE.md,YES,02_CURRENT_RUNTIME/EVIDENCE/R4_证据角色审计矩阵_v1.9_稳定ACTIVE.md,CURRENT_RUNTIME,EVIDENCE,CURRENT,YES,P0,workspace:R4_证据角色审计矩阵_v1.9_稳定ACTIVE.md,红楼梦探佚_稳定ACTIVE过程文档体系_v4.1.zip,红楼梦探佚_稳定ACTIVE过程文档体系_v4.1/02_证据与边界/R4_证据角色审计矩阵_v1.9_稳定ACTIVE.md,
b1722da8a2a77a0e1ffc231bd166cd03fc8fd93c78eea28c55ab8bd0bd68f1da,R4-E_H01-H06_来源台账_v1.0.md,YES,02_CURRENT_RUNTIME/MECHANISM/R4-E_H01-H06_来源台账_v1.0.md,CURRENT_RUNTIME,MECHANISM,CURRENT,YES,P0,workspace:R4-E_H01-H06_来源台账_v1.0.md,红楼梦探佚_稳定ACTIVE过程文档体系_v4.1.zip,红楼梦探佚_稳定ACTIVE过程文档体系_v4.1/03_历史机制/R4-E_H01-H06_来源台账_v1.0.md,
052a628acaf04f825399a6d5c8b40bf120b280650aee5dc1e79574afad426e2d,R4-H_最终机械一致性检查_v1.0_PASS.json,YES,03_VALID_HISTORY/REVIEW/AUDIT/052a628aca__R4-H_最终机械一致性检查_v1.0_PASS.json,VALID_HISTORY,REVIEW,AUDIT,NO,P1,红楼梦探佚_稳定ACTIVE过程文档体系_v4.1.zip::红楼梦探佚_稳定ACTIVE过程文档体系_v4.1/99_最小审计记录/R4-H_最终机械一致性检查_v1.0_PASS.json,红楼梦探佚_稳定ACTIVE过程文档体系_v4.1.zip,红楼梦探佚_稳定ACTIVE过程文档体系_v4.1/99_最小审计记录/R4-H_最终机械一致性检查_v1.0_PASS.json,
deba27852bf635683d8a038fd1b545f4b7fdae8ca7f822169d2ae96ece2ab41e,R4-H_稳定ACTIVE_v4.1放行报告_v2.0_FINAL_PASS.md,YES,03_VALID_HISTORY/REVIEW/AUDIT/deba27852b__R4-H_稳定ACTIVE_v4.1放行报告_v2.0_FINAL_PASS.md,VALID_HISTORY,REVIEW,AUDIT,NO,P1,workspace:R4-H_稳定ACTIVE_v4.1放行报告_v2.0_FINAL_PASS.md,红楼梦探佚_稳定ACTIVE过程文档体系_v4.1.zip,红楼梦探佚_稳定ACTIVE过程文档体系_v4.1/99_最小审计记录/R4-H_稳定ACTIVE_v4.1放行报告_v2.0_FINAL_PASS.md,
b0ae64b40715750cb469d555f65c4b74306a9d0e61f10283de11391eef6abe09,R4_最终审计摘要_v1.0.md,YES,03_VALID_HISTORY/REVIEW/AUDIT/b0ae64b407__R4_最终审计摘要_v1.0.md,VALID_HISTORY,REVIEW,AUDIT,NO,P1,workspace:R4_最终审计摘要_v1.0.md,红楼梦探佚_稳定ACTIVE过程文档体系_v4.1.zip,红楼梦探佚_稳定ACTIVE过程文档体系_v4.1/99_最小审计记录/R4_最终审计摘要_v1.0.md,
60bbcaefecfc751bc8eb32d7fa3f7c6d8a48b1e5de8f14d431ec81bedfc780b6,R4_遗留问题总台账_v1.8_R4_COMPLETE.csv,YES,03_VALID_HISTORY/REVIEW/AUDIT/60bbcaefec__R4_遗留问题总台账_v1.8_R4_COMPLETE.csv,VALID_HISTORY,REVIEW,AUDIT,NO,P1,workspace:R4_遗留问题总台账_v1.8_R4_COMPLETE.csv,红楼梦探佚_稳定ACTIVE过程文档体系_v4.1.zip,红楼梦探佚_稳定ACTIVE过程文档体系_v4.1/99_最小审计记录/R4_遗留问题总台账_v1.8_R4_COMPLETE.csv,
db483cf951e81ae78b994938414a452cc61b724c3cb74a15897d589c3e198850,R4_遗留问题总台账_v1.8_R4_COMPLETE.md,YES,03_VALID_HISTORY/REVIEW/AUDIT/db483cf951__R4_遗留问题总台账_v1.8_R4_COMPLETE.md,VALID_HISTORY,REVIEW,AUDIT,NO,P1,workspace:R4_遗留问题总台账_v1.8_R4_COMPLETE.md,红楼梦探佚_稳定ACTIVE过程文档体系_v4.1.zip,红楼梦探佚_稳定ACTIVE过程文档体系_v4.1/99_最小审计记录/R4_遗留问题总台账_v1.8_R4_COMPLETE.md,
59d49367fad8bd14e682c4d5e22dcdf3a7d7a67555c7efec412f9f3caa1f1912,README.md,YES,03_VALID_HISTORY/REGISTRY/REFERENCE/59d49367fa__README.md,VALID_HISTORY,REGISTRY,REFERENCE,REFERENCE,P1,红楼梦探佚_稳定ACTIVE过程文档体系_v4.1.zip::红楼梦探佚_稳定ACTIVE过程文档体系_v4.1/README.md,红楼梦探佚_稳定ACTIVE过程文档体系_v4.1.zip,红楼梦探佚_稳定ACTIVE过程文档体系_v4.1/README.md,
48dedfd6b3e8d724cb1c839d6f621bb3812cb7220977b55278731962afa3ed84,SHA256_稳定ACTIVE_v4.1.md,YES,03_VALID_HISTORY/ARCHIVE/HISTORICAL/48dedfd6b3__SHA256_稳定ACTIVE_v4.1.md,VALID_HISTORY,ARCHIVE,HISTORICAL,NO,P2,红楼梦探佚_稳定ACTIVE过程文档体系_v4.1.zip::红楼梦探佚_稳定ACTIVE过程文档体系_v4.1/SHA256_稳定ACTIVE_v4.1.md,红楼梦探佚_稳定ACTIVE过程文档体系_v4.1.zip,红楼梦探佚_稳定ACTIVE过程文档体系_v4.1/SHA256_稳定ACTIVE_v4.1.md,
37441da3cb438d1b3eab2b511aa6f1695f309192fa63bea842413ff91655c1d7,红楼梦脂评汇校本 v3.1416_20251012_可复制.pdf,YES,01_PRIMARY_SOURCES/红楼梦脂评汇校本 v3.1416_20251012_可复制.pdf,PRIMARY_SOURCE,SOURCE,SOURCE_AUTHORITY,YES,P0,workspace:红楼梦脂评汇校本 v3.1416_20251012_可复制.pdf,红楼梦探佚_全量文档体系_重整版_v4.2.zip,红楼梦探佚_全量文档体系_重整版_v4.2/02_原始材料_只读/红楼梦脂评汇校本 v3.1416_20251012_可复制.pdf,
ef840e3ff96b056594a1388d7accfe7065ad2a940568222e4075ecb7bc0ea755,（清）曹雪芹-红楼梦脂评汇校本.epub,YES,01_PRIMARY_SOURCES/（清）曹雪芹-红楼梦脂评汇校本.epub,PRIMARY_SOURCE,SOURCE,SOURCE_AUTHORITY,YES,P0,workspace:（清）曹雪芹-红楼梦脂评汇校本.epub,红楼梦探佚_全量文档体系_重整版_v4.2.zip,红楼梦探佚_全量文档体系_重整版_v4.2/02_原始材料_只读/（清）曹雪芹-红楼梦脂评汇校本.epub,
4eed139b84d8506466df695d4ec9d2b1e479c2b5df856da8cf08d4d15f3091bd,81—100回相对时间轴_v1.0.md,YES,03_VALID_HISTORY/WORLD/REFERENCE/4eed139b84__81—100回相对时间轴_v1.0.md,VALID_HISTORY,WORLD,REFERENCE,REFERENCE,P0,红楼梦探佚_全量文档体系_重整版_v4.2.zip::红楼梦探佚_全量文档体系_重整版_v4.2/03_证据治理与结构底板/01_母本_RPO_时间轴与接口/81—100回相对时间轴_v1.0.md,红楼梦探佚_全量文档体系_重整版_v4.2.zip,红楼梦探佚_全量文档体系_重整版_v4.2/03_证据治理与结构底板/01_母本_RPO_时间轴与接口/81—100回相对时间轴_v1.0.md,
b32e45cbc0745d671b2eff2f8945316cf531fd3cd4f1af89a9ed6aaca8d06108,84—96回中枢状态链_v1.1.md,YES,03_VALID_HISTORY/WORLD/REFERENCE/b32e45cbc0__84—96回中枢状态链_v1.1.md,VALID_HISTORY,WORLD,REFERENCE,REFERENCE,P0,红楼梦探佚_全量文档体系_重整版_v4.2.zip::红楼梦探佚_全量文档体系_重整版_v4.2/03_证据治理与结构底板/01_母本_RPO_时间轴与接口/84—96回中枢状态链_v1.1.md,红楼梦探佚_全量文档体系_重整版_v4.2.zip,红楼梦探佚_全量文档体系_重整版_v4.2/03_证据治理与结构底板/01_母本_RPO_时间轴与接口/84—96回中枢状态链_v1.1.md,
0b2988010b917fab7a6b82c2da031c9c554b251bd35dacd5d2d4687e774a606d,87—96回生活状态转换总表_v0.1.md,YES,03_VALID_HISTORY/WORLD/REFERENCE/0b2988010b__87—96回生活状态转换总表_v0.1.md,VALID_HISTORY,WORLD,REFERENCE,REFERENCE,P0,红楼梦探佚_全量文档体系_重整版_v4.2.zip::红楼梦探佚_全量文档体系_重整版_v4.2/03_证据治理与结构底板/01_母本_RPO_时间轴与接口/87—96回生活状态转换总表_v0.1.md,红楼梦探佚_全量文档体系_重整版_v4.2.zip,红楼梦探佚_全量文档体系_重整版_v4.2/03_证据治理与结构底板/01_母本_RPO_时间轴与接口/87—96回生活状态转换总表_v0.1.md,
c828ab4cf3e46d87dc803218b4b1faf884fcdaa3d2338689ea569a83b84a1dac,O01_O09_金玉婚姻相位与贾母主婚权联动比较表_v0.2.md,YES,03_VALID_HISTORY/RECONSTRUCTION/HISTORICAL_REFERENCE/c828ab4cf3__O01_O09_金玉婚姻相位与贾母主婚权联动比较表_v0.2.md,VALID_HISTORY,RECONSTRUCTION,HISTORICAL_REFERENCE,REFERENCE,P1,红楼梦探佚_全量文档体系_重整版_v4.2.zip::红楼梦探佚_全量文档体系_重整版_v4.2/03_证据治理与结构底板/01_母本_RPO_时间轴与接口/O01_O09_金玉婚姻相位与贾母主婚权联动比较表_v0.2.md,红楼梦探佚_全量文档体系_重整版_v4.2.zip,红楼梦探佚_全量文档体系_重整版_v4.2/03_证据治理与结构底板/01_母本_RPO_时间轴与接口/O01_O09_金玉婚姻相位与贾母主婚权联动比较表_v0.2.md,
708ed25a706620570bee49455f603feaa962d9609144b0d3e5ee469c8d0cb5c8,O01—O10接口冻结表_v1.0.md,YES,03_VALID_HISTORY/RECONSTRUCTION/HISTORICAL_REFERENCE/708ed25a70__O01—O10接口冻结表_v1.0.md,VALID_HISTORY,RECONSTRUCTION,HISTORICAL_REFERENCE,REFERENCE,P1,红楼梦探佚_全量文档体系_重整版_v4.2.zip::红楼梦探佚_全量文档体系_重整版_v4.2/03_证据治理与结构底板/01_母本_RPO_时间轴与接口/O01—O10接口冻结表_v1.0.md,红楼梦探佚_全量文档体系_重整版_v4.2.zip,红楼梦探佚_全量文档体系_重整版_v4.2/03_证据治理与结构底板/01_母本_RPO_时间轴与接口/O01—O10接口冻结表_v1.0.md,
95f81452ec6655ea1d14502694a9b38f7ca6e0f0cfaec216abf56beb0be561d7,O05_凤姐终局与巧姐脱险比较表_v0.1.md,YES,03_VALID_HISTORY/RECONSTRUCTION/HISTORICAL_REFERENCE/95f81452ec__O05_凤姐终局与巧姐脱险比较表_v0.1.md,VALID_HISTORY,RECONSTRUCTION,HISTORICAL_REFERENCE,REFERENCE,P1,红楼梦探佚_全量文档体系_重整版_v4.2.zip::红楼梦探佚_全量文档体系_重整版_v4.2/03_证据治理与结构底板/01_母本_RPO_时间轴与接口/O05_凤姐终局与巧姐脱险比较表_v0.1.md,红楼梦探佚_全量文档体系_重整版_v4.2.zip,红楼梦探佚_全量文档体系_重整版_v4.2/03_证据治理与结构底板/01_母本_RPO_时间轴与接口/O05_凤姐终局与巧姐脱险比较表_v0.1.md,
133f591fd30ff40615ea6c2c667682f20dcc60f955f3314045efc6e65cf76fe6,O06_卫湘终局正文前预关闭结论_v1.0.md,YES,03_VALID_HISTORY/RECONSTRUCTION/HISTORICAL_REFERENCE/133f591fd3__O06_卫湘终局正文前预关闭结论_v1.0.md,VALID_HISTORY,RECONSTRUCTION,HISTORICAL_REFERENCE,REFERENCE,P1,红楼梦探佚_全量文档体系_重整版_v4.2.zip::红楼梦探佚_全量文档体系_重整版_v4.2/03_证据治理与结构底板/01_母本_RPO_时间轴与接口/O06_卫湘终局正文前预关闭结论_v1.0.md,红楼梦探佚_全量文档体系_重整版_v4.2.zip,红楼梦探佚_全量文档体系_重整版_v4.2/03_证据治理与结构底板/01_母本_RPO_时间轴与接口/O06_卫湘终局正文前预关闭结论_v1.0.md,
34b7538fc1d62174001601b700e2a3c5c18ea3f9c5bbe12dca12670be189813f,O06_卫湘终局比较表_v1.0_正文前预关闭.md,YES,03_VALID_HISTORY/RECONSTRUCTION/HISTORICAL_REFERENCE/34b7538fc1__O06_卫湘终局比较表_v1.0_正文前预关闭.md,VALID_HISTORY,RECONSTRUCTION,HISTORICAL_REFERENCE,REFERENCE,P1,红楼梦探佚_全量文档体系_重整版_v4.2.zip::红楼梦探佚_全量文档体系_重整版_v4.2/03_证据治理与结构底板/01_母本_RPO_时间轴与接口/O06_卫湘终局比较表_v1.0_正文前预关闭.md,红楼梦探佚_全量文档体系_重整版_v4.2.zip,红楼梦探佚_全量文档体系_重整版_v4.2/03_证据治理与结构底板/01_母本_RPO_时间轴与接口/O06_卫湘终局比较表_v1.0_正文前预关闭.md,
99b30d7bde38989f7b7485318d786beb904dc54a602728d6933930e09674aaa4,O07_甄贾二宝照面方案表_v0.1.md,YES,03_VALID_HISTORY/RECONSTRUCTION/HISTORICAL_REFERENCE/99b30d7bde__O07_甄贾二宝照面方案表_v0.1.md,VALID_HISTORY,RECONSTRUCTION,HISTORICAL_REFERENCE,REFERENCE,P1,红楼梦探佚_全量文档体系_重整版_v4.2.zip::红楼梦探佚_全量文档体系_重整版_v4.2/03_证据治理与结构底板/01_母本_RPO_时间轴与接口/O07_甄贾二宝照面方案表_v0.1.md,红楼梦探佚_全量文档体系_重整版_v4.2.zip,红楼梦探佚_全量文档体系_重整版_v4.2/03_证据治理与结构底板/01_母本_RPO_时间轴与接口/O07_甄贾二宝照面方案表_v0.1.md,
cc383633d9aeb50a67e164014564ac2e0a9cedda1d0966cdeb839ed78dde4974,O08_妙玉终局与瓜州判定表_v0.1.md,YES,03_VALID_HISTORY/RECONSTRUCTION/HISTORICAL_REFERENCE/cc383633d9__O08_妙玉终局与瓜州判定表_v0.1.md,VALID_HISTORY,RECONSTRUCTION,HISTORICAL_REFERENCE,REFERENCE,P1,红楼梦探佚_全量文档体系_重整版_v4.2.zip::红楼梦探佚_全量文档体系_重整版_v4.2/03_证据治理与结构底板/01_母本_RPO_时间轴与接口/O08_妙玉终局与瓜州判定表_v0.1.md,红楼梦探佚_全量文档体系_重整版_v4.2.zip,红楼梦探佚_全量文档体系_重整版_v4.2/03_证据治理与结构底板/01_母本_RPO_时间轴与接口/O08_妙玉终局与瓜州判定表_v0.1.md,
22663c798bd4d39d6d133dcc2f1bd48b7c1ce8d59def37d6b33faceb52f24448,宝玉狱案机制表_v0.1.md,YES,03_VALID_HISTORY/WORLD/REFERENCE/22663c798b__宝玉狱案机制表_v0.1.md,VALID_HISTORY,WORLD,REFERENCE,REFERENCE,P0,红楼梦探佚_全量文档体系_重整版_v4.2.zip::红楼梦探佚_全量文档体系_重整版_v4.2/03_证据治理与结构底板/01_母本_RPO_时间轴与接口/宝玉狱案机制表_v0.1.md,红楼梦探佚_全量文档体系_重整版_v4.2.zip,红楼梦探佚_全量文档体系_重整版_v4.2/03_证据治理与结构底板/01_母本_RPO_时间轴与接口/宝玉狱案机制表_v0.1.md,
2b5f2bcae5ce0269b0f33f4d89cad32c03d5ad77b388232da28e6fa446f5ed9d,玉线物流表_v0.2.md,YES,03_VALID_HISTORY/WORLD/REFERENCE/2b5f2bcae5__玉线物流表_v0.2.md,VALID_HISTORY,WORLD,REFERENCE,REFERENCE,P0,红楼梦探佚_全量文档体系_重整版_v4.2.zip::红楼梦探佚_全量文档体系_重整版_v4.2/03_证据治理与结构底板/01_母本_RPO_时间轴与接口/玉线物流表_v0.2.md,红楼梦探佚_全量文档体系_重整版_v4.2.zip,红楼梦探佚_全量文档体系_重整版_v4.2/03_证据治理与结构底板/01_母本_RPO_时间轴与接口/玉线物流表_v0.2.md,
2aa4d30b88ea4ba346c5230646b8b5234a5fd0e8a0c78db2fa42a1f11aa28a17,红楼梦八十回后佚稿复原_RP回次证据索引_v1.0.md,YES,03_VALID_HISTORY/RECONSTRUCTION/REFERENCE/2aa4d30b88__红楼梦八十回后佚稿复原_RP回次证据索引_v1.0.md,VALID_HISTORY,RECONSTRUCTION,REFERENCE,REFERENCE,P0,红楼梦探佚_全量文档体系_重整版_v4.2.zip::红楼梦探佚_全量文档体系_重整版_v4.2/03_证据治理与结构底板/01_母本_RPO_时间轴与接口/红楼梦八十回后佚稿复原_RP回次证据索引_v1.0.md,红楼梦探佚_全量文档体系_重整版_v4.2.zip,红楼梦探佚_全量文档体系_重整版_v4.2/03_证据治理与结构底板/01_母本_RPO_时间轴与接口/红楼梦八十回后佚稿复原_RP回次证据索引_v1.0.md,
95dffc7aa6792b140e9847b3effe599ea22105b07ba70fd57e0c012ef4205b61,红楼梦八十回后佚稿复原_决策台账_v2.5.md,YES,03_VALID_HISTORY/RECONSTRUCTION/REFERENCE/95dffc7aa6__红楼梦八十回后佚稿复原_决策台账_v2.5.md,VALID_HISTORY,RECONSTRUCTION,REFERENCE,REFERENCE,P0,红楼梦探佚_全量文档体系_重整版_v4.2.zip::红楼梦探佚_全量文档体系_重整版_v4.2/03_证据治理与结构底板/01_母本_RPO_时间轴与接口/红楼梦八十回后佚稿复原_决策台账_v2.5.md,红楼梦探佚_全量文档体系_重整版_v4.2.zip,红楼梦探佚_全量文档体系_重整版_v4.2/03_证据治理与结构底板/01_母本_RPO_时间轴与接口/红楼梦八十回后佚稿复原_决策台账_v2.5.md,
c1946d9ff097372aa0583eec627a5f37ec77ec3b076fa2229c23f7f441bb7eb0,红楼梦八十回后佚稿复原_工作底稿_v2.1_最终母本.md,YES,03_VALID_HISTORY/RECONSTRUCTION/REFERENCE/c1946d9ff0__红楼梦八十回后佚稿复原_工作底稿_v2.1_最终母本.md,VALID_HISTORY,RECONSTRUCTION,REFERENCE,REFERENCE,P0,workspace:红楼梦八十回后佚稿复原_工作底稿_v2.1_最终母本.md,红楼梦探佚_全量文档体系_重整版_v4.2.zip,红楼梦探佚_全量文档体系_重整版_v4.2/03_证据治理与结构底板/01_母本_RPO_时间轴与接口/红楼梦八十回后佚稿复原_工作底稿_v2.1_最终母本.md,
1afd076b4e875e590b61dc899da39794742c861f5845d52990037f7a1423d501,80回后佚失诗词文赋总表_v1.3_R3同步版.md,YES,03_VALID_HISTORY/EVIDENCE_LITERARY/REFERENCE/1afd076b4e__80回后佚失诗词文赋总表_v1.3_R3同步版.md,VALID_HISTORY,EVIDENCE_LITERARY,REFERENCE,REFERENCE,P0,红楼梦探佚_全量文档体系_重整版_v4.2.zip::红楼梦探佚_全量文档体系_重整版_v4.2/03_证据治理与结构底板/02_R3证据角色_T轴_诗文证据/80回后佚失诗词文赋总表_v1.3_R3同步版.md,红楼梦探佚_全量文档体系_重整版_v4.2.zip,红楼梦探佚_全量文档体系_重整版_v4.2/03_证据治理与结构底板/02_R3证据角色_T轴_诗文证据/80回后佚失诗词文赋总表_v1.3_R3同步版.md,
ca88df6e6ecbf9ad4399531bc9a776a7f20b0b169511fb715de7e58165debf99,81—100_回目T轴全量审计与实施状态表_v1.1.md,YES,03_VALID_HISTORY/EVIDENCE/REFERENCE/ca88df6e6e__81—100_回目T轴全量审计与实施状态表_v1.1.md,VALID_HISTORY,EVIDENCE,REFERENCE,REFERENCE,P0,红楼梦探佚_全量文档体系_重整版_v4.2.zip::红楼梦探佚_全量文档体系_重整版_v4.2/03_证据治理与结构底板/02_R3证据角色_T轴_诗文证据/81—100_回目T轴全量审计与实施状态表_v1.1.md,红楼梦探佚_全量文档体系_重整版_v4.2.zip,红楼梦探佚_全量文档体系_重整版_v4.2/03_证据治理与结构底板/02_R3证据角色_T轴_诗文证据/81—100_回目T轴全量审计与实施状态表_v1.1.md,
2508134d59ae414a9807e02e7b9ca32ee26f2652ef758d25cbfc58d2f0022cf5,后80直引证据角色总台账_v1.2_R3同步版.md,YES,03_VALID_HISTORY/EVIDENCE/REFERENCE/2508134d59__后80直引证据角色总台账_v1.2_R3同步版.md,VALID_HISTORY,EVIDENCE,REFERENCE,REFERENCE,P0,红楼梦探佚_全量文档体系_重整版_v4.2.zip::红楼梦探佚_全量文档体系_重整版_v4.2/03_证据治理与结构底板/02_R3证据角色_T轴_诗文证据/后80直引证据角色总台账_v1.2_R3同步版.md,红楼梦探佚_全量文档体系_重整版_v4.2.zip,红楼梦探佚_全量文档体系_重整版_v4.2/03_证据治理与结构底板/02_R3证据角色_T轴_诗文证据/后80直引证据角色总台账_v1.2_R3同步版.md,
c4c3ccec56f6b7aeb33a53945defc28f097311065117aded2cefb0266c065447,末回情榜系统_五层芳讳候选证据矩阵_v1.3_R3同步版.md,YES,03_VALID_HISTORY/LITERARY_EVIDENCE/REFERENCE/c4c3ccec56__末回情榜系统_五层芳讳候选证据矩阵_v1.3_R3同步版.md,VALID_HISTORY,LITERARY_EVIDENCE,REFERENCE,REFERENCE,P0,红楼梦探佚_全量文档体系_重整版_v4.2.zip::红楼梦探佚_全量文档体系_重整版_v4.2/03_证据治理与结构底板/02_R3证据角色_T轴_诗文证据/末回情榜系统_五层芳讳候选证据矩阵_v1.3_R3同步版.md,红楼梦探佚_全量文档体系_重整版_v4.2.zip,红楼梦探佚_全量文档体系_重整版_v4.2/03_证据治理与结构底板/02_R3证据角色_T轴_诗文证据/末回情榜系统_五层芳讳候选证据矩阵_v1.3_R3同步版.md,
2a6f3e27d071f2abf3112868a9c5d1e0a8b75d92404ec8c525798631ff97b45f,第32.5-A2_全脂批V轴穷尽审计报告_v1.0.md,YES,03_VALID_HISTORY/EVIDENCE/REFERENCE/2a6f3e27d0__第32.5-A2_全脂批V轴穷尽审计报告_v1.0.md,VALID_HISTORY,EVIDENCE,REFERENCE,REFERENCE,P0,红楼梦探佚_全量文档体系_重整版_v4.2.zip::红楼梦探佚_全量文档体系_重整版_v4.2/03_证据治理与结构底板/02_R3证据角色_T轴_诗文证据/第32.5-A2_全脂批V轴穷尽审计报告_v1.0.md,红楼梦探佚_全量文档体系_重整版_v4.2.zip,红楼梦探佚_全量文档体系_重整版_v4.2/03_证据治理与结构底板/02_R3证据角色_T轴_诗文证据/第32.5-A2_全脂批V轴穷尽审计报告_v1.0.md,
a071902d2cba7eaaeee821f91113e568f431ac88c70078c3a4e0489991b4a002,证据角色六字段治理规范_v1.0.md,YES,03_VALID_HISTORY/GOVERNANCE/REFERENCE/a071902d2c__证据角色六字段治理规范_v1.0.md,VALID_HISTORY,GOVERNANCE,REFERENCE,REFERENCE,P0,红楼梦探佚_全量文档体系_重整版_v4.2.zip::红楼梦探佚_全量文档体系_重整版_v4.2/03_证据治理与结构底板/02_R3证据角色_T轴_诗文证据/证据角色六字段治理规范_v1.0.md,红楼梦探佚_全量文档体系_重整版_v4.2.zip,红楼梦探佚_全量文档体系_重整版_v4.2/03_证据治理与结构底板/02_R3证据角色_T轴_诗文证据/证据角色六字段治理规范_v1.0.md,
5d51a872fd0a26afcf3aa671d463cf52d9244788aca10019fbed0a77333510c2,诗文B类非作品约束收口表_v1.2_R3同步版.md,YES,03_VALID_HISTORY/EVIDENCE_LITERARY/REFERENCE/5d51a872fd__诗文B类非作品约束收口表_v1.2_R3同步版.md,VALID_HISTORY,EVIDENCE_LITERARY,REFERENCE,REFERENCE,P0,红楼梦探佚_全量文档体系_重整版_v4.2.zip::红楼梦探佚_全量文档体系_重整版_v4.2/03_证据治理与结构底板/02_R3证据角色_T轴_诗文证据/诗文B类非作品约束收口表_v1.2_R3同步版.md,红楼梦探佚_全量文档体系_重整版_v4.2.zip,红楼梦探佚_全量文档体系_重整版_v4.2/03_证据治理与结构底板/02_R3证据角色_T轴_诗文证据/诗文B类非作品约束收口表_v1.2_R3同步版.md,
5fc392e2be2002cca5d51c70465325e29fbd9e51158fe0bbe3634451e7826a63,前80_80回章回外框与回前回末韵文总表_v1.0.md,YES,03_VALID_HISTORY/LITERARY_ECOLOGY/REFERENCE/5fc392e2be__前80_80回章回外框与回前回末韵文总表_v1.0.md,VALID_HISTORY,LITERARY_ECOLOGY,REFERENCE,REFERENCE,P0,红楼梦探佚_全量文档体系_重整版_v4.2.zip::红楼梦探佚_全量文档体系_重整版_v4.2/04_前80文学生态与语料/02_R3生态总谱/前80_80回章回外框与回前回末韵文总表_v1.0.md,红楼梦探佚_全量文档体系_重整版_v4.2.zip,红楼梦探佚_全量文档体系_重整版_v4.2/04_前80文学生态与语料/02_R3生态总谱/前80_80回章回外框与回前回末韵文总表_v1.0.md,
aba6f98d2cff1b0deb61037af4a20398c344c63b9ee694a564cef5fe00db65b0,前80_世情百业礼俗经济总谱_v1.0.md,YES,03_VALID_HISTORY/LITERARY_ECOLOGY/REFERENCE/aba6f98d2c__前80_世情百业礼俗经济总谱_v1.0.md,VALID_HISTORY,LITERARY_ECOLOGY,REFERENCE,REFERENCE,P0,红楼梦探佚_全量文档体系_重整版_v4.2.zip::红楼梦探佚_全量文档体系_重整版_v4.2/04_前80文学生态与语料/02_R3生态总谱/前80_世情百业礼俗经济总谱_v1.0.md,红楼梦探佚_全量文档体系_重整版_v4.2.zip,红楼梦探佚_全量文档体系_重整版_v4.2/04_前80文学生态与语料/02_R3生态总谱/前80_世情百业礼俗经济总谱_v1.0.md,
30a6ecd37a4f3e846a72ef3cd445ba78db902fa788d45ee7cd3d73d86eb4df32,81—100人物在场矩阵_v1.0.md,YES,03_VALID_HISTORY/WORLD/REFERENCE/30a6ecd37a__81—100人物在场矩阵_v1.0.md,VALID_HISTORY,WORLD,REFERENCE,REFERENCE,P0,红楼梦探佚_全量文档体系_重整版_v4.2.zip::红楼梦探佚_全量文档体系_重整版_v4.2/05_81—100结构生活世界与专项施工/01_生活世界_剧情卡_第21步/81—100人物在场矩阵_v1.0.md,红楼梦探佚_全量文档体系_重整版_v4.2.zip,红楼梦探佚_全量文档体系_重整版_v4.2/05_81—100结构生活世界与专项施工/01_生活世界_剧情卡_第21步/81—100人物在场矩阵_v1.0.md,
20323c5ef01f906317c6dcb1060d03bb182ae6b252be1dc5ced5fd74888bb62e,81—100剧情增厚总表_v1.0.md,YES,03_VALID_HISTORY/RECONSTRUCTION/REFERENCE/20323c5ef0__81—100剧情增厚总表_v1.0.md,VALID_HISTORY,RECONSTRUCTION,REFERENCE,REFERENCE,P0,红楼梦探佚_全量文档体系_重整版_v4.2.zip::红楼梦探佚_全量文档体系_重整版_v4.2/05_81—100结构生活世界与专项施工/01_生活世界_剧情卡_第21步/81—100剧情增厚总表_v1.0.md,红楼梦探佚_全量文档体系_重整版_v4.2.zip,红楼梦探佚_全量文档体系_重整版_v4.2/05_81—100结构生活世界与专项施工/01_生活世界_剧情卡_第21步/81—100剧情增厚总表_v1.0.md,
92749de3e62e80c89611bf1b19081bbb56e4d025df981092451682333dd2b6bb,81—100空间网络表_v1.0.md,YES,03_VALID_HISTORY/WORLD/REFERENCE/92749de3e6__81—100空间网络表_v1.0.md,VALID_HISTORY,WORLD,REFERENCE,REFERENCE,P0,红楼梦探佚_全量文档体系_重整版_v4.2.zip::红楼梦探佚_全量文档体系_重整版_v4.2/05_81—100结构生活世界与专项施工/01_生活世界_剧情卡_第21步/81—100空间网络表_v1.0.md,红楼梦探佚_全量文档体系_重整版_v4.2.zip,红楼梦探佚_全量文档体系_重整版_v4.2/05_81—100结构生活世界与专项施工/01_生活世界_剧情卡_第21步/81—100空间网络表_v1.0.md,
ffed02aee8809a8937651529048e2cc10256a0ae2e2706251c9b806a6ea6ef50,81—100钱物与劳务流_v1.0.md,YES,03_VALID_HISTORY/WORLD/REFERENCE/ffed02aee8__81—100钱物与劳务流_v1.0.md,VALID_HISTORY,WORLD,REFERENCE,REFERENCE,P0,红楼梦探佚_全量文档体系_重整版_v4.2.zip::红楼梦探佚_全量文档体系_重整版_v4.2/05_81—100结构生活世界与专项施工/01_生活世界_剧情卡_第21步/81—100钱物与劳务流_v1.0.md,红楼梦探佚_全量文档体系_重整版_v4.2.zip,红楼梦探佚_全量文档体系_重整版_v4.2/05_81—100结构生活世界与专项施工/01_生活世界_剧情卡_第21步/81—100钱物与劳务流_v1.0.md,
56727d17b5588cdecac3d0cf66b0030a6673ace47d532937d7988141e9cc41cd,81—100长线织网图_v1.0.md,YES,03_VALID_HISTORY/WORLD/REFERENCE/56727d17b5__81—100长线织网图_v1.0.md,VALID_HISTORY,WORLD,REFERENCE,REFERENCE,P0,红楼梦探佚_全量文档体系_重整版_v4.2.zip::红楼梦探佚_全量文档体系_重整版_v4.2/05_81—100结构生活世界与专项施工/01_生活世界_剧情卡_第21步/81—100长线织网图_v1.0.md,红楼梦探佚_全量文档体系_重整版_v4.2.zip,红楼梦探佚_全量文档体系_重整版_v4.2/05_81—100结构生活世界与专项施工/01_生活世界_剧情卡_第21步/81—100长线织网图_v1.0.md,
576ea1a9a0975e803d328f77b255dfe85b94b168b335b878d4a71eb8fb2ef7b7,第081回_文学复原剧情增厚卡_v1.0.md,YES,03_VALID_HISTORY/RECONSTRUCTION/REFERENCE/576ea1a9a0__第081回_文学复原剧情增厚卡_v1.0.md,VALID_HISTORY,RECONSTRUCTION,REFERENCE,REFERENCE,P0,红楼梦探佚_全量文档体系_重整版_v4.2.zip::红楼梦探佚_全量文档体系_重整版_v4.2/05_81—100结构生活世界与专项施工/01_生活世界_剧情卡_第21步/第081回_文学复原剧情增厚卡_v1.0.md,红楼梦探佚_全量文档体系_重整版_v4.2.zip,红楼梦探佚_全量文档体系_重整版_v4.2/05_81—100结构生活世界与专项施工/01_生活世界_剧情卡_第21步/第081回_文学复原剧情增厚卡_v1.0.md,
ea25d164b0c308ce79fbade08df05383f65beb4aa68ab3cd8355f5968b4d0b0d,第082回_文学复原剧情增厚卡_v1.0.md,YES,03_VALID_HISTORY/RECONSTRUCTION/REFERENCE/ea25d164b0__第082回_文学复原剧情增厚卡_v1.0.md,VALID_HISTORY,RECONSTRUCTION,REFERENCE,REFERENCE,P0,红楼梦探佚_全量文档体系_重整版_v4.2.zip::红楼梦探佚_全量文档体系_重整版_v4.2/05_81—100结构生活世界与专项施工/01_生活世界_剧情卡_第21步/第082回_文学复原剧情增厚卡_v1.0.md,红楼梦探佚_全量文档体系_重整版_v4.2.zip,红楼梦探佚_全量文档体系_重整版_v4.2/05_81—100结构生活世界与专项施工/01_生活世界_剧情卡_第21步/第082回_文学复原剧情增厚卡_v1.0.md,
b2a5d1282d2da1adc47743abb476826ac2850636fe05bf20e4fe45d2dbba774d,第083回_文学复原剧情增厚卡_v1.0.md,YES,03_VALID_HISTORY/RECONSTRUCTION/REFERENCE/b2a5d1282d__第083回_文学复原剧情增厚卡_v1.0.md,VALID_HISTORY,RECONSTRUCTION,REFERENCE,REFERENCE,P0,红楼梦探佚_全量文档体系_重整版_v4.2.zip::红楼梦探佚_全量文档体系_重整版_v4.2/05_81—100结构生活世界与专项施工/01_生活世界_剧情卡_第21步/第083回_文学复原剧情增厚卡_v1.0.md,红楼梦探佚_全量文档体系_重整版_v4.2.zip,红楼梦探佚_全量文档体系_重整版_v4.2/05_81—100结构生活世界与专项施工/01_生活世界_剧情卡_第21步/第083回_文学复原剧情增厚卡_v1.0.md,
34cdf5961deb09bf588106a1c34433c120526b5d673a4c2d4120853f8dd56a1d,第084回_文学复原剧情增厚卡_v1.0.md,YES,03_VALID_HISTORY/RECONSTRUCTION/REFERENCE/34cdf5961d__第084回_文学复原剧情增厚卡_v1.0.md,VALID_HISTORY,RECONSTRUCTION,REFERENCE,REFERENCE,P0,红楼梦探佚_全量文档体系_重整版_v4.2.zip::红楼梦探佚_全量文档体系_重整版_v4.2/05_81—100结构生活世界与专项施工/01_生活世界_剧情卡_第21步/第084回_文学复原剧情增厚卡_v1.0.md,红楼梦探佚_全量文档体系_重整版_v4.2.zip,红楼梦探佚_全量文档体系_重整版_v4.2/05_81—100结构生活世界与专项施工/01_生活世界_剧情卡_第21步/第084回_文学复原剧情增厚卡_v1.0.md,
b9d058b873754bad8f2a25257d98646a79d972e542d2db4fe828ffc3a4ed899b,第085回_文学复原剧情增厚卡_v1.0.md,YES,03_VALID_HISTORY/RECONSTRUCTION/REFERENCE/b9d058b873__第085回_文学复原剧情增厚卡_v1.0.md,VALID_HISTORY,RECONSTRUCTION,REFERENCE,REFERENCE,P0,红楼梦探佚_全量文档体系_重整版_v4.2.zip::红楼梦探佚_全量文档体系_重整版_v4.2/05_81—100结构生活世界与专项施工/01_生活世界_剧情卡_第21步/第085回_文学复原剧情增厚卡_v1.0.md,红楼梦探佚_全量文档体系_重整版_v4.2.zip,红楼梦探佚_全量文档体系_重整版_v4.2/05_81—100结构生活世界与专项施工/01_生活世界_剧情卡_第21步/第085回_文学复原剧情增厚卡_v1.0.md,
daa2499f7b05b4404acbc185baa238e531d192519ab8f2b753f340fb4d5ceac0,第086回_文学复原剧情增厚卡_v1.0.md,YES,03_VALID_HISTORY/RECONSTRUCTION/REFERENCE/daa2499f7b__第086回_文学复原剧情增厚卡_v1.0.md,VALID_HISTORY,RECONSTRUCTION,REFERENCE,REFERENCE,P0,红楼梦探佚_全量文档体系_重整版_v4.2.zip::红楼梦探佚_全量文档体系_重整版_v4.2/05_81—100结构生活世界与专项施工/01_生活世界_剧情卡_第21步/第086回_文学复原剧情增厚卡_v1.0.md,红楼梦探佚_全量文档体系_重整版_v4.2.zip,红楼梦探佚_全量文档体系_重整版_v4.2/05_81—100结构生活世界与专项施工/01_生活世界_剧情卡_第21步/第086回_文学复原剧情增厚卡_v1.0.md,
4f8b794f4a20bd8de5c1ccadcc2530ed812ded75930e9b181ce91fadba2aeeeb,第087回_文学复原剧情增厚卡_v1.0.md,YES,03_VALID_HISTORY/RECONSTRUCTION/REFERENCE/4f8b794f4a__第087回_文学复原剧情增厚卡_v1.0.md,VALID_HISTORY,RECONSTRUCTION,REFERENCE,REFERENCE,P0,红楼梦探佚_全量文档体系_重整版_v4.2.zip::红楼梦探佚_全量文档体系_重整版_v4.2/05_81—100结构生活世界与专项施工/01_生活世界_剧情卡_第21步/第087回_文学复原剧情增厚卡_v1.0.md,红楼梦探佚_全量文档体系_重整版_v4.2.zip,红楼梦探佚_全量文档体系_重整版_v4.2/05_81—100结构生活世界与专项施工/01_生活世界_剧情卡_第21步/第087回_文学复原剧情增厚卡_v1.0.md,
987ce7ccab33239601d6e08555f96744255ad2e911d620fd563719d939596a4e,第088回_文学复原剧情增厚卡_v1.0.md,YES,03_VALID_HISTORY/RECONSTRUCTION/REFERENCE/987ce7ccab__第088回_文学复原剧情增厚卡_v1.0.md,VALID_HISTORY,RECONSTRUCTION,REFERENCE,REFERENCE,P0,红楼梦探佚_全量文档体系_重整版_v4.2.zip::红楼梦探佚_全量文档体系_重整版_v4.2/05_81—100结构生活世界与专项施工/01_生活世界_剧情卡_第21步/第088回_文学复原剧情增厚卡_v1.0.md,红楼梦探佚_全量文档体系_重整版_v4.2.zip,红楼梦探佚_全量文档体系_重整版_v4.2/05_81—100结构生活世界与专项施工/01_生活世界_剧情卡_第21步/第088回_文学复原剧情增厚卡_v1.0.md,
a9c66d17a7d27a9da59b05b874fb454d0269509a8003b6db8cdaa79656203fbc,第089回_文学复原剧情增厚卡_v1.0.md,YES,03_VALID_HISTORY/RECONSTRUCTION/REFERENCE/a9c66d17a7__第089回_文学复原剧情增厚卡_v1.0.md,VALID_HISTORY,RECONSTRUCTION,REFERENCE,REFERENCE,P0,红楼梦探佚_全量文档体系_重整版_v4.2.zip::红楼梦探佚_全量文档体系_重整版_v4.2/05_81—100结构生活世界与专项施工/01_生活世界_剧情卡_第21步/第089回_文学复原剧情增厚卡_v1.0.md,红楼梦探佚_全量文档体系_重整版_v4.2.zip,红楼梦探佚_全量文档体系_重整版_v4.2/05_81—100结构生活世界与专项施工/01_生活世界_剧情卡_第21步/第089回_文学复原剧情增厚卡_v1.0.md,
494b863881b9739110d15052c393c2b0fdc797d9997f2c5a367efc45fc3434f4,第090回_文学复原剧情增厚卡_v1.0.md,YES,03_VALID_HISTORY/RECONSTRUCTION/REFERENCE/494b863881__第090回_文学复原剧情增厚卡_v1.0.md,VALID_HISTORY,RECONSTRUCTION,REFERENCE,REFERENCE,P0,红楼梦探佚_全量文档体系_重整版_v4.2.zip::红楼梦探佚_全量文档体系_重整版_v4.2/05_81—100结构生活世界与专项施工/01_生活世界_剧情卡_第21步/第090回_文学复原剧情增厚卡_v1.0.md,红楼梦探佚_全量文档体系_重整版_v4.2.zip,红楼梦探佚_全量文档体系_重整版_v4.2/05_81—100结构生活世界与专项施工/01_生活世界_剧情卡_第21步/第090回_文学复原剧情增厚卡_v1.0.md,
4fbc0c34861a7ad4d7fd7b01703e383ce7b036a5e1e4642ab80049a43e7d4087,第091回_文学复原剧情增厚卡_v1.0.md,YES,03_VALID_HISTORY/RECONSTRUCTION/REFERENCE/4fbc0c3486__第091回_文学复原剧情增厚卡_v1.0.md,VALID_HISTORY,RECONSTRUCTION,REFERENCE,REFERENCE,P0,红楼梦探佚_全量文档体系_重整版_v4.2.zip::红楼梦探佚_全量文档体系_重整版_v4.2/05_81—100结构生活世界与专项施工/01_生活世界_剧情卡_第21步/第091回_文学复原剧情增厚卡_v1.0.md,红楼梦探佚_全量文档体系_重整版_v4.2.zip,红楼梦探佚_全量文档体系_重整版_v4.2/05_81—100结构生活世界与专项施工/01_生活世界_剧情卡_第21步/第091回_文学复原剧情增厚卡_v1.0.md,
66f02e1518318a56aa4e12a03de587a472cdf99004d96d3027d97230b5acfb09,第092回_文学复原剧情增厚卡_v1.0.md,YES,03_VALID_HISTORY/RECONSTRUCTION/REFERENCE/66f02e1518__第092回_文学复原剧情增厚卡_v1.0.md,VALID_HISTORY,RECONSTRUCTION,REFERENCE,REFERENCE,P0,红楼梦探佚_全量文档体系_重整版_v4.2.zip::红楼梦探佚_全量文档体系_重整版_v4.2/05_81—100结构生活世界与专项施工/01_生活世界_剧情卡_第21步/第092回_文学复原剧情增厚卡_v1.0.md,红楼梦探佚_全量文档体系_重整版_v4.2.zip,红楼梦探佚_全量文档体系_重整版_v4.2/05_81—100结构生活世界与专项施工/01_生活世界_剧情卡_第21步/第092回_文学复原剧情增厚卡_v1.0.md,
219e85da63cd1412d0ac2bab39fbeb84f7b0fe47dc96ba1748e75b9b19af06ed,第093回_文学复原剧情增厚卡_v1.0.md,YES,03_VALID_HISTORY/RECONSTRUCTION/REFERENCE/219e85da63__第093回_文学复原剧情增厚卡_v1.0.md,VALID_HISTORY,RECONSTRUCTION,REFERENCE,REFERENCE,P0,红楼梦探佚_全量文档体系_重整版_v4.2.zip::红楼梦探佚_全量文档体系_重整版_v4.2/05_81—100结构生活世界与专项施工/01_生活世界_剧情卡_第21步/第093回_文学复原剧情增厚卡_v1.0.md,红楼梦探佚_全量文档体系_重整版_v4.2.zip,红楼梦探佚_全量文档体系_重整版_v4.2/05_81—100结构生活世界与专项施工/01_生活世界_剧情卡_第21步/第093回_文学复原剧情增厚卡_v1.0.md,
04229538c4b4098219673f5ce1d897abc32b4e1afa81ff8fe485e9d3374c5628,第094回_文学复原剧情增厚卡_v1.0.md,YES,03_VALID_HISTORY/RECONSTRUCTION/REFERENCE/04229538c4__第094回_文学复原剧情增厚卡_v1.0.md,VALID_HISTORY,RECONSTRUCTION,REFERENCE,REFERENCE,P0,红楼梦探佚_全量文档体系_重整版_v4.2.zip::红楼梦探佚_全量文档体系_重整版_v4.2/05_81—100结构生活世界与专项施工/01_生活世界_剧情卡_第21步/第094回_文学复原剧情增厚卡_v1.0.md,红楼梦探佚_全量文档体系_重整版_v4.2.zip,红楼梦探佚_全量文档体系_重整版_v4.2/05_81—100结构生活世界与专项施工/01_生活世界_剧情卡_第21步/第094回_文学复原剧情增厚卡_v1.0.md,
2341ae11bc9500c91574085ba0386f2730d33d7be6de5f6b3e6007c17da5d575,第095回_文学复原剧情增厚卡_v1.0.md,YES,03_VALID_HISTORY/RECONSTRUCTION/REFERENCE/2341ae11bc__第095回_文学复原剧情增厚卡_v1.0.md,VALID_HISTORY,RECONSTRUCTION,REFERENCE,REFERENCE,P0,红楼梦探佚_全量文档体系_重整版_v4.2.zip::红楼梦探佚_全量文档体系_重整版_v4.2/05_81—100结构生活世界与专项施工/01_生活世界_剧情卡_第21步/第095回_文学复原剧情增厚卡_v1.0.md,红楼梦探佚_全量文档体系_重整版_v4.2.zip,红楼梦探佚_全量文档体系_重整版_v4.2/05_81—100结构生活世界与专项施工/01_生活世界_剧情卡_第21步/第095回_文学复原剧情增厚卡_v1.0.md,
41bb2d128fa76fef0b329335b0a7a9d5f2ebb69797fe1160023703438bf15626,第096回_文学复原剧情增厚卡_v1.0.md,YES,03_VALID_HISTORY/RECONSTRUCTION/REFERENCE/41bb2d128f__第096回_文学复原剧情增厚卡_v1.0.md,VALID_HISTORY,RECONSTRUCTION,REFERENCE,REFERENCE,P0,红楼梦探佚_全量文档体系_重整版_v4.2.zip::红楼梦探佚_全量文档体系_重整版_v4.2/05_81—100结构生活世界与专项施工/01_生活世界_剧情卡_第21步/第096回_文学复原剧情增厚卡_v1.0.md,红楼梦探佚_全量文档体系_重整版_v4.2.zip,红楼梦探佚_全量文档体系_重整版_v4.2/05_81—100结构生活世界与专项施工/01_生活世界_剧情卡_第21步/第096回_文学复原剧情增厚卡_v1.0.md,
77b6fd00f186dd742d61288241310b7560ec0fc6ec61057caed2e2f6815bfea7,第097回_文学复原剧情增厚卡_v1.0.md,YES,03_VALID_HISTORY/RECONSTRUCTION/REFERENCE/77b6fd00f1__第097回_文学复原剧情增厚卡_v1.0.md,VALID_HISTORY,RECONSTRUCTION,REFERENCE,REFERENCE,P0,红楼梦探佚_全量文档体系_重整版_v4.2.zip::红楼梦探佚_全量文档体系_重整版_v4.2/05_81—100结构生活世界与专项施工/01_生活世界_剧情卡_第21步/第097回_文学复原剧情增厚卡_v1.0.md,红楼梦探佚_全量文档体系_重整版_v4.2.zip,红楼梦探佚_全量文档体系_重整版_v4.2/05_81—100结构生活世界与专项施工/01_生活世界_剧情卡_第21步/第097回_文学复原剧情增厚卡_v1.0.md,
65918016b82034399bcc1f0ce2810fa45ef457ca43da9f0c0bd026b047665c20,第098回_文学复原剧情增厚卡_v1.0.md,YES,03_VALID_HISTORY/RECONSTRUCTION/REFERENCE/65918016b8__第098回_文学复原剧情增厚卡_v1.0.md,VALID_HISTORY,RECONSTRUCTION,REFERENCE,REFERENCE,P0,红楼梦探佚_全量文档体系_重整版_v4.2.zip::红楼梦探佚_全量文档体系_重整版_v4.2/05_81—100结构生活世界与专项施工/01_生活世界_剧情卡_第21步/第098回_文学复原剧情增厚卡_v1.0.md,红楼梦探佚_全量文档体系_重整版_v4.2.zip,红楼梦探佚_全量文档体系_重整版_v4.2/05_81—100结构生活世界与专项施工/01_生活世界_剧情卡_第21步/第098回_文学复原剧情增厚卡_v1.0.md,
9392225a057f5f173cccdea6fa0bec5e73c1d1396a7c7eec95bc3afda62ce592,第099回_文学复原剧情增厚卡_v1.0.md,YES,03_VALID_HISTORY/RECONSTRUCTION/REFERENCE/9392225a05__第099回_文学复原剧情增厚卡_v1.0.md,VALID_HISTORY,RECONSTRUCTION,REFERENCE,REFERENCE,P0,红楼梦探佚_全量文档体系_重整版_v4.2.zip::红楼梦探佚_全量文档体系_重整版_v4.2/05_81—100结构生活世界与专项施工/01_生活世界_剧情卡_第21步/第099回_文学复原剧情增厚卡_v1.0.md,红楼梦探佚_全量文档体系_重整版_v4.2.zip,红楼梦探佚_全量文档体系_重整版_v4.2/05_81—100结构生活世界与专项施工/01_生活世界_剧情卡_第21步/第099回_文学复原剧情增厚卡_v1.0.md,
b55a219adf8e3416148c7eaa3a3fbb4f3e03049568bf0c5cd4373d9979c4177f,第100回_文学复原剧情增厚卡_v1.0.md,YES,03_VALID_HISTORY/RECONSTRUCTION/REFERENCE/b55a219adf__第100回_文学复原剧情增厚卡_v1.0.md,VALID_HISTORY,RECONSTRUCTION,REFERENCE,REFERENCE,P0,红楼梦探佚_全量文档体系_重整版_v4.2.zip::红楼梦探佚_全量文档体系_重整版_v4.2/05_81—100结构生活世界与专项施工/01_生活世界_剧情卡_第21步/第100回_文学复原剧情增厚卡_v1.0.md,红楼梦探佚_全量文档体系_重整版_v4.2.zip,红楼梦探佚_全量文档体系_重整版_v4.2/05_81—100结构生活世界与专项施工/01_生活世界_剧情卡_第21步/第100回_文学复原剧情增厚卡_v1.0.md,
e5e72924d5ab44e498932b74d6667d49ce04efa81a5ceae0af33b3fa52cf2286,81—100_人物新增诗文G层竞选总表_v1.2_R3同步版.md,YES,03_VALID_HISTORY/LITERARY_ECOLOGY/REFERENCE/e5e72924d5__81—100_人物新增诗文G层竞选总表_v1.2_R3同步版.md,VALID_HISTORY,LITERARY_ECOLOGY,REFERENCE,REFERENCE,P0,红楼梦探佚_全量文档体系_重整版_v4.2.zip::红楼梦探佚_全量文档体系_重整版_v4.2/05_81—100结构生活世界与专项施工/02_R3后20专项施工底板/81—100_人物新增诗文G层竞选总表_v1.2_R3同步版.md,红楼梦探佚_全量文档体系_重整版_v4.2.zip,红楼梦探佚_全量文档体系_重整版_v4.2/05_81—100结构生活世界与专项施工/02_R3后20专项施工底板/81—100_人物新增诗文G层竞选总表_v1.2_R3同步版.md,
a00445a8ba50fd192bbb81d7330e940061cb11ebb71bedf2986f43bf12f7a4f8,81—100_作者层韵文配置与三案竞选总表_v1.5_R3同步版.md,YES,03_VALID_HISTORY/LITERARY_ECOLOGY/REFERENCE/a00445a8ba__81—100_作者层韵文配置与三案竞选总表_v1.5_R3同步版.md,VALID_HISTORY,LITERARY_ECOLOGY,REFERENCE,REFERENCE,P0,红楼梦探佚_全量文档体系_重整版_v4.2.zip::红楼梦探佚_全量文档体系_重整版_v4.2/05_81—100结构生活世界与专项施工/02_R3后20专项施工底板/81—100_作者层韵文配置与三案竞选总表_v1.5_R3同步版.md,红楼梦探佚_全量文档体系_重整版_v4.2.zip,红楼梦探佚_全量文档体系_重整版_v4.2/05_81—100结构生活世界与专项施工/02_R3后20专项施工底板/81—100_作者层韵文配置与三案竞选总表_v1.5_R3同步版.md,
555c83434d17e9d1dcc12679c22e8b5109524d9f2b9d0a2a67e515e4d8bd4b5b,81—100_医学身体饮食婚丧礼俗补完表_v1.2_R3同步版.md,YES,03_VALID_HISTORY/WORLD_LITERARY/REFERENCE/555c83434d__81—100_医学身体饮食婚丧礼俗补完表_v1.2_R3同步版.md,VALID_HISTORY,WORLD_LITERARY,REFERENCE,REFERENCE,P0,红楼梦探佚_全量文档体系_重整版_v4.2.zip::红楼梦探佚_全量文档体系_重整版_v4.2/05_81—100结构生活世界与专项施工/02_R3后20专项施工底板/81—100_医学身体饮食婚丧礼俗补完表_v1.2_R3同步版.md,红楼梦探佚_全量文档体系_重整版_v4.2.zip,红楼梦探佚_全量文档体系_重整版_v4.2/05_81—100结构生活世界与专项施工/02_R3后20专项施工底板/81—100_医学身体饮食婚丧礼俗补完表_v1.2_R3同步版.md,
1412e58b660dfa4f298785e8cb31d1a24dcfb5ec73db028d3701b40c52c6315e,81—100_十二维文学文化缺口总表_v1.5_R3同步版.md,YES,03_VALID_HISTORY/PLANNING/REFERENCE/1412e58b66__81—100_十二维文学文化缺口总表_v1.5_R3同步版.md,VALID_HISTORY,PLANNING,REFERENCE,REFERENCE,P0,红楼梦探佚_全量文档体系_重整版_v4.2.zip::红楼梦探佚_全量文档体系_重整版_v4.2/05_81—100结构生活世界与专项施工/02_R3后20专项施工底板/81—100_十二维文学文化缺口总表_v1.5_R3同步版.md,红楼梦探佚_全量文档体系_重整版_v4.2.zip,红楼梦探佚_全量文档体系_重整版_v4.2/05_81—100结构生活世界与专项施工/02_R3后20专项施工底板/81—100_十二维文学文化缺口总表_v1.5_R3同步版.md,
f301af19843ef330fd9760ff8d0f8002bcbda388dc80f439f913533c2a68fc0a,81—100_哲学宗教梦境情榜太虚深化方案_v1.2_R3同步版.md,YES,03_VALID_HISTORY/LITERARY_ECOLOGY/REFERENCE/f301af1984__81—100_哲学宗教梦境情榜太虚深化方案_v1.2_R3同步版.md,VALID_HISTORY,LITERARY_ECOLOGY,REFERENCE,REFERENCE,P0,红楼梦探佚_全量文档体系_重整版_v4.2.zip::红楼梦探佚_全量文档体系_重整版_v4.2/05_81—100结构生活世界与专项施工/02_R3后20专项施工底板/81—100_哲学宗教梦境情榜太虚深化方案_v1.2_R3同步版.md,红楼梦探佚_全量文档体系_重整版_v4.2.zip,红楼梦探佚_全量文档体系_重整版_v4.2/05_81—100结构生活世界与专项施工/02_R3后20专项施工底板/81—100_哲学宗教梦境情榜太虚深化方案_v1.2_R3同步版.md,
6b76b1381c5b40537933a381161dce3fd359d136fb6928691bf61b218ead931f,81—100_旧文化生活定向补完表_v1.2_R3同步版.md,YES,03_VALID_HISTORY/LITERARY_ECOLOGY/REFERENCE/6b76b1381c__81—100_旧文化生活定向补完表_v1.2_R3同步版.md,VALID_HISTORY,LITERARY_ECOLOGY,REFERENCE,REFERENCE,P0,红楼梦探佚_全量文档体系_重整版_v4.2.zip::红楼梦探佚_全量文档体系_重整版_v4.2/05_81—100结构生活世界与专项施工/02_R3后20专项施工底板/81—100_旧文化生活定向补完表_v1.2_R3同步版.md,红楼梦探佚_全量文档体系_重整版_v4.2.zip,红楼梦探佚_全量文档体系_重整版_v4.2/05_81—100结构生活世界与专项施工/02_R3后20专项施工底板/81—100_旧文化生活定向补完表_v1.2_R3同步版.md,
48b7b891316ca8e19dcbfbe3f2b78bb49175f74ad88f670e73c844bc508a7d2b,81—100_社会基础设施现金流职业世界总表_v1.3_R3同步版.md,YES,03_VALID_HISTORY/WORLD/REFERENCE/48b7b89131__81—100_社会基础设施现金流职业世界总表_v1.3_R3同步版.md,VALID_HISTORY,WORLD,REFERENCE,REFERENCE,P0,红楼梦探佚_全量文档体系_重整版_v4.2.zip::红楼梦探佚_全量文档体系_重整版_v4.2/05_81—100结构生活世界与专项施工/02_R3后20专项施工底板/81—100_社会基础设施现金流职业世界总表_v1.3_R3同步版.md,红楼梦探佚_全量文档体系_重整版_v4.2.zip,红楼梦探佚_全量文档体系_重整版_v4.2/05_81—100结构生活世界与专项施工/02_R3后20专项施工底板/81—100_社会基础设施现金流职业世界总表_v1.3_R3同步版.md,
11a94ea2d491931e6dae6689a538bd92d83833b59f7f1c41bc9660d09e506316,81—100_被压缩形成过程与社会过程补完总表_v1.6_R3同步版.md,YES,03_VALID_HISTORY/PLANNING/REFERENCE/11a94ea2d4__81—100_被压缩形成过程与社会过程补完总表_v1.6_R3同步版.md,VALID_HISTORY,PLANNING,REFERENCE,REFERENCE,P0,红楼梦探佚_全量文档体系_重整版_v4.2.zip::红楼梦探佚_全量文档体系_重整版_v4.2/05_81—100结构生活世界与专项施工/02_R3后20专项施工底板/81—100_被压缩形成过程与社会过程补完总表_v1.6_R3同步版.md,红楼梦探佚_全量文档体系_重整版_v4.2.zip,红楼梦探佚_全量文档体系_重整版_v4.2/05_81—100结构生活世界与专项施工/02_R3后20专项施工底板/81—100_被压缩形成过程与社会过程补完总表_v1.6_R3同步版.md,
3125139ec23a88a430c51de8bcf828c97fd2209c9c5d353da02e3139f6038568,81—100诗词文书总表_v1.1_第28A步细目版.md,YES,03_VALID_HISTORY/LITERARY_ECOLOGY/REFERENCE/3125139ec2__81—100诗词文书总表_v1.1_第28A步细目版.md,VALID_HISTORY,LITERARY_ECOLOGY,REFERENCE,REFERENCE,P0,红楼梦探佚_全量文档体系_重整版_v4.2.zip::红楼梦探佚_全量文档体系_重整版_v4.2/06_诗文情榜与文书/01_第28步诗文情榜文书专项/81—100诗词文书总表_v1.1_第28A步细目版.md,红楼梦探佚_全量文档体系_重整版_v4.2.zip,红楼梦探佚_全量文档体系_重整版_v4.2/06_诗文情榜与文书/01_第28步诗文情榜文书专项/81—100诗词文书总表_v1.1_第28A步细目版.md,
751c13216cf93f9aa996bbb1eb21653492e6997283ac6bfc906a9cabf2aa668f,第28A步_81—100诗词文书现状清点_v1.0.md,YES,03_VALID_HISTORY/LITERARY_ECOLOGY/REFERENCE/751c13216c__第28A步_81—100诗词文书现状清点_v1.0.md,VALID_HISTORY,LITERARY_ECOLOGY,REFERENCE,REFERENCE,P0,红楼梦探佚_全量文档体系_重整版_v4.2.zip::红楼梦探佚_全量文档体系_重整版_v4.2/06_诗文情榜与文书/01_第28步诗文情榜文书专项/第28A步_81—100诗词文书现状清点_v1.0.md,红楼梦探佚_全量文档体系_重整版_v4.2.zip,红楼梦探佚_全量文档体系_重整版_v4.2/06_诗文情榜与文书/01_第28步诗文情榜文书专项/第28A步_81—100诗词文书现状清点_v1.0.md,
c9cab8b2f2e4fd84ecd56bf0a167e9b3191820b3a4e7ee687b049de71f92314b,第28D-T步_现实文书群总验收与跨回一致性审计_v1.0.md,YES,03_VALID_HISTORY/LITERARY_ECOLOGY/REFERENCE/c9cab8b2f2__第28D-T步_现实文书群总验收与跨回一致性审计_v1.0.md,VALID_HISTORY,LITERARY_ECOLOGY,REFERENCE,REFERENCE,P0,红楼梦探佚_全量文档体系_重整版_v4.2.zip::红楼梦探佚_全量文档体系_重整版_v4.2/06_诗文情榜与文书/01_第28步诗文情榜文书专项/第28D-T步_现实文书群总验收与跨回一致性审计_v1.0.md,红楼梦探佚_全量文档体系_重整版_v4.2.zip,红楼梦探佚_全量文档体系_重整版_v4.2/06_诗文情榜与文书/01_第28步诗文情榜文书专项/第28D-T步_现实文书群总验收与跨回一致性审计_v1.0.md,
3502fee61b458954a6f0fd4761630c530fd33e07754ca23b74650bcbe12bed6c,第28E步_轻文书与有意缺席专项审计_v1.0.md,YES,03_VALID_HISTORY/LITERARY_ECOLOGY/REFERENCE/3502fee61b__第28E步_轻文书与有意缺席专项审计_v1.0.md,VALID_HISTORY,LITERARY_ECOLOGY,REFERENCE,REFERENCE,P0,红楼梦探佚_全量文档体系_重整版_v4.2.zip::红楼梦探佚_全量文档体系_重整版_v4.2/06_诗文情榜与文书/01_第28步诗文情榜文书专项/第28E步_轻文书与有意缺席专项审计_v1.0.md,红楼梦探佚_全量文档体系_重整版_v4.2.zip,红楼梦探佚_全量文档体系_重整版_v4.2/06_诗文情榜与文书/01_第28步诗文情榜文书专项/第28E步_轻文书与有意缺席专项审计_v1.0.md,
388d66ea8d4edcc98b03876a03b90679bbf4f541c91a65b53f475d1eaaf6248c,第28F步_81—100诗词文书全局总审计_v1.0.md,YES,03_VALID_HISTORY/ARCHIVE/HISTORICAL/388d66ea8d__第28F步_81—100诗词文书全局总审计_v1.0.md,VALID_HISTORY,ARCHIVE,HISTORICAL,NO,P2,红楼梦探佚_全量文档体系_重整版_v4.2.zip::红楼梦探佚_全量文档体系_重整版_v4.2/06_诗文情榜与文书/01_第28步诗文情榜文书专项/第28F步_81—100诗词文书全局总审计_v1.0.md,红楼梦探佚_全量文档体系_重整版_v4.2.zip,红楼梦探佚_全量文档体系_重整版_v4.2/06_诗文情榜与文书/01_第28步诗文情榜文书专项/第28F步_81—100诗词文书全局总审计_v1.0.md,
be8e70d3b754ee03e1be8cae6929b62322df3d94edade2a2186ab4fbbadd26f2,第28F步_第100回终篇收束三案终审_v1.0.md,YES,03_VALID_HISTORY/ARCHIVE/HISTORICAL/be8e70d3b7__第28F步_第100回终篇收束三案终审_v1.0.md,VALID_HISTORY,ARCHIVE,HISTORICAL,NO,P2,红楼梦探佚_全量文档体系_重整版_v4.2.zip::红楼梦探佚_全量文档体系_重整版_v4.2/06_诗文情榜与文书/01_第28步诗文情榜文书专项/第28F步_第100回终篇收束三案终审_v1.0.md,红楼梦探佚_全量文档体系_重整版_v4.2.zip,红楼梦探佚_全量文档体系_重整版_v4.2/06_诗文情榜与文书/01_第28步诗文情榜文书专项/第28F步_第100回终篇收束三案终审_v1.0.md,
534fc410a743a1900b477c46d45f185a289527381d3262834badb00688cf39e2,第28G-A_情榜硬证与推断分层表_v1.0.md,YES,03_VALID_HISTORY/LITERARY_EVIDENCE/REFERENCE/534fc410a7__第28G-A_情榜硬证与推断分层表_v1.0.md,VALID_HISTORY,LITERARY_EVIDENCE,REFERENCE,REFERENCE,P0,红楼梦探佚_全量文档体系_重整版_v4.2.zip::红楼梦探佚_全量文档体系_重整版_v4.2/06_诗文情榜与文书/01_第28步诗文情榜文书专项/第28G-A_情榜硬证与推断分层表_v1.0.md,红楼梦探佚_全量文档体系_重整版_v4.2.zip,红楼梦探佚_全量文档体系_重整版_v4.2/06_诗文情榜与文书/01_第28步诗文情榜文书专项/第28G-A_情榜硬证与推断分层表_v1.0.md,
1efea6c695e077840c1e5178fd0a6d04888da32d7dcfdab7e2f039ebdf79b06d,第28G-A_情榜证据全集_v1.0.md,YES,03_VALID_HISTORY/LITERARY_EVIDENCE/REFERENCE/1efea6c695__第28G-A_情榜证据全集_v1.0.md,VALID_HISTORY,LITERARY_EVIDENCE,REFERENCE,REFERENCE,P0,红楼梦探佚_全量文档体系_重整版_v4.2.zip::红楼梦探佚_全量文档体系_重整版_v4.2/06_诗文情榜与文书/01_第28步诗文情榜文书专项/第28G-A_情榜证据全集_v1.0.md,红楼梦探佚_全量文档体系_重整版_v4.2.zip,红楼梦探佚_全量文档体系_重整版_v4.2/06_诗文情榜与文书/01_第28步诗文情榜文书专项/第28G-A_情榜证据全集_v1.0.md,
ad3f26a4648b71e4542effe22ccdf3afa68231286e8642cb8e7668a842596e43,第28G-D3_情榜首选体例规范_C星_v1.0.md,YES,03_VALID_HISTORY/LITERARY_EVIDENCE/REFERENCE/ad3f26a464__第28G-D3_情榜首选体例规范_C星_v1.0.md,VALID_HISTORY,LITERARY_EVIDENCE,REFERENCE,REFERENCE,P0,红楼梦探佚_全量文档体系_重整版_v4.2.zip::红楼梦探佚_全量文档体系_重整版_v4.2/06_诗文情榜与文书/01_第28步诗文情榜文书专项/第28G-D3_情榜首选体例规范_C星_v1.0.md,红楼梦探佚_全量文档体系_重整版_v4.2.zip,红楼梦探佚_全量文档体系_重整版_v4.2/06_诗文情榜与文书/01_第28步诗文情榜文书专项/第28G-D3_情榜首选体例规范_C星_v1.0.md,
cac299674a8715da76fe8afafd0d0dd52122f3685e3c77f7784f16b6894d78a5,第28G-D_前80情字语汇与人物绑定证据库_v1.0.md,YES,03_VALID_HISTORY/ARCHIVE/HISTORICAL/cac299674a__第28G-D_前80情字语汇与人物绑定证据库_v1.0.md,VALID_HISTORY,ARCHIVE,HISTORICAL,NO,P2,红楼梦探佚_全量文档体系_重整版_v4.2.zip::红楼梦探佚_全量文档体系_重整版_v4.2/06_诗文情榜与文书/01_第28步诗文情榜文书专项/第28G-D_前80情字语汇与人物绑定证据库_v1.0.md,红楼梦探佚_全量文档体系_重整版_v4.2.zip,红楼梦探佚_全量文档体系_重整版_v4.2/06_诗文情榜与文书/01_第28步诗文情榜文书专项/第28G-D_前80情字语汇与人物绑定证据库_v1.0.md,
f32325f074f877aa8ec2ce6b4b16d0dd9a4fce6d23ce6269d8aec3ba637e2b30,第28G-F_五册六十芳锁版候选总表_v0.6.md,YES,03_VALID_HISTORY/ARCHIVE/HISTORICAL/f32325f074__第28G-F_五册六十芳锁版候选总表_v0.6.md,VALID_HISTORY,ARCHIVE,HISTORICAL,NO,P2,红楼梦探佚_全量文档体系_重整版_v4.2.zip::红楼梦探佚_全量文档体系_重整版_v4.2/06_诗文情榜与文书/01_第28步诗文情榜文书专项/第28G-F_五册六十芳锁版候选总表_v0.6.md,红楼梦探佚_全量文档体系_重整版_v4.2.zip,红楼梦探佚_全量文档体系_重整版_v4.2/06_诗文情榜与文书/01_第28步诗文情榜文书专项/第28G-F_五册六十芳锁版候选总表_v0.6.md,
df0c9b8162acdeb4679df5b7aa506fa77ce32298a1abc22e7c444657ae977e23,十独吟_作者形制时序专题_v1.2_R3同步版.md,YES,03_VALID_HISTORY/LITERARY_EVIDENCE/REFERENCE/df0c9b8162__十独吟_作者形制时序专题_v1.2_R3同步版.md,VALID_HISTORY,LITERARY_EVIDENCE,REFERENCE,REFERENCE,P0,红楼梦探佚_全量文档体系_重整版_v4.2.zip::红楼梦探佚_全量文档体系_重整版_v4.2/06_诗文情榜与文书/02_R3诗文情榜专题/十独吟_作者形制时序专题_v1.2_R3同步版.md,红楼梦探佚_全量文档体系_重整版_v4.2.zip,红楼梦探佚_全量文档体系_重整版_v4.2/06_诗文情榜与文书/02_R3诗文情榜专题/十独吟_作者形制时序专题_v1.2_R3同步版.md,
e1ec888305c5d415481f4833eeba54b27908c06f8dc17651f23558b1470763ed,对景悼颦儿_场景体裁竞争专题_v1.2_R3同步版.md,YES,03_VALID_HISTORY/LITERARY_EVIDENCE/REFERENCE/e1ec888305__对景悼颦儿_场景体裁竞争专题_v1.2_R3同步版.md,VALID_HISTORY,LITERARY_EVIDENCE,REFERENCE,REFERENCE,P0,红楼梦探佚_全量文档体系_重整版_v4.2.zip::红楼梦探佚_全量文档体系_重整版_v4.2/06_诗文情榜与文书/02_R3诗文情榜专题/对景悼颦儿_场景体裁竞争专题_v1.2_R3同步版.md,红楼梦探佚_全量文档体系_重整版_v4.2.zip,红楼梦探佚_全量文档体系_重整版_v4.2/06_诗文情榜与文书/02_R3诗文情榜专题/对景悼颦儿_场景体裁竞争专题_v1.2_R3同步版.md,
293d5427a4506736044e7acc28ff54793342ee04480c5166aa1628bc5e32e885,末回情榜系统_榜式层级与生成边界专题_v1.2_R3同步版.md,YES,03_VALID_HISTORY/LITERARY_EVIDENCE/REFERENCE/293d5427a4__末回情榜系统_榜式层级与生成边界专题_v1.2_R3同步版.md,VALID_HISTORY,LITERARY_EVIDENCE,REFERENCE,REFERENCE,P0,红楼梦探佚_全量文档体系_重整版_v4.2.zip::红楼梦探佚_全量文档体系_重整版_v4.2/06_诗文情榜与文书/02_R3诗文情榜专题/末回情榜系统_榜式层级与生成边界专题_v1.2_R3同步版.md,红楼梦探佚_全量文档体系_重整版_v4.2.zip,红楼梦探佚_全量文档体系_重整版_v4.2/06_诗文情榜与文书/02_R3诗文情榜专题/末回情榜系统_榜式层级与生成边界专题_v1.2_R3同步版.md,
96fef3c6af65160cc2e323638e0fae615cfe118e8a82a43fbbd50efc29172be0,续庄子绝句_物质文本流转专题_v1.1_R3同步版.md,YES,03_VALID_HISTORY/WORLD_LITERARY/REFERENCE/96fef3c6af__续庄子绝句_物质文本流转专题_v1.1_R3同步版.md,VALID_HISTORY,WORLD_LITERARY,REFERENCE,REFERENCE,P0,红楼梦探佚_全量文档体系_重整版_v4.2.zip::红楼梦探佚_全量文档体系_重整版_v4.2/06_诗文情榜与文书/02_R3诗文情榜专题/续庄子绝句_物质文本流转专题_v1.1_R3同步版.md,红楼梦探佚_全量文档体系_重整版_v4.2.zip,红楼梦探佚_全量文档体系_重整版_v4.2/06_诗文情榜与文书/02_R3诗文情榜专题/续庄子绝句_物质文本流转专题_v1.1_R3同步版.md,
c3333589e62f83ca33b4a82a4c060eea57b2b71e084e655fc7b372a050274531,黛亡诗文总接口与旧作分工专题_v1.1_R3同步版.md,YES,03_VALID_HISTORY/LITERARY_ECOLOGY/REFERENCE/c3333589e6__黛亡诗文总接口与旧作分工专题_v1.1_R3同步版.md,VALID_HISTORY,LITERARY_ECOLOGY,REFERENCE,REFERENCE,P0,红楼梦探佚_全量文档体系_重整版_v4.2.zip::红楼梦探佚_全量文档体系_重整版_v4.2/06_诗文情榜与文书/02_R3诗文情榜专题/黛亡诗文总接口与旧作分工专题_v1.1_R3同步版.md,红楼梦探佚_全量文档体系_重整版_v4.2.zip,红楼梦探佚_全量文档体系_重整版_v4.2/06_诗文情榜与文书/02_R3诗文情榜专题/黛亡诗文总接口与旧作分工专题_v1.1_R3同步版.md,
b0bf467683ffc2e596037cb146d70aee302a87b195a9d2d94e9da1dd8d565f32,文学复原施工规则_v1.1_第23步修订.md,YES,03_VALID_HISTORY/REVIEW/AUDIT/b0bf467683__文学复原施工规则_v1.1_第23步修订.md,VALID_HISTORY,REVIEW,AUDIT,NO,P1,红楼梦探佚_全量文档体系_重整版_v4.2.zip::红楼梦探佚_全量文档体系_重整版_v4.2/07_语言声口章法与文学审计/01_v4文学施工关键里程碑/文学复原施工规则_v1.1_第23步修订.md,红楼梦探佚_全量文档体系_重整版_v4.2.zip,红楼梦探佚_全量文档体系_重整版_v4.2/07_语言声口章法与文学审计/01_v4文学施工关键里程碑/文学复原施工规则_v1.1_第23步修订.md,
d4fde513b43eac5d039bb6c350afb3507e39d4489bdf81a927fed0bb57795a12,第23步_三回满血试金石文学审计_v1.0.md,YES,03_VALID_HISTORY/REVIEW/AUDIT/d4fde513b4__第23步_三回满血试金石文学审计_v1.0.md,VALID_HISTORY,REVIEW,AUDIT,NO,P1,红楼梦探佚_全量文档体系_重整版_v4.2.zip::红楼梦探佚_全量文档体系_重整版_v4.2/07_语言声口章法与文学审计/01_v4文学施工关键里程碑/第23步_三回满血试金石文学审计_v1.0.md,红楼梦探佚_全量文档体系_重整版_v4.2.zip,红楼梦探佚_全量文档体系_重整版_v4.2/07_语言声口章法与文学审计/01_v4文学施工关键里程碑/第23步_三回满血试金石文学审计_v1.0.md,
b088e9074d7f6fcfcc9cc85c8c5ce57a126f286cdc905fdc4f53d794c77995b2,第24.5步_A组84—90返修验收_v1.0_final.md,YES,03_VALID_HISTORY/REVIEW/AUDIT/b088e9074d__第24.5步_A组84—90返修验收_v1.0_final.md,VALID_HISTORY,REVIEW,AUDIT,NO,P1,红楼梦探佚_全量文档体系_重整版_v4.2.zip::红楼梦探佚_全量文档体系_重整版_v4.2/07_语言声口章法与文学审计/01_v4文学施工关键里程碑/第24.5步_A组84—90返修验收_v1.0_final.md,红楼梦探佚_全量文档体系_重整版_v4.2.zip,红楼梦探佚_全量文档体系_重整版_v4.2/07_语言声口章法与文学审计/01_v4文学施工关键里程碑/第24.5步_A组84—90返修验收_v1.0_final.md,
676a5a287a7039661bb3f9cdfee1775c65d645a9537981e4befb735d4af7c62a,第24步_A组84—90连读评审_v1.0.md,YES,03_VALID_HISTORY/REVIEW/AUDIT/676a5a287a__第24步_A组84—90连读评审_v1.0.md,VALID_HISTORY,REVIEW,AUDIT,NO,P1,红楼梦探佚_全量文档体系_重整版_v4.2.zip::红楼梦探佚_全量文档体系_重整版_v4.2/07_语言声口章法与文学审计/01_v4文学施工关键里程碑/第24步_A组84—90连读评审_v1.0.md,红楼梦探佚_全量文档体系_重整版_v4.2.zip,红楼梦探佚_全量文档体系_重整版_v4.2/07_语言声口章法与文学审计/01_v4文学施工关键里程碑/第24步_A组84—90连读评审_v1.0.md,
a52f24ebf409fcf620d4c2e505637f29673d336044c3fba858677cc2f21a2dc8,第25.5步_B组91—96定点返修验收_v1.0.md,YES,03_VALID_HISTORY/REVIEW/AUDIT/a52f24ebf4__第25.5步_B组91—96定点返修验收_v1.0.md,VALID_HISTORY,REVIEW,AUDIT,NO,P1,红楼梦探佚_全量文档体系_重整版_v4.2.zip::红楼梦探佚_全量文档体系_重整版_v4.2/07_语言声口章法与文学审计/01_v4文学施工关键里程碑/第25.5步_B组91—96定点返修验收_v1.0.md,红楼梦探佚_全量文档体系_重整版_v4.2.zip,红楼梦探佚_全量文档体系_重整版_v4.2/07_语言声口章法与文学审计/01_v4文学施工关键里程碑/第25.5步_B组91—96定点返修验收_v1.0.md,
565cf989274e3abe49a8ae4d228cbf085ab662f7c2a90993acb399b1a87b03a6,第25步_B组91—96连读评审_v1.0.md,YES,03_VALID_HISTORY/REVIEW/AUDIT/565cf98927__第25步_B组91—96连读评审_v1.0.md,VALID_HISTORY,REVIEW,AUDIT,NO,P1,红楼梦探佚_全量文档体系_重整版_v4.2.zip::红楼梦探佚_全量文档体系_重整版_v4.2/07_语言声口章法与文学审计/01_v4文学施工关键里程碑/第25步_B组91—96连读评审_v1.0.md,红楼梦探佚_全量文档体系_重整版_v4.2.zip,红楼梦探佚_全量文档体系_重整版_v4.2/07_语言声口章法与文学审计/01_v4文学施工关键里程碑/第25步_B组91—96连读评审_v1.0.md,
c0339d48efdb321b23564ad5c6c7624e1ea5016b2eacf27d367741254ff85c44,第26.5A步_C组81—83_97—98定点返修验收_v1.0.md,YES,03_VALID_HISTORY/REVIEW/AUDIT/c0339d48ef__第26.5A步_C组81—83_97—98定点返修验收_v1.0.md,VALID_HISTORY,REVIEW,AUDIT,NO,P1,红楼梦探佚_全量文档体系_重整版_v4.2.zip::红楼梦探佚_全量文档体系_重整版_v4.2/07_语言声口章法与文学审计/01_v4文学施工关键里程碑/第26.5A步_C组81—83_97—98定点返修验收_v1.0.md,红楼梦探佚_全量文档体系_重整版_v4.2.zip,红楼梦探佚_全量文档体系_重整版_v4.2/07_语言声口章法与文学审计/01_v4文学施工关键里程碑/第26.5A步_C组81—83_97—98定点返修验收_v1.0.md,
cada14f50e22e874b8cc6db0be524bce31c3eb7e979a1ccd8d325876accf34c5,第26.5步_C组81—83_97—98连读评审_v1.0.md,YES,03_VALID_HISTORY/REVIEW/AUDIT/cada14f50e__第26.5步_C组81—83_97—98连读评审_v1.0.md,VALID_HISTORY,REVIEW,AUDIT,NO,P1,红楼梦探佚_全量文档体系_重整版_v4.2.zip::红楼梦探佚_全量文档体系_重整版_v4.2/07_语言声口章法与文学审计/01_v4文学施工关键里程碑/第26.5步_C组81—83_97—98连读评审_v1.0.md,红楼梦探佚_全量文档体系_重整版_v4.2.zip,红楼梦探佚_全量文档体系_重整版_v4.2/07_语言声口章法与文学审计/01_v4文学施工关键里程碑/第26.5步_C组81—83_97—98连读评审_v1.0.md,
769493d12e4c50699e883e69871fe6d9eda0999519bc77eba874e0eb5218e1b7,第29-E_81—100总装锁版候选与总验收_v1.0.md,YES,03_VALID_HISTORY/ARCHIVE/HISTORICAL/769493d12e__第29-E_81—100总装锁版候选与总验收_v1.0.md,VALID_HISTORY,ARCHIVE,HISTORICAL,NO,P2,红楼梦探佚_全量文档体系_重整版_v4.2.zip::红楼梦探佚_全量文档体系_重整版_v4.2/07_语言声口章法与文学审计/02_第30步全文文学与证据双审/第29-E_81—100总装锁版候选与总验收_v1.0.md,红楼梦探佚_全量文档体系_重整版_v4.2.zip,红楼梦探佚_全量文档体系_重整版_v4.2/07_语言声口章法与文学审计/02_第30步全文文学与证据双审/第29-E_81—100总装锁版候选与总验收_v1.0.md,
708f7a5e275d38b5a0192ab84b594785f9dbef053135254a0453c46ccc8366b5,第29-E_第30步WATCH移交清单_v1.0.md,YES,03_VALID_HISTORY/REGISTRY/REFERENCE/708f7a5e27__第29-E_第30步WATCH移交清单_v1.0.md,VALID_HISTORY,REGISTRY,REFERENCE,REFERENCE,P1,红楼梦探佚_全量文档体系_重整版_v4.2.zip::红楼梦探佚_全量文档体系_重整版_v4.2/07_语言声口章法与文学审计/02_第30步全文文学与证据双审/第29-E_第30步WATCH移交清单_v1.0.md,红楼梦探佚_全量文档体系_重整版_v4.2.zip,红楼梦探佚_全量文档体系_重整版_v4.2/07_语言声口章法与文学审计/02_第30步全文文学与证据双审/第29-E_第30步WATCH移交清单_v1.0.md,
1e0505a21d5eeb88c6b64eca0bcb331e264ca5e5df1c10229f4eddec7a8d907e,第30-A_20回500字压缩损失矩阵_v1.0.md,YES,03_VALID_HISTORY/REVIEW/AUDIT/1e0505a21d__第30-A_20回500字压缩损失矩阵_v1.0.md,VALID_HISTORY,REVIEW,AUDIT,NO,P1,红楼梦探佚_全量文档体系_重整版_v4.2.zip::红楼梦探佚_全量文档体系_重整版_v4.2/07_语言声口章法与文学审计/02_第30步全文文学与证据双审/第30-A_20回500字压缩损失矩阵_v1.0.md,红楼梦探佚_全量文档体系_重整版_v4.2.zip,红楼梦探佚_全量文档体系_重整版_v4.2/07_语言声口章法与文学审计/02_第30步全文文学与证据双审/第30-A_20回500字压缩损失矩阵_v1.0.md,
959af074cad771f243c7773d27a7fa862bcac7ffea960fb76a143d5545e4f3eb,第30-A_81—100梗概感文学审计_v1.0.md,YES,03_VALID_HISTORY/REVIEW/AUDIT/959af074ca__第30-A_81—100梗概感文学审计_v1.0.md,VALID_HISTORY,REVIEW,AUDIT,NO,P1,红楼梦探佚_全量文档体系_重整版_v4.2.zip::红楼梦探佚_全量文档体系_重整版_v4.2/07_语言声口章法与文学审计/02_第30步全文文学与证据双审/第30-A_81—100梗概感文学审计_v1.0.md,红楼梦探佚_全量文档体系_重整版_v4.2.zip,红楼梦探佚_全量文档体系_重整版_v4.2/07_语言声口章法与文学审计/02_第30步全文文学与证据双审/第30-A_81—100梗概感文学审计_v1.0.md,
840b663859f745e257f62bbba0d4270a45e04956ce6e7bd5829c2713269af0c1,第30-B_81—100群像多声部矩阵_v1.0.md,YES,03_VALID_HISTORY/LITERARY_ECOLOGY/REFERENCE/840b663859__第30-B_81—100群像多声部矩阵_v1.0.md,VALID_HISTORY,LITERARY_ECOLOGY,REFERENCE,REFERENCE,P0,红楼梦探佚_全量文档体系_重整版_v4.2.zip::红楼梦探佚_全量文档体系_重整版_v4.2/07_语言声口章法与文学审计/02_第30步全文文学与证据双审/第30-B_81—100群像多声部矩阵_v1.0.md,红楼梦探佚_全量文档体系_重整版_v4.2.zip,红楼梦探佚_全量文档体系_重整版_v4.2/07_语言声口章法与文学审计/02_第30步全文文学与证据双审/第30-B_81—100群像多声部矩阵_v1.0.md,
8921c55599b805e57b5db64f50b65dc32d074b807dc0615d88ca61c50241320f,第30-B_81—100群像审计_v1.0.md,YES,03_VALID_HISTORY/LITERARY_ECOLOGY/REFERENCE/8921c55599__第30-B_81—100群像审计_v1.0.md,VALID_HISTORY,LITERARY_ECOLOGY,REFERENCE,REFERENCE,P0,红楼梦探佚_全量文档体系_重整版_v4.2.zip::红楼梦探佚_全量文档体系_重整版_v4.2/07_语言声口章法与文学审计/02_第30步全文文学与证据双审/第30-B_81—100群像审计_v1.0.md,红楼梦探佚_全量文档体系_重整版_v4.2.zip,红楼梦探佚_全量文档体系_重整版_v4.2/07_语言声口章法与文学审计/02_第30步全文文学与证据双审/第30-B_81—100群像审计_v1.0.md,
281e3fed9e70f9be54db4b4d97f8d7cd5ea915aa566d91937f55771c1d3f4a50,第30-B_工具人风险专项清单_v1.0.md,YES,03_VALID_HISTORY/REVIEW/AUDIT/281e3fed9e__第30-B_工具人风险专项清单_v1.0.md,VALID_HISTORY,REVIEW,AUDIT,NO,P1,红楼梦探佚_全量文档体系_重整版_v4.2.zip::红楼梦探佚_全量文档体系_重整版_v4.2/07_语言声口章法与文学审计/02_第30步全文文学与证据双审/第30-B_工具人风险专项清单_v1.0.md,红楼梦探佚_全量文档体系_重整版_v4.2.zip,红楼梦探佚_全量文档体系_重整版_v4.2/07_语言声口章法与文学审计/02_第30步全文文学与证据双审/第30-B_工具人风险专项清单_v1.0.md,
7c59335f4ef3b754dde571193fe03c2f14cbc7ee4fed9c2ede044cc7abdcf662,第30-C_81—100人物声音审计_v1.0.md,YES,03_VALID_HISTORY/LITERARY_ECOLOGY/REFERENCE/7c59335f4e__第30-C_81—100人物声音审计_v1.0.md,VALID_HISTORY,LITERARY_ECOLOGY,REFERENCE,REFERENCE,P0,红楼梦探佚_全量文档体系_重整版_v4.2.zip::红楼梦探佚_全量文档体系_重整版_v4.2/07_语言声口章法与文学审计/02_第30步全文文学与证据双审/第30-C_81—100人物声音审计_v1.0.md,红楼梦探佚_全量文档体系_重整版_v4.2.zip,红楼梦探佚_全量文档体系_重整版_v4.2/07_语言声口章法与文学审计/02_第30步全文文学与证据双审/第30-C_81—100人物声音审计_v1.0.md,
6f8c975c82a66f0293009ae4a448edea93b4e75352c14b06e6565d0f692e2fcd,第30-C_人物声音去署名测试矩阵_v1.0.md,YES,03_VALID_HISTORY/LITERARY_ECOLOGY/REFERENCE/6f8c975c82__第30-C_人物声音去署名测试矩阵_v1.0.md,VALID_HISTORY,LITERARY_ECOLOGY,REFERENCE,REFERENCE,P0,红楼梦探佚_全量文档体系_重整版_v4.2.zip::红楼梦探佚_全量文档体系_重整版_v4.2/07_语言声口章法与文学审计/02_第30步全文文学与证据双审/第30-C_人物声音去署名测试矩阵_v1.0.md,红楼梦探佚_全量文档体系_重整版_v4.2.zip,红楼梦探佚_全量文档体系_重整版_v4.2/07_语言声口章法与文学审计/02_第30步全文文学与证据双审/第30-C_人物声音去署名测试矩阵_v1.0.md,
3c36d03764bdc99ed559c56f374bb5817083e234d854f0f2b3232cc494c64490,第30-D_81—100笑冷笔与闲笔审计_v1.0.md,YES,03_VALID_HISTORY/LITERARY_ECOLOGY/REFERENCE/3c36d03764__第30-D_81—100笑冷笔与闲笔审计_v1.0.md,VALID_HISTORY,LITERARY_ECOLOGY,REFERENCE,REFERENCE,P0,红楼梦探佚_全量文档体系_重整版_v4.2.zip::红楼梦探佚_全量文档体系_重整版_v4.2/07_语言声口章法与文学审计/02_第30步全文文学与证据双审/第30-D_81—100笑冷笔与闲笔审计_v1.0.md,红楼梦探佚_全量文档体系_重整版_v4.2.zip,红楼梦探佚_全量文档体系_重整版_v4.2/07_语言声口章法与文学审计/02_第30步全文文学与证据双审/第30-D_81—100笑冷笔与闲笔审计_v1.0.md,
b99e17fe0644fbc7f97b92ef91e19c01740f9dc048faf81567542abe6b4a8a28,第30-D_81—100闲笔与冷笔逐回矩阵_v1.0.md,YES,03_VALID_HISTORY/LITERARY_ECOLOGY/REFERENCE/b99e17fe06__第30-D_81—100闲笔与冷笔逐回矩阵_v1.0.md,VALID_HISTORY,LITERARY_ECOLOGY,REFERENCE,REFERENCE,P0,红楼梦探佚_全量文档体系_重整版_v4.2.zip::红楼梦探佚_全量文档体系_重整版_v4.2/07_语言声口章法与文学审计/02_第30步全文文学与证据双审/第30-D_81—100闲笔与冷笔逐回矩阵_v1.0.md,红楼梦探佚_全量文档体系_重整版_v4.2.zip,红楼梦探佚_全量文档体系_重整版_v4.2/07_语言声口章法与文学审计/02_第30步全文文学与证据双审/第30-D_81—100闲笔与冷笔逐回矩阵_v1.0.md,
019dfcbca4b0e41c405b17968efad4ff830b8a8a734c2a887e9c2beec8c28e6a,第30-E_81—100诗文生态审计_v1.0.md,YES,03_VALID_HISTORY/LITERARY_ECOLOGY/REFERENCE/019dfcbca4__第30-E_81—100诗文生态审计_v1.0.md,VALID_HISTORY,LITERARY_ECOLOGY,REFERENCE,REFERENCE,P0,红楼梦探佚_全量文档体系_重整版_v4.2.zip::红楼梦探佚_全量文档体系_重整版_v4.2/07_语言声口章法与文学审计/02_第30步全文文学与证据双审/第30-E_81—100诗文生态审计_v1.0.md,红楼梦探佚_全量文档体系_重整版_v4.2.zip,红楼梦探佚_全量文档体系_重整版_v4.2/07_语言声口章法与文学审计/02_第30步全文文学与证据双审/第30-E_81—100诗文生态审计_v1.0.md,
8ec15ed65d558c25e5e12e3e32f7267038275889658a26ebce00ffac0b1ef382,第30-E_诗词书信榜文文书声口功能矩阵_v1.0.md,YES,03_VALID_HISTORY/LITERARY_ECOLOGY/REFERENCE/8ec15ed65d__第30-E_诗词书信榜文文书声口功能矩阵_v1.0.md,VALID_HISTORY,LITERARY_ECOLOGY,REFERENCE,REFERENCE,P0,红楼梦探佚_全量文档体系_重整版_v4.2.zip::红楼梦探佚_全量文档体系_重整版_v4.2/07_语言声口章法与文学审计/02_第30步全文文学与证据双审/第30-E_诗词书信榜文文书声口功能矩阵_v1.0.md,红楼梦探佚_全量文档体系_重整版_v4.2.zip,红楼梦探佚_全量文档体系_重整版_v4.2/07_语言声口章法与文学审计/02_第30步全文文学与证据双审/第30-E_诗词书信榜文文书声口功能矩阵_v1.0.md,
d5d7084210ccb0b05c53ab1544e6217c3228660827d0312534f71d37d84ccf30,第30-F_81—100草蛇灰线审计_v1.0.md,YES,03_VALID_HISTORY/LITERARY_ECOLOGY/REFERENCE/d5d7084210__第30-F_81—100草蛇灰线审计_v1.0.md,VALID_HISTORY,LITERARY_ECOLOGY,REFERENCE,REFERENCE,P0,红楼梦探佚_全量文档体系_重整版_v4.2.zip::红楼梦探佚_全量文档体系_重整版_v4.2/07_语言声口章法与文学审计/02_第30步全文文学与证据双审/第30-F_81—100草蛇灰线审计_v1.0.md,红楼梦探佚_全量文档体系_重整版_v4.2.zip,红楼梦探佚_全量文档体系_重整版_v4.2/07_语言声口章法与文学审计/02_第30步全文文学与证据双审/第30-F_81—100草蛇灰线审计_v1.0.md,
02dc44b0437d6381f2d16b9eb5b91d22fa6f3d28bfb22ae27d825b3cc37c59e3,第30-F_草蛇灰线分层抽样矩阵_v1.0.md,YES,03_VALID_HISTORY/LITERARY_ECOLOGY/REFERENCE/02dc44b043__第30-F_草蛇灰线分层抽样矩阵_v1.0.md,VALID_HISTORY,LITERARY_ECOLOGY,REFERENCE,REFERENCE,P0,红楼梦探佚_全量文档体系_重整版_v4.2.zip::红楼梦探佚_全量文档体系_重整版_v4.2/07_语言声口章法与文学审计/02_第30步全文文学与证据双审/第30-F_草蛇灰线分层抽样矩阵_v1.0.md,红楼梦探佚_全量文档体系_重整版_v4.2.zip,红楼梦探佚_全量文档体系_重整版_v4.2/07_语言声口章法与文学审计/02_第30步全文文学与证据双审/第30-F_草蛇灰线分层抽样矩阵_v1.0.md,
123f054753ce27e87da1a086021f83e4c5586b23e22862af0c45d77c7ba8bfa6,第30-G_81—100盲读审计_v1.0.md,YES,03_VALID_HISTORY/REVIEW/AUDIT/123f054753__第30-G_81—100盲读审计_v1.0.md,VALID_HISTORY,REVIEW,AUDIT,NO,P1,红楼梦探佚_全量文档体系_重整版_v4.2.zip::红楼梦探佚_全量文档体系_重整版_v4.2/07_语言声口章法与文学审计/02_第30步全文文学与证据双审/第30-G_81—100盲读审计_v1.0.md,红楼梦探佚_全量文档体系_重整版_v4.2.zip,红楼梦探佚_全量文档体系_重整版_v4.2/07_语言声口章法与文学审计/02_第30步全文文学与证据双审/第30-G_81—100盲读审计_v1.0.md,
a2f9055404e5618cbaf9a760c618178a9da7991c1a507c1208099a194a40ad70,第30-G_历次遗留WATCH盲读终裁表_v1.0.md,YES,03_VALID_HISTORY/REVIEW/AUDIT/a2f9055404__第30-G_历次遗留WATCH盲读终裁表_v1.0.md,VALID_HISTORY,REVIEW,AUDIT,NO,P1,红楼梦探佚_全量文档体系_重整版_v4.2.zip::红楼梦探佚_全量文档体系_重整版_v4.2/07_语言声口章法与文学审计/02_第30步全文文学与证据双审/第30-G_历次遗留WATCH盲读终裁表_v1.0.md,红楼梦探佚_全量文档体系_重整版_v4.2.zip,红楼梦探佚_全量文档体系_重整版_v4.2/07_语言声口章法与文学审计/02_第30步全文文学与证据双审/第30-G_历次遗留WATCH盲读终裁表_v1.0.md,
c98f99fedc5845e95031dc58df8b234ece2e396007ec324ef0f3a92587a9a52e,第30-H1_R01—R43硬证兑现回归审计_v1.0.md,YES,03_VALID_HISTORY/REVIEW/AUDIT/c98f99fedc__第30-H1_R01—R43硬证兑现回归审计_v1.0.md,VALID_HISTORY,REVIEW,AUDIT,NO,P1,红楼梦探佚_全量文档体系_重整版_v4.2.zip::红楼梦探佚_全量文档体系_重整版_v4.2/07_语言声口章法与文学审计/02_第30步全文文学与证据双审/第30-H1_R01—R43硬证兑现回归审计_v1.0.md,红楼梦探佚_全量文档体系_重整版_v4.2.zip,红楼梦探佚_全量文档体系_重整版_v4.2/07_语言声口章法与文学审计/02_第30步全文文学与证据双审/第30-H1_R01—R43硬证兑现回归审计_v1.0.md,
6b70ef92d2734a93336cf69de8fd52feef9ad856b34f28ca93bdf278bfec5312,第30-H2_P01—P11硬偏序回归审计_v1.0.md,YES,03_VALID_HISTORY/REVIEW/AUDIT/6b70ef92d2__第30-H2_P01—P11硬偏序回归审计_v1.0.md,VALID_HISTORY,REVIEW,AUDIT,NO,P1,红楼梦探佚_全量文档体系_重整版_v4.2.zip::红楼梦探佚_全量文档体系_重整版_v4.2/07_语言声口章法与文学审计/02_第30步全文文学与证据双审/第30-H2_P01—P11硬偏序回归审计_v1.0.md,红楼梦探佚_全量文档体系_重整版_v4.2.zip,红楼梦探佚_全量文档体系_重整版_v4.2/07_语言声口章法与文学审计/02_第30步全文文学与证据双审/第30-H2_P01—P11硬偏序回归审计_v1.0.md,
1c276f6b2b3e4b808f4c4272d0f9bfc178b58f48f53fe77cf75aac2f9b4175e0,第30-H3_时间与历史机制回归审计_v1.0.md,YES,03_VALID_HISTORY/REVIEW/AUDIT/1c276f6b2b__第30-H3_时间与历史机制回归审计_v1.0.md,VALID_HISTORY,REVIEW,AUDIT,NO,P1,红楼梦探佚_全量文档体系_重整版_v4.2.zip::红楼梦探佚_全量文档体系_重整版_v4.2/07_语言声口章法与文学审计/02_第30步全文文学与证据双审/第30-H3_时间与历史机制回归审计_v1.0.md,红楼梦探佚_全量文档体系_重整版_v4.2.zip,红楼梦探佚_全量文档体系_重整版_v4.2/07_语言声口章法与文学审计/02_第30步全文文学与证据双审/第30-H3_时间与历史机制回归审计_v1.0.md,
106b24146aad728e3263094d7d5f979c829d00e68dc260bb5dd01f8354758771,第30-H4_人物连续性与开放项回归审计_v1.0.md,YES,03_VALID_HISTORY/REVIEW/AUDIT/106b24146a__第30-H4_人物连续性与开放项回归审计_v1.0.md,VALID_HISTORY,REVIEW,AUDIT,NO,P1,红楼梦探佚_全量文档体系_重整版_v4.2.zip::红楼梦探佚_全量文档体系_重整版_v4.2/07_语言声口章法与文学审计/02_第30步全文文学与证据双审/第30-H4_人物连续性与开放项回归审计_v1.0.md,红楼梦探佚_全量文档体系_重整版_v4.2.zip,红楼梦探佚_全量文档体系_重整版_v4.2/07_语言声口章法与文学审计/02_第30步全文文学与证据双审/第30-H4_人物连续性与开放项回归审计_v1.0.md,
028ecc76a0246722c2ebd89cc546cb914077364923bdaec7816c278f920f7d3a,第30-H5_传奇成本回归审计_v1.0.md,YES,03_VALID_HISTORY/REVIEW/AUDIT/028ecc76a0__第30-H5_传奇成本回归审计_v1.0.md,VALID_HISTORY,REVIEW,AUDIT,NO,P1,红楼梦探佚_全量文档体系_重整版_v4.2.zip::红楼梦探佚_全量文档体系_重整版_v4.2/07_语言声口章法与文学审计/02_第30步全文文学与证据双审/第30-H5_传奇成本回归审计_v1.0.md,红楼梦探佚_全量文档体系_重整版_v4.2.zip,红楼梦探佚_全量文档体系_重整版_v4.2/07_语言声口章法与文学审计/02_第30步全文文学与证据双审/第30-H5_传奇成本回归审计_v1.0.md,
fef44566b5fdb654d86695f86be1b858aea0c4228e9941bc5260df49074c9ae6,第30-H_原五轮证据审计回归与第30步总验收_v1.0.md,YES,03_VALID_HISTORY/REVIEW/AUDIT/fef44566b5__第30-H_原五轮证据审计回归与第30步总验收_v1.0.md,VALID_HISTORY,REVIEW,AUDIT,NO,P1,红楼梦探佚_全量文档体系_重整版_v4.2.zip::红楼梦探佚_全量文档体系_重整版_v4.2/07_语言声口章法与文学审计/02_第30步全文文学与证据双审/第30-H_原五轮证据审计回归与第30步总验收_v1.0.md,红楼梦探佚_全量文档体系_重整版_v4.2.zip,红楼梦探佚_全量文档体系_重整版_v4.2/07_语言声口章法与文学审计/02_第30步全文文学与证据双审/第30-H_原五轮证据审计回归与第30步总验收_v1.0.md,
4528daa7fd3e6344fb2cf3a5d07e831e33c826c469197c92418d71fae49039e5,第30步_81—100文学与证据双重审计_LOCK_v1.0.md,YES,03_VALID_HISTORY/RELEASE_HISTORY/VERSION_HISTORY/4528daa7fd__第30步_81—100文学与证据双重审计_LOCK_v1.0.md,VALID_HISTORY,RELEASE_HISTORY,VERSION_HISTORY,NO,P1,红楼梦探佚_全量文档体系_重整版_v4.2.zip::红楼梦探佚_全量文档体系_重整版_v4.2/07_语言声口章法与文学审计/02_第30步全文文学与证据双审/第30步_81—100文学与证据双重审计_LOCK_v1.0.md,红楼梦探佚_全量文档体系_重整版_v4.2.zip,红楼梦探佚_全量文档体系_重整版_v4.2/07_语言声口章法与文学审计/02_第30步全文文学与证据双审/第30步_81—100文学与证据双重审计_LOCK_v1.0.md,
65e68c62d1fd1dbddab6383effe41e5e940853005af9d976c8aad03723dccb87,第31-A_81—100字法与称谓统一报告_v1.0.md,YES,03_VALID_HISTORY/LITERARY_ECOLOGY/REFERENCE/65e68c62d1__第31-A_81—100字法与称谓统一报告_v1.0.md,VALID_HISTORY,LITERARY_ECOLOGY,REFERENCE,REFERENCE,P0,红楼梦探佚_全量文档体系_重整版_v4.2.zip::红楼梦探佚_全量文档体系_重整版_v4.2/07_语言声口章法与文学审计/03_第31步语言统一与版本治理/第31-A_81—100字法与称谓统一报告_v1.0.md,红楼梦探佚_全量文档体系_重整版_v4.2.zip,红楼梦探佚_全量文档体系_重整版_v4.2/07_语言声口章法与文学审计/03_第31步语言统一与版本治理/第31-A_81—100字法与称谓统一报告_v1.0.md,
5b450c642e0d3ea935a2240fb3726626a67adbc87da20f07cfb544fc26f56988,第31-B_81—100回目与章回套语统一报告_v1.0.md,YES,03_VALID_HISTORY/LITERARY_ECOLOGY/REFERENCE/5b450c642e__第31-B_81—100回目与章回套语统一报告_v1.0.md,VALID_HISTORY,LITERARY_ECOLOGY,REFERENCE,REFERENCE,P0,红楼梦探佚_全量文档体系_重整版_v4.2.zip::红楼梦探佚_全量文档体系_重整版_v4.2/07_语言声口章法与文学审计/03_第31步语言统一与版本治理/第31-B_81—100回目与章回套语统一报告_v1.0.md,红楼梦探佚_全量文档体系_重整版_v4.2.zip,红楼梦探佚_全量文档体系_重整版_v4.2/07_语言声口章法与文学审计/03_第31步语言统一与版本治理/第31-B_81—100回目与章回套语统一报告_v1.0.md,
d12ee5f0481cc750b1854cb8489d9ba0f8c6f7ecf87c5112b75774911e869eee,第31-B_回目与章回套语校定矩阵_v1.0.md,YES,03_VALID_HISTORY/LITERARY_ECOLOGY/REFERENCE/d12ee5f048__第31-B_回目与章回套语校定矩阵_v1.0.md,VALID_HISTORY,LITERARY_ECOLOGY,REFERENCE,REFERENCE,P0,红楼梦探佚_全量文档体系_重整版_v4.2.zip::红楼梦探佚_全量文档体系_重整版_v4.2/07_语言声口章法与文学审计/03_第31步语言统一与版本治理/第31-B_回目与章回套语校定矩阵_v1.0.md,红楼梦探佚_全量文档体系_重整版_v4.2.zip,红楼梦探佚_全量文档体系_重整版_v4.2/07_语言声口章法与文学审计/03_第31步语言统一与版本治理/第31-B_回目与章回套语校定矩阵_v1.0.md,
0a7fe112483b61eb8aea41fbb9fc1c5900f2f866273a566751f64d8bcf317320,第31-C_81—100诗文文书排版统一报告_v1.0.md,YES,03_VALID_HISTORY/GOVERNANCE/REFERENCE/0a7fe11248__第31-C_81—100诗文文书排版统一报告_v1.0.md,VALID_HISTORY,GOVERNANCE,REFERENCE,REFERENCE,P1,红楼梦探佚_全量文档体系_重整版_v4.2.zip::红楼梦探佚_全量文档体系_重整版_v4.2/07_语言声口章法与文学审计/03_第31步语言统一与版本治理/第31-C_81—100诗文文书排版统一报告_v1.0.md,红楼梦探佚_全量文档体系_重整版_v4.2.zip,红楼梦探佚_全量文档体系_重整版_v4.2/07_语言声口章法与文学审计/03_第31步语言统一与版本治理/第31-C_81—100诗文文书排版统一报告_v1.0.md,
cc3f4fad83e31c5715fedf829ccf823411943b5d10231b53609c41e108408ff8,第31-D_81—100语言词法与标点终统一报告_v1.0.md,YES,03_VALID_HISTORY/LITERARY_ECOLOGY/REFERENCE/cc3f4fad83__第31-D_81—100语言词法与标点终统一报告_v1.0.md,VALID_HISTORY,LITERARY_ECOLOGY,REFERENCE,REFERENCE,P0,红楼梦探佚_全量文档体系_重整版_v4.2.zip::红楼梦探佚_全量文档体系_重整版_v4.2/07_语言声口章法与文学审计/03_第31步语言统一与版本治理/第31-D_81—100语言词法与标点终统一报告_v1.0.md,红楼梦探佚_全量文档体系_重整版_v4.2.zip,红楼梦探佚_全量文档体系_重整版_v4.2/07_语言声口章法与文学审计/03_第31步语言统一与版本治理/第31-D_81—100语言词法与标点终统一报告_v1.0.md,
d7cfc96f70e9d15deb7697f3ca5913af22058a5670572fb7d36ab26ff62028e8,第31-E_第31步总验收与统一稿LOCK候选_v1.0.md,YES,03_VALID_HISTORY/RELEASE_HISTORY/VERSION_HISTORY/d7cfc96f70__第31-E_第31步总验收与统一稿LOCK候选_v1.0.md,VALID_HISTORY,RELEASE_HISTORY,VERSION_HISTORY,NO,P1,红楼梦探佚_全量文档体系_重整版_v4.2.zip::红楼梦探佚_全量文档体系_重整版_v4.2/07_语言声口章法与文学审计/03_第31步语言统一与版本治理/第31-E_第31步总验收与统一稿LOCK候选_v1.0.md,红楼梦探佚_全量文档体系_重整版_v4.2.zip,红楼梦探佚_全量文档体系_重整版_v4.2/07_语言声口章法与文学审计/03_第31步语言统一与版本治理/第31-E_第31步总验收与统一稿LOCK候选_v1.0.md,
94248d147b49ca1c601a395d5e960f070f18c46c9c8ada6b4ee2e32bed0d945d,第31-E_第31步累计差异白名单_v1.0.md,YES,03_VALID_HISTORY/ARCHIVE/HISTORICAL/94248d147b__第31-E_第31步累计差异白名单_v1.0.md,VALID_HISTORY,ARCHIVE,HISTORICAL,NO,P2,红楼梦探佚_全量文档体系_重整版_v4.2.zip::红楼梦探佚_全量文档体系_重整版_v4.2/07_语言声口章法与文学审计/03_第31步语言统一与版本治理/第31-E_第31步累计差异白名单_v1.0.md,红楼梦探佚_全量文档体系_重整版_v4.2.zip,红楼梦探佚_全量文档体系_重整版_v4.2/07_语言声口章法与文学审计/03_第31步语言统一与版本治理/第31-E_第31步累计差异白名单_v1.0.md,
cce353337e7eba822b05e0f769cbfaaac42a8bd7f15f80daf1ea028c09bc0193,第31步_81—100语言回目诗文统一_LOCK_v1.0.md,YES,03_VALID_HISTORY/RELEASE_HISTORY/VERSION_HISTORY/cce353337e__第31步_81—100语言回目诗文统一_LOCK_v1.0.md,VALID_HISTORY,RELEASE_HISTORY,VERSION_HISTORY,NO,P1,红楼梦探佚_全量文档体系_重整版_v4.2.zip::红楼梦探佚_全量文档体系_重整版_v4.2/07_语言声口章法与文学审计/03_第31步语言统一与版本治理/第31步_81—100语言回目诗文统一_LOCK_v1.0.md,红楼梦探佚_全量文档体系_重整版_v4.2.zip,红楼梦探佚_全量文档体系_重整版_v4.2/07_语言声口章法与文学审计/03_第31步语言统一与版本治理/第31步_81—100语言回目诗文统一_LOCK_v1.0.md,
6e626fe1f4b4464f90a2c2c2efc944f0771c64f0324b4340074ec2e20b780ab9,O10_第99—100回终局分工压力测试_v0.1.md,YES,03_VALID_HISTORY/RECONSTRUCTION/HISTORICAL_REFERENCE/6e626fe1f4__O10_第99—100回终局分工压力测试_v0.1.md,VALID_HISTORY,RECONSTRUCTION,HISTORICAL_REFERENCE,REFERENCE,P1,红楼梦探佚_全量文档体系_重整版_v4.2.zip::红楼梦探佚_全量文档体系_重整版_v4.2/08_历史机制/01_旧H01—H06与开放项机制研究/O10_第99—100回终局分工压力测试_v0.1.md,红楼梦探佚_全量文档体系_重整版_v4.2.zip,红楼梦探佚_全量文档体系_重整版_v4.2/08_历史机制/01_旧H01—H06与开放项机制研究/O10_第99—100回终局分工压力测试_v0.1.md,
5063aa4b08c0f432ccd1ce3affe35403df6ae501e2b23ebc8656e770f3ee7b09,清代机制核查_H01狱神庙_v0.1.md,YES,03_VALID_HISTORY/MECHANISM_RESEARCH/REFERENCE/5063aa4b08__清代机制核查_H01狱神庙_v0.1.md,VALID_HISTORY,MECHANISM_RESEARCH,REFERENCE,REFERENCE,P1,红楼梦探佚_全量文档体系_重整版_v4.2.zip::红楼梦探佚_全量文档体系_重整版_v4.2/08_历史机制/01_旧H01—H06与开放项机制研究/清代机制核查_H01狱神庙_v0.1.md,红楼梦探佚_全量文档体系_重整版_v4.2.zip,红楼梦探佚_全量文档体系_重整版_v4.2/08_历史机制/01_旧H01—H06与开放项机制研究/清代机制核查_H01狱神庙_v0.1.md,
f895eefe1ebb05d36b3cf2579036685b4b60283e3caa966c5654dcc0b5cd9304,清代机制核查_H02抄没与羁押_v0.1.md,YES,03_VALID_HISTORY/MECHANISM_RESEARCH/REFERENCE/f895eefe1e__清代机制核查_H02抄没与羁押_v0.1.md,VALID_HISTORY,MECHANISM_RESEARCH,REFERENCE,REFERENCE,P1,红楼梦探佚_全量文档体系_重整版_v4.2.zip::红楼梦探佚_全量文档体系_重整版_v4.2/08_历史机制/01_旧H01—H06与开放项机制研究/清代机制核查_H02抄没与羁押_v0.1.md,红楼梦探佚_全量文档体系_重整版_v4.2.zip,红楼梦探佚_全量文档体系_重整版_v4.2/08_历史机制/01_旧H01—H06与开放项机制研究/清代机制核查_H02抄没与羁押_v0.1.md,
69c77b68cbe5f9bb6fad4bbfa57275589ec76746d9559c49ae9fa45e77c1f97e,清代机制核查_H03服制与婚期_v0.1.md,YES,03_VALID_HISTORY/MECHANISM_RESEARCH/REFERENCE/69c77b68cb__清代机制核查_H03服制与婚期_v0.1.md,VALID_HISTORY,MECHANISM_RESEARCH,REFERENCE,REFERENCE,P1,红楼梦探佚_全量文档体系_重整版_v4.2.zip::红楼梦探佚_全量文档体系_重整版_v4.2/08_历史机制/01_旧H01—H06与开放项机制研究/清代机制核查_H03服制与婚期_v0.1.md,红楼梦探佚_全量文档体系_重整版_v4.2.zip,红楼梦探佚_全量文档体系_重整版_v4.2/08_历史机制/01_旧H01—H06与开放项机制研究/清代机制核查_H03服制与婚期_v0.1.md,
8786bbf96f258a201be9deb5baa8d2cd58b12f9082b30bda52a8f76437c15ee9,清代机制核查_H04居所与主婚权_v0.1.md,YES,03_VALID_HISTORY/MECHANISM_RESEARCH/REFERENCE/8786bbf96f__清代机制核查_H04居所与主婚权_v0.1.md,VALID_HISTORY,MECHANISM_RESEARCH,REFERENCE,REFERENCE,P1,红楼梦探佚_全量文档体系_重整版_v4.2.zip::红楼梦探佚_全量文档体系_重整版_v4.2/08_历史机制/01_旧H01—H06与开放项机制研究/清代机制核查_H04居所与主婚权_v0.1.md,红楼梦探佚_全量文档体系_重整版_v4.2.zip,红楼梦探佚_全量文档体系_重整版_v4.2/08_历史机制/01_旧H01—H06与开放项机制研究/清代机制核查_H04居所与主婚权_v0.1.md,
20cc84c24a402bffb114e0ba55be00222115c65560c3c275faf863300e9cfa40,清代机制核查_H05贫困状态_v0.1.md,YES,03_VALID_HISTORY/MECHANISM_RESEARCH/REFERENCE/20cc84c24a__清代机制核查_H05贫困状态_v0.1.md,VALID_HISTORY,MECHANISM_RESEARCH,REFERENCE,REFERENCE,P1,红楼梦探佚_全量文档体系_重整版_v4.2.zip::红楼梦探佚_全量文档体系_重整版_v4.2/08_历史机制/01_旧H01—H06与开放项机制研究/清代机制核查_H05贫困状态_v0.1.md,红楼梦探佚_全量文档体系_重整版_v4.2.zip,红楼梦探佚_全量文档体系_重整版_v4.2/08_历史机制/01_旧H01—H06与开放项机制研究/清代机制核查_H05贫困状态_v0.1.md,
730031a7d958b0a48e496f1ff295e12117d2b43b61354e896d2d5348f75ce0d6,清代机制核查_H06薛家援助_v0.1.md,YES,03_VALID_HISTORY/MECHANISM_RESEARCH/REFERENCE/730031a7d9__清代机制核查_H06薛家援助_v0.1.md,VALID_HISTORY,MECHANISM_RESEARCH,REFERENCE,REFERENCE,P1,红楼梦探佚_全量文档体系_重整版_v4.2.zip::红楼梦探佚_全量文档体系_重整版_v4.2/08_历史机制/01_旧H01—H06与开放项机制研究/清代机制核查_H06薛家援助_v0.1.md,红楼梦探佚_全量文档体系_重整版_v4.2.zip,红楼梦探佚_全量文档体系_重整版_v4.2/08_历史机制/01_旧H01—H06与开放项机制研究/清代机制核查_H06薛家援助_v0.1.md,
3e1e430112b18f0915b505849a42d7dc8590bf857649aa037c861da10c06206a,补充机制研究_贾兰功名与李纨因子得荣_v0.1_原H07.md,YES,03_VALID_HISTORY/MECHANISM_RESEARCH/REFERENCE/3e1e430112__补充机制研究_贾兰功名与李纨因子得荣_v0.1_原H07.md,VALID_HISTORY,MECHANISM_RESEARCH,REFERENCE,REFERENCE,P1,红楼梦探佚_全量文档体系_重整版_v4.2.zip::红楼梦探佚_全量文档体系_重整版_v4.2/08_历史机制/01_旧H01—H06与开放项机制研究/补充机制研究_贾兰功名与李纨因子得荣_v0.1_原H07.md,红楼梦探佚_全量文档体系_重整版_v4.2.zip,红楼梦探佚_全量文档体系_重整版_v4.2/08_历史机制/01_旧H01—H06与开放项机制研究/补充机制研究_贾兰功名与李纨因子得荣_v0.1_原H07.md,
ce6afd1f772b3e6de10ae676f3da544b3502b7211acc5b9c1195ec14287170f7,README_R3_一手史料复核状态.md,YES,03_VALID_HISTORY/REGISTRY/REFERENCE/ce6afd1f77__README_R3_一手史料复核状态.md,VALID_HISTORY,REGISTRY,REFERENCE,REFERENCE,P1,红楼梦探佚_全量文档体系_重整版_v4.2.zip::红楼梦探佚_全量文档体系_重整版_v4.2/08_历史机制/02_R3历史机制只读参考/README_R3_一手史料复核状态.md,红楼梦探佚_全量文档体系_重整版_v4.2.zip,红楼梦探佚_全量文档体系_重整版_v4.2/08_历史机制/02_R3历史机制只读参考/README_R3_一手史料复核状态.md,
79fc66b388bbfb6e4b7863b163ed5723ed46ad540a186e80fd426920bac5876f,README_使用边界.md,YES,03_VALID_HISTORY/REGISTRY/REFERENCE/79fc66b388__README_使用边界.md,VALID_HISTORY,REGISTRY,REFERENCE,REFERENCE,P1,红楼梦探佚_全量文档体系_重整版_v4.2.zip::红楼梦探佚_全量文档体系_重整版_v4.2/08_历史机制/02_R3历史机制只读参考/README_使用边界.md,红楼梦探佚_全量文档体系_重整版_v4.2.zip,红楼梦探佚_全量文档体系_重整版_v4.2/08_历史机制/02_R3历史机制只读参考/README_使用边界.md,
4cc010445af0c250f3648b8d75271299c84902f5237ce0964ace2d7ac92469fb,第32-A_红楼梦八十回后文学复原_纯读版_v1.0.docx,YES,03_VALID_HISTORY/IMPLEMENTATION/VERSION_HISTORY/4cc010445a__第32-A_红楼梦八十回后文学复原_纯读版_v1.0.docx,VALID_HISTORY,IMPLEMENTATION,VERSION_HISTORY,NO,P2,红楼梦探佚_全量文档体系_重整版_v4.2.zip::红楼梦探佚_全量文档体系_重整版_v4.2/09_正文基线与版本治理历史/01_第32步三版基线/第32-A_红楼梦八十回后文学复原_纯读版_v1.0.docx,红楼梦探佚_全量文档体系_重整版_v4.2.zip,红楼梦探佚_全量文档体系_重整版_v4.2/09_正文基线与版本治理历史/01_第32步三版基线/第32-A_红楼梦八十回后文学复原_纯读版_v1.0.docx,
3dba3eac83aac149412cf91592caab5635837f38918d4d83218c352ae3241799,第32-A_红楼梦八十回后文学复原_纯读版_v1.0.md,YES,03_VALID_HISTORY/IMPLEMENTATION/VERSION_HISTORY/3dba3eac83__第32-A_红楼梦八十回后文学复原_纯读版_v1.0.md,VALID_HISTORY,IMPLEMENTATION,VERSION_HISTORY,NO,P2,红楼梦探佚_全量文档体系_重整版_v4.2.zip::红楼梦探佚_全量文档体系_重整版_v4.2/09_正文基线与版本治理历史/01_第32步三版基线/第32-A_红楼梦八十回后文学复原_纯读版_v1.0.md,红楼梦探佚_全量文档体系_重整版_v4.2.zip,红楼梦探佚_全量文档体系_重整版_v4.2/09_正文基线与版本治理历史/01_第32步三版基线/第32-A_红楼梦八十回后文学复原_纯读版_v1.0.md,
2a0cae39b1dd2ace070efe5ac32fdb6ff25243eba7bb820825eca650d880999f,第32-B_红楼梦八十回后文学复原_学术版_v1.0.md,YES,03_VALID_HISTORY/RELEASE_HISTORY/VERSION_HISTORY/2a0cae39b1__第32-B_红楼梦八十回后文学复原_学术版_v1.0.md,VALID_HISTORY,RELEASE_HISTORY,VERSION_HISTORY,NO,P1,红楼梦探佚_全量文档体系_重整版_v4.2.zip::红楼梦探佚_全量文档体系_重整版_v4.2/09_正文基线与版本治理历史/01_第32步三版基线/第32-B_红楼梦八十回后文学复原_学术版_v1.0.md,红楼梦探佚_全量文档体系_重整版_v4.2.zip,红楼梦探佚_全量文档体系_重整版_v4.2/09_正文基线与版本治理历史/01_第32步三版基线/第32-B_红楼梦八十回后文学复原_学术版_v1.0.md,
6915514403db68e92cea9b586675f374aa0d2315757fcb0975bd746d3cdb3af1,第32-C_红楼梦八十回后文学复原_证据版_v1.0.md,YES,03_VALID_HISTORY/RELEASE_HISTORY/VERSION_HISTORY/6915514403__第32-C_红楼梦八十回后文学复原_证据版_v1.0.md,VALID_HISTORY,RELEASE_HISTORY,VERSION_HISTORY,NO,P1,红楼梦探佚_全量文档体系_重整版_v4.2.zip::红楼梦探佚_全量文档体系_重整版_v4.2/09_正文基线与版本治理历史/01_第32步三版基线/第32-C_红楼梦八十回后文学复原_证据版_v1.0.md,红楼梦探佚_全量文档体系_重整版_v4.2.zip,红楼梦探佚_全量文档体系_重整版_v4.2/09_正文基线与版本治理历史/01_第32步三版基线/第32-C_红楼梦八十回后文学复原_证据版_v1.0.md,
b4dcfe7ab7525340ffdac46648e06ff3aa9551ef30692f7a743c31019a1f12a9,第32-D_三版一致性总验收_v1.0.md,YES,03_VALID_HISTORY/RELEASE_HISTORY/VERSION_HISTORY/b4dcfe7ab7__第32-D_三版一致性总验收_v1.0.md,VALID_HISTORY,RELEASE_HISTORY,VERSION_HISTORY,NO,P1,红楼梦探佚_全量文档体系_重整版_v4.2.zip::红楼梦探佚_全量文档体系_重整版_v4.2/09_正文基线与版本治理历史/01_第32步三版基线/第32-D_三版一致性总验收_v1.0.md,红楼梦探佚_全量文档体系_重整版_v4.2.zip,红楼梦探佚_全量文档体系_重整版_v4.2/09_正文基线与版本治理历史/01_第32步三版基线/第32-D_三版一致性总验收_v1.0.md,
e5f38a330dde6312f100ad3e17c803681732a2ebb5985d6dc9689f8f7bd900a0,第32-D_三版正文逐回SHA256一致性表_v1.0.md,YES,03_VALID_HISTORY/RELEASE_HISTORY/VERSION_HISTORY/e5f38a330d__第32-D_三版正文逐回SHA256一致性表_v1.0.md,VALID_HISTORY,RELEASE_HISTORY,VERSION_HISTORY,NO,P1,红楼梦探佚_全量文档体系_重整版_v4.2.zip::红楼梦探佚_全量文档体系_重整版_v4.2/09_正文基线与版本治理历史/01_第32步三版基线/第32-D_三版正文逐回SHA256一致性表_v1.0.md,红楼梦探佚_全量文档体系_重整版_v4.2.zip,红楼梦探佚_全量文档体系_重整版_v4.2/09_正文基线与版本治理历史/01_第32步三版基线/第32-D_三版正文逐回SHA256一致性表_v1.0.md,
cf5cea537596a212b6731e7fa543cc8eaeef20a9cddd0a40a26b1c6e6e399c9f,第32步_最终成果索引_v1.0.md,YES,03_VALID_HISTORY/RELEASE_HISTORY/VERSION_HISTORY/cf5cea5375__第32步_最终成果索引_v1.0.md,VALID_HISTORY,RELEASE_HISTORY,VERSION_HISTORY,NO,P1,红楼梦探佚_全量文档体系_重整版_v4.2.zip::红楼梦探佚_全量文档体系_重整版_v4.2/09_正文基线与版本治理历史/01_第32步三版基线/第32步_最终成果索引_v1.0.md,红楼梦探佚_全量文档体系_重整版_v4.2.zip,红楼梦探佚_全量文档体系_重整版_v4.2/09_正文基线与版本治理历史/01_第32步三版基线/第32步_最终成果索引_v1.0.md,
4f01cbd3929751b7aa33e62ccddec5c043f692279c4c0844d8dbb84c643c0203,第32步_红楼梦八十回后文学复原三版定稿_LOCK_v1.0.md,YES,03_VALID_HISTORY/RELEASE_HISTORY/VERSION_HISTORY/4f01cbd392__第32步_红楼梦八十回后文学复原三版定稿_LOCK_v1.0.md,VALID_HISTORY,RELEASE_HISTORY,VERSION_HISTORY,NO,P1,红楼梦探佚_全量文档体系_重整版_v4.2.zip::红楼梦探佚_全量文档体系_重整版_v4.2/09_正文基线与版本治理历史/01_第32步三版基线/第32步_红楼梦八十回后文学复原三版定稿_LOCK_v1.0.md,红楼梦探佚_全量文档体系_重整版_v4.2.zip,红楼梦探佚_全量文档体系_重整版_v4.2/09_正文基线与版本治理历史/01_第32步三版基线/第32步_红楼梦八十回后文学复原三版定稿_LOCK_v1.0.md,
2537b13926b5b0bc4cab7a3d2a3b097c99087dcfe9deee314e05f4ba65d09f9a,81—100全幅文学补完第一轮优先级矩阵_v1.0.md,YES,03_VALID_HISTORY/ARCHIVE/HISTORICAL/2537b13926__81—100全幅文学补完第一轮优先级矩阵_v1.0.md,VALID_HISTORY,ARCHIVE,HISTORICAL,NO,P2,红楼梦探佚_全量文档体系_重整版_v4.2.zip::红楼梦探佚_全量文档体系_重整版_v4.2/09_正文基线与版本治理历史/02_v5启动基线/81—100全幅文学补完第一轮优先级矩阵_v1.0.md,红楼梦探佚_全量文档体系_重整版_v4.2.zip,红楼梦探佚_全量文档体系_重整版_v4.2/09_正文基线与版本治理历史/02_v5启动基线/81—100全幅文学补完第一轮优先级矩阵_v1.0.md,
2279e53f8a5a5e16b2a2ec716f8ed3da54ca809fab175807f1b7a9551f3cb8c1,旧禁写项重审登记_v1.0.md,YES,03_VALID_HISTORY/ARCHIVE/HISTORICAL/2279e53f8a__旧禁写项重审登记_v1.0.md,VALID_HISTORY,ARCHIVE,HISTORICAL,NO,P2,红楼梦探佚_全量文档体系_重整版_v4.2.zip::红楼梦探佚_全量文档体系_重整版_v4.2/09_正文基线与版本治理历史/02_v5启动基线/旧禁写项重审登记_v1.0.md,红楼梦探佚_全量文档体系_重整版_v4.2.zip,红楼梦探佚_全量文档体系_重整版_v4.2/09_正文基线与版本治理历史/02_v5启动基线/旧禁写项重审登记_v1.0.md,
86b5a8d52407aba91e609587fd4389117694d1af3268484ea7cfb3dc30f89e5b,第33步输入资产索引.md,YES,03_VALID_HISTORY/REGISTRY/REFERENCE/86b5a8d524__第33步输入资产索引.md,VALID_HISTORY,REGISTRY,REFERENCE,REFERENCE,P1,红楼梦探佚_全量文档体系_重整版_v4.2.zip::红楼梦探佚_全量文档体系_重整版_v4.2/09_正文基线与版本治理历史/02_v5启动基线/第33步输入资产索引.md,红楼梦探佚_全量文档体系_重整版_v4.2.zip,红楼梦探佚_全量文档体系_重整版_v4.2/09_正文基线与版本治理历史/02_v5启动基线/第33步输入资产索引.md,
b80d646964bab1f04a401c55ccf9139aa3b63faf9aa224921e6a6144d7cf91ab,红楼梦八十回后全幅文学补完大工程计划_v5.0.md,YES,03_VALID_HISTORY/GOVERNANCE/HISTORICAL/b80d646964__红楼梦八十回后全幅文学补完大工程计划_v5.0.md,VALID_HISTORY,GOVERNANCE,HISTORICAL,NO,P2,红楼梦探佚_全量文档体系_重整版_v4.2.zip::红楼梦探佚_全量文档体系_重整版_v4.2/09_正文基线与版本治理历史/02_v5启动基线/红楼梦八十回后全幅文学补完大工程计划_v5.0.md,红楼梦探佚_全量文档体系_重整版_v4.2.zip,红楼梦探佚_全量文档体系_重整版_v4.2/09_正文基线与版本治理历史/02_v5启动基线/红楼梦八十回后全幅文学补完大工程计划_v5.0.md,
0292382459fbc68b12ec922d8776dbfe968c95ec93bfa301cbdc380aff83f0d0,81—100_二十回全幅补完卡_v2.0_R3全量施工版.md,YES,03_VALID_HISTORY/RECONSTRUCTION/REFERENCE/0292382459__81—100_二十回全幅补完卡_v2.0_R3全量施工版.md,VALID_HISTORY,RECONSTRUCTION,REFERENCE,REFERENCE,P0,红楼梦探佚_全量文档体系_重整版_v4.2.zip::红楼梦探佚_全量文档体系_重整版_v4.2/09_正文基线与版本治理历史/03_R3总控与正文基线/81—100_二十回全幅补完卡_v2.0_R3全量施工版.md,红楼梦探佚_全量文档体系_重整版_v4.2.zip,红楼梦探佚_全量文档体系_重整版_v4.2/09_正文基线与版本治理历史/03_R3总控与正文基线/81—100_二十回全幅补完卡_v2.0_R3全量施工版.md,
82624776693fe92036d198341ffe5428d9dd432fc1b0cdb89148f44e60c4a8c6,81—100_保护锁与不可破坏细节表_v2.0_R3全量版.md,YES,03_VALID_HISTORY/LOCK/REFERENCE/8262477669__81—100_保护锁与不可破坏细节表_v2.0_R3全量版.md,VALID_HISTORY,LOCK,REFERENCE,REFERENCE,P0,红楼梦探佚_全量文档体系_重整版_v4.2.zip::红楼梦探佚_全量文档体系_重整版_v4.2/09_正文基线与版本治理历史/03_R3总控与正文基线/81—100_保护锁与不可破坏细节表_v2.0_R3全量版.md,红楼梦探佚_全量文档体系_重整版_v4.2.zip,红楼梦探佚_全量文档体系_重整版_v4.2/09_正文基线与版本治理历史/03_R3总控与正文基线/81—100_保护锁与不可破坏细节表_v2.0_R3全量版.md,
fad6de6970c6b3a8273f20f41a069cf586c725b00526954d6cd6be55909c8113,81—100_正文实施事实登记表_v1.1_R3同步版.md,YES,03_VALID_HISTORY/IMPLEMENTATION/REFERENCE/fad6de6970__81—100_正文实施事实登记表_v1.1_R3同步版.md,VALID_HISTORY,IMPLEMENTATION,REFERENCE,REFERENCE,P0,红楼梦探佚_全量文档体系_重整版_v4.2.zip::红楼梦探佚_全量文档体系_重整版_v4.2/09_正文基线与版本治理历史/03_R3总控与正文基线/81—100_正文实施事实登记表_v1.1_R3同步版.md,红楼梦探佚_全量文档体系_重整版_v4.2.zip,红楼梦探佚_全量文档体系_重整版_v4.2/09_正文基线与版本治理历史/03_R3总控与正文基线/81—100_正文实施事实登记表_v1.1_R3同步版.md,
0231d161d17080966136b7525bd79ddecbcff131b717276b79cef543f075798c,81—100_运行性前置状态总表_v1.7_R3同步版.md,YES,03_VALID_HISTORY/WORLD/REFERENCE/0231d161d1__81—100_运行性前置状态总表_v1.7_R3同步版.md,VALID_HISTORY,WORLD,REFERENCE,REFERENCE,P0,红楼梦探佚_全量文档体系_重整版_v4.2.zip::红楼梦探佚_全量文档体系_重整版_v4.2/09_正文基线与版本治理历史/03_R3总控与正文基线/81—100_运行性前置状态总表_v1.7_R3同步版.md,红楼梦探佚_全量文档体系_重整版_v4.2.zip,红楼梦探佚_全量文档体系_重整版_v4.2/09_正文基线与版本治理历史/03_R3总控与正文基线/81—100_运行性前置状态总表_v1.7_R3同步版.md,
e2a7a33638935f53558bdd9582680862d6a883293e96341769a7418bd2e51cd3,红楼梦八十回后佚稿复原_工作底稿_v2.11_R3全体系同步母本.md,YES,03_VALID_HISTORY/RECONSTRUCTION/REFERENCE/e2a7a33638__红楼梦八十回后佚稿复原_工作底稿_v2.11_R3全体系同步母本.md,VALID_HISTORY,RECONSTRUCTION,REFERENCE,REFERENCE,P0,红楼梦探佚_全量文档体系_重整版_v4.2.zip::红楼梦探佚_全量文档体系_重整版_v4.2/09_正文基线与版本治理历史/03_R3总控与正文基线/红楼梦八十回后佚稿复原_工作底稿_v2.11_R3全体系同步母本.md,红楼梦探佚_全量文档体系_重整版_v4.2.zip,红楼梦探佚_全量文档体系_重整版_v4.2/09_正文基线与版本治理历史/03_R3总控与正文基线/红楼梦八十回后佚稿复原_工作底稿_v2.11_R3全体系同步母本.md,
ad31389fdf0e1797e8bbacc6a60136e9453020fe1ea790acc2ae30e44799ceb5,红楼梦八十回后全幅文学补完大工程计划_v5.8_截至R3总整理与R4执行版.md,YES,03_VALID_HISTORY/GOVERNANCE/HISTORICAL/ad31389fdf__红楼梦八十回后全幅文学补完大工程计划_v5.8_截至R3总整理与R4执行版.md,VALID_HISTORY,GOVERNANCE,HISTORICAL,NO,P2,红楼梦探佚_全量文档体系_重整版_v4.2.zip::红楼梦探佚_全量文档体系_重整版_v4.2/09_正文基线与版本治理历史/03_R3总控与正文基线/红楼梦八十回后全幅文学补完大工程计划_v5.8_截至R3总整理与R4执行版.md,红楼梦探佚_全量文档体系_重整版_v4.2.zip,红楼梦探佚_全量文档体系_重整版_v4.2/09_正文基线与版本治理历史/03_R3总控与正文基线/红楼梦八十回后全幅文学补完大工程计划_v5.8_截至R3总整理与R4执行版.md,
3951814a3c23f34062f88745c8cc678742086bbce0f8360a9928876e3a4d364b,R4-A_来源见证复核报告_v1.0.md,YES,03_VALID_HISTORY/REVIEW/AUDIT/3951814a3c__R4-A_来源见证复核报告_v1.0.md,VALID_HISTORY,REVIEW,AUDIT,NO,P1,workspace:R4-A_来源见证复核报告_v1.0.md,红楼梦探佚_全量文档体系_重整版_v4.2.zip,红楼梦探佚_全量文档体系_重整版_v4.2/10_R4全链审计与纠偏全过程/01_R4-A—F/R4-A_来源见证复核报告_v1.0.md,
3dfbfffe2000cc65e25004f4975a2e3f43f8ea85d13c5ffbee88f0f1963c5047,R4-A_来源见证复核补遗_v1.1.md,YES,03_VALID_HISTORY/REVIEW/AUDIT/3dfbfffe20__R4-A_来源见证复核补遗_v1.1.md,VALID_HISTORY,REVIEW,AUDIT,NO,P1,workspace:R4-A_来源见证复核补遗_v1.1.md,红楼梦探佚_全量文档体系_重整版_v4.2.zip,红楼梦探佚_全量文档体系_重整版_v4.2/10_R4全链审计与纠偏全过程/01_R4-A—F/R4-A_来源见证复核补遗_v1.1.md,
23c6a1ba0addb5cd54bfaf38d65d371c153aba295acfbe2ea3d4bb85d4cb654e,R4-B_证据角色与字面目标复核报告_v1.0.md,YES,03_VALID_HISTORY/EVIDENCE/REFERENCE/23c6a1ba0a__R4-B_证据角色与字面目标复核报告_v1.0.md,VALID_HISTORY,EVIDENCE,REFERENCE,REFERENCE,P0,workspace:R4-B_证据角色与字面目标复核报告_v1.0.md,红楼梦探佚_全量文档体系_重整版_v4.2.zip,红楼梦探佚_全量文档体系_重整版_v4.2/10_R4全链审计与纠偏全过程/01_R4-A—F/R4-B_证据角色与字面目标复核报告_v1.0.md,
7588e65019db0f1bf421a27e276abd421bdaa2a4d646c2c01fe8ac1c3014d6bc,R4-C_v1.0_to_v1.1_局部位置修复.patch,YES,03_VALID_HISTORY/REVIEW/AUDIT/7588e65019__R4-C_v1.0_to_v1.1_局部位置修复.patch,VALID_HISTORY,REVIEW,AUDIT,NO,P1,workspace:R4-C_v1.0_to_v1.1_局部位置修复.patch,红楼梦探佚_全量文档体系_重整版_v4.2.zip,红楼梦探佚_全量文档体系_重整版_v4.2/10_R4全链审计与纠偏全过程/01_R4-A—F/R4-C_v1.0_to_v1.1_局部位置修复.patch,
a765477efde209b609d71e2be421d02f01afd16c7a589624e19a6a5ba71529c8,R4-C_回归复核报告_v1.1_PLACEMENT_PASS.md,YES,03_VALID_HISTORY/REVIEW/AUDIT/a765477efd__R4-C_回归复核报告_v1.1_PLACEMENT_PASS.md,VALID_HISTORY,REVIEW,AUDIT,NO,P1,workspace:R4-C_回归复核报告_v1.1_PLACEMENT_PASS.md,红楼梦探佚_全量文档体系_重整版_v4.2.zip,红楼梦探佚_全量文档体系_重整版_v4.2/10_R4全链审计与纠偏全过程/01_R4-A—F/R4-C_回归复核报告_v1.1_PLACEMENT_PASS.md,
584dc0ea89a5f6df71df191109a4512ff0363f36011f84ba2ba8b265273295cc,R4-C_回次位置与回目证据审计_v1.0.md,YES,03_VALID_HISTORY/REVIEW/AUDIT/584dc0ea89__R4-C_回次位置与回目证据审计_v1.0.md,VALID_HISTORY,REVIEW,AUDIT,NO,P1,workspace:R4-C_回次位置与回目证据审计_v1.0.md,红楼梦探佚_全量文档体系_重整版_v4.2.zip,红楼梦探佚_全量文档体系_重整版_v4.2/10_R4全链审计与纠偏全过程/01_R4-A—F/R4-C_回次位置与回目证据审计_v1.0.md,
172d3eeac7bbd157fb9b58080629cb48aaf714cd626a693e515e663ab9a13b71,R4-C_局部位置修复指令_v1.0.md,YES,03_VALID_HISTORY/REVIEW/AUDIT/172d3eeac7__R4-C_局部位置修复指令_v1.0.md,VALID_HISTORY,REVIEW,AUDIT,NO,P1,workspace:R4-C_局部位置修复指令_v1.0.md,红楼梦探佚_全量文档体系_重整版_v4.2.zip,红楼梦探佚_全量文档体系_重整版_v4.2/10_R4全链审计与纠偏全过程/01_R4-A—F/R4-C_局部位置修复指令_v1.0.md,
7facdcca6a4963b5a7617c8b08ddbf4f471934f66155322607e0623dc6d9e7f1,R4-D_Implementation正文实现审计_v1.0_IMPLEMENTATION_PASS.md,YES,03_VALID_HISTORY/REVIEW/AUDIT/7facdcca6a__R4-D_Implementation正文实现审计_v1.0_IMPLEMENTATION_PASS.md,VALID_HISTORY,REVIEW,AUDIT,NO,P1,workspace:R4-D_Implementation正文实现审计_v1.0_IMPLEMENTATION_PASS.md,红楼梦探佚_全量文档体系_重整版_v4.2.zip,红楼梦探佚_全量文档体系_重整版_v4.2/10_R4全链审计与纠偏全过程/01_R4-A—F/R4-D_Implementation正文实现审计_v1.0_IMPLEMENTATION_PASS.md,
e2f31e0d8ab0a4c9775461c7bcda05bce44d0c64325b2b9bb10eb2247390ac3d,R4-F_regression_R4G候选正文_v1.0_PASS.md,YES,03_VALID_HISTORY/REVIEW/AUDIT/e2f31e0d8a__R4-F_regression_R4G候选正文_v1.0_PASS.md,VALID_HISTORY,REVIEW,AUDIT,NO,P1,workspace:R4-F_regression_R4G候选正文_v1.0_PASS.md,红楼梦探佚_全量文档体系_重整版_v4.2.zip,红楼梦探佚_全量文档体系_重整版_v4.2/10_R4全链审计与纠偏全过程/01_R4-A—F/R4-F_regression_R4G候选正文_v1.0_PASS.md,
0e6ff7bbaa86e0e4bd44196f0968a9d5303dc85ef0292b57e2bd497da2db3773,R4-F_regression_R4G候选正文_v1.1_PASS.md,YES,03_VALID_HISTORY/REVIEW/AUDIT/0e6ff7bbaa__R4-F_regression_R4G候选正文_v1.1_PASS.md,VALID_HISTORY,REVIEW,AUDIT,NO,P1,workspace:R4-F_regression_R4G候选正文_v1.1_PASS.md,红楼梦探佚_全量文档体系_重整版_v4.2.zip,红楼梦探佚_全量文档体系_重整版_v4.2/10_R4全链审计与纠偏全过程/01_R4-A—F/R4-F_regression_R4G候选正文_v1.1_PASS.md,
5bc1ec800aa71bf44654b29d57e55c5252e2d105fda49a3dd17ac094dd0feb0a,R4_证据角色审计矩阵_v1.1_R4A完成.md,YES,03_VALID_HISTORY/EVIDENCE/REFERENCE/5bc1ec800a__R4_证据角色审计矩阵_v1.1_R4A完成.md,VALID_HISTORY,EVIDENCE,REFERENCE,REFERENCE,P0,workspace:R4_证据角色审计矩阵_v1.1_R4A完成.md,红楼梦探佚_全量文档体系_重整版_v4.2.zip,红楼梦探佚_全量文档体系_重整版_v4.2/10_R4全链审计与纠偏全过程/01_R4-A—F/R4_证据角色审计矩阵_v1.1_R4A完成.md,
7460edf4c57f99214ffac510d6329865029a75e8ac5a5e4dfd182e8663806deb,R4_证据角色审计矩阵_v1.2_R4B完成.md,YES,03_VALID_HISTORY/EVIDENCE/REFERENCE/7460edf4c5__R4_证据角色审计矩阵_v1.2_R4B完成.md,VALID_HISTORY,EVIDENCE,REFERENCE,REFERENCE,P0,workspace:R4_证据角色审计矩阵_v1.2_R4B完成.md,红楼梦探佚_全量文档体系_重整版_v4.2.zip,红楼梦探佚_全量文档体系_重整版_v4.2/10_R4全链审计与纠偏全过程/01_R4-A—F/R4_证据角色审计矩阵_v1.2_R4B完成.md,
e5cf297af2d808e3109d35d48b8cfe76eb108b7c4755f07f224c8457247d8fd5,R4_证据角色审计矩阵_v1.3_R4C审计.md,YES,03_VALID_HISTORY/EVIDENCE/REFERENCE/e5cf297af2__R4_证据角色审计矩阵_v1.3_R4C审计.md,VALID_HISTORY,EVIDENCE,REFERENCE,REFERENCE,P0,workspace:R4_证据角色审计矩阵_v1.3_R4C审计.md,红楼梦探佚_全量文档体系_重整版_v4.2.zip,红楼梦探佚_全量文档体系_重整版_v4.2/10_R4全链审计与纠偏全过程/01_R4-A—F/R4_证据角色审计矩阵_v1.3_R4C审计.md,
901670c629cb989beb74919f34a0f4d33336e44a5c82a14a521a0532f0991db8,R4_证据角色审计矩阵_v1.4_R4C_PASS.md,YES,03_VALID_HISTORY/EVIDENCE/REFERENCE/901670c629__R4_证据角色审计矩阵_v1.4_R4C_PASS.md,VALID_HISTORY,EVIDENCE,REFERENCE,REFERENCE,P0,workspace:R4_证据角色审计矩阵_v1.4_R4C_PASS.md,红楼梦探佚_全量文档体系_重整版_v4.2.zip,红楼梦探佚_全量文档体系_重整版_v4.2/10_R4全链审计与纠偏全过程/01_R4-A—F/R4_证据角色审计矩阵_v1.4_R4C_PASS.md,
cf1ab51af7af2f8828d30c8db1f9bbb38d04658aa2588fe1723a4ff63b553fe4,R4_证据角色审计矩阵_v1.5_R4D_PASS.md,YES,03_VALID_HISTORY/EVIDENCE/REFERENCE/cf1ab51af7__R4_证据角色审计矩阵_v1.5_R4D_PASS.md,VALID_HISTORY,EVIDENCE,REFERENCE,REFERENCE,P0,workspace:R4_证据角色审计矩阵_v1.5_R4D_PASS.md,红楼梦探佚_全量文档体系_重整版_v4.2.zip,红楼梦探佚_全量文档体系_重整版_v4.2/10_R4全链审计与纠偏全过程/01_R4-A—F/R4_证据角色审计矩阵_v1.5_R4D_PASS.md,
c5d239998aa9d529ae7dc908b2a3d2b4e63e813d0be328f5e5511903a5742143,R4_证据角色审计矩阵_v1.6_R4F_PASS.md,YES,03_VALID_HISTORY/EVIDENCE/REFERENCE/c5d239998a__R4_证据角色审计矩阵_v1.6_R4F_PASS.md,VALID_HISTORY,EVIDENCE,REFERENCE,REFERENCE,P0,workspace:R4_证据角色审计矩阵_v1.6_R4F_PASS.md,红楼梦探佚_全量文档体系_重整版_v4.2.zip,红楼梦探佚_全量文档体系_重整版_v4.2/10_R4全链审计与纠偏全过程/01_R4-A—F/R4_证据角色审计矩阵_v1.6_R4F_PASS.md,
0f1413d5b11abae81efe97a67d63786d2032923d00e466de7138fb8902238f6a,R4-G_Phase2_RG-92-01_A-B-C实验报告_v1.0_REVISE-B.md,YES,03_VALID_HISTORY/REVIEW/AUDIT/0f1413d5b1__R4-G_Phase2_RG-92-01_A-B-C实验报告_v1.0_REVISE-B.md,VALID_HISTORY,REVIEW,AUDIT,NO,P1,workspace:R4-G_Phase2_RG-92-01_A-B-C实验报告_v1.0_REVISE-B.md,红楼梦探佚_全量文档体系_重整版_v4.2.zip,红楼梦探佚_全量文档体系_重整版_v4.2/10_R4全链审计与纠偏全过程/02_R4-G_文学实验/R4-G_Phase2_RG-92-01_A-B-C实验报告_v1.0_REVISE-B.md,
871ffdb2755bb207577899d66135f36bc1d6dfd8645da0d0494c01b5e78b23e7,R4-G_Phase2_RG-92-01_A-B-C实验报告_v1.1_REVISE-B.md,YES,03_VALID_HISTORY/REVIEW/AUDIT/871ffdb275__R4-G_Phase2_RG-92-01_A-B-C实验报告_v1.1_REVISE-B.md,VALID_HISTORY,REVIEW,AUDIT,NO,P1,workspace:R4-G_Phase2_RG-92-01_A-B-C实验报告_v1.1_REVISE-B.md,红楼梦探佚_全量文档体系_重整版_v4.2.zip,红楼梦探佚_全量文档体系_重整版_v4.2/10_R4全链审计与纠偏全过程/02_R4-G_文学实验/R4-G_Phase2_RG-92-01_A-B-C实验报告_v1.1_REVISE-B.md,
462d2fc615c560220f932189921d64b6da4f67f7cbea1761ae56c0a1f49da16d,R4-G_Phase2_RG-92-01_A-B-C实验报告_v1.2_FINAL_REVISE-B.md,YES,03_VALID_HISTORY/REVIEW/AUDIT/462d2fc615__R4-G_Phase2_RG-92-01_A-B-C实验报告_v1.2_FINAL_REVISE-B.md,VALID_HISTORY,REVIEW,AUDIT,NO,P1,workspace:R4-G_Phase2_RG-92-01_A-B-C实验报告_v1.2_FINAL_REVISE-B.md,红楼梦探佚_全量文档体系_重整版_v4.2.zip,红楼梦探佚_全量文档体系_重整版_v4.2/10_R4全链审计与纠偏全过程/02_R4-G_文学实验/R4-G_Phase2_RG-92-01_A-B-C实验报告_v1.2_FINAL_REVISE-B.md,
e73dbcb5a249d552d58f9d0be591b56d31f3f990afbfc45acc42ee3be41607a6,R4-G_Phase2_第92_C_极简压缩版.md,YES,03_VALID_HISTORY/REVIEW/AUDIT/e73dbcb5a2__R4-G_Phase2_第92_C_极简压缩版.md,VALID_HISTORY,REVIEW,AUDIT,NO,P1,workspace:R4-G_Phase2_第92_C_极简压缩版.md,红楼梦探佚_全量文档体系_重整版_v4.2.zip,红楼梦探佚_全量文档体系_重整版_v4.2/10_R4全链审计与纠偏全过程/02_R4-G_文学实验/R4-G_Phase2_第92_C_极简压缩版.md,
0327ba6762adc85169bd3bf1bbe79a7ba7d55bdb96f5e1966248205c88dd545e,R4-G_Phase2_第92候选修订说明_v1.0.md,YES,03_VALID_HISTORY/REVIEW/AUDIT/0327ba6762__R4-G_Phase2_第92候选修订说明_v1.0.md,VALID_HISTORY,REVIEW,AUDIT,NO,P1,workspace:R4-G_Phase2_第92候选修订说明_v1.0.md,红楼梦探佚_全量文档体系_重整版_v4.2.zip,红楼梦探佚_全量文档体系_重整版_v4.2/10_R4全链审计与纠偏全过程/02_R4-G_文学实验/R4-G_Phase2_第92候选修订说明_v1.0.md,
6b3bc8a89105b7aa83dabc1a1bbb1c49706adae250bdf1edeb2733abf4e1cb6d,R4-G_Phase3_RG-97-01_妙玉压缩实验_v1.0_FINAL_REVISE-B.md,YES,03_VALID_HISTORY/REVIEW/AUDIT/6b3bc8a891__R4-G_Phase3_RG-97-01_妙玉压缩实验_v1.0_FINAL_REVISE-B.md,VALID_HISTORY,REVIEW,AUDIT,NO,P1,workspace:R4-G_Phase3_RG-97-01_妙玉压缩实验_v1.0_FINAL_REVISE-B.md,红楼梦探佚_全量文档体系_重整版_v4.2.zip,红楼梦探佚_全量文档体系_重整版_v4.2/10_R4全链审计与纠偏全过程/02_R4-G_文学实验/R4-G_Phase3_RG-97-01_妙玉压缩实验_v1.0_FINAL_REVISE-B.md,
c7f08458ce03b8ea38547818b2c0096fa0674cd60b9b8a16c9e2ff3e250c045a,R4-G_文学保护与越界审计_v1.0_PLOCK_LITERARY_PASS.md,YES,03_VALID_HISTORY/REVIEW/AUDIT/c7f08458ce__R4-G_文学保护与越界审计_v1.0_PLOCK_LITERARY_PASS.md,VALID_HISTORY,REVIEW,AUDIT,NO,P1,workspace:R4-G_文学保护与越界审计_v1.0_PLOCK_LITERARY_PASS.md,红楼梦探佚_全量文档体系_重整版_v4.2.zip,红楼梦探佚_全量文档体系_重整版_v4.2/10_R4全链审计与纠偏全过程/02_R4-G_文学实验/R4-G_文学保护与越界审计_v1.0_PLOCK_LITERARY_PASS.md,
331d48a3a8a774311400bfc1716e6278c8f146347d9263d10cf812e2798397ba,R4-H_稳定ACTIVE_v4.0放行报告_v1.0.md,YES,03_VALID_HISTORY/REVIEW/AUDIT/331d48a3a8__R4-H_稳定ACTIVE_v4.0放行报告_v1.0.md,VALID_HISTORY,REVIEW,AUDIT,NO,P1,workspace:R4-H_稳定ACTIVE_v4.0放行报告_v1.0.md,红楼梦探佚_全量文档体系_重整版_v4.2.zip,红楼梦探佚_全量文档体系_重整版_v4.2/10_R4全链审计与纠偏全过程/04_R4-H_最终放行/R4-H_稳定ACTIVE_v4.0放行报告_v1.0.md,
12b8682b3637c079c9219e38c0f05840653d6bc5d0f87df9e0b7246094d90f78,00_当前操作链索引_v4.0.md,YES,03_VALID_HISTORY/GOVERNANCE/HISTORICAL/12b8682b36__00_当前操作链索引_v4.0.md,VALID_HISTORY,GOVERNANCE,HISTORICAL,NO,P2,workspace:00_当前操作链索引_v4.0.md,红楼梦探佚_全量文档体系_重整版_v4.2.zip,红楼梦探佚_全量文档体系_重整版_v4.2/10_R4全链审计与纠偏全过程/05_R4中间版本链_只读/00_当前操作链索引_v4.0.md,
f1de52e99f65bcc86fa95910fc416dfc5332614e85cbc6bb72c2dffce8e29f2d,81—100_二十回全幅补完卡_v2.2_R4C位置修复版.md,YES,03_VALID_HISTORY/RECONSTRUCTION/REFERENCE/f1de52e99f__81—100_二十回全幅补完卡_v2.2_R4C位置修复版.md,VALID_HISTORY,RECONSTRUCTION,REFERENCE,REFERENCE,P0,workspace:81—100_二十回全幅补完卡_v2.2_R4C位置修复版.md,红楼梦探佚_全量文档体系_重整版_v4.2.zip,红楼梦探佚_全量文档体系_重整版_v4.2/10_R4全链审计与纠偏全过程/05_R4中间版本链_只读/81—100_二十回全幅补完卡_v2.2_R4C位置修复版.md,
423b4dc9fb813c678b29c0d30d679bcdf475c961ca9ee5759a1aed614774c881,81—100_二十回全幅补完卡_v2.3_R4D同步版.md,YES,03_VALID_HISTORY/RECONSTRUCTION/REFERENCE/423b4dc9fb__81—100_二十回全幅补完卡_v2.3_R4D同步版.md,VALID_HISTORY,RECONSTRUCTION,REFERENCE,REFERENCE,P0,workspace:81—100_二十回全幅补完卡_v2.3_R4D同步版.md,红楼梦探佚_全量文档体系_重整版_v4.2.zip,红楼梦探佚_全量文档体系_重整版_v4.2/10_R4全链审计与纠偏全过程/05_R4中间版本链_只读/81—100_二十回全幅补完卡_v2.3_R4D同步版.md,
c44c2007def0bb75a6d30f072eb6fcbe02bedcb977c8c0ffc8ad89a40f76ff9c,81—100_保护锁与不可破坏细节表_v2.2_R4G终审版.md,YES,03_VALID_HISTORY/LOCK/REFERENCE/c44c2007de__81—100_保护锁与不可破坏细节表_v2.2_R4G终审版.md,VALID_HISTORY,LOCK,REFERENCE,REFERENCE,P0,workspace:81—100_保护锁与不可破坏细节表_v2.2_R4G终审版.md,红楼梦探佚_全量文档体系_重整版_v4.2.zip,红楼梦探佚_全量文档体系_重整版_v4.2/10_R4全链审计与纠偏全过程/05_R4中间版本链_只读/81—100_保护锁与不可破坏细节表_v2.2_R4G终审版.md,
504954615f893439ab599787012a43fb4ae7f70704655f5ee4b3e668744516f8,81—100_正文实施事实登记表_v1.3_R4C位置修复版.md,YES,03_VALID_HISTORY/IMPLEMENTATION/REFERENCE/504954615f__81—100_正文实施事实登记表_v1.3_R4C位置修复版.md,VALID_HISTORY,IMPLEMENTATION,REFERENCE,REFERENCE,P0,workspace:81—100_正文实施事实登记表_v1.3_R4C位置修复版.md,红楼梦探佚_全量文档体系_重整版_v4.2.zip,红楼梦探佚_全量文档体系_重整版_v4.2/10_R4全链审计与纠偏全过程/05_R4中间版本链_只读/81—100_正文实施事实登记表_v1.3_R4C位置修复版.md,
2f4e108156c34ecaab360dc161826ed3e3e21da34cbb0fa3cae76d806ac621b7,81—100_正文实施事实登记表_v1.4_R4D同步版.md,YES,03_VALID_HISTORY/IMPLEMENTATION/REFERENCE/2f4e108156__81—100_正文实施事实登记表_v1.4_R4D同步版.md,VALID_HISTORY,IMPLEMENTATION,REFERENCE,REFERENCE,P0,workspace:81—100_正文实施事实登记表_v1.4_R4D同步版.md,红楼梦探佚_全量文档体系_重整版_v4.2.zip,红楼梦探佚_全量文档体系_重整版_v4.2/10_R4全链审计与纠偏全过程/05_R4中间版本链_只读/81—100_正文实施事实登记表_v1.4_R4D同步版.md,
bbc63c383b7abb79c6e02b64e77d810c6f61de1deb561fa5c891159c8ff0cbed,81—100_正文实施事实登记表_v1.5_R4F边界同步版.md,YES,03_VALID_HISTORY/IMPLEMENTATION/REFERENCE/bbc63c383b__81—100_正文实施事实登记表_v1.5_R4F边界同步版.md,VALID_HISTORY,IMPLEMENTATION,REFERENCE,REFERENCE,P0,workspace:81—100_正文实施事实登记表_v1.5_R4F边界同步版.md,红楼梦探佚_全量文档体系_重整版_v4.2.zip,红楼梦探佚_全量文档体系_重整版_v4.2/10_R4全链审计与纠偏全过程/05_R4中间版本链_只读/81—100_正文实施事实登记表_v1.5_R4F边界同步版.md,
fc3a4375120644edf5ade936d5eae26f3ebcb303f7d25f0b220c3be8ca330035,R4_活动链状态_v1.0_R4D_PASS.md,YES,03_VALID_HISTORY/GOVERNANCE/HISTORICAL/fc3a437512__R4_活动链状态_v1.0_R4D_PASS.md,VALID_HISTORY,GOVERNANCE,HISTORICAL,NO,P2,workspace:R4_活动链状态_v1.0_R4D_PASS.md,红楼梦探佚_全量文档体系_重整版_v4.2.zip,红楼梦探佚_全量文档体系_重整版_v4.2/10_R4全链审计与纠偏全过程/05_R4中间版本链_只读/R4_活动链状态_v1.0_R4D_PASS.md,
c618926334f36d3bf9de2de1a997ca8f72c70fc41568b7e6d0a84094716a94da,R4_活动链状态_v1.1_R4E_PASS.md,YES,03_VALID_HISTORY/GOVERNANCE/HISTORICAL/c618926334__R4_活动链状态_v1.1_R4E_PASS.md,VALID_HISTORY,GOVERNANCE,HISTORICAL,NO,P2,workspace:R4_活动链状态_v1.1_R4E_PASS.md,红楼梦探佚_全量文档体系_重整版_v4.2.zip,红楼梦探佚_全量文档体系_重整版_v4.2/10_R4全链审计与纠偏全过程/05_R4中间版本链_只读/R4_活动链状态_v1.1_R4E_PASS.md,
cc4e7b14bc06c5361f888788fbd1d5782e4141a15be85fc909d1978a6c132b43,R4_活动链状态_v1.2_R4F_PASS.md,YES,03_VALID_HISTORY/GOVERNANCE/HISTORICAL/cc4e7b14bc__R4_活动链状态_v1.2_R4F_PASS.md,VALID_HISTORY,GOVERNANCE,HISTORICAL,NO,P2,workspace:R4_活动链状态_v1.2_R4F_PASS.md,红楼梦探佚_全量文档体系_重整版_v4.2.zip,红楼梦探佚_全量文档体系_重整版_v4.2/10_R4全链审计与纠偏全过程/05_R4中间版本链_只读/R4_活动链状态_v1.2_R4F_PASS.md,
c1bfab152ae2e95f971fa999c2f47b6c94b80a1af4cf2aa2609a43c0742bf206,R4_活动链状态_v1.3_R4_COMPLETE.md,YES,03_VALID_HISTORY/GOVERNANCE/HISTORICAL/c1bfab152a__R4_活动链状态_v1.3_R4_COMPLETE.md,VALID_HISTORY,GOVERNANCE,HISTORICAL,NO,P2,workspace:R4_活动链状态_v1.3_R4_COMPLETE.md,红楼梦探佚_全量文档体系_重整版_v4.2.zip,红楼梦探佚_全量文档体系_重整版_v4.2/10_R4全链审计与纠偏全过程/05_R4中间版本链_只读/R4_活动链状态_v1.3_R4_COMPLETE.md,
8cc7a2a8c9aaeea62918cfcf270544160f7ac6a1169af0553d6d2041b0f34056,红楼梦八十回后全幅文学补完大工程计划_v5.9_R4通过版.md,YES,03_VALID_HISTORY/GOVERNANCE/HISTORICAL/8cc7a2a8c9__红楼梦八十回后全幅文学补完大工程计划_v5.9_R4通过版.md,VALID_HISTORY,GOVERNANCE,HISTORICAL,NO,P2,workspace:红楼梦八十回后全幅文学补完大工程计划_v5.9_R4通过版.md,红楼梦探佚_全量文档体系_重整版_v4.2.zip,红楼梦探佚_全量文档体系_重整版_v4.2/10_R4全链审计与纠偏全过程/05_R4中间版本链_只读/红楼梦八十回后全幅文学补完大工程计划_v5.9_R4通过版.md,
8c853f6e7e43d7b1805fa306eab1ece796e23e04f8759579707a4cf81c60f5b9,README_使用边界.md,YES,03_VALID_HISTORY/REGISTRY/REFERENCE/8c853f6e7e__README_使用边界.md,VALID_HISTORY,REGISTRY,REFERENCE,REFERENCE,P1,红楼梦探佚_全量文档体系_重整版_v4.2.zip::红楼梦探佚_全量文档体系_重整版_v4.2/10_R4全链审计与纠偏全过程/README_使用边界.md,红楼梦探佚_全量文档体系_重整版_v4.2.zip,红楼梦探佚_全量文档体系_重整版_v4.2/10_R4全链审计与纠偏全过程/README_使用边界.md,
f2227fd0f21d5bc78825bb30e1fa450d64c2b5d45dfda0e2a916df9665c7e622,81—100_二十回全幅补完卡_v1.0.md,YES,03_VALID_HISTORY/RECONSTRUCTION/REFERENCE/f2227fd0f2__81—100_二十回全幅补完卡_v1.0.md,VALID_HISTORY,RECONSTRUCTION,REFERENCE,REFERENCE,P0,红楼梦探佚_全量文档体系_重整版_v4.2.zip::红楼梦探佚_全量文档体系_重整版_v4.2/11_P0_R1_R2_R3审计与事故复盘/01_R3历史过程补档/81—100_二十回全幅补完卡_v1.0.md,红楼梦探佚_全量文档体系_重整版_v4.2.zip,红楼梦探佚_全量文档体系_重整版_v4.2/11_P0_R1_R2_R3审计与事故复盘/01_R3历史过程补档/81—100_二十回全幅补完卡_v1.0.md,
395773b9bc558a31ae9298e443ce24aecb2229a716253a8c1fe35d9ab78a98ab,81—100_二十回全幅补完卡_v1.1_P0回归版.md,YES,03_VALID_HISTORY/RECONSTRUCTION/REFERENCE/395773b9bc__81—100_二十回全幅补完卡_v1.1_P0回归版.md,VALID_HISTORY,RECONSTRUCTION,REFERENCE,REFERENCE,P0,红楼梦探佚_全量文档体系_重整版_v4.2.zip::红楼梦探佚_全量文档体系_重整版_v4.2/11_P0_R1_R2_R3审计与事故复盘/01_R3历史过程补档/81—100_二十回全幅补完卡_v1.1_P0回归版.md,红楼梦探佚_全量文档体系_重整版_v4.2.zip,红楼梦探佚_全量文档体系_重整版_v4.2/11_P0_R1_R2_R3审计与事故复盘/01_R3历史过程补档/81—100_二十回全幅补完卡_v1.1_P0回归版.md,
734718533ef8ced7cd358f583f9c247f7a90510c009d77cf9fe973d62e1c926e,81—100_二十回全幅补完卡_v1.2_V轴全量回归版.md,YES,03_VALID_HISTORY/EVIDENCE/REFERENCE/734718533e__81—100_二十回全幅补完卡_v1.2_V轴全量回归版.md,VALID_HISTORY,EVIDENCE,REFERENCE,REFERENCE,P0,红楼梦探佚_全量文档体系_重整版_v4.2.zip::红楼梦探佚_全量文档体系_重整版_v4.2/11_P0_R1_R2_R3审计与事故复盘/01_R3历史过程补档/81—100_二十回全幅补完卡_v1.2_V轴全量回归版.md,红楼梦探佚_全量文档体系_重整版_v4.2.zip,红楼梦探佚_全量文档体系_重整版_v4.2/11_P0_R1_R2_R3审计与事故复盘/01_R3历史过程补档/81—100_二十回全幅补完卡_v1.2_V轴全量回归版.md,
b594944a56f52d919b2dc853fb7fafea698bc7e5ba8fe6c455f62845b74804c4,81—100_二十回全幅补完卡_v1.3_C_D1裁定版.md,YES,03_VALID_HISTORY/RECONSTRUCTION/REFERENCE/b594944a56__81—100_二十回全幅补完卡_v1.3_C_D1裁定版.md,VALID_HISTORY,RECONSTRUCTION,REFERENCE,REFERENCE,P0,红楼梦探佚_全量文档体系_重整版_v4.2.zip::红楼梦探佚_全量文档体系_重整版_v4.2/11_P0_R1_R2_R3审计与事故复盘/01_R3历史过程补档/81—100_二十回全幅补完卡_v1.3_C_D1裁定版.md,红楼梦探佚_全量文档体系_重整版_v4.2.zip,红楼梦探佚_全量文档体系_重整版_v4.2/11_P0_R1_R2_R3审计与事故复盘/01_R3历史过程补档/81—100_二十回全幅补完卡_v1.3_C_D1裁定版.md,
4a51126d57efbe757accbd4306ce583ef6ff064a404be1880c3e3c689ea9ccb4,81—100_二十回全幅补完卡_v1.4_D2弱证裁定版.md,YES,03_VALID_HISTORY/RECONSTRUCTION/REFERENCE/4a51126d57__81—100_二十回全幅补完卡_v1.4_D2弱证裁定版.md,VALID_HISTORY,RECONSTRUCTION,REFERENCE,REFERENCE,P0,红楼梦探佚_全量文档体系_重整版_v4.2.zip::红楼梦探佚_全量文档体系_重整版_v4.2/11_P0_R1_R2_R3审计与事故复盘/01_R3历史过程补档/81—100_二十回全幅补完卡_v1.4_D2弱证裁定版.md,红楼梦探佚_全量文档体系_重整版_v4.2.zip,红楼梦探佚_全量文档体系_重整版_v4.2/11_P0_R1_R2_R3审计与事故复盘/01_R3历史过程补档/81—100_二十回全幅补完卡_v1.4_D2弱证裁定版.md,
4c190c48f816381d360216986f2813d07e55fa46999ee459ccc9f3ca7f140755,81—100_二十回全幅补完卡_v1.5_E回灌冻结版.md,YES,03_VALID_HISTORY/RECONSTRUCTION/REFERENCE/4c190c48f8__81—100_二十回全幅补完卡_v1.5_E回灌冻结版.md,VALID_HISTORY,RECONSTRUCTION,REFERENCE,REFERENCE,P0,红楼梦探佚_全量文档体系_重整版_v4.2.zip::红楼梦探佚_全量文档体系_重整版_v4.2/11_P0_R1_R2_R3审计与事故复盘/01_R3历史过程补档/81—100_二十回全幅补完卡_v1.5_E回灌冻结版.md,红楼梦探佚_全量文档体系_重整版_v4.2.zip,红楼梦探佚_全量文档体系_重整版_v4.2/11_P0_R1_R2_R3审计与事故复盘/01_R3历史过程补档/81—100_二十回全幅补完卡_v1.5_E回灌冻结版.md,
65098e219524248837eade26c2198a3e215e2c0f444b67919255bcf4c73fdf30,81—100_二十回全幅补完卡_v1.6_P0关闭施工版.md,YES,03_VALID_HISTORY/RECONSTRUCTION/REFERENCE/65098e2195__81—100_二十回全幅补完卡_v1.6_P0关闭施工版.md,VALID_HISTORY,RECONSTRUCTION,REFERENCE,REFERENCE,P0,红楼梦探佚_全量文档体系_重整版_v4.2.zip::红楼梦探佚_全量文档体系_重整版_v4.2/11_P0_R1_R2_R3审计与事故复盘/01_R3历史过程补档/81—100_二十回全幅补完卡_v1.6_P0关闭施工版.md,红楼梦探佚_全量文档体系_重整版_v4.2.zip,红楼梦探佚_全量文档体系_重整版_v4.2/11_P0_R1_R2_R3审计与事故复盘/01_R3历史过程补档/81—100_二十回全幅补完卡_v1.6_P0关闭施工版.md,
7fd75a6d9b22a43a838bdbe91303337c6f402866dfd797a646ac039a20655f11,81—100_人物新增诗文G层竞选总表_v1.0.md,YES,03_VALID_HISTORY/LITERARY_ECOLOGY/REFERENCE/7fd75a6d9b__81—100_人物新增诗文G层竞选总表_v1.0.md,VALID_HISTORY,LITERARY_ECOLOGY,REFERENCE,REFERENCE,P0,红楼梦探佚_全量文档体系_重整版_v4.2.zip::红楼梦探佚_全量文档体系_重整版_v4.2/11_P0_R1_R2_R3审计与事故复盘/01_R3历史过程补档/81—100_人物新增诗文G层竞选总表_v1.0.md,红楼梦探佚_全量文档体系_重整版_v4.2.zip,红楼梦探佚_全量文档体系_重整版_v4.2/11_P0_R1_R2_R3审计与事故复盘/01_R3历史过程补档/81—100_人物新增诗文G层竞选总表_v1.0.md,
b4dcb1fc369eab496167d237b84b7b88994b1e5652918508e0bc307d654912bc,81—100_作者层韵文配置与三案竞选总表_v1.0.md,YES,03_VALID_HISTORY/LITERARY_ECOLOGY/REFERENCE/b4dcb1fc36__81—100_作者层韵文配置与三案竞选总表_v1.0.md,VALID_HISTORY,LITERARY_ECOLOGY,REFERENCE,REFERENCE,P0,红楼梦探佚_全量文档体系_重整版_v4.2.zip::红楼梦探佚_全量文档体系_重整版_v4.2/11_P0_R1_R2_R3审计与事故复盘/01_R3历史过程补档/81—100_作者层韵文配置与三案竞选总表_v1.0.md,红楼梦探佚_全量文档体系_重整版_v4.2.zip,红楼梦探佚_全量文档体系_重整版_v4.2/11_P0_R1_R2_R3审计与事故复盘/01_R3历史过程补档/81—100_作者层韵文配置与三案竞选总表_v1.0.md,
52a50bd411dd2717cd47f4b82c1622b4786496e72359abb026fb02ce70d15eeb,81—100_作者层韵文配置与三案竞选总表_v1.1_P0回归版.md,YES,03_VALID_HISTORY/LITERARY_ECOLOGY/REFERENCE/52a50bd411__81—100_作者层韵文配置与三案竞选总表_v1.1_P0回归版.md,VALID_HISTORY,LITERARY_ECOLOGY,REFERENCE,REFERENCE,P0,红楼梦探佚_全量文档体系_重整版_v4.2.zip::红楼梦探佚_全量文档体系_重整版_v4.2/11_P0_R1_R2_R3审计与事故复盘/01_R3历史过程补档/81—100_作者层韵文配置与三案竞选总表_v1.1_P0回归版.md,红楼梦探佚_全量文档体系_重整版_v4.2.zip,红楼梦探佚_全量文档体系_重整版_v4.2/11_P0_R1_R2_R3审计与事故复盘/01_R3历史过程补档/81—100_作者层韵文配置与三案竞选总表_v1.1_P0回归版.md,
4d56ae1bed05a212c33f8bc1dc867605a50bdf40a3f2b0953fd1f292c82a1bd9,81—100_作者层韵文配置与三案竞选总表_v1.2_V轴全量回归版.md,YES,03_VALID_HISTORY/EVIDENCE/REFERENCE/4d56ae1bed__81—100_作者层韵文配置与三案竞选总表_v1.2_V轴全量回归版.md,VALID_HISTORY,EVIDENCE,REFERENCE,REFERENCE,P0,红楼梦探佚_全量文档体系_重整版_v4.2.zip::红楼梦探佚_全量文档体系_重整版_v4.2/11_P0_R1_R2_R3审计与事故复盘/01_R3历史过程补档/81—100_作者层韵文配置与三案竞选总表_v1.2_V轴全量回归版.md,红楼梦探佚_全量文档体系_重整版_v4.2.zip,红楼梦探佚_全量文档体系_重整版_v4.2/11_P0_R1_R2_R3审计与事故复盘/01_R3历史过程补档/81—100_作者层韵文配置与三案竞选总表_v1.2_V轴全量回归版.md,
6f30417c74b89de9f1b276acb784aed76119198e9d3c30161f2d6c1552f2c14e,81—100_作者层韵文配置与三案竞选总表_v1.3_C_D1裁定版.md,YES,03_VALID_HISTORY/LITERARY_ECOLOGY/REFERENCE/6f30417c74__81—100_作者层韵文配置与三案竞选总表_v1.3_C_D1裁定版.md,VALID_HISTORY,LITERARY_ECOLOGY,REFERENCE,REFERENCE,P0,红楼梦探佚_全量文档体系_重整版_v4.2.zip::红楼梦探佚_全量文档体系_重整版_v4.2/11_P0_R1_R2_R3审计与事故复盘/01_R3历史过程补档/81—100_作者层韵文配置与三案竞选总表_v1.3_C_D1裁定版.md,红楼梦探佚_全量文档体系_重整版_v4.2.zip,红楼梦探佚_全量文档体系_重整版_v4.2/11_P0_R1_R2_R3审计与事故复盘/01_R3历史过程补档/81—100_作者层韵文配置与三案竞选总表_v1.3_C_D1裁定版.md,
af9e8ef905a0f3d453eff365c086d9f70c041d884cf69d13f0c77f63bad0d815,81—100_保护锁与不可破坏细节表_v1.0.md,YES,03_VALID_HISTORY/LOCK/REFERENCE/af9e8ef905__81—100_保护锁与不可破坏细节表_v1.0.md,VALID_HISTORY,LOCK,REFERENCE,REFERENCE,P0,红楼梦探佚_全量文档体系_重整版_v4.2.zip::红楼梦探佚_全量文档体系_重整版_v4.2/11_P0_R1_R2_R3审计与事故复盘/01_R3历史过程补档/81—100_保护锁与不可破坏细节表_v1.0.md,红楼梦探佚_全量文档体系_重整版_v4.2.zip,红楼梦探佚_全量文档体系_重整版_v4.2/11_P0_R1_R2_R3审计与事故复盘/01_R3历史过程补档/81—100_保护锁与不可破坏细节表_v1.0.md,
a673fd7b2567a451e08d2c7173ab2fe0ccbe84a74cf0d93792d0583fea4d9567,81—100_保护锁与不可破坏细节表_v1.1_P0回归版.md,YES,03_VALID_HISTORY/LOCK/REFERENCE/a673fd7b25__81—100_保护锁与不可破坏细节表_v1.1_P0回归版.md,VALID_HISTORY,LOCK,REFERENCE,REFERENCE,P0,红楼梦探佚_全量文档体系_重整版_v4.2.zip::红楼梦探佚_全量文档体系_重整版_v4.2/11_P0_R1_R2_R3审计与事故复盘/01_R3历史过程补档/81—100_保护锁与不可破坏细节表_v1.1_P0回归版.md,红楼梦探佚_全量文档体系_重整版_v4.2.zip,红楼梦探佚_全量文档体系_重整版_v4.2/11_P0_R1_R2_R3审计与事故复盘/01_R3历史过程补档/81—100_保护锁与不可破坏细节表_v1.1_P0回归版.md,
1840d12d25424a164d326f9bab2de1c763278002600ea9bc6396e0832baffe58,81—100_保护锁与不可破坏细节表_v1.2_V轴全量回归版.md,YES,03_VALID_HISTORY/EVIDENCE/REFERENCE/1840d12d25__81—100_保护锁与不可破坏细节表_v1.2_V轴全量回归版.md,VALID_HISTORY,EVIDENCE,REFERENCE,REFERENCE,P0,红楼梦探佚_全量文档体系_重整版_v4.2.zip::红楼梦探佚_全量文档体系_重整版_v4.2/11_P0_R1_R2_R3审计与事故复盘/01_R3历史过程补档/81—100_保护锁与不可破坏细节表_v1.2_V轴全量回归版.md,红楼梦探佚_全量文档体系_重整版_v4.2.zip,红楼梦探佚_全量文档体系_重整版_v4.2/11_P0_R1_R2_R3审计与事故复盘/01_R3历史过程补档/81—100_保护锁与不可破坏细节表_v1.2_V轴全量回归版.md,
7c60c7ca5889a57412e646686bda30ecbab33189ee740d3bb8d5d7c24d63bf56,81—100_保护锁与不可破坏细节表_v1.3_C_D1裁定版.md,YES,03_VALID_HISTORY/LOCK/REFERENCE/7c60c7ca58__81—100_保护锁与不可破坏细节表_v1.3_C_D1裁定版.md,VALID_HISTORY,LOCK,REFERENCE,REFERENCE,P0,红楼梦探佚_全量文档体系_重整版_v4.2.zip::红楼梦探佚_全量文档体系_重整版_v4.2/11_P0_R1_R2_R3审计与事故复盘/01_R3历史过程补档/81—100_保护锁与不可破坏细节表_v1.3_C_D1裁定版.md,红楼梦探佚_全量文档体系_重整版_v4.2.zip,红楼梦探佚_全量文档体系_重整版_v4.2/11_P0_R1_R2_R3审计与事故复盘/01_R3历史过程补档/81—100_保护锁与不可破坏细节表_v1.3_C_D1裁定版.md,
0ee8383bcf2cb1eeaaf50d781542e1ba772f60ea7a12828d32062b2161375046,81—100_保护锁与不可破坏细节表_v1.4_D2弱证裁定版.md,YES,03_VALID_HISTORY/LOCK/REFERENCE/0ee8383bcf__81—100_保护锁与不可破坏细节表_v1.4_D2弱证裁定版.md,VALID_HISTORY,LOCK,REFERENCE,REFERENCE,P0,红楼梦探佚_全量文档体系_重整版_v4.2.zip::红楼梦探佚_全量文档体系_重整版_v4.2/11_P0_R1_R2_R3审计与事故复盘/01_R3历史过程补档/81—100_保护锁与不可破坏细节表_v1.4_D2弱证裁定版.md,红楼梦探佚_全量文档体系_重整版_v4.2.zip,红楼梦探佚_全量文档体系_重整版_v4.2/11_P0_R1_R2_R3审计与事故复盘/01_R3历史过程补档/81—100_保护锁与不可破坏细节表_v1.4_D2弱证裁定版.md,
dd892bbebcb4ddb4d7bb24537b667868e5a7203b36aa2e14a94f26bc5965f499,81—100_保护锁与不可破坏细节表_v1.5_E回灌冻结版.md,YES,03_VALID_HISTORY/LOCK/REFERENCE/dd892bbebc__81—100_保护锁与不可破坏细节表_v1.5_E回灌冻结版.md,VALID_HISTORY,LOCK,REFERENCE,REFERENCE,P0,红楼梦探佚_全量文档体系_重整版_v4.2.zip::红楼梦探佚_全量文档体系_重整版_v4.2/11_P0_R1_R2_R3审计与事故复盘/01_R3历史过程补档/81—100_保护锁与不可破坏细节表_v1.5_E回灌冻结版.md,红楼梦探佚_全量文档体系_重整版_v4.2.zip,红楼梦探佚_全量文档体系_重整版_v4.2/11_P0_R1_R2_R3审计与事故复盘/01_R3历史过程补档/81—100_保护锁与不可破坏细节表_v1.5_E回灌冻结版.md,
12bd007a7451cd2b30a385275a0157bc5a03b113e73b3e5b4385667777109396,81—100_保护锁与不可破坏细节表_v1.6_P0关闭版.md,YES,03_VALID_HISTORY/LOCK/REFERENCE/12bd007a74__81—100_保护锁与不可破坏细节表_v1.6_P0关闭版.md,VALID_HISTORY,LOCK,REFERENCE,REFERENCE,P0,红楼梦探佚_全量文档体系_重整版_v4.2.zip::红楼梦探佚_全量文档体系_重整版_v4.2/11_P0_R1_R2_R3审计与事故复盘/01_R3历史过程补档/81—100_保护锁与不可破坏细节表_v1.6_P0关闭版.md,红楼梦探佚_全量文档体系_重整版_v4.2.zip,红楼梦探佚_全量文档体系_重整版_v4.2/11_P0_R1_R2_R3审计与事故复盘/01_R3历史过程补档/81—100_保护锁与不可破坏细节表_v1.6_P0关闭版.md,
2371bc542fba79484859103dfb44a8e7b3fc0c231d963f983d389c75ff8f0597,81—100_医学身体饮食婚丧礼俗补完表_v1.0.md,YES,03_VALID_HISTORY/WORLD_LITERARY/REFERENCE/2371bc542f__81—100_医学身体饮食婚丧礼俗补完表_v1.0.md,VALID_HISTORY,WORLD_LITERARY,REFERENCE,REFERENCE,P0,红楼梦探佚_全量文档体系_重整版_v4.2.zip::红楼梦探佚_全量文档体系_重整版_v4.2/11_P0_R1_R2_R3审计与事故复盘/01_R3历史过程补档/81—100_医学身体饮食婚丧礼俗补完表_v1.0.md,红楼梦探佚_全量文档体系_重整版_v4.2.zip,红楼梦探佚_全量文档体系_重整版_v4.2/11_P0_R1_R2_R3审计与事故复盘/01_R3历史过程补档/81—100_医学身体饮食婚丧礼俗补完表_v1.0.md,
467d7ba914bd4e3826b0f99903c5e2656cf4be3a9875eae7e54958d8fa844267,81—100_十二维文学文化缺口总表_v1.0.md,YES,03_VALID_HISTORY/PLANNING/REFERENCE/467d7ba914__81—100_十二维文学文化缺口总表_v1.0.md,VALID_HISTORY,PLANNING,REFERENCE,REFERENCE,P0,红楼梦探佚_全量文档体系_重整版_v4.2.zip::红楼梦探佚_全量文档体系_重整版_v4.2/11_P0_R1_R2_R3审计与事故复盘/01_R3历史过程补档/81—100_十二维文学文化缺口总表_v1.0.md,红楼梦探佚_全量文档体系_重整版_v4.2.zip,红楼梦探佚_全量文档体系_重整版_v4.2/11_P0_R1_R2_R3审计与事故复盘/01_R3历史过程补档/81—100_十二维文学文化缺口总表_v1.0.md,
96d933a21dca1898acdeea81f5e8e6c8e2c1ddbaf54a431cb1774770e4038328,81—100_十二维文学文化缺口总表_v1.1_P0回归版.md,YES,03_VALID_HISTORY/PLANNING/REFERENCE/96d933a21d__81—100_十二维文学文化缺口总表_v1.1_P0回归版.md,VALID_HISTORY,PLANNING,REFERENCE,REFERENCE,P0,红楼梦探佚_全量文档体系_重整版_v4.2.zip::红楼梦探佚_全量文档体系_重整版_v4.2/11_P0_R1_R2_R3审计与事故复盘/01_R3历史过程补档/81—100_十二维文学文化缺口总表_v1.1_P0回归版.md,红楼梦探佚_全量文档体系_重整版_v4.2.zip,红楼梦探佚_全量文档体系_重整版_v4.2/11_P0_R1_R2_R3审计与事故复盘/01_R3历史过程补档/81—100_十二维文学文化缺口总表_v1.1_P0回归版.md,
4a278878a464c882820e97d2127f3e2691bbbae09cb917f590b83511bca1ef56,81—100_十二维文学文化缺口总表_v1.2_V轴全量回归版.md,YES,03_VALID_HISTORY/EVIDENCE/REFERENCE/4a278878a4__81—100_十二维文学文化缺口总表_v1.2_V轴全量回归版.md,VALID_HISTORY,EVIDENCE,REFERENCE,REFERENCE,P0,红楼梦探佚_全量文档体系_重整版_v4.2.zip::红楼梦探佚_全量文档体系_重整版_v4.2/11_P0_R1_R2_R3审计与事故复盘/01_R3历史过程补档/81—100_十二维文学文化缺口总表_v1.2_V轴全量回归版.md,红楼梦探佚_全量文档体系_重整版_v4.2.zip,红楼梦探佚_全量文档体系_重整版_v4.2/11_P0_R1_R2_R3审计与事故复盘/01_R3历史过程补档/81—100_十二维文学文化缺口总表_v1.2_V轴全量回归版.md,
339ff907b75562fd97bafb891c7c4e0946199e6ff644506c3c2a4dd5acc01c01,81—100_十二维文学文化缺口总表_v1.3_C_D1裁定版.md,YES,03_VALID_HISTORY/PLANNING/REFERENCE/339ff907b7__81—100_十二维文学文化缺口总表_v1.3_C_D1裁定版.md,VALID_HISTORY,PLANNING,REFERENCE,REFERENCE,P0,红楼梦探佚_全量文档体系_重整版_v4.2.zip::红楼梦探佚_全量文档体系_重整版_v4.2/11_P0_R1_R2_R3审计与事故复盘/01_R3历史过程补档/81—100_十二维文学文化缺口总表_v1.3_C_D1裁定版.md,红楼梦探佚_全量文档体系_重整版_v4.2.zip,红楼梦探佚_全量文档体系_重整版_v4.2/11_P0_R1_R2_R3审计与事故复盘/01_R3历史过程补档/81—100_十二维文学文化缺口总表_v1.3_C_D1裁定版.md,
140b0b3084d040a21f5eae2b9df8c820e74ec024b4bd319ffc8b5f3a4b1fcea1,81—100_哲学宗教梦境情榜太虚深化方案_v1.0.md,YES,03_VALID_HISTORY/LITERARY_ECOLOGY/REFERENCE/140b0b3084__81—100_哲学宗教梦境情榜太虚深化方案_v1.0.md,VALID_HISTORY,LITERARY_ECOLOGY,REFERENCE,REFERENCE,P0,红楼梦探佚_全量文档体系_重整版_v4.2.zip::红楼梦探佚_全量文档体系_重整版_v4.2/11_P0_R1_R2_R3审计与事故复盘/01_R3历史过程补档/81—100_哲学宗教梦境情榜太虚深化方案_v1.0.md,红楼梦探佚_全量文档体系_重整版_v4.2.zip,红楼梦探佚_全量文档体系_重整版_v4.2/11_P0_R1_R2_R3审计与事故复盘/01_R3历史过程补档/81—100_哲学宗教梦境情榜太虚深化方案_v1.0.md,
35c9a70cb3aadbc674d524c28fbae0d17d3cd8a9521540fdff84d47ad563992a,81—100_旧文化生活定向补完表_v1.0.md,YES,03_VALID_HISTORY/LITERARY_ECOLOGY/REFERENCE/35c9a70cb3__81—100_旧文化生活定向补完表_v1.0.md,VALID_HISTORY,LITERARY_ECOLOGY,REFERENCE,REFERENCE,P0,红楼梦探佚_全量文档体系_重整版_v4.2.zip::红楼梦探佚_全量文档体系_重整版_v4.2/11_P0_R1_R2_R3审计与事故复盘/01_R3历史过程补档/81—100_旧文化生活定向补完表_v1.0.md,红楼梦探佚_全量文档体系_重整版_v4.2.zip,红楼梦探佚_全量文档体系_重整版_v4.2/11_P0_R1_R2_R3审计与事故复盘/01_R3历史过程补档/81—100_旧文化生活定向补完表_v1.0.md,
2d711c0fa4150adef3a5af9671a5092c0f155f60e5505ef73b504e7dc1602cf7,81—100_社会基础设施现金流职业世界总表_v1.0.md,YES,03_VALID_HISTORY/WORLD/REFERENCE/2d711c0fa4__81—100_社会基础设施现金流职业世界总表_v1.0.md,VALID_HISTORY,WORLD,REFERENCE,REFERENCE,P0,红楼梦探佚_全量文档体系_重整版_v4.2.zip::红楼梦探佚_全量文档体系_重整版_v4.2/11_P0_R1_R2_R3审计与事故复盘/01_R3历史过程补档/81—100_社会基础设施现金流职业世界总表_v1.0.md,红楼梦探佚_全量文档体系_重整版_v4.2.zip,红楼梦探佚_全量文档体系_重整版_v4.2/11_P0_R1_R2_R3审计与事故复盘/01_R3历史过程补档/81—100_社会基础设施现金流职业世界总表_v1.0.md,
e0951a7671658a4d8fc4af32ee34cb682e62538352b5350172b6a83b14ee1538,81—100_社会基础设施现金流职业世界总表_v1.1_D2弱证回归版.md,YES,03_VALID_HISTORY/WORLD/REFERENCE/e0951a7671__81—100_社会基础设施现金流职业世界总表_v1.1_D2弱证回归版.md,VALID_HISTORY,WORLD,REFERENCE,REFERENCE,P0,红楼梦探佚_全量文档体系_重整版_v4.2.zip::红楼梦探佚_全量文档体系_重整版_v4.2/11_P0_R1_R2_R3审计与事故复盘/01_R3历史过程补档/81—100_社会基础设施现金流职业世界总表_v1.1_D2弱证回归版.md,红楼梦探佚_全量文档体系_重整版_v4.2.zip,红楼梦探佚_全量文档体系_重整版_v4.2/11_P0_R1_R2_R3审计与事故复盘/01_R3历史过程补档/81—100_社会基础设施现金流职业世界总表_v1.1_D2弱证回归版.md,
f2ff147b1ecbc574691dac6a7c1e3f939be0b1186e48f45ebe1b756a568d95df,81—100_被压缩形成过程与社会过程补完总表_v1.0.md,YES,03_VALID_HISTORY/PLANNING/REFERENCE/f2ff147b1e__81—100_被压缩形成过程与社会过程补完总表_v1.0.md,VALID_HISTORY,PLANNING,REFERENCE,REFERENCE,P0,红楼梦探佚_全量文档体系_重整版_v4.2.zip::红楼梦探佚_全量文档体系_重整版_v4.2/11_P0_R1_R2_R3审计与事故复盘/01_R3历史过程补档/81—100_被压缩形成过程与社会过程补完总表_v1.0.md,红楼梦探佚_全量文档体系_重整版_v4.2.zip,红楼梦探佚_全量文档体系_重整版_v4.2/11_P0_R1_R2_R3审计与事故复盘/01_R3历史过程补档/81—100_被压缩形成过程与社会过程补完总表_v1.0.md,
1a486c64bc0dcce84a638ee684052626b08607094c33159efeaf3123e24c7b82,81—100_被压缩形成过程与社会过程补完总表_v1.1_P0回归版.md,YES,03_VALID_HISTORY/PLANNING/REFERENCE/1a486c64bc__81—100_被压缩形成过程与社会过程补完总表_v1.1_P0回归版.md,VALID_HISTORY,PLANNING,REFERENCE,REFERENCE,P0,红楼梦探佚_全量文档体系_重整版_v4.2.zip::红楼梦探佚_全量文档体系_重整版_v4.2/11_P0_R1_R2_R3审计与事故复盘/01_R3历史过程补档/81—100_被压缩形成过程与社会过程补完总表_v1.1_P0回归版.md,红楼梦探佚_全量文档体系_重整版_v4.2.zip,红楼梦探佚_全量文档体系_重整版_v4.2/11_P0_R1_R2_R3审计与事故复盘/01_R3历史过程补档/81—100_被压缩形成过程与社会过程补完总表_v1.1_P0回归版.md,
88f96cc22c7debba3333afa0871fdc0547d0fc2f319325a0eac617f52de60bd2,81—100_被压缩形成过程与社会过程补完总表_v1.2_V轴全量回归版.md,YES,03_VALID_HISTORY/EVIDENCE/REFERENCE/88f96cc22c__81—100_被压缩形成过程与社会过程补完总表_v1.2_V轴全量回归版.md,VALID_HISTORY,EVIDENCE,REFERENCE,REFERENCE,P0,红楼梦探佚_全量文档体系_重整版_v4.2.zip::红楼梦探佚_全量文档体系_重整版_v4.2/11_P0_R1_R2_R3审计与事故复盘/01_R3历史过程补档/81—100_被压缩形成过程与社会过程补完总表_v1.2_V轴全量回归版.md,红楼梦探佚_全量文档体系_重整版_v4.2.zip,红楼梦探佚_全量文档体系_重整版_v4.2/11_P0_R1_R2_R3审计与事故复盘/01_R3历史过程补档/81—100_被压缩形成过程与社会过程补完总表_v1.2_V轴全量回归版.md,
9635dc9dad76056dc3ef1e643963b069d00680d758018349fa8908240ed20ec4,81—100_被压缩形成过程与社会过程补完总表_v1.3_C_D1裁定版.md,YES,03_VALID_HISTORY/PLANNING/REFERENCE/9635dc9dad__81—100_被压缩形成过程与社会过程补完总表_v1.3_C_D1裁定版.md,VALID_HISTORY,PLANNING,REFERENCE,REFERENCE,P0,红楼梦探佚_全量文档体系_重整版_v4.2.zip::红楼梦探佚_全量文档体系_重整版_v4.2/11_P0_R1_R2_R3审计与事故复盘/01_R3历史过程补档/81—100_被压缩形成过程与社会过程补完总表_v1.3_C_D1裁定版.md,红楼梦探佚_全量文档体系_重整版_v4.2.zip,红楼梦探佚_全量文档体系_重整版_v4.2/11_P0_R1_R2_R3审计与事故复盘/01_R3历史过程补档/81—100_被压缩形成过程与社会过程补完总表_v1.3_C_D1裁定版.md,
9437bda004dc1030b4a3901ce0610c4ec0b865c502112934d5abfdde9b707de4,81—100_被压缩形成过程与社会过程补完总表_v1.4_D2弱证裁定版.md,YES,03_VALID_HISTORY/PLANNING/REFERENCE/9437bda004__81—100_被压缩形成过程与社会过程补完总表_v1.4_D2弱证裁定版.md,VALID_HISTORY,PLANNING,REFERENCE,REFERENCE,P0,红楼梦探佚_全量文档体系_重整版_v4.2.zip::红楼梦探佚_全量文档体系_重整版_v4.2/11_P0_R1_R2_R3审计与事故复盘/01_R3历史过程补档/81—100_被压缩形成过程与社会过程补完总表_v1.4_D2弱证裁定版.md,红楼梦探佚_全量文档体系_重整版_v4.2.zip,红楼梦探佚_全量文档体系_重整版_v4.2/11_P0_R1_R2_R3审计与事故复盘/01_R3历史过程补档/81—100_被压缩形成过程与社会过程补完总表_v1.4_D2弱证裁定版.md,
d9f57feeb7fbbbf9df56f7a23b3e3ffcf4e5ba736d3965d6b95ca30a947d91b1,81—100_运行性前置状态总表_v1.0.md,YES,03_VALID_HISTORY/WORLD/REFERENCE/d9f57feeb7__81—100_运行性前置状态总表_v1.0.md,VALID_HISTORY,WORLD,REFERENCE,REFERENCE,P0,红楼梦探佚_全量文档体系_重整版_v4.2.zip::红楼梦探佚_全量文档体系_重整版_v4.2/11_P0_R1_R2_R3审计与事故复盘/01_R3历史过程补档/81—100_运行性前置状态总表_v1.0.md,红楼梦探佚_全量文档体系_重整版_v4.2.zip,红楼梦探佚_全量文档体系_重整版_v4.2/11_P0_R1_R2_R3审计与事故复盘/01_R3历史过程补档/81—100_运行性前置状态总表_v1.0.md,
32e817a5b185ae6b7bb37329cf26a7b873510703a91d7a2f88737d213c114cc6,81—100_运行性前置状态总表_v1.1_P0回归版.md,YES,03_VALID_HISTORY/WORLD/REFERENCE/32e817a5b1__81—100_运行性前置状态总表_v1.1_P0回归版.md,VALID_HISTORY,WORLD,REFERENCE,REFERENCE,P0,红楼梦探佚_全量文档体系_重整版_v4.2.zip::红楼梦探佚_全量文档体系_重整版_v4.2/11_P0_R1_R2_R3审计与事故复盘/01_R3历史过程补档/81—100_运行性前置状态总表_v1.1_P0回归版.md,红楼梦探佚_全量文档体系_重整版_v4.2.zip,红楼梦探佚_全量文档体系_重整版_v4.2/11_P0_R1_R2_R3审计与事故复盘/01_R3历史过程补档/81—100_运行性前置状态总表_v1.1_P0回归版.md,
2a4cc1b1511e503542157867d9161749ddfef97f8b393831c5ce85c9a56d3309,81—100_运行性前置状态总表_v1.2_V轴全量回归版.md,YES,03_VALID_HISTORY/EVIDENCE/REFERENCE/2a4cc1b151__81—100_运行性前置状态总表_v1.2_V轴全量回归版.md,VALID_HISTORY,EVIDENCE,REFERENCE,REFERENCE,P0,红楼梦探佚_全量文档体系_重整版_v4.2.zip::红楼梦探佚_全量文档体系_重整版_v4.2/11_P0_R1_R2_R3审计与事故复盘/01_R3历史过程补档/81—100_运行性前置状态总表_v1.2_V轴全量回归版.md,红楼梦探佚_全量文档体系_重整版_v4.2.zip,红楼梦探佚_全量文档体系_重整版_v4.2/11_P0_R1_R2_R3审计与事故复盘/01_R3历史过程补档/81—100_运行性前置状态总表_v1.2_V轴全量回归版.md,
3e8d0581cc1007606bab32b3555b7738b1090d86990312fe41469a7bbdc93d69,81—100_运行性前置状态总表_v1.3_D2弱证裁定版.md,YES,03_VALID_HISTORY/WORLD/REFERENCE/3e8d0581cc__81—100_运行性前置状态总表_v1.3_D2弱证裁定版.md,VALID_HISTORY,WORLD,REFERENCE,REFERENCE,P0,红楼梦探佚_全量文档体系_重整版_v4.2.zip::红楼梦探佚_全量文档体系_重整版_v4.2/11_P0_R1_R2_R3审计与事故复盘/01_R3历史过程补档/81—100_运行性前置状态总表_v1.3_D2弱证裁定版.md,红楼梦探佚_全量文档体系_重整版_v4.2.zip,红楼梦探佚_全量文档体系_重整版_v4.2/11_P0_R1_R2_R3审计与事故复盘/01_R3历史过程补档/81—100_运行性前置状态总表_v1.3_D2弱证裁定版.md,
59075edf0684a4518d2489a2987b616deca57e57a5f04a0649b3255b589d8873,p0_title_source_audit_v1.py,YES,03_VALID_HISTORY/ARCHIVE/HISTORICAL/59075edf06__p0_title_source_audit_v1.py,VALID_HISTORY,ARCHIVE,HISTORICAL,NO,P2,红楼梦探佚_全量文档体系_重整版_v4.2.zip::红楼梦探佚_全量文档体系_重整版_v4.2/11_P0_R1_R2_R3审计与事故复盘/01_R3历史过程补档/p0_title_source_audit_v1.py,红楼梦探佚_全量文档体系_重整版_v4.2.zip,红楼梦探佚_全量文档体系_重整版_v4.2/11_P0_R1_R2_R3审计与事故复盘/01_R3历史过程补档/p0_title_source_audit_v1.py,
341ae66498aa81f252f1d1ee23507b6aeb8b738c0f13c64da57d7f0be93c200d,p0_vlock_audit.py,YES,03_VALID_HISTORY/RELEASE_HISTORY/VERSION_HISTORY/341ae66498__p0_vlock_audit.py,VALID_HISTORY,RELEASE_HISTORY,VERSION_HISTORY,NO,P1,红楼梦探佚_全量文档体系_重整版_v4.2.zip::红楼梦探佚_全量文档体系_重整版_v4.2/11_P0_R1_R2_R3审计与事故复盘/01_R3历史过程补档/p0_vlock_audit.py,红楼梦探佚_全量文档体系_重整版_v4.2.zip,红楼梦探佚_全量文档体系_重整版_v4.2/11_P0_R1_R2_R3审计与事故复盘/01_R3历史过程补档/p0_vlock_audit.py,
f2912f99f6992e9b5e262e99e7ae0e7d6bbd88cef2412c1b147f99a538adfc31,p0_vlock_audit_v2.py,YES,03_VALID_HISTORY/RELEASE_HISTORY/VERSION_HISTORY/f2912f99f6__p0_vlock_audit_v2.py,VALID_HISTORY,RELEASE_HISTORY,VERSION_HISTORY,NO,P1,红楼梦探佚_全量文档体系_重整版_v4.2.zip::红楼梦探佚_全量文档体系_重整版_v4.2/11_P0_R1_R2_R3审计与事故复盘/01_R3历史过程补档/p0_vlock_audit_v2.py,红楼梦探佚_全量文档体系_重整版_v4.2.zip,红楼梦探佚_全量文档体系_重整版_v4.2/11_P0_R1_R2_R3审计与事故复盘/01_R3历史过程补档/p0_vlock_audit_v2.py,
757e5689c3bbf79bfd9e6d0cf2f13328fd497faaca12d149b4322b98d3fbfc55,前80_80回章回外框与回前回末韵文总表_v0.8_全量初扫.md,YES,03_VALID_HISTORY/LITERARY_ECOLOGY/REFERENCE/757e5689c3__前80_80回章回外框与回前回末韵文总表_v0.8_全量初扫.md,VALID_HISTORY,LITERARY_ECOLOGY,REFERENCE,REFERENCE,P0,红楼梦探佚_全量文档体系_重整版_v4.2.zip::红楼梦探佚_全量文档体系_重整版_v4.2/11_P0_R1_R2_R3审计与事故复盘/01_R3历史过程补档/前80_80回章回外框与回前回末韵文总表_v0.8_全量初扫.md,红楼梦探佚_全量文档体系_重整版_v4.2.zip,红楼梦探佚_全量文档体系_重整版_v4.2/11_P0_R1_R2_R3审计与事故复盘/01_R3历史过程补档/前80_80回章回外框与回前回末韵文总表_v0.8_全量初扫.md,
064ab5275606d839add73229c091d39723dc705e1fc97c49c8ad2f95594bad4e,历史过程补档索引_v1.0.md,YES,03_VALID_HISTORY/REGISTRY/REFERENCE/064ab52756__历史过程补档索引_v1.0.md,VALID_HISTORY,REGISTRY,REFERENCE,REFERENCE,P1,红楼梦探佚_全量文档体系_重整版_v4.2.zip::红楼梦探佚_全量文档体系_重整版_v4.2/11_P0_R1_R2_R3审计与事故复盘/01_R3历史过程补档/历史过程补档索引_v1.0.md,红楼梦探佚_全量文档体系_重整版_v4.2.zip,红楼梦探佚_全量文档体系_重整版_v4.2/11_P0_R1_R2_R3审计与事故复盘/01_R3历史过程补档/历史过程补档索引_v1.0.md,
a435f49d6c130a0653b4f19ecdc70e78ef0811ee60e8fc2582398a382c75e176,当前ACTIVE文档体系_全量证据身份与结构一致性评审报告_v1.0.md,YES,03_VALID_HISTORY/REGISTRY/REFERENCE/a435f49d6c__当前ACTIVE文档体系_全量证据身份与结构一致性评审报告_v1.0.md,VALID_HISTORY,REGISTRY,REFERENCE,REFERENCE,P1,红楼梦探佚_全量文档体系_重整版_v4.2.zip::红楼梦探佚_全量文档体系_重整版_v4.2/11_P0_R1_R2_R3审计与事故复盘/01_R3历史过程补档/当前ACTIVE文档体系_全量证据身份与结构一致性评审报告_v1.0.md,红楼梦探佚_全量文档体系_重整版_v4.2.zip,红楼梦探佚_全量文档体系_重整版_v4.2/11_P0_R1_R2_R3审计与事故复盘/01_R3历史过程补档/当前ACTIVE文档体系_全量证据身份与结构一致性评审报告_v1.0.md,
71c32925d2ade93902057c7d0a5dbd7a433fe8aded9359fd9cba3d5bb3ace94a,第32-A_v1.0_to_v1.1_P0证据回归统一差分.patch,YES,03_VALID_HISTORY/REVIEW/AUDIT/71c32925d2__第32-A_v1.0_to_v1.1_P0证据回归统一差分.patch,VALID_HISTORY,REVIEW,AUDIT,NO,P1,红楼梦探佚_全量文档体系_重整版_v4.2.zip::红楼梦探佚_全量文档体系_重整版_v4.2/11_P0_R1_R2_R3审计与事故复盘/01_R3历史过程补档/第32-A_v1.0_to_v1.1_P0证据回归统一差分.patch,红楼梦探佚_全量文档体系_重整版_v4.2.zip,红楼梦探佚_全量文档体系_重整版_v4.2/11_P0_R1_R2_R3审计与事故复盘/01_R3历史过程补档/第32-A_v1.0_to_v1.1_P0证据回归统一差分.patch,
3bedd1888c606e2e133fbfa4b2e33d34bb5e717c8d4f4b55b1ef3d9db53572b4,第32-A_v1.1_P0证据回归四审报告_v1.0.md,YES,03_VALID_HISTORY/REVIEW/AUDIT/3bedd1888c__第32-A_v1.1_P0证据回归四审报告_v1.0.md,VALID_HISTORY,REVIEW,AUDIT,NO,P1,红楼梦探佚_全量文档体系_重整版_v4.2.zip::红楼梦探佚_全量文档体系_重整版_v4.2/11_P0_R1_R2_R3审计与事故复盘/01_R3历史过程补档/第32-A_v1.1_P0证据回归四审报告_v1.0.md,红楼梦探佚_全量文档体系_重整版_v4.2.zip,红楼梦探佚_全量文档体系_重整版_v4.2/11_P0_R1_R2_R3审计与事故复盘/01_R3历史过程补档/第32-A_v1.1_P0证据回归四审报告_v1.0.md,
1a5b41326f9b67344fceb48231a06cb9f105f25a5b91d06aff2ea4840f28562f,第32.5-A3_新增V锁对过程文档影响与整改清单_v1.0.md,YES,03_VALID_HISTORY/RELEASE_HISTORY/VERSION_HISTORY/1a5b41326f__第32.5-A3_新增V锁对过程文档影响与整改清单_v1.0.md,VALID_HISTORY,RELEASE_HISTORY,VERSION_HISTORY,NO,P1,红楼梦探佚_全量文档体系_重整版_v4.2.zip::红楼梦探佚_全量文档体系_重整版_v4.2/11_P0_R1_R2_R3审计与事故复盘/01_R3历史过程补档/第32.5-A3_新增V锁对过程文档影响与整改清单_v1.0.md,红楼梦探佚_全量文档体系_重整版_v4.2.zip,红楼梦探佚_全量文档体系_重整版_v4.2/11_P0_R1_R2_R3审计与事故复盘/01_R3历史过程补档/第32.5-A3_新增V锁对过程文档影响与整改清单_v1.0.md,
23ead50a315daef44853f9f71c3206b4cf4065f657f3556605fd5e0ae6c924da,第32.5-A_后80直引硬锁总台账_v0.1_已知项回归版.md,YES,03_VALID_HISTORY/REVIEW/AUDIT/23ead50a31__第32.5-A_后80直引硬锁总台账_v0.1_已知项回归版.md,VALID_HISTORY,REVIEW,AUDIT,NO,P1,红楼梦探佚_全量文档体系_重整版_v4.2.zip::红楼梦探佚_全量文档体系_重整版_v4.2/11_P0_R1_R2_R3审计与事故复盘/01_R3历史过程补档/第32.5-A_后80直引硬锁总台账_v0.1_已知项回归版.md,红楼梦探佚_全量文档体系_重整版_v4.2.zip,红楼梦探佚_全量文档体系_重整版_v4.2/11_P0_R1_R2_R3审计与事故复盘/01_R3历史过程补档/第32.5-A_后80直引硬锁总台账_v0.1_已知项回归版.md,
d8fc5ddf64cb53c171a2a9b488203ff57adb3476412550ad3ab0afe280a750d9,第32.5-B_当前第32-A直引硬锁自动比对报告_v1.0.md,YES,03_VALID_HISTORY/RELEASE_HISTORY/VERSION_HISTORY/d8fc5ddf64__第32.5-B_当前第32-A直引硬锁自动比对报告_v1.0.md,VALID_HISTORY,RELEASE_HISTORY,VERSION_HISTORY,NO,P1,红楼梦探佚_全量文档体系_重整版_v4.2.zip::红楼梦探佚_全量文档体系_重整版_v4.2/11_P0_R1_R2_R3审计与事故复盘/01_R3历史过程补档/第32.5-B_当前第32-A直引硬锁自动比对报告_v1.0.md,红楼梦探佚_全量文档体系_重整版_v4.2.zip,红楼梦探佚_全量文档体系_重整版_v4.2/11_P0_R1_R2_R3审计与事故复盘/01_R3历史过程补档/第32.5-B_当前第32-A直引硬锁自动比对报告_v1.0.md,
04eec4c60ca769ad44f8680eef4abed16fe50b2b80d461e5bd09b184d31641a0,第32.5-B_当前第32-A直引硬锁自动比对报告_v1.1_V轴全量规则版.md,YES,03_VALID_HISTORY/EVIDENCE/REFERENCE/04eec4c60c__第32.5-B_当前第32-A直引硬锁自动比对报告_v1.1_V轴全量规则版.md,VALID_HISTORY,EVIDENCE,REFERENCE,REFERENCE,P0,红楼梦探佚_全量文档体系_重整版_v4.2.zip::红楼梦探佚_全量文档体系_重整版_v4.2/11_P0_R1_R2_R3审计与事故复盘/01_R3历史过程补档/第32.5-B_当前第32-A直引硬锁自动比对报告_v1.1_V轴全量规则版.md,红楼梦探佚_全量文档体系_重整版_v4.2.zip,红楼梦探佚_全量文档体系_重整版_v4.2/11_P0_R1_R2_R3审计与事故复盘/01_R3历史过程补档/第32.5-B_当前第32-A直引硬锁自动比对报告_v1.1_V轴全量规则版.md,
f89d17199daf9b63e13414063e6d230d60acdf71f4cdd33331ba01517dc47cd0,第32.5-C_第90回V0回目与借词知命功能修复裁定_v1.0.md,YES,03_VALID_HISTORY/RELEASE_HISTORY/VERSION_HISTORY/f89d17199d__第32.5-C_第90回V0回目与借词知命功能修复裁定_v1.0.md,VALID_HISTORY,RELEASE_HISTORY,VERSION_HISTORY,NO,P1,红楼梦探佚_全量文档体系_重整版_v4.2.zip::红楼梦探佚_全量文档体系_重整版_v4.2/11_P0_R1_R2_R3审计与事故复盘/01_R3历史过程补档/第32.5-C_第90回V0回目与借词知命功能修复裁定_v1.0.md,红楼梦探佚_全量文档体系_重整版_v4.2.zip,红楼梦探佚_全量文档体系_重整版_v4.2/11_P0_R1_R2_R3审计与事故复盘/01_R3历史过程补档/第32.5-C_第90回V0回目与借词知命功能修复裁定_v1.0.md,
cd3432e46f18e02cd746b79f0a6a613389b6fe626f8180b731911d86e6d913ca,第32.5-D1_88_91_92_95_98回目来源边界与工作标题裁定_v1.0.md,YES,03_VALID_HISTORY/RELEASE_HISTORY/VERSION_HISTORY/cd3432e46f__第32.5-D1_88_91_92_95_98回目来源边界与工作标题裁定_v1.0.md,VALID_HISTORY,RELEASE_HISTORY,VERSION_HISTORY,NO,P1,红楼梦探佚_全量文档体系_重整版_v4.2.zip::红楼梦探佚_全量文档体系_重整版_v4.2/11_P0_R1_R2_R3审计与事故复盘/01_R3历史过程补档/第32.5-D1_88_91_92_95_98回目来源边界与工作标题裁定_v1.0.md,红楼梦探佚_全量文档体系_重整版_v4.2.zip,红楼梦探佚_全量文档体系_重整版_v4.2/11_P0_R1_R2_R3审计与事故复盘/01_R3历史过程补档/第32.5-D1_88_91_92_95_98回目来源边界与工作标题裁定_v1.0.md,
bf971aaf32a4820fbe45aeac1619a80828f38b977c5ea5ea452d0285203f29cd,第32.5-D1_活跃过程文档标题来源回归审计报告_v1.0.md,YES,03_VALID_HISTORY/REVIEW/AUDIT/bf971aaf32__第32.5-D1_活跃过程文档标题来源回归审计报告_v1.0.md,VALID_HISTORY,REVIEW,AUDIT,NO,P1,红楼梦探佚_全量文档体系_重整版_v4.2.zip::红楼梦探佚_全量文档体系_重整版_v4.2/11_P0_R1_R2_R3审计与事故复盘/01_R3历史过程补档/第32.5-D1_活跃过程文档标题来源回归审计报告_v1.0.md,红楼梦探佚_全量文档体系_重整版_v4.2.zip,红楼梦探佚_全量文档体系_重整版_v4.2/11_P0_R1_R2_R3审计与事故复盘/01_R3历史过程补档/第32.5-D1_活跃过程文档标题来源回归审计报告_v1.0.md,
ece4234e24f60f761106f954ac7356cf9bd64daa3f8df6d8cf9f4446be79be81,第32.5-D2_弱证越界回归审计报告_v1.0.md,YES,03_VALID_HISTORY/REVIEW/AUDIT/ece4234e24__第32.5-D2_弱证越界回归审计报告_v1.0.md,VALID_HISTORY,REVIEW,AUDIT,NO,P1,红楼梦探佚_全量文档体系_重整版_v4.2.zip::红楼梦探佚_全量文档体系_重整版_v4.2/11_P0_R1_R2_R3审计与事故复盘/01_R3历史过程补档/第32.5-D2_弱证越界回归审计报告_v1.0.md,红楼梦探佚_全量文档体系_重整版_v4.2.zip,红楼梦探佚_全量文档体系_重整版_v4.2/11_P0_R1_R2_R3审计与事故复盘/01_R3历史过程补档/第32.5-D2_弱证越界回归审计报告_v1.0.md,
8428afe57e7f1057f7ea588b057e80c7aeab4c5d79ab4e7fa9c871a970a9c89e,第32.5-D2_狱庙相逢与贾芸仗义探庵_W2接口裁定_v1.0.md,YES,03_VALID_HISTORY/RELEASE_HISTORY/VERSION_HISTORY/8428afe57e__第32.5-D2_狱庙相逢与贾芸仗义探庵_W2接口裁定_v1.0.md,VALID_HISTORY,RELEASE_HISTORY,VERSION_HISTORY,NO,P1,红楼梦探佚_全量文档体系_重整版_v4.2.zip::红楼梦探佚_全量文档体系_重整版_v4.2/11_P0_R1_R2_R3审计与事故复盘/01_R3历史过程补档/第32.5-D2_狱庙相逢与贾芸仗义探庵_W2接口裁定_v1.0.md,红楼梦探佚_全量文档体系_重整版_v4.2.zip,红楼梦探佚_全量文档体系_重整版_v4.2/11_P0_R1_R2_R3审计与事故复盘/01_R3历史过程补档/第32.5-D2_狱庙相逢与贾芸仗义探庵_W2接口裁定_v1.0.md,
c0e426139c696bd0ac9f234136306346ad2f452a84dd47533c8b4ba31278d4c1,第32.5-E_回灌干跑审计报告_v1.0.md,YES,03_VALID_HISTORY/RELEASE_HISTORY/VERSION_HISTORY/c0e426139c__第32.5-E_回灌干跑审计报告_v1.0.md,VALID_HISTORY,RELEASE_HISTORY,VERSION_HISTORY,NO,P1,红楼梦探佚_全量文档体系_重整版_v4.2.zip::红楼梦探佚_全量文档体系_重整版_v4.2/11_P0_R1_R2_R3审计与事故复盘/01_R3历史过程补档/第32.5-E_回灌干跑审计报告_v1.0.md,红楼梦探佚_全量文档体系_重整版_v4.2.zip,红楼梦探佚_全量文档体系_重整版_v4.2/11_P0_R1_R2_R3审计与事故复盘/01_R3历史过程补档/第32.5-E_回灌干跑审计报告_v1.0.md,
b8897b75c05427f6c99359fa7731bb5d83fe647d7d1435d5382ef34c0f197263,第32.5-E_硬接口统一回灌总表_v1.0.md,YES,03_VALID_HISTORY/RELEASE_HISTORY/VERSION_HISTORY/b8897b75c0__第32.5-E_硬接口统一回灌总表_v1.0.md,VALID_HISTORY,RELEASE_HISTORY,VERSION_HISTORY,NO,P1,红楼梦探佚_全量文档体系_重整版_v4.2.zip::红楼梦探佚_全量文档体系_重整版_v4.2/11_P0_R1_R2_R3审计与事故复盘/01_R3历史过程补档/第32.5-E_硬接口统一回灌总表_v1.0.md,红楼梦探佚_全量文档体系_重整版_v4.2.zip,红楼梦探佚_全量文档体系_重整版_v4.2/11_P0_R1_R2_R3审计与事故复盘/01_R3历史过程补档/第32.5-E_硬接口统一回灌总表_v1.0.md,
4fd67be4b3aa97193928cc2d7405df377d31a9e336f5dfc1cc962a5692dec36c,第32.5-E_第32-A_v1.1最小补丁规范_v1.0.md,YES,03_VALID_HISTORY/RELEASE_HISTORY/VERSION_HISTORY/4fd67be4b3__第32.5-E_第32-A_v1.1最小补丁规范_v1.0.md,VALID_HISTORY,RELEASE_HISTORY,VERSION_HISTORY,NO,P1,红楼梦探佚_全量文档体系_重整版_v4.2.zip::红楼梦探佚_全量文档体系_重整版_v4.2/11_P0_R1_R2_R3审计与事故复盘/01_R3历史过程补档/第32.5-E_第32-A_v1.1最小补丁规范_v1.0.md,红楼梦探佚_全量文档体系_重整版_v4.2.zip,红楼梦探佚_全量文档体系_重整版_v4.2/11_P0_R1_R2_R3审计与事故复盘/01_R3历史过程补档/第32.5-E_第32-A_v1.1最小补丁规范_v1.0.md,
11e87edd4ce1c9c09c58d25c7baa4af0762f211c6db7fd0d4422fb08fdf4450e,第32.5_P0证据完整性整改总路线图与过程文档回归矩阵_v1.0.md,YES,03_VALID_HISTORY/REVIEW/AUDIT/11e87edd4c__第32.5_P0证据完整性整改总路线图与过程文档回归矩阵_v1.0.md,VALID_HISTORY,REVIEW,AUDIT,NO,P1,红楼梦探佚_全量文档体系_重整版_v4.2.zip::红楼梦探佚_全量文档体系_重整版_v4.2/11_P0_R1_R2_R3审计与事故复盘/01_R3历史过程补档/第32.5_P0证据完整性整改总路线图与过程文档回归矩阵_v1.0.md,红楼梦探佚_全量文档体系_重整版_v4.2.zip,红楼梦探佚_全量文档体系_重整版_v4.2/11_P0_R1_R2_R3审计与事故复盘/01_R3历史过程补档/第32.5_P0证据完整性整改总路线图与过程文档回归矩阵_v1.0.md,
5fb19fca458c092ed425106e46d4da03e9544c1b704fd1030bf456910422c53f,第32.5_过程文档版本继承与作废清单_v1.0.md,YES,03_VALID_HISTORY/RELEASE_HISTORY/VERSION_HISTORY/5fb19fca45__第32.5_过程文档版本继承与作废清单_v1.0.md,VALID_HISTORY,RELEASE_HISTORY,VERSION_HISTORY,NO,P1,红楼梦探佚_全量文档体系_重整版_v4.2.zip::红楼梦探佚_全量文档体系_重整版_v4.2/11_P0_R1_R2_R3审计与事故复盘/01_R3历史过程补档/第32.5_过程文档版本继承与作废清单_v1.0.md,红楼梦探佚_全量文档体系_重整版_v4.2.zip,红楼梦探佚_全量文档体系_重整版_v4.2/11_P0_R1_R2_R3审计与事故复盘/01_R3历史过程补档/第32.5_过程文档版本继承与作废清单_v1.0.md,
1fa1cd87976e75a04d36275541b29456e293b86551bf59b1c8bdb7d1993672dd,第32.5_过程文档版本继承与作废清单_v1.1.md,YES,03_VALID_HISTORY/RELEASE_HISTORY/VERSION_HISTORY/1fa1cd8797__第32.5_过程文档版本继承与作废清单_v1.1.md,VALID_HISTORY,RELEASE_HISTORY,VERSION_HISTORY,NO,P1,红楼梦探佚_全量文档体系_重整版_v4.2.zip::红楼梦探佚_全量文档体系_重整版_v4.2/11_P0_R1_R2_R3审计与事故复盘/01_R3历史过程补档/第32.5_过程文档版本继承与作废清单_v1.1.md,红楼梦探佚_全量文档体系_重整版_v4.2.zip,红楼梦探佚_全量文档体系_重整版_v4.2/11_P0_R1_R2_R3审计与事故复盘/01_R3历史过程补档/第32.5_过程文档版本继承与作废清单_v1.1.md,
12f76b2168f81b2996cf30a2656ef9b3e9ad1a392c9ff64db35c46fe7713f4da,第32.5_过程文档版本继承与作废清单_v1.2.md,YES,03_VALID_HISTORY/RELEASE_HISTORY/VERSION_HISTORY/12f76b2168__第32.5_过程文档版本继承与作废清单_v1.2.md,VALID_HISTORY,RELEASE_HISTORY,VERSION_HISTORY,NO,P1,红楼梦探佚_全量文档体系_重整版_v4.2.zip::红楼梦探佚_全量文档体系_重整版_v4.2/11_P0_R1_R2_R3审计与事故复盘/01_R3历史过程补档/第32.5_过程文档版本继承与作废清单_v1.2.md,红楼梦探佚_全量文档体系_重整版_v4.2.zip,红楼梦探佚_全量文档体系_重整版_v4.2/11_P0_R1_R2_R3审计与事故复盘/01_R3历史过程补档/第32.5_过程文档版本继承与作废清单_v1.2.md,
04979be1e49b621bb6277bbc5334eb551569dd6ab26a1992673f8183c22dbbdd,第32.5_过程文档版本继承与作废清单_v1.3.md,YES,03_VALID_HISTORY/RELEASE_HISTORY/VERSION_HISTORY/04979be1e4__第32.5_过程文档版本继承与作废清单_v1.3.md,VALID_HISTORY,RELEASE_HISTORY,VERSION_HISTORY,NO,P1,红楼梦探佚_全量文档体系_重整版_v4.2.zip::红楼梦探佚_全量文档体系_重整版_v4.2/11_P0_R1_R2_R3审计与事故复盘/01_R3历史过程补档/第32.5_过程文档版本继承与作废清单_v1.3.md,红楼梦探佚_全量文档体系_重整版_v4.2.zip,红楼梦探佚_全量文档体系_重整版_v4.2/11_P0_R1_R2_R3审计与事故复盘/01_R3历史过程补档/第32.5_过程文档版本继承与作废清单_v1.3.md,
57ffe3272df139418e6e41dfe1a3749c21dda0ca1080fc48c76261e30d52695d,第32.5_过程文档版本继承与作废清单_v1.4.md,YES,03_VALID_HISTORY/RELEASE_HISTORY/VERSION_HISTORY/57ffe3272d__第32.5_过程文档版本继承与作废清单_v1.4.md,VALID_HISTORY,RELEASE_HISTORY,VERSION_HISTORY,NO,P1,红楼梦探佚_全量文档体系_重整版_v4.2.zip::红楼梦探佚_全量文档体系_重整版_v4.2/11_P0_R1_R2_R3审计与事故复盘/01_R3历史过程补档/第32.5_过程文档版本继承与作废清单_v1.4.md,红楼梦探佚_全量文档体系_重整版_v4.2.zip,红楼梦探佚_全量文档体系_重整版_v4.2/11_P0_R1_R2_R3审计与事故复盘/01_R3历史过程补档/第32.5_过程文档版本继承与作废清单_v1.4.md,
63e803a18f607365c9aabc59372526b915d006f508bbf856694398966b760b74,第32.5_过程文档版本继承与作废清单_v1.5.md,YES,03_VALID_HISTORY/RELEASE_HISTORY/VERSION_HISTORY/63e803a18f__第32.5_过程文档版本继承与作废清单_v1.5.md,VALID_HISTORY,RELEASE_HISTORY,VERSION_HISTORY,NO,P1,红楼梦探佚_全量文档体系_重整版_v4.2.zip::红楼梦探佚_全量文档体系_重整版_v4.2/11_P0_R1_R2_R3审计与事故复盘/01_R3历史过程补档/第32.5_过程文档版本继承与作废清单_v1.5.md,红楼梦探佚_全量文档体系_重整版_v4.2.zip,红楼梦探佚_全量文档体系_重整版_v4.2/11_P0_R1_R2_R3审计与事故复盘/01_R3历史过程补档/第32.5_过程文档版本继承与作废清单_v1.5.md,
cb0f0c6dbbc0b2cf108b300e613091f6da6e25a15f8f284a7c0af497452d684a,第32.5_过程文档版本继承与作废清单_v1.6_P0关闭版.md,YES,03_VALID_HISTORY/RELEASE_HISTORY/VERSION_HISTORY/cb0f0c6dbb__第32.5_过程文档版本继承与作废清单_v1.6_P0关闭版.md,VALID_HISTORY,RELEASE_HISTORY,VERSION_HISTORY,NO,P1,红楼梦探佚_全量文档体系_重整版_v4.2.zip::红楼梦探佚_全量文档体系_重整版_v4.2/11_P0_R1_R2_R3审计与事故复盘/01_R3历史过程补档/第32.5_过程文档版本继承与作废清单_v1.6_P0关闭版.md,红楼梦探佚_全量文档体系_重整版_v4.2.zip,红楼梦探佚_全量文档体系_重整版_v4.2/11_P0_R1_R2_R3审计与事故复盘/01_R3历史过程补档/第32.5_过程文档版本继承与作废清单_v1.6_P0关闭版.md,
f68cf4db064e12960e189d32ee40f5f0a688fcb51a76e86ddb4254f25a60962d,第32.5前置_直引硬锁失守问题完整复盘及整改方案_v1.0(1).md,YES,03_VALID_HISTORY/RELEASE_HISTORY/VERSION_HISTORY/f68cf4db06__第32.5前置_直引硬锁失守问题完整复盘及整改方案_v1.0(1).md,VALID_HISTORY,RELEASE_HISTORY,VERSION_HISTORY,NO,P1,红楼梦探佚_全量文档体系_重整版_v4.2.zip::红楼梦探佚_全量文档体系_重整版_v4.2/11_P0_R1_R2_R3审计与事故复盘/01_R3历史过程补档/第32.5前置_直引硬锁失守问题完整复盘及整改方案_v1.0(1).md,红楼梦探佚_全量文档体系_重整版_v4.2.zip,红楼梦探佚_全量文档体系_重整版_v4.2/11_P0_R1_R2_R3审计与事故复盘/01_R3历史过程补档/第32.5前置_直引硬锁失守问题完整复盘及整改方案_v1.0(1).md,
b6c6152e1835a6f7cdc7df9a9ac71c50bab806f4b8410bd066ac45d44c1a4578,红楼梦八十回后佚稿复原_工作底稿_v2.2_V轴证据回归母本.md,YES,03_VALID_HISTORY/EVIDENCE/REFERENCE/b6c6152e18__红楼梦八十回后佚稿复原_工作底稿_v2.2_V轴证据回归母本.md,VALID_HISTORY,EVIDENCE,REFERENCE,REFERENCE,P0,红楼梦探佚_全量文档体系_重整版_v4.2.zip::红楼梦探佚_全量文档体系_重整版_v4.2/11_P0_R1_R2_R3审计与事故复盘/01_R3历史过程补档/红楼梦八十回后佚稿复原_工作底稿_v2.2_V轴证据回归母本.md,红楼梦探佚_全量文档体系_重整版_v4.2.zip,红楼梦探佚_全量文档体系_重整版_v4.2/11_P0_R1_R2_R3审计与事故复盘/01_R3历史过程补档/红楼梦八十回后佚稿复原_工作底稿_v2.2_V轴证据回归母本.md,
7b561d964f9b3c3971ca26f46c2abbf613fc8853ebda68268ac6fbfc5a3c05f4,红楼梦八十回后佚稿复原_工作底稿_v2.3_V轴全量审计回归母本.md,YES,03_VALID_HISTORY/EVIDENCE/REFERENCE/7b561d964f__红楼梦八十回后佚稿复原_工作底稿_v2.3_V轴全量审计回归母本.md,VALID_HISTORY,EVIDENCE,REFERENCE,REFERENCE,P0,红楼梦探佚_全量文档体系_重整版_v4.2.zip::红楼梦探佚_全量文档体系_重整版_v4.2/11_P0_R1_R2_R3审计与事故复盘/01_R3历史过程补档/红楼梦八十回后佚稿复原_工作底稿_v2.3_V轴全量审计回归母本.md,红楼梦探佚_全量文档体系_重整版_v4.2.zip,红楼梦探佚_全量文档体系_重整版_v4.2/11_P0_R1_R2_R3审计与事故复盘/01_R3历史过程补档/红楼梦八十回后佚稿复原_工作底稿_v2.3_V轴全量审计回归母本.md,
290fc79c4c793b9e868827af9d41189f0f94ba127bebca3addc4f48fadcb7bb1,红楼梦八十回后佚稿复原_工作底稿_v2.4_C_D1裁定母本.md,YES,03_VALID_HISTORY/RECONSTRUCTION/REFERENCE/290fc79c4c__红楼梦八十回后佚稿复原_工作底稿_v2.4_C_D1裁定母本.md,VALID_HISTORY,RECONSTRUCTION,REFERENCE,REFERENCE,P0,红楼梦探佚_全量文档体系_重整版_v4.2.zip::红楼梦探佚_全量文档体系_重整版_v4.2/11_P0_R1_R2_R3审计与事故复盘/01_R3历史过程补档/红楼梦八十回后佚稿复原_工作底稿_v2.4_C_D1裁定母本.md,红楼梦探佚_全量文档体系_重整版_v4.2.zip,红楼梦探佚_全量文档体系_重整版_v4.2/11_P0_R1_R2_R3审计与事故复盘/01_R3历史过程补档/红楼梦八十回后佚稿复原_工作底稿_v2.4_C_D1裁定母本.md,
aa51a3da8c68681f8f4b13d0d20f75f1e1e7f5e48f20e2f9a896bae6a15c3278,红楼梦八十回后佚稿复原_工作底稿_v2.5_D2弱证裁定母本.md,YES,03_VALID_HISTORY/RECONSTRUCTION/REFERENCE/aa51a3da8c__红楼梦八十回后佚稿复原_工作底稿_v2.5_D2弱证裁定母本.md,VALID_HISTORY,RECONSTRUCTION,REFERENCE,REFERENCE,P0,红楼梦探佚_全量文档体系_重整版_v4.2.zip::红楼梦探佚_全量文档体系_重整版_v4.2/11_P0_R1_R2_R3审计与事故复盘/01_R3历史过程补档/红楼梦八十回后佚稿复原_工作底稿_v2.5_D2弱证裁定母本.md,红楼梦探佚_全量文档体系_重整版_v4.2.zip,红楼梦探佚_全量文档体系_重整版_v4.2/11_P0_R1_R2_R3审计与事故复盘/01_R3历史过程补档/红楼梦八十回后佚稿复原_工作底稿_v2.5_D2弱证裁定母本.md,
0a38c68d95084f9f27ae97c1ad677e8cd6b321da30e9c61871a52eb1a4090fa1,红楼梦八十回后佚稿复原_工作底稿_v2.6_E回灌冻结母本.md,YES,03_VALID_HISTORY/RECONSTRUCTION/REFERENCE/0a38c68d95__红楼梦八十回后佚稿复原_工作底稿_v2.6_E回灌冻结母本.md,VALID_HISTORY,RECONSTRUCTION,REFERENCE,REFERENCE,P0,红楼梦探佚_全量文档体系_重整版_v4.2.zip::红楼梦探佚_全量文档体系_重整版_v4.2/11_P0_R1_R2_R3审计与事故复盘/01_R3历史过程补档/红楼梦八十回后佚稿复原_工作底稿_v2.6_E回灌冻结母本.md,红楼梦探佚_全量文档体系_重整版_v4.2.zip,红楼梦探佚_全量文档体系_重整版_v4.2/11_P0_R1_R2_R3审计与事故复盘/01_R3历史过程补档/红楼梦八十回后佚稿复原_工作底稿_v2.6_E回灌冻结母本.md,
bebb475bed84d146005010c9aaa9ff61c2647f7ccc7fe559b8db402e1f5ab071,红楼梦八十回后佚稿复原_工作底稿_v2.7_P0关闭母本.md,YES,03_VALID_HISTORY/RECONSTRUCTION/REFERENCE/bebb475bed__红楼梦八十回后佚稿复原_工作底稿_v2.7_P0关闭母本.md,VALID_HISTORY,RECONSTRUCTION,REFERENCE,REFERENCE,P0,红楼梦探佚_全量文档体系_重整版_v4.2.zip::红楼梦探佚_全量文档体系_重整版_v4.2/11_P0_R1_R2_R3审计与事故复盘/01_R3历史过程补档/红楼梦八十回后佚稿复原_工作底稿_v2.7_P0关闭母本.md,红楼梦探佚_全量文档体系_重整版_v4.2.zip,红楼梦探佚_全量文档体系_重整版_v4.2/11_P0_R1_R2_R3审计与事故复盘/01_R3历史过程补档/红楼梦八十回后佚稿复原_工作底稿_v2.7_P0关闭母本.md,
e55ad4c519d3f126b1239974ee7fdf2bd532432d9a57ce8000ab95c549657171,红楼梦八十回后全幅文学补完大工程计划_v5.1.md,YES,03_VALID_HISTORY/GOVERNANCE/HISTORICAL/e55ad4c519__红楼梦八十回后全幅文学补完大工程计划_v5.1.md,VALID_HISTORY,GOVERNANCE,HISTORICAL,NO,P2,红楼梦探佚_全量文档体系_重整版_v4.2.zip::红楼梦探佚_全量文档体系_重整版_v4.2/11_P0_R1_R2_R3审计与事故复盘/01_R3历史过程补档/红楼梦八十回后全幅文学补完大工程计划_v5.1.md,红楼梦探佚_全量文档体系_重整版_v4.2.zip,红楼梦探佚_全量文档体系_重整版_v4.2/11_P0_R1_R2_R3审计与事故复盘/01_R3历史过程补档/红楼梦八十回后全幅文学补完大工程计划_v5.1.md,
683b4bec045c2a37df48004b40f3ee4e8432c927ad8d129f63a4d0cf219b9932,红楼梦八十回后全幅文学补完大工程计划_v5.2.md,YES,03_VALID_HISTORY/GOVERNANCE/HISTORICAL/683b4bec04__红楼梦八十回后全幅文学补完大工程计划_v5.2.md,VALID_HISTORY,GOVERNANCE,HISTORICAL,NO,P2,红楼梦探佚_全量文档体系_重整版_v4.2.zip::红楼梦探佚_全量文档体系_重整版_v4.2/11_P0_R1_R2_R3审计与事故复盘/01_R3历史过程补档/红楼梦八十回后全幅文学补完大工程计划_v5.2.md,红楼梦探佚_全量文档体系_重整版_v4.2.zip,红楼梦探佚_全量文档体系_重整版_v4.2/11_P0_R1_R2_R3审计与事故复盘/01_R3历史过程补档/红楼梦八十回后全幅文学补完大工程计划_v5.2.md,
165c6360de70e809c44c510359676d85645b3302bbdbb2b341e25f77d40a8e40,红楼梦八十回后全幅文学补完大工程计划_v5.3.1.md,YES,03_VALID_HISTORY/GOVERNANCE/HISTORICAL/165c6360de__红楼梦八十回后全幅文学补完大工程计划_v5.3.1.md,VALID_HISTORY,GOVERNANCE,HISTORICAL,NO,P2,红楼梦探佚_全量文档体系_重整版_v4.2.zip::红楼梦探佚_全量文档体系_重整版_v4.2/11_P0_R1_R2_R3审计与事故复盘/01_R3历史过程补档/红楼梦八十回后全幅文学补完大工程计划_v5.3.1.md,红楼梦探佚_全量文档体系_重整版_v4.2.zip,红楼梦探佚_全量文档体系_重整版_v4.2/11_P0_R1_R2_R3审计与事故复盘/01_R3历史过程补档/红楼梦八十回后全幅文学补完大工程计划_v5.3.1.md,
2a230cad94ff09fdfe17bd8bbef265a9af630d8f8acaa4609a0b86bf1f7a997c,红楼梦八十回后全幅文学补完大工程计划_v5.3.2.md,YES,03_VALID_HISTORY/GOVERNANCE/HISTORICAL/2a230cad94__红楼梦八十回后全幅文学补完大工程计划_v5.3.2.md,VALID_HISTORY,GOVERNANCE,HISTORICAL,NO,P2,红楼梦探佚_全量文档体系_重整版_v4.2.zip::红楼梦探佚_全量文档体系_重整版_v4.2/11_P0_R1_R2_R3审计与事故复盘/01_R3历史过程补档/红楼梦八十回后全幅文学补完大工程计划_v5.3.2.md,红楼梦探佚_全量文档体系_重整版_v4.2.zip,红楼梦探佚_全量文档体系_重整版_v4.2/11_P0_R1_R2_R3审计与事故复盘/01_R3历史过程补档/红楼梦八十回后全幅文学补完大工程计划_v5.3.2.md,
9ebe27e9b4acc407f3ac6d8b0afaebd4962bec6abdb0de94c4b1ef12deee3471,红楼梦八十回后全幅文学补完大工程计划_v5.3.3.md,YES,03_VALID_HISTORY/GOVERNANCE/HISTORICAL/9ebe27e9b4__红楼梦八十回后全幅文学补完大工程计划_v5.3.3.md,VALID_HISTORY,GOVERNANCE,HISTORICAL,NO,P2,红楼梦探佚_全量文档体系_重整版_v4.2.zip::红楼梦探佚_全量文档体系_重整版_v4.2/11_P0_R1_R2_R3审计与事故复盘/01_R3历史过程补档/红楼梦八十回后全幅文学补完大工程计划_v5.3.3.md,红楼梦探佚_全量文档体系_重整版_v4.2.zip,红楼梦探佚_全量文档体系_重整版_v4.2/11_P0_R1_R2_R3审计与事故复盘/01_R3历史过程补档/红楼梦八十回后全幅文学补完大工程计划_v5.3.3.md,
52cd53640e6f25bc2f74cb8e84d59d8ab10a56897ac97f86472b27c6b4e3d9c3,红楼梦八十回后全幅文学补完大工程计划_v5.3.4.md,YES,03_VALID_HISTORY/GOVERNANCE/HISTORICAL/52cd53640e__红楼梦八十回后全幅文学补完大工程计划_v5.3.4.md,VALID_HISTORY,GOVERNANCE,HISTORICAL,NO,P2,红楼梦探佚_全量文档体系_重整版_v4.2.zip::红楼梦探佚_全量文档体系_重整版_v4.2/11_P0_R1_R2_R3审计与事故复盘/01_R3历史过程补档/红楼梦八十回后全幅文学补完大工程计划_v5.3.4.md,红楼梦探佚_全量文档体系_重整版_v4.2.zip,红楼梦探佚_全量文档体系_重整版_v4.2/11_P0_R1_R2_R3审计与事故复盘/01_R3历史过程补档/红楼梦八十回后全幅文学补完大工程计划_v5.3.4.md,
c4a94fa001db5c71ab97a4f368d43e79eb38de3a228ca92edc3e6f675bfbc052,红楼梦八十回后全幅文学补完大工程计划_v5.3.5.md,YES,03_VALID_HISTORY/GOVERNANCE/HISTORICAL/c4a94fa001__红楼梦八十回后全幅文学补完大工程计划_v5.3.5.md,VALID_HISTORY,GOVERNANCE,HISTORICAL,NO,P2,红楼梦探佚_全量文档体系_重整版_v4.2.zip::红楼梦探佚_全量文档体系_重整版_v4.2/11_P0_R1_R2_R3审计与事故复盘/01_R3历史过程补档/红楼梦八十回后全幅文学补完大工程计划_v5.3.5.md,红楼梦探佚_全量文档体系_重整版_v4.2.zip,红楼梦探佚_全量文档体系_重整版_v4.2/11_P0_R1_R2_R3审计与事故复盘/01_R3历史过程补档/红楼梦八十回后全幅文学补完大工程计划_v5.3.5.md,
f53ad3158a252093913e4828b1d6d480215451f682d7b3e17654451be049ee15,红楼梦八十回后全幅文学补完大工程计划_v5.3.md,YES,03_VALID_HISTORY/GOVERNANCE/HISTORICAL/f53ad3158a__红楼梦八十回后全幅文学补完大工程计划_v5.3.md,VALID_HISTORY,GOVERNANCE,HISTORICAL,NO,P2,红楼梦探佚_全量文档体系_重整版_v4.2.zip::红楼梦探佚_全量文档体系_重整版_v4.2/11_P0_R1_R2_R3审计与事故复盘/01_R3历史过程补档/红楼梦八十回后全幅文学补完大工程计划_v5.3.md,红楼梦探佚_全量文档体系_重整版_v4.2.zip,红楼梦探佚_全量文档体系_重整版_v4.2/11_P0_R1_R2_R3审计与事故复盘/01_R3历史过程补档/红楼梦八十回后全幅文学补完大工程计划_v5.3.md,
29367a7cb0667140e4be33ed3d92a3d9ac70670c0b140f4eed9c2783239a3163,续庄子绝句_物质文本流转专题_v1.0.md,YES,03_VALID_HISTORY/WORLD_LITERARY/REFERENCE/29367a7cb0__续庄子绝句_物质文本流转专题_v1.0.md,VALID_HISTORY,WORLD_LITERARY,REFERENCE,REFERENCE,P0,红楼梦探佚_全量文档体系_重整版_v4.2.zip::红楼梦探佚_全量文档体系_重整版_v4.2/11_P0_R1_R2_R3审计与事故复盘/01_R3历史过程补档/续庄子绝句_物质文本流转专题_v1.0.md,红楼梦探佚_全量文档体系_重整版_v4.2.zip,红楼梦探佚_全量文档体系_重整版_v4.2/11_P0_R1_R2_R3审计与事故复盘/01_R3历史过程补档/续庄子绝句_物质文本流转专题_v1.0.md,
40b51f2691905e5160f15343c025dc1a3f5d83c5057f75e698e2661b666fd92c,警幻情榜_五层芳讳候选证据矩阵_v1.0.md,YES,03_VALID_HISTORY/LITERARY_EVIDENCE/REFERENCE/40b51f2691__警幻情榜_五层芳讳候选证据矩阵_v1.0.md,VALID_HISTORY,LITERARY_EVIDENCE,REFERENCE,REFERENCE,P0,红楼梦探佚_全量文档体系_重整版_v4.2.zip::红楼梦探佚_全量文档体系_重整版_v4.2/11_P0_R1_R2_R3审计与事故复盘/01_R3历史过程补档/警幻情榜_五层芳讳候选证据矩阵_v1.0.md,红楼梦探佚_全量文档体系_重整版_v4.2.zip,红楼梦探佚_全量文档体系_重整版_v4.2/11_P0_R1_R2_R3审计与事故复盘/01_R3历史过程补档/警幻情榜_五层芳讳候选证据矩阵_v1.0.md,
03f8395f3f255624a58c5502d01a025ab7be5cbc493601c7566de45ed6ff2eda,黛亡诗文总接口与旧作分工专题_v1.0.md,YES,03_VALID_HISTORY/LITERARY_ECOLOGY/REFERENCE/03f8395f3f__黛亡诗文总接口与旧作分工专题_v1.0.md,VALID_HISTORY,LITERARY_ECOLOGY,REFERENCE,REFERENCE,P0,红楼梦探佚_全量文档体系_重整版_v4.2.zip::红楼梦探佚_全量文档体系_重整版_v4.2/11_P0_R1_R2_R3审计与事故复盘/01_R3历史过程补档/黛亡诗文总接口与旧作分工专题_v1.0.md,红楼梦探佚_全量文档体系_重整版_v4.2.zip,红楼梦探佚_全量文档体系_重整版_v4.2/11_P0_R1_R2_R3审计与事故复盘/01_R3历史过程补档/黛亡诗文总接口与旧作分工专题_v1.0.md,
7c998459fc0c248761f9f9449ed0a4a5e6a900f4cb19482a101f4a28d1ce1f87,R2-A_回目竞选与裁定_v1.0.md,YES,03_VALID_HISTORY/ARCHIVE/HISTORICAL/7c998459fc__R2-A_回目竞选与裁定_v1.0.md,VALID_HISTORY,ARCHIVE,HISTORICAL,NO,P2,红楼梦探佚_全量文档体系_重整版_v4.2.zip::红楼梦探佚_全量文档体系_重整版_v4.2/11_P0_R1_R2_R3审计与事故复盘/02_R1_R2_R3审计归档/R2裁定记录/R2-A_回目竞选与裁定_v1.0.md,红楼梦探佚_全量文档体系_重整版_v4.2.zip,红楼梦探佚_全量文档体系_重整版_v4.2/11_P0_R1_R2_R3审计与事故复盘/02_R1_R2_R3审计归档/R2裁定记录/R2-A_回目竞选与裁定_v1.0.md,
be22d10df0db4f323197b70d899578f606b2ca69482cd16a1a8c9c6291c1d62d,R2-B_93_94排序竞选_v1.0.md,YES,03_VALID_HISTORY/ARCHIVE/HISTORICAL/be22d10df0__R2-B_93_94排序竞选_v1.0.md,VALID_HISTORY,ARCHIVE,HISTORICAL,NO,P2,红楼梦探佚_全量文档体系_重整版_v4.2.zip::红楼梦探佚_全量文档体系_重整版_v4.2/11_P0_R1_R2_R3审计与事故复盘/02_R1_R2_R3审计归档/R2裁定记录/R2-B_93_94排序竞选_v1.0.md,红楼梦探佚_全量文档体系_重整版_v4.2.zip,红楼梦探佚_全量文档体系_重整版_v4.2/11_P0_R1_R2_R3审计与事故复盘/02_R1_R2_R3审计归档/R2裁定记录/R2-B_93_94排序竞选_v1.0.md,
2c97b9bbca8b707fed74bf2c435677be36b2820405cab8e9b8f0c4587ecfaa46,R2-C_史湘云卫若兰关系再审_v1.0.md,YES,03_VALID_HISTORY/ARCHIVE/HISTORICAL/2c97b9bbca__R2-C_史湘云卫若兰关系再审_v1.0.md,VALID_HISTORY,ARCHIVE,HISTORICAL,NO,P2,红楼梦探佚_全量文档体系_重整版_v4.2.zip::红楼梦探佚_全量文档体系_重整版_v4.2/11_P0_R1_R2_R3审计与事故复盘/02_R1_R2_R3审计归档/R2裁定记录/R2-C_史湘云卫若兰关系再审_v1.0.md,红楼梦探佚_全量文档体系_重整版_v4.2.zip,红楼梦探佚_全量文档体系_重整版_v4.2/11_P0_R1_R2_R3审计与事故复盘/02_R1_R2_R3审计归档/R2裁定记录/R2-C_史湘云卫若兰关系再审_v1.0.md,
6bd63732a6e1f4b1dc63a2232e12fc5ab8fa40b93523a8a00b6cc2b3c569745e,R2-D_第一百回情榜最小证据态重构方案_v1.0.md,YES,03_VALID_HISTORY/LITERARY_EVIDENCE/REFERENCE/6bd63732a6__R2-D_第一百回情榜最小证据态重构方案_v1.0.md,VALID_HISTORY,LITERARY_EVIDENCE,REFERENCE,REFERENCE,P0,红楼梦探佚_全量文档体系_重整版_v4.2.zip::红楼梦探佚_全量文档体系_重整版_v4.2/11_P0_R1_R2_R3审计与事故复盘/02_R1_R2_R3审计归档/R2裁定记录/R2-D_第一百回情榜最小证据态重构方案_v1.0.md,红楼梦探佚_全量文档体系_重整版_v4.2.zip,红楼梦探佚_全量文档体系_重整版_v4.2/11_P0_R1_R2_R3审计与事故复盘/02_R1_R2_R3审计归档/R2裁定记录/R2-D_第一百回情榜最小证据态重构方案_v1.0.md,
2c7a874016c1bdda27a924a5b00d41c4ebab2e18fe800e8010ef32ae9bed1d12,R2-E_85_87保留裁定_v1.0.md,YES,03_VALID_HISTORY/ARCHIVE/HISTORICAL/2c7a874016__R2-E_85_87保留裁定_v1.0.md,VALID_HISTORY,ARCHIVE,HISTORICAL,NO,P2,红楼梦探佚_全量文档体系_重整版_v4.2.zip::红楼梦探佚_全量文档体系_重整版_v4.2/11_P0_R1_R2_R3审计与事故复盘/02_R1_R2_R3审计归档/R2裁定记录/R2-E_85_87保留裁定_v1.0.md,红楼梦探佚_全量文档体系_重整版_v4.2.zip,红楼梦探佚_全量文档体系_重整版_v4.2/11_P0_R1_R2_R3审计与事故复盘/02_R1_R2_R3审计归档/R2裁定记录/R2-E_85_87保留裁定_v1.0.md,
c372171dca4997f94d564d8755d6f36cd78d0a11170f13f35b44194cc33ae081,README_R1后历史状态.md,YES,03_VALID_HISTORY/REGISTRY/REFERENCE/c372171dca__README_R1后历史状态.md,VALID_HISTORY,REGISTRY,REFERENCE,REFERENCE,P1,红楼梦探佚_全量文档体系_重整版_v4.2.zip::红楼梦探佚_全量文档体系_重整版_v4.2/11_P0_R1_R2_R3审计与事故复盘/02_R1_R2_R3审计归档/README_R1后历史状态.md,红楼梦探佚_全量文档体系_重整版_v4.2.zip,红楼梦探佚_全量文档体系_重整版_v4.2/11_P0_R1_R2_R3审计与事故复盘/02_R1_R2_R3审计归档/README_R1后历史状态.md,
5ccf4935eabd9892d9e8020ee2f9a765d53e4ca1d8687dd7a29a808981692c16,第32-A_红楼梦八十回后文学复原_纯读版_v1.1_P0证据回归基线.md,YES,03_VALID_HISTORY/REVIEW/AUDIT/5ccf4935ea__第32-A_红楼梦八十回后文学复原_纯读版_v1.1_P0证据回归基线.md,VALID_HISTORY,REVIEW,AUDIT,NO,P1,红楼梦探佚_全量文档体系_重整版_v4.2.zip::红楼梦探佚_全量文档体系_重整版_v4.2/11_P0_R1_R2_R3审计与事故复盘/02_R1_R2_R3审计归档/正文基线隔离区/第32-A_红楼梦八十回后文学复原_纯读版_v1.1_P0证据回归基线.md,红楼梦探佚_全量文档体系_重整版_v4.2.zip,红楼梦探佚_全量文档体系_重整版_v4.2/11_P0_R1_R2_R3审计与事故复盘/02_R1_R2_R3审计归档/正文基线隔离区/第32-A_红楼梦八十回后文学复原_纯读版_v1.1_P0证据回归基线.md,
faf12917560eff8f5753abc4ff1a4a69984764526c5c16e8f6fb96378dbb36fc,第32-A_v1.1_P0证据回归四审报告_v1.1_更正终版.md,YES,03_VALID_HISTORY/REVIEW/AUDIT/faf1291756__第32-A_v1.1_P0证据回归四审报告_v1.1_更正终版.md,VALID_HISTORY,REVIEW,AUDIT,NO,P1,红楼梦探佚_全量文档体系_重整版_v4.2.zip::红楼梦探佚_全量文档体系_重整版_v4.2/11_P0_R1_R2_R3审计与事故复盘/02_R1_R2_R3审计归档/第32-A_v1.1_P0证据回归四审报告_v1.1_更正终版.md,红楼梦探佚_全量文档体系_重整版_v4.2.zip,红楼梦探佚_全量文档体系_重整版_v4.2/11_P0_R1_R2_R3审计与事故复盘/02_R1_R2_R3审计归档/第32-A_v1.1_P0证据回归四审报告_v1.1_更正终版.md,
78d30a29502cc0121e2d9b7b4532a7b66978583852f595e6036069dffb74702c,第32.5_P0证据完整性事故关闭报告_v1.0.md,YES,03_VALID_HISTORY/RELEASE_HISTORY/VERSION_HISTORY/78d30a2950__第32.5_P0证据完整性事故关闭报告_v1.0.md,VALID_HISTORY,RELEASE_HISTORY,VERSION_HISTORY,NO,P1,红楼梦探佚_全量文档体系_重整版_v4.2.zip::红楼梦探佚_全量文档体系_重整版_v4.2/11_P0_R1_R2_R3审计与事故复盘/02_R1_R2_R3审计归档/第32.5_P0证据完整性事故关闭报告_v1.0.md,红楼梦探佚_全量文档体系_重整版_v4.2.zip,红楼梦探佚_全量文档体系_重整版_v4.2/11_P0_R1_R2_R3审计与事故复盘/02_R1_R2_R3审计归档/第32.5_P0证据完整性事故关闭报告_v1.0.md,
732b923ba07f0b72f0980915085eb65c5ff278d17b2f92cdb597abc6609060cd,80回后佚失诗词文赋总表_v1.1_评审修订版.md,YES,03_VALID_HISTORY/EVIDENCE_LITERARY/REFERENCE/732b923ba0__80回后佚失诗词文赋总表_v1.1_评审修订版.md,VALID_HISTORY,EVIDENCE_LITERARY,REFERENCE,REFERENCE,P0,workspace:80回后佚失诗词文赋总表_v1.1_评审修订版.md,红楼梦探佚_全量文档体系_重整版_v4.2.zip,红楼梦探佚_全量文档体系_重整版_v4.2/11_P0_R1_R2_R3审计与事故复盘/02_R1_R2_R3审计归档/被R1取代的v3.0文件/80回后佚失诗词文赋总表_v1.1_评审修订版.md,
695f58218028df8cd88f3197812a7e7fce19ccff8d06657237dd3cfc7b6292aa,81—100_二十回全幅补完卡_v1.7_精简施工版.md,YES,03_VALID_HISTORY/RECONSTRUCTION/REFERENCE/695f582180__81—100_二十回全幅补完卡_v1.7_精简施工版.md,VALID_HISTORY,RECONSTRUCTION,REFERENCE,REFERENCE,P0,红楼梦探佚_全量文档体系_重整版_v4.2.zip::红楼梦探佚_全量文档体系_重整版_v4.2/11_P0_R1_R2_R3审计与事故复盘/02_R1_R2_R3审计归档/被R1取代的v3.0文件/81—100_二十回全幅补完卡_v1.7_精简施工版.md,红楼梦探佚_全量文档体系_重整版_v4.2.zip,红楼梦探佚_全量文档体系_重整版_v4.2/11_P0_R1_R2_R3审计与事故复盘/02_R1_R2_R3审计归档/被R1取代的v3.0文件/81—100_二十回全幅补完卡_v1.7_精简施工版.md,
3b1b4dcd8aae0250b59339c2f5bda3088ba1f7087aad6108290c96f89043358b,81—100_保护锁与不可破坏细节表_v1.7_精简施工版.md,YES,03_VALID_HISTORY/LOCK/REFERENCE/3b1b4dcd8a__81—100_保护锁与不可破坏细节表_v1.7_精简施工版.md,VALID_HISTORY,LOCK,REFERENCE,REFERENCE,P0,红楼梦探佚_全量文档体系_重整版_v4.2.zip::红楼梦探佚_全量文档体系_重整版_v4.2/11_P0_R1_R2_R3审计与事故复盘/02_R1_R2_R3审计归档/被R1取代的v3.0文件/81—100_保护锁与不可破坏细节表_v1.7_精简施工版.md,红楼梦探佚_全量文档体系_重整版_v4.2.zip,红楼梦探佚_全量文档体系_重整版_v4.2/11_P0_R1_R2_R3审计与事故复盘/02_R1_R2_R3审计归档/被R1取代的v3.0文件/81—100_保护锁与不可破坏细节表_v1.7_精简施工版.md,
eb16a3f2b4a1f1e07f379a166bbebf5fc108a568cd586a88ba6fbd1117978d2e,81—100_运行性前置状态总表_v1.4_精简施工版.md,YES,03_VALID_HISTORY/WORLD/REFERENCE/eb16a3f2b4__81—100_运行性前置状态总表_v1.4_精简施工版.md,VALID_HISTORY,WORLD,REFERENCE,REFERENCE,P0,红楼梦探佚_全量文档体系_重整版_v4.2.zip::红楼梦探佚_全量文档体系_重整版_v4.2/11_P0_R1_R2_R3审计与事故复盘/02_R1_R2_R3审计归档/被R1取代的v3.0文件/81—100_运行性前置状态总表_v1.4_精简施工版.md,红楼梦探佚_全量文档体系_重整版_v4.2.zip,红楼梦探佚_全量文档体系_重整版_v4.2/11_P0_R1_R2_R3审计与事故复盘/02_R1_R2_R3审计归档/被R1取代的v3.0文件/81—100_运行性前置状态总表_v1.4_精简施工版.md,
0d6c97dbc1d65d83d41024afe162f4658da9025b96f514b1fe84ffb592505171,ACTIVE文档内部依赖审计_v3.0.md,YES,03_VALID_HISTORY/ARCHIVE/HISTORICAL/0d6c97dbc1__ACTIVE文档内部依赖审计_v3.0.md,VALID_HISTORY,ARCHIVE,HISTORICAL,NO,P2,红楼梦探佚_全量文档体系_重整版_v4.2.zip::红楼梦探佚_全量文档体系_重整版_v4.2/11_P0_R1_R2_R3审计与事故复盘/02_R1_R2_R3审计归档/被R1取代的v3.0文件/ACTIVE文档内部依赖审计_v3.0.md,红楼梦探佚_全量文档体系_重整版_v4.2.zip,红楼梦探佚_全量文档体系_重整版_v4.2/11_P0_R1_R2_R3审计与事故复盘/02_R1_R2_R3审计归档/被R1取代的v3.0文件/ACTIVE文档内部依赖审计_v3.0.md,
6f223714870dc590da05056e958fd6b39e4d25ef3e9c939e92284e681a3a0b60,R1_ACTIVE内部依赖审计_v1.0.md,YES,03_VALID_HISTORY/ARCHIVE/HISTORICAL/6f22371487__R1_ACTIVE内部依赖审计_v1.0.md,VALID_HISTORY,ARCHIVE,HISTORICAL,NO,P2,红楼梦探佚_全量文档体系_重整版_v4.2.zip::红楼梦探佚_全量文档体系_重整版_v4.2/11_P0_R1_R2_R3审计与事故复盘/02_R1_R2_R3审计归档/被R1取代的v3.0文件/R1_ACTIVE内部依赖审计_v1.0.md,红楼梦探佚_全量文档体系_重整版_v4.2.zip,红楼梦探佚_全量文档体系_重整版_v4.2/11_P0_R1_R2_R3审计与事故复盘/02_R1_R2_R3审计归档/被R1取代的v3.0文件/R1_ACTIVE内部依赖审计_v1.0.md,
ddba5a18152e4122c69fd706119a6a60ecd7853d3661b455840324bc0912ff0b,R1_ACTIVE内部依赖审计_v1.1.md,YES,03_VALID_HISTORY/ARCHIVE/HISTORICAL/ddba5a1815__R1_ACTIVE内部依赖审计_v1.1.md,VALID_HISTORY,ARCHIVE,HISTORICAL,NO,P2,红楼梦探佚_全量文档体系_重整版_v4.2.zip::红楼梦探佚_全量文档体系_重整版_v4.2/11_P0_R1_R2_R3审计与事故复盘/02_R1_R2_R3审计归档/被R1取代的v3.0文件/R1_ACTIVE内部依赖审计_v1.1.md,红楼梦探佚_全量文档体系_重整版_v4.2.zip,红楼梦探佚_全量文档体系_重整版_v4.2/11_P0_R1_R2_R3审计与事故复盘/02_R1_R2_R3审计归档/被R1取代的v3.0文件/R1_ACTIVE内部依赖审计_v1.1.md,
d0f17d91a96a6307e43d48a03bdeb080f9f2e71265c6c15663ddc3a6bdf94d13,R1_ACTIVE内部依赖审计_v1.2.md,YES,03_VALID_HISTORY/ARCHIVE/HISTORICAL/d0f17d91a9__R1_ACTIVE内部依赖审计_v1.2.md,VALID_HISTORY,ARCHIVE,HISTORICAL,NO,P2,红楼梦探佚_全量文档体系_重整版_v4.2.zip::红楼梦探佚_全量文档体系_重整版_v4.2/11_P0_R1_R2_R3审计与事故复盘/02_R1_R2_R3审计归档/被R1取代的v3.0文件/R1_ACTIVE内部依赖审计_v1.2.md,红楼梦探佚_全量文档体系_重整版_v4.2.zip,红楼梦探佚_全量文档体系_重整版_v4.2/11_P0_R1_R2_R3审计与事故复盘/02_R1_R2_R3审计归档/被R1取代的v3.0文件/R1_ACTIVE内部依赖审计_v1.2.md,
fda55b62fd6e1d5ac0ce3e4aab58bdb64ae5f4d56e70011d5b2a11966417834c,README_从这里开始.md,YES,03_VALID_HISTORY/REGISTRY/REFERENCE/fda55b62fd__README_从这里开始.md,VALID_HISTORY,REGISTRY,REFERENCE,REFERENCE,P1,红楼梦探佚_全量文档体系_重整版_v4.2.zip::红楼梦探佚_全量文档体系_重整版_v4.2/11_P0_R1_R2_R3审计与事故复盘/02_R1_R2_R3审计归档/被R1取代的v3.0文件/README_从这里开始.md,红楼梦探佚_全量文档体系_重整版_v4.2.zip,红楼梦探佚_全量文档体系_重整版_v4.2/11_P0_R1_R2_R3审计与事故复盘/02_R1_R2_R3审计归档/被R1取代的v3.0文件/README_从这里开始.md,
d244033203766b5660ba38216aa22d868c9a7d210f61c553fe95cef118651898,下一阶段施工入口_第43-0.md,YES,03_VALID_HISTORY/ARCHIVE/HISTORICAL/d244033203__下一阶段施工入口_第43-0.md,VALID_HISTORY,ARCHIVE,HISTORICAL,NO,P2,红楼梦探佚_全量文档体系_重整版_v4.2.zip::红楼梦探佚_全量文档体系_重整版_v4.2/11_P0_R1_R2_R3审计与事故复盘/02_R1_R2_R3审计归档/被R1取代的v3.0文件/下一阶段施工入口_第43-0.md,红楼梦探佚_全量文档体系_重整版_v4.2.zip,红楼梦探佚_全量文档体系_重整版_v4.2/11_P0_R1_R2_R3审计与事故复盘/02_R1_R2_R3审计归档/被R1取代的v3.0文件/下一阶段施工入口_第43-0.md,
d5d94544bc44f85adfe5f4f30de33329cfc4ea6cbb21d8788bbab300e29c5583,冗余错误过期内容清理报告_v3.0.md,YES,03_VALID_HISTORY/REGISTRY/REFERENCE/d5d94544bc__冗余错误过期内容清理报告_v3.0.md,VALID_HISTORY,REGISTRY,REFERENCE,REFERENCE,P1,红楼梦探佚_全量文档体系_重整版_v4.2.zip::红楼梦探佚_全量文档体系_重整版_v4.2/11_P0_R1_R2_R3审计与事故复盘/02_R1_R2_R3审计归档/被R1取代的v3.0文件/冗余错误过期内容清理报告_v3.0.md,红楼梦探佚_全量文档体系_重整版_v4.2.zip,红楼梦探佚_全量文档体系_重整版_v4.2/11_P0_R1_R2_R3审计与事故复盘/02_R1_R2_R3审计归档/被R1取代的v3.0文件/冗余错误过期内容清理报告_v3.0.md,
eac297db8f868701b3bf021a12a30e47048755af609b2d03ceea406a47e98198,十独吟_作者形制时序专题_v1.0.md,YES,03_VALID_HISTORY/LITERARY_EVIDENCE/REFERENCE/eac297db8f__十独吟_作者形制时序专题_v1.0.md,VALID_HISTORY,LITERARY_EVIDENCE,REFERENCE,REFERENCE,P0,红楼梦探佚_全量文档体系_重整版_v4.2.zip::红楼梦探佚_全量文档体系_重整版_v4.2/11_P0_R1_R2_R3审计与事故复盘/02_R1_R2_R3审计归档/被R1取代的v3.0文件/十独吟_作者形制时序专题_v1.0.md,红楼梦探佚_全量文档体系_重整版_v4.2.zip,红楼梦探佚_全量文档体系_重整版_v4.2/11_P0_R1_R2_R3审计与事故复盘/02_R1_R2_R3审计归档/被R1取代的v3.0文件/十独吟_作者形制时序专题_v1.0.md,
94b37cf2be4c98f44633236f42af7989fe5243a10f52f74efe6ae266e168bd65,对景悼颦儿_场景体裁竞争专题_v1.0.md,YES,03_VALID_HISTORY/LITERARY_EVIDENCE/REFERENCE/94b37cf2be__对景悼颦儿_场景体裁竞争专题_v1.0.md,VALID_HISTORY,LITERARY_EVIDENCE,REFERENCE,REFERENCE,P0,红楼梦探佚_全量文档体系_重整版_v4.2.zip::红楼梦探佚_全量文档体系_重整版_v4.2/11_P0_R1_R2_R3审计与事故复盘/02_R1_R2_R3审计归档/被R1取代的v3.0文件/对景悼颦儿_场景体裁竞争专题_v1.0.md,红楼梦探佚_全量文档体系_重整版_v4.2.zip,红楼梦探佚_全量文档体系_重整版_v4.2/11_P0_R1_R2_R3审计与事故复盘/02_R1_R2_R3审计归档/被R1取代的v3.0文件/对景悼颦儿_场景体裁竞争专题_v1.0.md,
cb4bb14b0ad362962f72ddec3a83cc3b203f484c90419148c66a9d46a31e472b,当前ACTIVE版本总表_v3.0.md,YES,03_VALID_HISTORY/RELEASE_HISTORY/VERSION_HISTORY/cb4bb14b0a__当前ACTIVE版本总表_v3.0.md,VALID_HISTORY,RELEASE_HISTORY,VERSION_HISTORY,NO,P1,红楼梦探佚_全量文档体系_重整版_v4.2.zip::红楼梦探佚_全量文档体系_重整版_v4.2/11_P0_R1_R2_R3审计与事故复盘/02_R1_R2_R3审计归档/被R1取代的v3.0文件/当前ACTIVE版本总表_v3.0.md,红楼梦探佚_全量文档体系_重整版_v4.2.zip,红楼梦探佚_全量文档体系_重整版_v4.2/11_P0_R1_R2_R3审计与事故复盘/02_R1_R2_R3审计归档/被R1取代的v3.0文件/当前ACTIVE版本总表_v3.0.md,
3d981a5eb223fe3ab94be5bf9533578dd06d0f0019bd329637216183d32ba07a,文件清单与SHA256_v3.0.md,YES,03_VALID_HISTORY/REGISTRY/REFERENCE/3d981a5eb2__文件清单与SHA256_v3.0.md,VALID_HISTORY,REGISTRY,REFERENCE,REFERENCE,P1,红楼梦探佚_全量文档体系_重整版_v4.2.zip::红楼梦探佚_全量文档体系_重整版_v4.2/11_P0_R1_R2_R3审计与事故复盘/02_R1_R2_R3审计归档/被R1取代的v3.0文件/文件清单与SHA256_v3.0.md,红楼梦探佚_全量文档体系_重整版_v4.2.zip,红楼梦探佚_全量文档体系_重整版_v4.2/11_P0_R1_R2_R3审计与事故复盘/02_R1_R2_R3审计归档/被R1取代的v3.0文件/文件清单与SHA256_v3.0.md,
ac7702e1e869699d16bfb53b02dc667faebbcbd2a8780f6ef5e16b1a53bffcea,第32.5-A_后80直引硬锁总台账_v1.0_全量审计版.md,YES,03_VALID_HISTORY/RELEASE_HISTORY/VERSION_HISTORY/ac7702e1e8__第32.5-A_后80直引硬锁总台账_v1.0_全量审计版.md,VALID_HISTORY,RELEASE_HISTORY,VERSION_HISTORY,NO,P1,红楼梦探佚_全量文档体系_重整版_v4.2.zip::红楼梦探佚_全量文档体系_重整版_v4.2/11_P0_R1_R2_R3审计与事故复盘/02_R1_R2_R3审计归档/被R1取代的v3.0文件/第32.5-A_后80直引硬锁总台账_v1.0_全量审计版.md,红楼梦探佚_全量文档体系_重整版_v4.2.zip,红楼梦探佚_全量文档体系_重整版_v4.2/11_P0_R1_R2_R3审计与事故复盘/02_R1_R2_R3审计归档/被R1取代的v3.0文件/第32.5-A_后80直引硬锁总台账_v1.0_全量审计版.md,
b6cf4af316cf0ab2d2a453889da75ae86dbacc0f1f7ae535f203a3927af7671c,红楼梦八十回后佚稿复原_工作底稿_v2.8_精简施工母本.md,YES,03_VALID_HISTORY/RECONSTRUCTION/REFERENCE/b6cf4af316__红楼梦八十回后佚稿复原_工作底稿_v2.8_精简施工母本.md,VALID_HISTORY,RECONSTRUCTION,REFERENCE,REFERENCE,P0,红楼梦探佚_全量文档体系_重整版_v4.2.zip::红楼梦探佚_全量文档体系_重整版_v4.2/11_P0_R1_R2_R3审计与事故复盘/02_R1_R2_R3审计归档/被R1取代的v3.0文件/红楼梦八十回后佚稿复原_工作底稿_v2.8_精简施工母本.md,红楼梦探佚_全量文档体系_重整版_v4.2.zip,红楼梦探佚_全量文档体系_重整版_v4.2/11_P0_R1_R2_R3审计与事故复盘/02_R1_R2_R3审计归档/被R1取代的v3.0文件/红楼梦八十回后佚稿复原_工作底稿_v2.8_精简施工母本.md,
ca0fd3a0921e8bcf50cf4090f28f02683e83a8e02f3a04b3420fd0447e71d257,红楼梦八十回后全幅文学补完大工程计划_v5.4_精简施工版.md,YES,03_VALID_HISTORY/GOVERNANCE/HISTORICAL/ca0fd3a092__红楼梦八十回后全幅文学补完大工程计划_v5.4_精简施工版.md,VALID_HISTORY,GOVERNANCE,HISTORICAL,NO,P2,红楼梦探佚_全量文档体系_重整版_v4.2.zip::红楼梦探佚_全量文档体系_重整版_v4.2/11_P0_R1_R2_R3审计与事故复盘/02_R1_R2_R3审计归档/被R1取代的v3.0文件/红楼梦八十回后全幅文学补完大工程计划_v5.4_精简施工版.md,红楼梦探佚_全量文档体系_重整版_v4.2.zip,红楼梦探佚_全量文档体系_重整版_v4.2/11_P0_R1_R2_R3审计与事故复盘/02_R1_R2_R3审计归档/被R1取代的v3.0文件/红楼梦八十回后全幅文学补完大工程计划_v5.4_精简施工版.md,
dde84263025133414c33a9752c806be5a979266f270f5b6c7ab40e1d30cd8571,警幻情榜_五层芳讳候选证据矩阵_v1.1_P0回归版.md,YES,03_VALID_HISTORY/LITERARY_EVIDENCE/REFERENCE/dde8426302__警幻情榜_五层芳讳候选证据矩阵_v1.1_P0回归版.md,VALID_HISTORY,LITERARY_EVIDENCE,REFERENCE,REFERENCE,P0,红楼梦探佚_全量文档体系_重整版_v4.2.zip::红楼梦探佚_全量文档体系_重整版_v4.2/11_P0_R1_R2_R3审计与事故复盘/02_R1_R2_R3审计归档/被R1取代的v3.0文件/警幻情榜_五层芳讳候选证据矩阵_v1.1_P0回归版.md,红楼梦探佚_全量文档体系_重整版_v4.2.zip,红楼梦探佚_全量文档体系_重整版_v4.2/11_P0_R1_R2_R3审计与事故复盘/02_R1_R2_R3审计归档/被R1取代的v3.0文件/警幻情榜_五层芳讳候选证据矩阵_v1.1_P0回归版.md,
1224debbccf8520488c210c0486487b99cba0344f003e6d1172a937046fc1432,警幻情榜_榜式层级与生成边界专题_v1.0.md,YES,03_VALID_HISTORY/LITERARY_EVIDENCE/REFERENCE/1224debbcc__警幻情榜_榜式层级与生成边界专题_v1.0.md,VALID_HISTORY,LITERARY_EVIDENCE,REFERENCE,REFERENCE,P0,红楼梦探佚_全量文档体系_重整版_v4.2.zip::红楼梦探佚_全量文档体系_重整版_v4.2/11_P0_R1_R2_R3审计与事故复盘/02_R1_R2_R3审计归档/被R1取代的v3.0文件/警幻情榜_榜式层级与生成边界专题_v1.0.md,红楼梦探佚_全量文档体系_重整版_v4.2.zip,红楼梦探佚_全量文档体系_重整版_v4.2/11_P0_R1_R2_R3审计与事故复盘/02_R1_R2_R3审计归档/被R1取代的v3.0文件/警幻情榜_榜式层级与生成边界专题_v1.0.md,
2f9a628db061e13563e670c5e663c154ccf5b57557c038b6fbb797649c865e95,诗文B类非作品硬约束收口表_v1.0.md,YES,03_VALID_HISTORY/ARCHIVE/HISTORICAL/2f9a628db0__诗文B类非作品硬约束收口表_v1.0.md,VALID_HISTORY,ARCHIVE,HISTORICAL,NO,P2,红楼梦探佚_全量文档体系_重整版_v4.2.zip::红楼梦探佚_全量文档体系_重整版_v4.2/11_P0_R1_R2_R3审计与事故复盘/02_R1_R2_R3审计归档/被R1取代的v3.0文件/诗文B类非作品硬约束收口表_v1.0.md,红楼梦探佚_全量文档体系_重整版_v4.2.zip,红楼梦探佚_全量文档体系_重整版_v4.2/11_P0_R1_R2_R3审计与事故复盘/02_R1_R2_R3审计归档/被R1取代的v3.0文件/诗文B类非作品硬约束收口表_v1.0.md,
3378c7484243085098101b0c0917d7f47c7ab6128c146f2e9833f7115ce3711e,81—100_二十回全幅补完卡_v1.8_R1证据角色回归版.md,YES,03_VALID_HISTORY/RECONSTRUCTION/REFERENCE/3378c74842__81—100_二十回全幅补完卡_v1.8_R1证据角色回归版.md,VALID_HISTORY,RECONSTRUCTION,REFERENCE,REFERENCE,P0,红楼梦探佚_全量文档体系_重整版_v4.2.zip::红楼梦探佚_全量文档体系_重整版_v4.2/11_P0_R1_R2_R3审计与事故复盘/02_R1_R2_R3审计归档/被R2取代的R1文件/81—100_二十回全幅补完卡_v1.8_R1证据角色回归版.md,红楼梦探佚_全量文档体系_重整版_v4.2.zip,红楼梦探佚_全量文档体系_重整版_v4.2/11_P0_R1_R2_R3审计与事故复盘/02_R1_R2_R3审计归档/被R2取代的R1文件/81—100_二十回全幅补完卡_v1.8_R1证据角色回归版.md,
1ecdc787708c47ac20fae13c2235a2319e5dd917431936100bdcca9332fe0ac6,81—100_保护锁与不可破坏细节表_v1.8_R1证据角色回归版.md,YES,03_VALID_HISTORY/LOCK/REFERENCE/1ecdc78770__81—100_保护锁与不可破坏细节表_v1.8_R1证据角色回归版.md,VALID_HISTORY,LOCK,REFERENCE,REFERENCE,P0,红楼梦探佚_全量文档体系_重整版_v4.2.zip::红楼梦探佚_全量文档体系_重整版_v4.2/11_P0_R1_R2_R3审计与事故复盘/02_R1_R2_R3审计归档/被R2取代的R1文件/81—100_保护锁与不可破坏细节表_v1.8_R1证据角色回归版.md,红楼梦探佚_全量文档体系_重整版_v4.2.zip,红楼梦探佚_全量文档体系_重整版_v4.2/11_P0_R1_R2_R3审计与事故复盘/02_R1_R2_R3审计归档/被R2取代的R1文件/81—100_保护锁与不可破坏细节表_v1.8_R1证据角色回归版.md,
c3187c20a89f2203e1c8f437f73670bc5abb7330198b39957a8c599b93147d20,81—100_运行性前置状态总表_v1.5_R1暂停版.md,YES,03_VALID_HISTORY/WORLD/REFERENCE/c3187c20a8__81—100_运行性前置状态总表_v1.5_R1暂停版.md,VALID_HISTORY,WORLD,REFERENCE,REFERENCE,P0,红楼梦探佚_全量文档体系_重整版_v4.2.zip::红楼梦探佚_全量文档体系_重整版_v4.2/11_P0_R1_R2_R3审计与事故复盘/02_R1_R2_R3审计归档/被R2取代的R1文件/81—100_运行性前置状态总表_v1.5_R1暂停版.md,红楼梦探佚_全量文档体系_重整版_v4.2.zip,红楼梦探佚_全量文档体系_重整版_v4.2/11_P0_R1_R2_R3审计与事故复盘/02_R1_R2_R3审计归档/被R2取代的R1文件/81—100_运行性前置状态总表_v1.5_R1暂停版.md,
a792cbfac1c55d22a9e7201621081a2dee3468a07ce7d4e543558ae355476c86,R1_ACTIVE内部依赖审计_v1.3.md,YES,03_VALID_HISTORY/ARCHIVE/HISTORICAL/a792cbfac1__R1_ACTIVE内部依赖审计_v1.3.md,VALID_HISTORY,ARCHIVE,HISTORICAL,NO,P2,红楼梦探佚_全量文档体系_重整版_v4.2.zip::红楼梦探佚_全量文档体系_重整版_v4.2/11_P0_R1_R2_R3审计与事故复盘/02_R1_R2_R3审计归档/被R2取代的R1文件/R1_ACTIVE内部依赖审计_v1.3.md,红楼梦探佚_全量文档体系_重整版_v4.2.zip,红楼梦探佚_全量文档体系_重整版_v4.2/11_P0_R1_R2_R3审计与事故复盘/02_R1_R2_R3审计归档/被R2取代的R1文件/R1_ACTIVE内部依赖审计_v1.3.md,
5f458d52cc6dbe39965969e73b89f62284283b375de7dc5830dcb15b48fadb0a,R1文件清单与SHA256_v1.3.md,YES,03_VALID_HISTORY/REGISTRY/REFERENCE/5f458d52cc__R1文件清单与SHA256_v1.3.md,VALID_HISTORY,REGISTRY,REFERENCE,REFERENCE,P1,红楼梦探佚_全量文档体系_重整版_v4.2.zip::红楼梦探佚_全量文档体系_重整版_v4.2/11_P0_R1_R2_R3审计与事故复盘/02_R1_R2_R3审计归档/被R2取代的R1文件/R1文件清单与SHA256_v1.3.md,红楼梦探佚_全量文档体系_重整版_v4.2.zip,红楼梦探佚_全量文档体系_重整版_v4.2/11_P0_R1_R2_R3审计与事故复盘/02_R1_R2_R3审计归档/被R2取代的R1文件/R1文件清单与SHA256_v1.3.md,
ff8490f755b9cbe5c13c1ebc5060d08213a5564a58b73dbe922e274825f396e9,当前修复状态_R1.md,YES,03_VALID_HISTORY/ARCHIVE/HISTORICAL/ff8490f755__当前修复状态_R1.md,VALID_HISTORY,ARCHIVE,HISTORICAL,NO,P2,红楼梦探佚_全量文档体系_重整版_v4.2.zip::红楼梦探佚_全量文档体系_重整版_v4.2/11_P0_R1_R2_R3审计与事故复盘/02_R1_R2_R3审计归档/被R2取代的R1文件/当前修复状态_R1.md,红楼梦探佚_全量文档体系_重整版_v4.2.zip,红楼梦探佚_全量文档体系_重整版_v4.2/11_P0_R1_R2_R3审计与事故复盘/02_R1_R2_R3审计归档/被R2取代的R1文件/当前修复状态_R1.md,
75738aae840a4a2eaf75c331c2276914ef3054550ad99aa43aae854c20288b01,正文基线状态_R1_等待v1.2.md,YES,03_VALID_HISTORY/ARCHIVE/HISTORICAL/75738aae84__正文基线状态_R1_等待v1.2.md,VALID_HISTORY,ARCHIVE,HISTORICAL,NO,P2,红楼梦探佚_全量文档体系_重整版_v4.2.zip::红楼梦探佚_全量文档体系_重整版_v4.2/11_P0_R1_R2_R3审计与事故复盘/02_R1_R2_R3审计归档/被R2取代的R1文件/正文基线状态_R1_等待v1.2.md,红楼梦探佚_全量文档体系_重整版_v4.2.zip,红楼梦探佚_全量文档体系_重整版_v4.2/11_P0_R1_R2_R3审计与事故复盘/02_R1_R2_R3审计归档/被R2取代的R1文件/正文基线状态_R1_等待v1.2.md,
b0918128c39775fbce3f905c1c287be11f1d44a4ab1146b68ed4aa363da62e7a,红楼梦八十回后佚稿复原_工作底稿_v2.9_R1证据角色回归母本.md,YES,03_VALID_HISTORY/RECONSTRUCTION/REFERENCE/b0918128c3__红楼梦八十回后佚稿复原_工作底稿_v2.9_R1证据角色回归母本.md,VALID_HISTORY,RECONSTRUCTION,REFERENCE,REFERENCE,P0,红楼梦探佚_全量文档体系_重整版_v4.2.zip::红楼梦探佚_全量文档体系_重整版_v4.2/11_P0_R1_R2_R3审计与事故复盘/02_R1_R2_R3审计归档/被R2取代的R1文件/红楼梦八十回后佚稿复原_工作底稿_v2.9_R1证据角色回归母本.md,红楼梦探佚_全量文档体系_重整版_v4.2.zip,红楼梦探佚_全量文档体系_重整版_v4.2/11_P0_R1_R2_R3审计与事故复盘/02_R1_R2_R3审计归档/被R2取代的R1文件/红楼梦八十回后佚稿复原_工作底稿_v2.9_R1证据角色回归母本.md,
82d451d2e866607c03a972f3097d734fe9b65f88fae0cd0b67a9edd4f7ca9589,红楼梦八十回后全幅文学补完大工程计划_v5.5_证据角色回归计划.md,YES,03_VALID_HISTORY/GOVERNANCE/HISTORICAL/82d451d2e8__红楼梦八十回后全幅文学补完大工程计划_v5.5_证据角色回归计划.md,VALID_HISTORY,GOVERNANCE,HISTORICAL,NO,P2,红楼梦探佚_全量文档体系_重整版_v4.2.zip::红楼梦探佚_全量文档体系_重整版_v4.2/11_P0_R1_R2_R3审计与事故复盘/02_R1_R2_R3审计归档/被R2取代的R1文件/红楼梦八十回后全幅文学补完大工程计划_v5.5_证据角色回归计划.md,红楼梦探佚_全量文档体系_重整版_v4.2.zip,红楼梦探佚_全量文档体系_重整版_v4.2/11_P0_R1_R2_R3审计与事故复盘/02_R1_R2_R3审计归档/被R2取代的R1文件/红楼梦八十回后全幅文学补完大工程计划_v5.5_证据角色回归计划.md,
14d6520e3960682ab39942a81e37244ea69d988e54280292ad12c3b64f2a1e6b,80回后佚失诗词文赋总表_v1.2_来源与角色回归版.md,YES,03_VALID_HISTORY/EVIDENCE_LITERARY/REFERENCE/14d6520e39__80回后佚失诗词文赋总表_v1.2_来源与角色回归版.md,VALID_HISTORY,EVIDENCE_LITERARY,REFERENCE,REFERENCE,P0,红楼梦探佚_全量文档体系_重整版_v4.2.zip::红楼梦探佚_全量文档体系_重整版_v4.2/11_P0_R1_R2_R3审计与事故复盘/02_R1_R2_R3审计归档/被R3取代的R2文件/80回后佚失诗词文赋总表_v1.2_来源与角色回归版.md,红楼梦探佚_全量文档体系_重整版_v4.2.zip,红楼梦探佚_全量文档体系_重整版_v4.2/11_P0_R1_R2_R3审计与事故复盘/02_R1_R2_R3审计归档/被R3取代的R2文件/80回后佚失诗词文赋总表_v1.2_来源与角色回归版.md,
4009c7e4e7a390335e5f43401d2a3a228672bbfd815875557ca3eba6564c5991,81—100_二十回全幅补完卡_v1.9_R2正文回归版.md,YES,03_VALID_HISTORY/RECONSTRUCTION/REFERENCE/4009c7e4e7__81—100_二十回全幅补完卡_v1.9_R2正文回归版.md,VALID_HISTORY,RECONSTRUCTION,REFERENCE,REFERENCE,P0,红楼梦探佚_全量文档体系_重整版_v4.2.zip::红楼梦探佚_全量文档体系_重整版_v4.2/11_P0_R1_R2_R3审计与事故复盘/02_R1_R2_R3审计归档/被R3取代的R2文件/81—100_二十回全幅补完卡_v1.9_R2正文回归版.md,红楼梦探佚_全量文档体系_重整版_v4.2.zip,红楼梦探佚_全量文档体系_重整版_v4.2/11_P0_R1_R2_R3审计与事故复盘/02_R1_R2_R3审计归档/被R3取代的R2文件/81—100_二十回全幅补完卡_v1.9_R2正文回归版.md,
0fdd1014c1f261bc26ae339f6f480ce1c24a0d646ad741594c9cc9c7deb04ba9,81—100_人物新增诗文G层竞选总表_v1.1_精简施工版.md,YES,03_VALID_HISTORY/LITERARY_ECOLOGY/REFERENCE/0fdd1014c1__81—100_人物新增诗文G层竞选总表_v1.1_精简施工版.md,VALID_HISTORY,LITERARY_ECOLOGY,REFERENCE,REFERENCE,P0,红楼梦探佚_全量文档体系_重整版_v4.2.zip::红楼梦探佚_全量文档体系_重整版_v4.2/11_P0_R1_R2_R3审计与事故复盘/02_R1_R2_R3审计归档/被R3取代的R2文件/81—100_人物新增诗文G层竞选总表_v1.1_精简施工版.md,红楼梦探佚_全量文档体系_重整版_v4.2.zip,红楼梦探佚_全量文档体系_重整版_v4.2/11_P0_R1_R2_R3审计与事故复盘/02_R1_R2_R3审计归档/被R3取代的R2文件/81—100_人物新增诗文G层竞选总表_v1.1_精简施工版.md,
d0d0681cc461d0d342e3907b0dd6b399e7928cd1e3008157d1a11e698b79cd63,81—100_作者层韵文配置与三案竞选总表_v1.4_精简施工版.md,YES,03_VALID_HISTORY/LITERARY_ECOLOGY/REFERENCE/d0d0681cc4__81—100_作者层韵文配置与三案竞选总表_v1.4_精简施工版.md,VALID_HISTORY,LITERARY_ECOLOGY,REFERENCE,REFERENCE,P0,红楼梦探佚_全量文档体系_重整版_v4.2.zip::红楼梦探佚_全量文档体系_重整版_v4.2/11_P0_R1_R2_R3审计与事故复盘/02_R1_R2_R3审计归档/被R3取代的R2文件/81—100_作者层韵文配置与三案竞选总表_v1.4_精简施工版.md,红楼梦探佚_全量文档体系_重整版_v4.2.zip,红楼梦探佚_全量文档体系_重整版_v4.2/11_P0_R1_R2_R3审计与事故复盘/02_R1_R2_R3审计归档/被R3取代的R2文件/81—100_作者层韵文配置与三案竞选总表_v1.4_精简施工版.md,
36084e9efa816e0c3869b732e9e06dcdf34e42498960d0da41499bfe1ea8101a,81—100_保护锁与不可破坏细节表_v1.9_R2版.md,YES,03_VALID_HISTORY/LOCK/REFERENCE/36084e9efa__81—100_保护锁与不可破坏细节表_v1.9_R2版.md,VALID_HISTORY,LOCK,REFERENCE,REFERENCE,P0,红楼梦探佚_全量文档体系_重整版_v4.2.zip::红楼梦探佚_全量文档体系_重整版_v4.2/11_P0_R1_R2_R3审计与事故复盘/02_R1_R2_R3审计归档/被R3取代的R2文件/81—100_保护锁与不可破坏细节表_v1.9_R2版.md,红楼梦探佚_全量文档体系_重整版_v4.2.zip,红楼梦探佚_全量文档体系_重整版_v4.2/11_P0_R1_R2_R3审计与事故复盘/02_R1_R2_R3审计归档/被R3取代的R2文件/81—100_保护锁与不可破坏细节表_v1.9_R2版.md,
223580dbc0b8d5a6bda3248c54c27e52d1d772dded948c17cf29ad788900f124,81—100_医学身体饮食婚丧礼俗补完表_v1.1_精简施工版.md,YES,03_VALID_HISTORY/WORLD_LITERARY/REFERENCE/223580dbc0__81—100_医学身体饮食婚丧礼俗补完表_v1.1_精简施工版.md,VALID_HISTORY,WORLD_LITERARY,REFERENCE,REFERENCE,P0,红楼梦探佚_全量文档体系_重整版_v4.2.zip::红楼梦探佚_全量文档体系_重整版_v4.2/11_P0_R1_R2_R3审计与事故复盘/02_R1_R2_R3审计归档/被R3取代的R2文件/81—100_医学身体饮食婚丧礼俗补完表_v1.1_精简施工版.md,红楼梦探佚_全量文档体系_重整版_v4.2.zip,红楼梦探佚_全量文档体系_重整版_v4.2/11_P0_R1_R2_R3审计与事故复盘/02_R1_R2_R3审计归档/被R3取代的R2文件/81—100_医学身体饮食婚丧礼俗补完表_v1.1_精简施工版.md,
647b552f70d39fbe71c27d559ec5eddeda126487e9661c4f2ac6c0efe16a3e7a,81—100_十二维文学文化缺口总表_v1.4_精简施工版.md,YES,03_VALID_HISTORY/PLANNING/REFERENCE/647b552f70__81—100_十二维文学文化缺口总表_v1.4_精简施工版.md,VALID_HISTORY,PLANNING,REFERENCE,REFERENCE,P0,红楼梦探佚_全量文档体系_重整版_v4.2.zip::红楼梦探佚_全量文档体系_重整版_v4.2/11_P0_R1_R2_R3审计与事故复盘/02_R1_R2_R3审计归档/被R3取代的R2文件/81—100_十二维文学文化缺口总表_v1.4_精简施工版.md,红楼梦探佚_全量文档体系_重整版_v4.2.zip,红楼梦探佚_全量文档体系_重整版_v4.2/11_P0_R1_R2_R3审计与事故复盘/02_R1_R2_R3审计归档/被R3取代的R2文件/81—100_十二维文学文化缺口总表_v1.4_精简施工版.md,
0dd9e1e8d10b89f1ac618db1176f3cb38b0d850ac3d2a1d3c0e0c56f31e1a819,81—100_哲学宗教梦境情榜太虚深化方案_v1.1_精简施工版.md,YES,03_VALID_HISTORY/LITERARY_ECOLOGY/REFERENCE/0dd9e1e8d1__81—100_哲学宗教梦境情榜太虚深化方案_v1.1_精简施工版.md,VALID_HISTORY,LITERARY_ECOLOGY,REFERENCE,REFERENCE,P0,红楼梦探佚_全量文档体系_重整版_v4.2.zip::红楼梦探佚_全量文档体系_重整版_v4.2/11_P0_R1_R2_R3审计与事故复盘/02_R1_R2_R3审计归档/被R3取代的R2文件/81—100_哲学宗教梦境情榜太虚深化方案_v1.1_精简施工版.md,红楼梦探佚_全量文档体系_重整版_v4.2.zip,红楼梦探佚_全量文档体系_重整版_v4.2/11_P0_R1_R2_R3审计与事故复盘/02_R1_R2_R3审计归档/被R3取代的R2文件/81—100_哲学宗教梦境情榜太虚深化方案_v1.1_精简施工版.md,
1f8ff4c6177c1e21303d8a51da3f9d2303d1cbb659d255f71db2e942b424b9f1,81—100_回目T轴全量审计与重拟准入表_v1.0.md,YES,03_VALID_HISTORY/EVIDENCE/REFERENCE/1f8ff4c617__81—100_回目T轴全量审计与重拟准入表_v1.0.md,VALID_HISTORY,EVIDENCE,REFERENCE,REFERENCE,P0,红楼梦探佚_全量文档体系_重整版_v4.2.zip::红楼梦探佚_全量文档体系_重整版_v4.2/11_P0_R1_R2_R3审计与事故复盘/02_R1_R2_R3审计归档/被R3取代的R2文件/81—100_回目T轴全量审计与重拟准入表_v1.0.md,红楼梦探佚_全量文档体系_重整版_v4.2.zip,红楼梦探佚_全量文档体系_重整版_v4.2/11_P0_R1_R2_R3审计与事故复盘/02_R1_R2_R3审计归档/被R3取代的R2文件/81—100_回目T轴全量审计与重拟准入表_v1.0.md,
ffaeeabeea1e97fce36bb3453d5c8d50ce0cfcf71ebcd3fe9e8afd56406ed0e9,81—100_旧文化生活定向补完表_v1.1_精简施工版.md,YES,03_VALID_HISTORY/LITERARY_ECOLOGY/REFERENCE/ffaeeabeea__81—100_旧文化生活定向补完表_v1.1_精简施工版.md,VALID_HISTORY,LITERARY_ECOLOGY,REFERENCE,REFERENCE,P0,红楼梦探佚_全量文档体系_重整版_v4.2.zip::红楼梦探佚_全量文档体系_重整版_v4.2/11_P0_R1_R2_R3审计与事故复盘/02_R1_R2_R3审计归档/被R3取代的R2文件/81—100_旧文化生活定向补完表_v1.1_精简施工版.md,红楼梦探佚_全量文档体系_重整版_v4.2.zip,红楼梦探佚_全量文档体系_重整版_v4.2/11_P0_R1_R2_R3审计与事故复盘/02_R1_R2_R3审计归档/被R3取代的R2文件/81—100_旧文化生活定向补完表_v1.1_精简施工版.md,
88abd48eff28d8d1d8bfc71e7fb0496e85fc3a7c28a2ab45f339e911d27d12b8,81—100_正文实施事实登记表_v1.0.md,YES,03_VALID_HISTORY/IMPLEMENTATION/REFERENCE/88abd48eff__81—100_正文实施事实登记表_v1.0.md,VALID_HISTORY,IMPLEMENTATION,REFERENCE,REFERENCE,P0,红楼梦探佚_全量文档体系_重整版_v4.2.zip::红楼梦探佚_全量文档体系_重整版_v4.2/11_P0_R1_R2_R3审计与事故复盘/02_R1_R2_R3审计归档/被R3取代的R2文件/81—100_正文实施事实登记表_v1.0.md,红楼梦探佚_全量文档体系_重整版_v4.2.zip,红楼梦探佚_全量文档体系_重整版_v4.2/11_P0_R1_R2_R3审计与事故复盘/02_R1_R2_R3审计归档/被R3取代的R2文件/81—100_正文实施事实登记表_v1.0.md,
df6265fa797fd1b80b9b11f63d91e6ebce93aa20735bf5631ff36ebabbc4c928,81—100_社会基础设施现金流职业世界总表_v1.2_精简施工版.md,YES,03_VALID_HISTORY/WORLD/REFERENCE/df6265fa79__81—100_社会基础设施现金流职业世界总表_v1.2_精简施工版.md,VALID_HISTORY,WORLD,REFERENCE,REFERENCE,P0,红楼梦探佚_全量文档体系_重整版_v4.2.zip::红楼梦探佚_全量文档体系_重整版_v4.2/11_P0_R1_R2_R3审计与事故复盘/02_R1_R2_R3审计归档/被R3取代的R2文件/81—100_社会基础设施现金流职业世界总表_v1.2_精简施工版.md,红楼梦探佚_全量文档体系_重整版_v4.2.zip,红楼梦探佚_全量文档体系_重整版_v4.2/11_P0_R1_R2_R3审计与事故复盘/02_R1_R2_R3审计归档/被R3取代的R2文件/81—100_社会基础设施现金流职业世界总表_v1.2_精简施工版.md,
0f7eb60caaffcb49d042c423bc4e738326b74f5adc344ca12053b2f2dbc8349f,81—100_被压缩形成过程与社会过程补完总表_v1.5_精简施工版.md,YES,03_VALID_HISTORY/PLANNING/REFERENCE/0f7eb60caa__81—100_被压缩形成过程与社会过程补完总表_v1.5_精简施工版.md,VALID_HISTORY,PLANNING,REFERENCE,REFERENCE,P0,红楼梦探佚_全量文档体系_重整版_v4.2.zip::红楼梦探佚_全量文档体系_重整版_v4.2/11_P0_R1_R2_R3审计与事故复盘/02_R1_R2_R3审计归档/被R3取代的R2文件/81—100_被压缩形成过程与社会过程补完总表_v1.5_精简施工版.md,红楼梦探佚_全量文档体系_重整版_v4.2.zip,红楼梦探佚_全量文档体系_重整版_v4.2/11_P0_R1_R2_R3审计与事故复盘/02_R1_R2_R3审计归档/被R3取代的R2文件/81—100_被压缩形成过程与社会过程补完总表_v1.5_精简施工版.md,
5cf54fd9e8a9a16534605f5db1836ce57406d0c80e008d821b0ed66e646048ee,81—100_运行性前置状态总表_v1.6_R2版.md,YES,03_VALID_HISTORY/WORLD/REFERENCE/5cf54fd9e8__81—100_运行性前置状态总表_v1.6_R2版.md,VALID_HISTORY,WORLD,REFERENCE,REFERENCE,P0,红楼梦探佚_全量文档体系_重整版_v4.2.zip::红楼梦探佚_全量文档体系_重整版_v4.2/11_P0_R1_R2_R3审计与事故复盘/02_R1_R2_R3审计归档/被R3取代的R2文件/81—100_运行性前置状态总表_v1.6_R2版.md,红楼梦探佚_全量文档体系_重整版_v4.2.zip,红楼梦探佚_全量文档体系_重整版_v4.2/11_P0_R1_R2_R3审计与事故复盘/02_R1_R2_R3审计归档/被R3取代的R2文件/81—100_运行性前置状态总表_v1.6_R2版.md,
957b40d6d53c3cc5e3bc39eed3a8adf058ea05a6686a7ef841b521b51aa9cb71,R3文件清单与SHA256_v1.3.md,YES,03_VALID_HISTORY/REGISTRY/REFERENCE/957b40d6d5__R3文件清单与SHA256_v1.3.md,VALID_HISTORY,REGISTRY,REFERENCE,REFERENCE,P1,红楼梦探佚_全量文档体系_重整版_v4.2.zip::红楼梦探佚_全量文档体系_重整版_v4.2/11_P0_R1_R2_R3审计与事故复盘/02_R1_R2_R3审计归档/被R3取代的R2文件/R3文件清单与SHA256_v1.3.md,红楼梦探佚_全量文档体系_重整版_v4.2.zip,红楼梦探佚_全量文档体系_重整版_v4.2/11_P0_R1_R2_R3审计与事故复盘/02_R1_R2_R3审计归档/被R3取代的R2文件/R3文件清单与SHA256_v1.3.md,
279da27322e4f0c4b05efd1f1b4c6990bb2db138db058178dd04450219385f5d,R3过程文档同步审计_v1.0_初审.md,YES,03_VALID_HISTORY/ARCHIVE/HISTORICAL/279da27322__R3过程文档同步审计_v1.0_初审.md,VALID_HISTORY,ARCHIVE,HISTORICAL,NO,P2,红楼梦探佚_全量文档体系_重整版_v4.2.zip::红楼梦探佚_全量文档体系_重整版_v4.2/11_P0_R1_R2_R3审计与事故复盘/02_R1_R2_R3审计归档/被R3取代的R2文件/R3过程文档同步审计_v1.0_初审.md,红楼梦探佚_全量文档体系_重整版_v4.2.zip,红楼梦探佚_全量文档体系_重整版_v4.2/11_P0_R1_R2_R3审计与事故复盘/02_R1_R2_R3审计归档/被R3取代的R2文件/R3过程文档同步审计_v1.0_初审.md,
ed0e9d74b395b527615a997d0a57774a3a8f413166a94da01e38dbc36bec1a22,R3过程文档同步审计_v1.1_复核前版.md,YES,03_VALID_HISTORY/ARCHIVE/HISTORICAL/ed0e9d74b3__R3过程文档同步审计_v1.1_复核前版.md,VALID_HISTORY,ARCHIVE,HISTORICAL,NO,P2,红楼梦探佚_全量文档体系_重整版_v4.2.zip::红楼梦探佚_全量文档体系_重整版_v4.2/11_P0_R1_R2_R3审计与事故复盘/02_R1_R2_R3审计归档/被R3取代的R2文件/R3过程文档同步审计_v1.1_复核前版.md,红楼梦探佚_全量文档体系_重整版_v4.2.zip,红楼梦探佚_全量文档体系_重整版_v4.2/11_P0_R1_R2_R3审计与事故复盘/02_R1_R2_R3审计归档/被R3取代的R2文件/R3过程文档同步审计_v1.1_复核前版.md,
8ccb91489b4457ae745529ef5b962b007ffd3d45faf862318a35d6a7980dd6e5,R3过程文档同步审计_v1.2_复核前版.md,YES,03_VALID_HISTORY/ARCHIVE/HISTORICAL/8ccb91489b__R3过程文档同步审计_v1.2_复核前版.md,VALID_HISTORY,ARCHIVE,HISTORICAL,NO,P2,红楼梦探佚_全量文档体系_重整版_v4.2.zip::红楼梦探佚_全量文档体系_重整版_v4.2/11_P0_R1_R2_R3审计与事故复盘/02_R1_R2_R3审计归档/被R3取代的R2文件/R3过程文档同步审计_v1.2_复核前版.md,红楼梦探佚_全量文档体系_重整版_v4.2.zip,红楼梦探佚_全量文档体系_重整版_v4.2/11_P0_R1_R2_R3审计与事故复盘/02_R1_R2_R3审计归档/被R3取代的R2文件/R3过程文档同步审计_v1.2_复核前版.md,
f6a874ef36cb8b7a4a1bd540f265cd20e2008a36f29ab12fc4f5e77ec0973e37,R3过程文档同步审计_v1.3_最终定稿.md,YES,03_VALID_HISTORY/ARCHIVE/HISTORICAL/f6a874ef36__R3过程文档同步审计_v1.3_最终定稿.md,VALID_HISTORY,ARCHIVE,HISTORICAL,NO,P2,红楼梦探佚_全量文档体系_重整版_v4.2.zip::红楼梦探佚_全量文档体系_重整版_v4.2/11_P0_R1_R2_R3审计与事故复盘/02_R1_R2_R3审计归档/被R3取代的R2文件/R3过程文档同步审计_v1.3_最终定稿.md,红楼梦探佚_全量文档体系_重整版_v4.2.zip,红楼梦探佚_全量文档体系_重整版_v4.2/11_P0_R1_R2_R3审计与事故复盘/02_R1_R2_R3审计归档/被R3取代的R2文件/R3过程文档同步审计_v1.3_最终定稿.md,
9d4bf975bb9260c7960aae1771d2bb1d7f9c7f26871113ab14767dd9546266ab,README_R1_从这里开始.md,YES,03_VALID_HISTORY/REGISTRY/REFERENCE/9d4bf975bb__README_R1_从这里开始.md,VALID_HISTORY,REGISTRY,REFERENCE,REFERENCE,P1,红楼梦探佚_全量文档体系_重整版_v4.2.zip::红楼梦探佚_全量文档体系_重整版_v4.2/11_P0_R1_R2_R3审计与事故复盘/02_R1_R2_R3审计归档/被R3取代的R2文件/README_R1_从这里开始.md,红楼梦探佚_全量文档体系_重整版_v4.2.zip,红楼梦探佚_全量文档体系_重整版_v4.2/11_P0_R1_R2_R3审计与事故复盘/02_R1_R2_R3审计归档/被R3取代的R2文件/README_R1_从这里开始.md,
a0289f6323891e97d1e1a3df039eea9415544621cfbc44d044df3a345844faf8,下一轮修复_R1治理层完成报告_v1.0.md,YES,03_VALID_HISTORY/REGISTRY/REFERENCE/a0289f6323__下一轮修复_R1治理层完成报告_v1.0.md,VALID_HISTORY,REGISTRY,REFERENCE,REFERENCE,P1,红楼梦探佚_全量文档体系_重整版_v4.2.zip::红楼梦探佚_全量文档体系_重整版_v4.2/11_P0_R1_R2_R3审计与事故复盘/02_R1_R2_R3审计归档/被R3取代的R2文件/下一轮修复_R1治理层完成报告_v1.0.md,红楼梦探佚_全量文档体系_重整版_v4.2.zip,红楼梦探佚_全量文档体系_重整版_v4.2/11_P0_R1_R2_R3审计与事故复盘/02_R1_R2_R3审计归档/被R3取代的R2文件/下一轮修复_R1治理层完成报告_v1.0.md,
a5a6b42d861b469f90879272d5a1ca305c2e58248cfac48f7c4e9367c77a669e,十独吟_作者形制时序专题_v1.1_证据角色回归版.md,YES,03_VALID_HISTORY/LITERARY_EVIDENCE/REFERENCE/a5a6b42d86__十独吟_作者形制时序专题_v1.1_证据角色回归版.md,VALID_HISTORY,LITERARY_EVIDENCE,REFERENCE,REFERENCE,P0,红楼梦探佚_全量文档体系_重整版_v4.2.zip::红楼梦探佚_全量文档体系_重整版_v4.2/11_P0_R1_R2_R3审计与事故复盘/02_R1_R2_R3审计归档/被R3取代的R2文件/十独吟_作者形制时序专题_v1.1_证据角色回归版.md,红楼梦探佚_全量文档体系_重整版_v4.2.zip,红楼梦探佚_全量文档体系_重整版_v4.2/11_P0_R1_R2_R3审计与事故复盘/02_R1_R2_R3审计归档/被R3取代的R2文件/十独吟_作者形制时序专题_v1.1_证据角色回归版.md,
961ab50f967ac6404f2f29c5f6812db3a1980cb6fb36eb66deec49badd89ccbb,对景悼颦儿_场景体裁竞争专题_v1.1_W2来源回归版.md,YES,03_VALID_HISTORY/LITERARY_EVIDENCE/REFERENCE/961ab50f96__对景悼颦儿_场景体裁竞争专题_v1.1_W2来源回归版.md,VALID_HISTORY,LITERARY_EVIDENCE,REFERENCE,REFERENCE,P0,红楼梦探佚_全量文档体系_重整版_v4.2.zip::红楼梦探佚_全量文档体系_重整版_v4.2/11_P0_R1_R2_R3审计与事故复盘/02_R1_R2_R3审计归档/被R3取代的R2文件/对景悼颦儿_场景体裁竞争专题_v1.1_W2来源回归版.md,红楼梦探佚_全量文档体系_重整版_v4.2.zip,红楼梦探佚_全量文档体系_重整版_v4.2/11_P0_R1_R2_R3审计与事故复盘/02_R1_R2_R3审计归档/被R3取代的R2文件/对景悼颦儿_场景体裁竞争专题_v1.1_W2来源回归版.md,
ff7f8c9380d13e6cef34d7dc99bd9488535ee2703f00a7c677cb97e2667d43ed,当前修复状态_R2.md,YES,03_VALID_HISTORY/ARCHIVE/HISTORICAL/ff7f8c9380__当前修复状态_R2.md,VALID_HISTORY,ARCHIVE,HISTORICAL,NO,P2,红楼梦探佚_全量文档体系_重整版_v4.2.zip::红楼梦探佚_全量文档体系_重整版_v4.2/11_P0_R1_R2_R3审计与事故复盘/02_R1_R2_R3审计归档/被R3取代的R2文件/当前修复状态_R2.md,红楼梦探佚_全量文档体系_重整版_v4.2.zip,红楼梦探佚_全量文档体系_重整版_v4.2/11_P0_R1_R2_R3审计与事故复盘/02_R1_R2_R3审计归档/被R3取代的R2文件/当前修复状态_R2.md,
2fdae4e6bc833549ad5d056c5bd7b953bce6b1012a3e23cb802b0f9acd2189d8,末回情榜系统_五层芳讳候选证据矩阵_v1.2_证据角色回归版.md,YES,03_VALID_HISTORY/LITERARY_EVIDENCE/REFERENCE/2fdae4e6bc__末回情榜系统_五层芳讳候选证据矩阵_v1.2_证据角色回归版.md,VALID_HISTORY,LITERARY_EVIDENCE,REFERENCE,REFERENCE,P0,红楼梦探佚_全量文档体系_重整版_v4.2.zip::红楼梦探佚_全量文档体系_重整版_v4.2/11_P0_R1_R2_R3审计与事故复盘/02_R1_R2_R3审计归档/被R3取代的R2文件/末回情榜系统_五层芳讳候选证据矩阵_v1.2_证据角色回归版.md,红楼梦探佚_全量文档体系_重整版_v4.2.zip,红楼梦探佚_全量文档体系_重整版_v4.2/11_P0_R1_R2_R3审计与事故复盘/02_R1_R2_R3审计归档/被R3取代的R2文件/末回情榜系统_五层芳讳候选证据矩阵_v1.2_证据角色回归版.md,
171aa104e26bcca7b46a6e816f070ed91b98079df3aa70cbb755f6cb23d05ff1,末回情榜系统_榜式层级与生成边界专题_v1.1_榜名降级版.md,YES,03_VALID_HISTORY/LITERARY_EVIDENCE/REFERENCE/171aa104e2__末回情榜系统_榜式层级与生成边界专题_v1.1_榜名降级版.md,VALID_HISTORY,LITERARY_EVIDENCE,REFERENCE,REFERENCE,P0,红楼梦探佚_全量文档体系_重整版_v4.2.zip::红楼梦探佚_全量文档体系_重整版_v4.2/11_P0_R1_R2_R3审计与事故复盘/02_R1_R2_R3审计归档/被R3取代的R2文件/末回情榜系统_榜式层级与生成边界专题_v1.1_榜名降级版.md,红楼梦探佚_全量文档体系_重整版_v4.2.zip,红楼梦探佚_全量文档体系_重整版_v4.2/11_P0_R1_R2_R3审计与事故复盘/02_R1_R2_R3审计归档/被R3取代的R2文件/末回情榜系统_榜式层级与生成边界专题_v1.1_榜名降级版.md,
8d6452d4fbfa0cd84a0f93b33e963a780d16ffcd95cda214c232a042505532a5,第32.5-A_后80直引硬锁总台账_v1.1_证据角色回归版.md,YES,03_VALID_HISTORY/REVIEW/AUDIT/8d6452d4fb__第32.5-A_后80直引硬锁总台账_v1.1_证据角色回归版.md,VALID_HISTORY,REVIEW,AUDIT,NO,P1,红楼梦探佚_全量文档体系_重整版_v4.2.zip::红楼梦探佚_全量文档体系_重整版_v4.2/11_P0_R1_R2_R3审计与事故复盘/02_R1_R2_R3审计归档/被R3取代的R2文件/第32.5-A_后80直引硬锁总台账_v1.1_证据角色回归版.md,红楼梦探佚_全量文档体系_重整版_v4.2.zip,红楼梦探佚_全量文档体系_重整版_v4.2/11_P0_R1_R2_R3审计与事故复盘/02_R1_R2_R3审计归档/被R3取代的R2文件/第32.5-A_后80直引硬锁总台账_v1.1_证据角色回归版.md,
365166499d79995564064d15ad6283cf7a00a44f590ae2a6a6d3f9c8160a4b30,红楼梦八十回后佚稿复原_工作底稿_v2.10_R2正文回归母本.md,YES,03_VALID_HISTORY/RECONSTRUCTION/REFERENCE/365166499d__红楼梦八十回后佚稿复原_工作底稿_v2.10_R2正文回归母本.md,VALID_HISTORY,RECONSTRUCTION,REFERENCE,REFERENCE,P0,红楼梦探佚_全量文档体系_重整版_v4.2.zip::红楼梦探佚_全量文档体系_重整版_v4.2/11_P0_R1_R2_R3审计与事故复盘/02_R1_R2_R3审计归档/被R3取代的R2文件/红楼梦八十回后佚稿复原_工作底稿_v2.10_R2正文回归母本.md,红楼梦探佚_全量文档体系_重整版_v4.2.zip,红楼梦探佚_全量文档体系_重整版_v4.2/11_P0_R1_R2_R3审计与事故复盘/02_R1_R2_R3审计归档/被R3取代的R2文件/红楼梦八十回后佚稿复原_工作底稿_v2.10_R2正文回归母本.md,
30cbd916f34c11d5ec71ff8f29b43d4e753a1876cf14ab15af132a6eb4a56a61,红楼梦八十回后全幅文学补完大工程计划_v5.6_R2完成版.md,YES,03_VALID_HISTORY/GOVERNANCE/HISTORICAL/30cbd916f3__红楼梦八十回后全幅文学补完大工程计划_v5.6_R2完成版.md,VALID_HISTORY,GOVERNANCE,HISTORICAL,NO,P2,红楼梦探佚_全量文档体系_重整版_v4.2.zip::红楼梦探佚_全量文档体系_重整版_v4.2/11_P0_R1_R2_R3审计与事故复盘/02_R1_R2_R3审计归档/被R3取代的R2文件/红楼梦八十回后全幅文学补完大工程计划_v5.6_R2完成版.md,红楼梦探佚_全量文档体系_重整版_v4.2.zip,红楼梦探佚_全量文档体系_重整版_v4.2/11_P0_R1_R2_R3审计与事故复盘/02_R1_R2_R3审计归档/被R3取代的R2文件/红楼梦八十回后全幅文学补完大工程计划_v5.6_R2完成版.md,
a6d636d36fef7ec3a46289ebf693d53ebb43e3e8eab2c5e67ae9d0db3ae685d5,续庄子绝句_物质文本流转专题_v1.0.md,YES,03_VALID_HISTORY/WORLD_LITERARY/REFERENCE/a6d636d36f__续庄子绝句_物质文本流转专题_v1.0.md,VALID_HISTORY,WORLD_LITERARY,REFERENCE,REFERENCE,P0,红楼梦探佚_全量文档体系_重整版_v4.2.zip::红楼梦探佚_全量文档体系_重整版_v4.2/11_P0_R1_R2_R3审计与事故复盘/02_R1_R2_R3审计归档/被R3取代的R2文件/续庄子绝句_物质文本流转专题_v1.0.md,红楼梦探佚_全量文档体系_重整版_v4.2.zip,红楼梦探佚_全量文档体系_重整版_v4.2/11_P0_R1_R2_R3审计与事故复盘/02_R1_R2_R3审计归档/被R3取代的R2文件/续庄子绝句_物质文本流转专题_v1.0.md,
d86b5d325c10d0aec0c48a6c6b46fe300d293e8644debff4214ec1898ee0b4b6,诗文B类非作品约束收口表_v1.1_证据角色回归版.md,YES,03_VALID_HISTORY/EVIDENCE_LITERARY/REFERENCE/d86b5d325c__诗文B类非作品约束收口表_v1.1_证据角色回归版.md,VALID_HISTORY,EVIDENCE_LITERARY,REFERENCE,REFERENCE,P0,红楼梦探佚_全量文档体系_重整版_v4.2.zip::红楼梦探佚_全量文档体系_重整版_v4.2/11_P0_R1_R2_R3审计与事故复盘/02_R1_R2_R3审计归档/被R3取代的R2文件/诗文B类非作品约束收口表_v1.1_证据角色回归版.md,红楼梦探佚_全量文档体系_重整版_v4.2.zip,红楼梦探佚_全量文档体系_重整版_v4.2/11_P0_R1_R2_R3审计与事故复盘/02_R1_R2_R3审计归档/被R3取代的R2文件/诗文B类非作品约束收口表_v1.1_证据角色回归版.md,
d483c5063f3b0a281adc29bbb81c7fe6157cb4f298f02b6c83f86be001b2cc42,黛亡诗文总接口与旧作分工专题_v1.0.md,YES,03_VALID_HISTORY/LITERARY_ECOLOGY/REFERENCE/d483c5063f__黛亡诗文总接口与旧作分工专题_v1.0.md,VALID_HISTORY,LITERARY_ECOLOGY,REFERENCE,REFERENCE,P0,红楼梦探佚_全量文档体系_重整版_v4.2.zip::红楼梦探佚_全量文档体系_重整版_v4.2/11_P0_R1_R2_R3审计与事故复盘/02_R1_R2_R3审计归档/被R3取代的R2文件/黛亡诗文总接口与旧作分工专题_v1.0.md,红楼梦探佚_全量文档体系_重整版_v4.2.zip,红楼梦探佚_全量文档体系_重整版_v4.2/11_P0_R1_R2_R3审计与事故复盘/02_R1_R2_R3审计归档/被R3取代的R2文件/黛亡诗文总接口与旧作分工专题_v1.0.md,
2828be8d2293b6ab40f1dbfcd229a51ce5fdee68cdcdf07e53da5ca4c74bd334,README_R3_从这里开始.md,YES,03_VALID_HISTORY/REGISTRY/REFERENCE/2828be8d22__README_R3_从这里开始.md,VALID_HISTORY,REGISTRY,REFERENCE,REFERENCE,P1,红楼梦探佚_全量文档体系_重整版_v4.2.zip::红楼梦探佚_全量文档体系_重整版_v4.2/11_P0_R1_R2_R3审计与事故复盘/02_R1_R2_R3审计归档/被v3.4整理取代的当前文件/README_R3_从这里开始.md,红楼梦探佚_全量文档体系_重整版_v4.2.zip,红楼梦探佚_全量文档体系_重整版_v4.2/11_P0_R1_R2_R3审计与事故复盘/02_R1_R2_R3审计归档/被v3.4整理取代的当前文件/README_R3_从这里开始.md,
acf2a22b76ca56680cc8f6adc63cbbf88cff2a55fc411119cda0c31b8c65ddec,当前修复状态_R3.md,YES,03_VALID_HISTORY/ARCHIVE/HISTORICAL/acf2a22b76__当前修复状态_R3.md,VALID_HISTORY,ARCHIVE,HISTORICAL,NO,P2,红楼梦探佚_全量文档体系_重整版_v4.2.zip::红楼梦探佚_全量文档体系_重整版_v4.2/11_P0_R1_R2_R3审计与事故复盘/02_R1_R2_R3审计归档/被v3.4整理取代的当前文件/当前修复状态_R3.md,红楼梦探佚_全量文档体系_重整版_v4.2.zip,红楼梦探佚_全量文档体系_重整版_v4.2/11_P0_R1_R2_R3审计与事故复盘/02_R1_R2_R3审计归档/被v3.4整理取代的当前文件/当前修复状态_R3.md,
db9e7ae7b19bf82745daf72da0865e16e6bc752115ad106dfbcf2c5021939c7d,当前操作链索引_v3.3.md,YES,03_VALID_HISTORY/GOVERNANCE/HISTORICAL/db9e7ae7b1__当前操作链索引_v3.3.md,VALID_HISTORY,GOVERNANCE,HISTORICAL,NO,P2,红楼梦探佚_全量文档体系_重整版_v4.2.zip::红楼梦探佚_全量文档体系_重整版_v4.2/11_P0_R1_R2_R3审计与事故复盘/02_R1_R2_R3审计归档/被v3.4整理取代的当前文件/当前操作链索引_v3.3.md,红楼梦探佚_全量文档体系_重整版_v4.2.zip,红楼梦探佚_全量文档体系_重整版_v4.2/11_P0_R1_R2_R3审计与事故复盘/02_R1_R2_R3审计归档/被v3.4整理取代的当前文件/当前操作链索引_v3.3.md,
c3acca352db43d44b9338ca8583ded6dcdb704dd4823959d9a674dc0061ec6e1,红楼梦八十回后全幅文学补完大工程计划_v5.7_R3全体系同步版.md,YES,03_VALID_HISTORY/GOVERNANCE/HISTORICAL/c3acca352d__红楼梦八十回后全幅文学补完大工程计划_v5.7_R3全体系同步版.md,VALID_HISTORY,GOVERNANCE,HISTORICAL,NO,P2,红楼梦探佚_全量文档体系_重整版_v4.2.zip::红楼梦探佚_全量文档体系_重整版_v4.2/11_P0_R1_R2_R3审计与事故复盘/02_R1_R2_R3审计归档/被v3.4整理取代的当前文件/红楼梦八十回后全幅文学补完大工程计划_v5.7_R3全体系同步版.md,红楼梦探佚_全量文档体系_重整版_v4.2.zip,红楼梦探佚_全量文档体系_重整版_v4.2/11_P0_R1_R2_R3审计与事故复盘/02_R1_R2_R3审计归档/被v3.4整理取代的当前文件/红楼梦八十回后全幅文学补完大工程计划_v5.7_R3全体系同步版.md,
2c62c34a18b4d95f43a414baef068abcdf0624d1378912c9dfa1ccb8989f9264,README_只读.md,YES,03_VALID_HISTORY/REGISTRY/REFERENCE/2c62c34a18__README_只读.md,VALID_HISTORY,REGISTRY,REFERENCE,REFERENCE,P1,红楼梦探佚_全量文档体系_重整版_v4.2.zip::红楼梦探佚_全量文档体系_重整版_v4.2/11_P0_R1_R2_R3审计与事故复盘/README_只读.md,红楼梦探佚_全量文档体系_重整版_v4.2.zip,红楼梦探佚_全量文档体系_重整版_v4.2/11_P0_R1_R2_R3审计与事故复盘/README_只读.md,
ba014f12f2349f33490885f1a82bdc52d8234526a2387122a4a295393cdfecdb,R3_过程文档全同步完成报告_v1.0.md,YES,03_VALID_HISTORY/REGISTRY/REFERENCE/ba014f12f2__R3_过程文档全同步完成报告_v1.0.md,VALID_HISTORY,REGISTRY,REFERENCE,REFERENCE,P1,红楼梦探佚_截至R3_全量文档体系整理_v3.4(1).zip::红楼梦探佚_截至R3_全量文档体系整理_v3.4/00_从这里开始/R3_过程文档全同步完成报告_v1.0.md,红楼梦探佚_截至R3_全量文档体系整理_v3.4(1).zip,红楼梦探佚_截至R3_全量文档体系整理_v3.4/00_从这里开始/R3_过程文档全同步完成报告_v1.0.md,
860f66ee9c5e3d370ee373fcc214e2961ad23109e5517f77561fa21ddb613a0e,R3文件清单与SHA256_v1.4.md,YES,03_VALID_HISTORY/REGISTRY/REFERENCE/860f66ee9c__R3文件清单与SHA256_v1.4.md,VALID_HISTORY,REGISTRY,REFERENCE,REFERENCE,P1,红楼梦探佚_截至R3_全量文档体系整理_v3.4(1).zip::红楼梦探佚_截至R3_全量文档体系整理_v3.4/00_从这里开始/R3文件清单与SHA256_v1.4.md,红楼梦探佚_截至R3_全量文档体系整理_v3.4(1).zip,红楼梦探佚_截至R3_全量文档体系整理_v3.4/00_从这里开始/R3文件清单与SHA256_v1.4.md,
76741567b01d4acdf2691f8f54cb096cec79ef386f13e23bce9944d591c11668,README_v3.4_从这里开始.md,YES,03_VALID_HISTORY/REGISTRY/REFERENCE/76741567b0__README_v3.4_从这里开始.md,VALID_HISTORY,REGISTRY,REFERENCE,REFERENCE,P1,红楼梦探佚_截至R3_全量文档体系整理_v3.4(1).zip::红楼梦探佚_截至R3_全量文档体系整理_v3.4/00_从这里开始/README_v3.4_从这里开始.md,红楼梦探佚_截至R3_全量文档体系整理_v3.4(1).zip,红楼梦探佚_截至R3_全量文档体系整理_v3.4/00_从这里开始/README_v3.4_从这里开始.md,
5f62753156b990ec50b58bb1f1b413907b92da13a1f6d1192abb841d476a9569,v3.4当前操作链依赖审计.md,YES,03_VALID_HISTORY/ARCHIVE/HISTORICAL/5f62753156__v3.4当前操作链依赖审计.md,VALID_HISTORY,ARCHIVE,HISTORICAL,NO,P2,红楼梦探佚_截至R3_全量文档体系整理_v3.4(1).zip::红楼梦探佚_截至R3_全量文档体系整理_v3.4/00_从这里开始/v3.4当前操作链依赖审计.md,红楼梦探佚_截至R3_全量文档体系整理_v3.4(1).zip,红楼梦探佚_截至R3_全量文档体系整理_v3.4/00_从这里开始/v3.4当前操作链依赖审计.md,
e145357d6867f23346e9e04e3c8797430bb450253da51fd3cf6fd5e1766c302d,全量文件清单与SHA256_v3.4.md,YES,03_VALID_HISTORY/REGISTRY/REFERENCE/e145357d68__全量文件清单与SHA256_v3.4.md,VALID_HISTORY,REGISTRY,REFERENCE,REFERENCE,P1,红楼梦探佚_截至R3_全量文档体系整理_v3.4(1).zip::红楼梦探佚_截至R3_全量文档体系整理_v3.4/00_从这里开始/全量文件清单与SHA256_v3.4.md,红楼梦探佚_截至R3_全量文档体系整理_v3.4(1).zip,红楼梦探佚_截至R3_全量文档体系整理_v3.4/00_从这里开始/全量文件清单与SHA256_v3.4.md,
566eb16323342c3517105289a25ac8d09170bc0ee62e34ff65f09e5d86fbab94,工程版本谱系_v1.0.md,YES,03_VALID_HISTORY/RELEASE_HISTORY/VERSION_HISTORY/566eb16323__工程版本谱系_v1.0.md,VALID_HISTORY,RELEASE_HISTORY,VERSION_HISTORY,NO,P1,红楼梦探佚_截至R3_全量文档体系整理_v3.4(1).zip::红楼梦探佚_截至R3_全量文档体系整理_v3.4/00_从这里开始/工程版本谱系_v1.0.md,红楼梦探佚_截至R3_全量文档体系整理_v3.4(1).zip,红楼梦探佚_截至R3_全量文档体系整理_v3.4/00_从这里开始/工程版本谱系_v1.0.md,
41c410c02eb2b9ea461a22b3a32842aef41c5f391a32dc5c2da7f5409bbee140,当前工程状态与下一步_v3.4.md,YES,03_VALID_HISTORY/ARCHIVE/HISTORICAL/41c410c02e__当前工程状态与下一步_v3.4.md,VALID_HISTORY,ARCHIVE,HISTORICAL,NO,P2,红楼梦探佚_截至R3_全量文档体系整理_v3.4(1).zip::红楼梦探佚_截至R3_全量文档体系整理_v3.4/00_从这里开始/当前工程状态与下一步_v3.4.md,红楼梦探佚_截至R3_全量文档体系整理_v3.4(1).zip,红楼梦探佚_截至R3_全量文档体系整理_v3.4/00_从这里开始/当前工程状态与下一步_v3.4.md,
3b291baa8426b8ccc2761b9af0c99a52823cdf41a884863d45e31676da09fabc,文档体系地图与权威链_v3.4.md,YES,03_VALID_HISTORY/REGISTRY/REFERENCE/3b291baa84__文档体系地图与权威链_v3.4.md,VALID_HISTORY,REGISTRY,REFERENCE,REFERENCE,P1,红楼梦探佚_截至R3_全量文档体系整理_v3.4(1).zip::红楼梦探佚_截至R3_全量文档体系整理_v3.4/00_从这里开始/文档体系地图与权威链_v3.4.md,红楼梦探佚_截至R3_全量文档体系整理_v3.4(1).zip,红楼梦探佚_截至R3_全量文档体系整理_v3.4/00_从这里开始/文档体系地图与权威链_v3.4.md,
088a9e7e3adfb430eedec7aa15b307d9d3c4c23f5aa33874134aad567a8be272,文档去重与归档说明_v3.4.md,YES,03_VALID_HISTORY/ARCHIVE/HISTORICAL/088a9e7e3a__文档去重与归档说明_v3.4.md,VALID_HISTORY,ARCHIVE,HISTORICAL,NO,P2,红楼梦探佚_截至R3_全量文档体系整理_v3.4(1).zip::红楼梦探佚_截至R3_全量文档体系整理_v3.4/00_从这里开始/文档去重与归档说明_v3.4.md,红楼梦探佚_截至R3_全量文档体系整理_v3.4(1).zip,红楼梦探佚_截至R3_全量文档体系整理_v3.4/00_从这里开始/文档去重与归档说明_v3.4.md,
dd3e5560df8e63fa1554014fbeddb12c6f11665274c920d1a8579d436f55237d,R4全链审计执行清单_v1.0.md,YES,03_VALID_HISTORY/REGISTRY/REFERENCE/dd3e5560df__R4全链审计执行清单_v1.0.md,VALID_HISTORY,REGISTRY,REFERENCE,REFERENCE,P1,红楼梦探佚_截至R3_全量文档体系整理_v3.4(1).zip::红楼梦探佚_截至R3_全量文档体系整理_v3.4/08_R4审计准备/R4全链审计执行清单_v1.0.md,红楼梦探佚_截至R3_全量文档体系整理_v3.4(1).zip,红楼梦探佚_截至R3_全量文档体系整理_v3.4/08_R4审计准备/R4全链审计执行清单_v1.0.md,
60d34dc058b3a7712eb11996c2b6e71761c08ba0ffed8a74e9eebfd4d05be2ac,R4审计结果矩阵模板_v1.0.md,YES,03_VALID_HISTORY/ARCHIVE/HISTORICAL/60d34dc058__R4审计结果矩阵模板_v1.0.md,VALID_HISTORY,ARCHIVE,HISTORICAL,NO,P2,红楼梦探佚_截至R3_全量文档体系整理_v3.4(1).zip::红楼梦探佚_截至R3_全量文档体系整理_v3.4/08_R4审计准备/R4审计结果矩阵模板_v1.0.md,红楼梦探佚_截至R3_全量文档体系整理_v3.4(1).zip,红楼梦探佚_截至R3_全量文档体系整理_v3.4/08_R4审计准备/R4审计结果矩阵模板_v1.0.md,
7d82d26ccada1cca9659ac5b893bb28e4100dee7d9fb86726c984b76c8df0077,README_从这里开始.md,YES,03_VALID_HISTORY/REGISTRY/REFERENCE/7d82d26cca__README_从这里开始.md,VALID_HISTORY,REGISTRY,REFERENCE,REFERENCE,P1,红楼梦探佚_截至第32步_v5.0启动前_精简过程文档体系_v2.0(2).zip::红楼梦探佚_截至第32步_v5.0启动前_精简过程文档体系_v2.0/00_从这里开始/README_从这里开始.md,红楼梦探佚_截至第32步_v5.0启动前_精简过程文档体系_v2.0(2).zip,红楼梦探佚_截至第32步_v5.0启动前_精简过程文档体系_v2.0/00_从这里开始/README_从这里开始.md,
4fae62f7ee05a4b9c03bb40673241bb64d1464446c4223ed05458a48ca79fbc7,SHA256SUMS.txt,YES,03_VALID_HISTORY/ARCHIVE/HISTORICAL/4fae62f7ee__SHA256SUMS.txt,VALID_HISTORY,ARCHIVE,HISTORICAL,NO,P2,红楼梦探佚_截至第32步_v5.0启动前_精简过程文档体系_v2.0(2).zip::红楼梦探佚_截至第32步_v5.0启动前_精简过程文档体系_v2.0/00_从这里开始/SHA256SUMS.txt,红楼梦探佚_截至第32步_v5.0启动前_精简过程文档体系_v2.0(2).zip,红楼梦探佚_截至第32步_v5.0启动前_精简过程文档体系_v2.0/00_从这里开始/SHA256SUMS.txt,
53c8058a5e72781ef8f4d8f75c8b6ac192de3266ccb7a84ebc86d4d9e0d89239,v5可继承的旧阶段方法论摘要.md,YES,03_VALID_HISTORY/ARCHIVE/HISTORICAL/53c8058a5e__v5可继承的旧阶段方法论摘要.md,VALID_HISTORY,ARCHIVE,HISTORICAL,NO,P2,红楼梦探佚_截至第32步_v5.0启动前_精简过程文档体系_v2.0(2).zip::红楼梦探佚_截至第32步_v5.0启动前_精简过程文档体系_v2.0/00_从这里开始/v5可继承的旧阶段方法论摘要.md,红楼梦探佚_截至第32步_v5.0启动前_精简过程文档体系_v2.0(2).zip,红楼梦探佚_截至第32步_v5.0启动前_精简过程文档体系_v2.0/00_从这里开始/v5可继承的旧阶段方法论摘要.md,
9c5dca7af4f14410feb909e7e601a843b07ad24e5ef4aed12a9153a3823dbd88,冗余错误过期内容清理报告_v2.0.md,YES,03_VALID_HISTORY/REGISTRY/REFERENCE/9c5dca7af4__冗余错误过期内容清理报告_v2.0.md,VALID_HISTORY,REGISTRY,REFERENCE,REFERENCE,P1,红楼梦探佚_截至第32步_v5.0启动前_精简过程文档体系_v2.0(2).zip::红楼梦探佚_截至第32步_v5.0启动前_精简过程文档体系_v2.0/00_从这里开始/冗余错误过期内容清理报告_v2.0.md,红楼梦探佚_截至第32步_v5.0启动前_精简过程文档体系_v2.0(2).zip,红楼梦探佚_截至第32步_v5.0启动前_精简过程文档体系_v2.0/00_从这里开始/冗余错误过期内容清理报告_v2.0.md,
327b2d0a31f1d71a10e2234c6f20b6b48c206e5c6178b058eab71a8178cc4783,原工作区文件去留登记.md,YES,03_VALID_HISTORY/ARCHIVE/HISTORICAL/327b2d0a31__原工作区文件去留登记.md,VALID_HISTORY,ARCHIVE,HISTORICAL,NO,P2,红楼梦探佚_截至第32步_v5.0启动前_精简过程文档体系_v2.0(2).zip::红楼梦探佚_截至第32步_v5.0启动前_精简过程文档体系_v2.0/00_从这里开始/原工作区文件去留登记.md,红楼梦探佚_截至第32步_v5.0启动前_精简过程文档体系_v2.0(2).zip,红楼梦探佚_截至第32步_v5.0启动前_精简过程文档体系_v2.0/00_从这里开始/原工作区文件去留登记.md,
a96bbf10d7d45bd5d1225facf5c03e5e639b2e1304db472b75c59f578f3a2587,当前有效规则与版本状态_v5.0.md,YES,03_VALID_HISTORY/RELEASE_HISTORY/VERSION_HISTORY/a96bbf10d7__当前有效规则与版本状态_v5.0.md,VALID_HISTORY,RELEASE_HISTORY,VERSION_HISTORY,NO,P1,红楼梦探佚_截至第32步_v5.0启动前_精简过程文档体系_v2.0(2).zip::红楼梦探佚_截至第32步_v5.0启动前_精简过程文档体系_v2.0/00_从这里开始/当前有效规则与版本状态_v5.0.md,红楼梦探佚_截至第32步_v5.0启动前_精简过程文档体系_v2.0(2).zip,红楼梦探佚_截至第32步_v5.0启动前_精简过程文档体系_v2.0/00_从这里开始/当前有效规则与版本状态_v5.0.md,
f857731106249b2560ec39694c1e43586a4af34119ed838e54ee9938169d0775,文件清单.md,YES,03_VALID_HISTORY/REGISTRY/REFERENCE/f857731106__文件清单.md,VALID_HISTORY,REGISTRY,REFERENCE,REFERENCE,P1,红楼梦探佚_截至第32步_v5.0启动前_精简过程文档体系_v2.0(2).zip::红楼梦探佚_截至第32步_v5.0启动前_精简过程文档体系_v2.0/00_从这里开始/文件清单.md,红楼梦探佚_截至第32步_v5.0启动前_精简过程文档体系_v2.0(2).zip,红楼梦探佚_截至第32步_v5.0启动前_精简过程文档体系_v2.0/00_从这里开始/文件清单.md,
3c394373cec3417735037bdc9495c75b9e9d653356a8535e1491f7cad448de29,81—100回全20回场次卡总装_v1.5.md,YES,03_VALID_HISTORY/ARCHIVE/HISTORICAL/3c394373ce__81—100回全20回场次卡总装_v1.5.md,VALID_HISTORY,ARCHIVE,HISTORICAL,NO,P2,红楼梦探佚_截至第32步_v5.0启动前_精简过程文档体系_v2.0(2).zip::红楼梦探佚_截至第32步_v5.0启动前_精简过程文档体系_v2.0/02_证据与结构底板_只读/05_结构复原历史基线/81—100回全20回场次卡总装_v1.5.md,红楼梦探佚_截至第32步_v5.0启动前_精简过程文档体系_v2.0(2).zip,红楼梦探佚_截至第32步_v5.0启动前_精简过程文档体系_v2.0/02_证据与结构底板_只读/05_结构复原历史基线/81—100回全20回场次卡总装_v1.5.md,
e22c7eb49ceccf8d33f1ebb6eb79ba6c0f7850e960835d4b918471049c760282,81—100结构复原基线正文_v1.0_非文学终稿.md,YES,03_VALID_HISTORY/ARCHIVE/HISTORICAL/e22c7eb49c__81—100结构复原基线正文_v1.0_非文学终稿.md,VALID_HISTORY,ARCHIVE,HISTORICAL,NO,P2,红楼梦探佚_截至第32步_v5.0启动前_精简过程文档体系_v2.0(2).zip::红楼梦探佚_截至第32步_v5.0启动前_精简过程文档体系_v2.0/02_证据与结构底板_只读/05_结构复原历史基线/81—100结构复原基线正文_v1.0_非文学终稿.md,红楼梦探佚_截至第32步_v5.0启动前_精简过程文档体系_v2.0(2).zip,红楼梦探佚_截至第32步_v5.0启动前_精简过程文档体系_v2.0/02_证据与结构底板_只读/05_结构复原历史基线/81—100结构复原基线正文_v1.0_非文学终稿.md,
9d30076090d9880f099fa73e3364e43079b6cd8c982a13aea71444a8aab01c1f,SHA256SUMS_v4.2.txt,YES,03_VALID_HISTORY/REGISTRY/REFERENCE/9d30076090__SHA256SUMS_v4.2.txt,VALID_HISTORY,REGISTRY,REFERENCE,REFERENCE,P1,红楼梦探佚_全量文档体系_重整版_v4.2.zip::红楼梦探佚_全量文档体系_重整版_v4.2/99_索引与校验/SHA256SUMS_v4.2.txt,红楼梦探佚_全量文档体系_重整版_v4.2.zip,红楼梦探佚_全量文档体系_重整版_v4.2/99_索引与校验/SHA256SUMS_v4.2.txt,
2db90c5e0a25baacae5325616e2e87f70e82827f2758e6d8743acfc65eaba2f3,三套来源包文件清单.csv,YES,03_VALID_HISTORY/REGISTRY/REFERENCE/2db90c5e0a__三套来源包文件清单.csv,VALID_HISTORY,REGISTRY,REFERENCE,REFERENCE,P1,红楼梦探佚_全量文档体系_重整版_v4.2.zip::红楼梦探佚_全量文档体系_重整版_v4.2/99_索引与校验/三套来源包文件清单.csv,红楼梦探佚_全量文档体系_重整版_v4.2.zip,红楼梦探佚_全量文档体系_重整版_v4.2/99_索引与校验/三套来源包文件清单.csv,
25e4fcea81f28bd7bff1124d57230e24d5703125166daefaf312906e21a76b38,丢失风险与恢复说明_v1.0.md,YES,03_VALID_HISTORY/REGISTRY/REFERENCE/25e4fcea81__丢失风险与恢复说明_v1.0.md,VALID_HISTORY,REGISTRY,REFERENCE,REFERENCE,P1,红楼梦探佚_全量文档体系_重整版_v4.2.zip::红楼梦探佚_全量文档体系_重整版_v4.2/99_索引与校验/丢失风险与恢复说明_v1.0.md,红楼梦探佚_全量文档体系_重整版_v4.2.zip,红楼梦探佚_全量文档体系_重整版_v4.2/99_索引与校验/丢失风险与恢复说明_v1.0.md,
887d0e06d9ecfe852b57de482cc8bae2a81cfd9b3b94c2d57137c28ba6fa0657,主题整理来源映射.csv,YES,03_VALID_HISTORY/REGISTRY/REFERENCE/887d0e06d9__主题整理来源映射.csv,VALID_HISTORY,REGISTRY,REFERENCE,REFERENCE,P1,红楼梦探佚_全量文档体系_重整版_v4.2.zip::红楼梦探佚_全量文档体系_重整版_v4.2/99_索引与校验/主题整理来源映射.csv,红楼梦探佚_全量文档体系_重整版_v4.2.zip,红楼梦探佚_全量文档体系_重整版_v4.2/99_索引与校验/主题整理来源映射.csv,
37f7d828946844b2e351971981532bab5fd9431963ecad9e74ad021c215b5fab,全量文件索引.csv,YES,03_VALID_HISTORY/REGISTRY/REFERENCE/37f7d82894__全量文件索引.csv,VALID_HISTORY,REGISTRY,REFERENCE,REFERENCE,P1,红楼梦探佚_全量文档体系_重整版_v4.2.zip::红楼梦探佚_全量文档体系_重整版_v4.2/99_索引与校验/全量文件索引.csv,红楼梦探佚_全量文档体系_重整版_v4.2.zip,红楼梦探佚_全量文档体系_重整版_v4.2/99_索引与校验/全量文件索引.csv,
42b4f11246217d4def67ca6ac479170942ee5583ec2e45198aec4ca981907a0f,全量来源覆盖审计_v1.0.md,YES,03_VALID_HISTORY/REGISTRY/REFERENCE/42b4f11246__全量来源覆盖审计_v1.0.md,VALID_HISTORY,REGISTRY,REFERENCE,REFERENCE,P1,红楼梦探佚_全量文档体系_重整版_v4.2.zip::红楼梦探佚_全量文档体系_重整版_v4.2/99_索引与校验/全量来源覆盖审计_v1.0.md,红楼梦探佚_全量文档体系_重整版_v4.2.zip,红楼梦探佚_全量文档体系_重整版_v4.2/99_索引与校验/全量来源覆盖审计_v1.0.md,
8fca1840d60e51c231960f1b0c5fa4a5d75e97ad3a625a84f61350e93f59b179,重复内容组.csv,YES,03_VALID_HISTORY/REGISTRY/REFERENCE/8fca1840d6__重复内容组.csv,VALID_HISTORY,REGISTRY,REFERENCE,REFERENCE,P1,红楼梦探佚_全量文档体系_重整版_v4.2.zip::红楼梦探佚_全量文档体系_重整版_v4.2/99_索引与校验/重复内容组.csv,红楼梦探佚_全量文档体系_重整版_v4.2.zip,红楼梦探佚_全量文档体系_重整版_v4.2/99_索引与校验/重复内容组.csv,
b65320cdd262c05b4e621328fad80d59b78cc3db0c047d0f2c2d2c58160da350,README_稳定ACTIVE_v4.0.md,YES,03_VALID_HISTORY/REGISTRY/REFERENCE/b65320cdd2__README_稳定ACTIVE_v4.0.md,VALID_HISTORY,REGISTRY,REFERENCE,REFERENCE,P1,workspace:README_稳定ACTIVE_v4.0.md,当前工作区散件,README_稳定ACTIVE_v4.0.md,
508d9cc44cc9b84afeb6222b6a1680aff98d9e7c8b34824b0709944be4d4f48a,RCWH_v0.2_证据可追溯极简架构与实施计划.md,YES,03_VALID_HISTORY/ARCHIVE/HISTORICAL/508d9cc44c__RCWH_v0.2_证据可追溯极简架构与实施计划.md,VALID_HISTORY,ARCHIVE,HISTORICAL,NO,P2,workspace:RCWH_v0.2_证据可追溯极简架构与实施计划.md,当前工作区散件,RCWH_v0.2_证据可追溯极简架构与实施计划.md,
47ce0e4b1a09065526a4eccd13738e781457f654805454a1e74d9d7abe58d608,RCWH_现有压缩包材料盘点_manifest_v1.0.json,YES,03_VALID_HISTORY/ARCHIVE/HISTORICAL/47ce0e4b1a__RCWH_现有压缩包材料盘点_manifest_v1.0.json,VALID_HISTORY,ARCHIVE,HISTORICAL,NO,P2,workspace:RCWH_现有压缩包材料盘点_manifest_v1.0.json,当前工作区散件,RCWH_现有压缩包材料盘点_manifest_v1.0.json,
e1593847a17f4ad38e6d59704824829c29b669596e635f400ce97daf0f333ccc,RCWH_现有材料盘点与机器层导入总计划_v1.0.md,YES,03_VALID_HISTORY/GOVERNANCE/HISTORICAL/e1593847a1__RCWH_现有材料盘点与机器层导入总计划_v1.0.md,VALID_HISTORY,GOVERNANCE,HISTORICAL,NO,P2,workspace:RCWH_现有材料盘点与机器层导入总计划_v1.0.md,当前工作区散件,RCWH_现有材料盘点与机器层导入总计划_v1.0.md,
d746e71caf036ad311fd870665da97ba0454a90891aab0350c6675824aac2130,validate.yml,NO,,EXCLUDED,HARNESS_LINEAGE,NON_RUNTIME,NO,P2,RedChamberWorldHarness_v0.1.zip::RedChamberWorldHarness_v0.1/.github/workflows/validate.yml,RedChamberWorldHarness_v0.1.zip,RedChamberWorldHarness_v0.1/.github/workflows/validate.yml,OLD_HARNESS_V0_1_CODE_REPLACED_BY_CURRENT_PR9_SNAPSHOT
d2f5b0ae8ddeb3c68274e8a9d4a2875eafdd661e53ad3e329732eecbac82bb21,feature.md,NO,,EXCLUDED,HARNESS_LINEAGE,NON_RUNTIME,NO,P2,RedChamberWorldHarness_v0.1.zip::RedChamberWorldHarness_v0.1/.github/ISSUE_TEMPLATE/feature.md,RedChamberWorldHarness_v0.1.zip,RedChamberWorldHarness_v0.1/.github/ISSUE_TEMPLATE/feature.md,OLD_HARNESS_V0_1_CODE_REPLACED_BY_CURRENT_PR9_SNAPSHOT
5f9f92678b699faf62ea227c9bafb4010b8d13596b7fb580457ae15a642c2a2f,data.md,NO,,EXCLUDED,HARNESS_LINEAGE,NON_RUNTIME,NO,P2,RedChamberWorldHarness_v0.1.zip::RedChamberWorldHarness_v0.1/.github/ISSUE_TEMPLATE/data.md,RedChamberWorldHarness_v0.1.zip,RedChamberWorldHarness_v0.1/.github/ISSUE_TEMPLATE/data.md,OLD_HARNESS_V0_1_CODE_REPLACED_BY_CURRENT_PR9_SNAPSHOT
807380565b3dbdba50ca2cb3072aa81f96cf9e7b28c72e463614c39646081e64,CONTRIBUTING.md,NO,,EXCLUDED,HARNESS_LINEAGE,NON_RUNTIME,NO,P2,RedChamberWorldHarness_v0.1.zip::RedChamberWorldHarness_v0.1/CONTRIBUTING.md,RedChamberWorldHarness_v0.1.zip,RedChamberWorldHarness_v0.1/CONTRIBUTING.md,OLD_HARNESS_V0_1_CODE_REPLACED_BY_CURRENT_PR9_SNAPSHOT
88c6f82f042b637c13ff0ac35c6e36285c555d4bbc2def3356f98e2bf2118dbf,.gitignore,NO,,EXCLUDED,HARNESS_LINEAGE,NON_RUNTIME,NO,P2,RedChamberWorldHarness_v0.1.zip::RedChamberWorldHarness_v0.1/.gitignore,RedChamberWorldHarness_v0.1.zip,RedChamberWorldHarness_v0.1/.gitignore,OLD_HARNESS_V0_1_CODE_REPLACED_BY_CURRENT_PR9_SNAPSHOT
792ea84740063691e155037a8ed678cc40c18ea0b20aa081dc9f2d20f6c4e32c,test_validation.py,NO,,EXCLUDED,HARNESS_LINEAGE,NON_RUNTIME,NO,P2,RedChamberWorldHarness_v0.1.zip::RedChamberWorldHarness_v0.1/tests/test_validation.py,RedChamberWorldHarness_v0.1.zip,RedChamberWorldHarness_v0.1/tests/test_validation.py,OLD_HARNESS_V0_1_CODE_REPLACED_BY_CURRENT_PR9_SNAPSHOT
3c57343080f04274a61821b6c9baffc57a9ccd41cbe9e58bbed507cf2f29f03f,test_runtime.py,NO,,EXCLUDED,HARNESS_LINEAGE,NON_RUNTIME,NO,P2,RedChamberWorldHarness_v0.1.zip::RedChamberWorldHarness_v0.1/tests/test_runtime.py,RedChamberWorldHarness_v0.1.zip,RedChamberWorldHarness_v0.1/tests/test_runtime.py,OLD_HARNESS_V0_1_CODE_REPLACED_BY_CURRENT_PR9_SNAPSHOT
0480b7ffb222fa5aa9c20c884449a2511734089436dab4ac14a41e31d2ba604d,test_evaluate.py,NO,,EXCLUDED,HARNESS_LINEAGE,NON_RUNTIME,NO,P2,RedChamberWorldHarness_v0.1.zip::RedChamberWorldHarness_v0.1/tests/test_evaluate.py,RedChamberWorldHarness_v0.1.zip,RedChamberWorldHarness_v0.1/tests/test_evaluate.py,OLD_HARNESS_V0_1_CODE_REPLACED_BY_CURRENT_PR9_SNAPSHOT
f8fba4dc3fc42ccff08db62d5986221cac221bf4a08f24a4e1999ff80ffb5c38,io.py,NO,,EXCLUDED,HARNESS_LINEAGE,NON_RUNTIME,NO,P2,RedChamberWorldHarness_v0.1.zip::RedChamberWorldHarness_v0.1/src/rcwh/io.py,RedChamberWorldHarness_v0.1.zip,RedChamberWorldHarness_v0.1/src/rcwh/io.py,OLD_HARNESS_V0_1_CODE_REPLACED_BY_CURRENT_PR9_SNAPSHOT
78e9f33df5b676a363fba86ffea9396658a0d09f950787fd54b536066de831e8,cli.py,NO,,EXCLUDED,HARNESS_LINEAGE,NON_RUNTIME,NO,P2,RedChamberWorldHarness_v0.1.zip::RedChamberWorldHarness_v0.1/src/rcwh/cli.py,RedChamberWorldHarness_v0.1.zip,RedChamberWorldHarness_v0.1/src/rcwh/cli.py,OLD_HARNESS_V0_1_CODE_REPLACED_BY_CURRENT_PR9_SNAPSHOT
91447944015cec709e8aa7655f7e9d64e1e4508e7023a57fe3746911c0fc6fed,__init__.py,NO,,EXCLUDED,HARNESS_LINEAGE,NON_RUNTIME,NO,P2,RedChamberWorldHarness_v0.1.zip::RedChamberWorldHarness_v0.1/src/rcwh/__init__.py,RedChamberWorldHarness_v0.1.zip,RedChamberWorldHarness_v0.1/src/rcwh/__init__.py,OLD_HARNESS_V0_1_CODE_REPLACED_BY_CURRENT_PR9_SNAPSHOT
1a9c1fd0b246157f08bf700f92c52767749acf8ba9ab855317cbe26e8c8ba628,schema.py,NO,,EXCLUDED,HARNESS_LINEAGE,NON_RUNTIME,NO,P2,RedChamberWorldHarness_v0.1.zip::RedChamberWorldHarness_v0.1/src/rcwh/schema.py,RedChamberWorldHarness_v0.1.zip,RedChamberWorldHarness_v0.1/src/rcwh/schema.py,OLD_HARNESS_V0_1_CODE_REPLACED_BY_CURRENT_PR9_SNAPSHOT
157b02ba65ead1eadf1ca6290243b56ce970fde703d0cc2e023d2bad819be82a,evaluate.py,NO,,EXCLUDED,HARNESS_LINEAGE,NON_RUNTIME,NO,P2,RedChamberWorldHarness_v0.1.zip::RedChamberWorldHarness_v0.1/src/rcwh/evaluate.py,RedChamberWorldHarness_v0.1.zip,RedChamberWorldHarness_v0.1/src/rcwh/evaluate.py,OLD_HARNESS_V0_1_CODE_REPLACED_BY_CURRENT_PR9_SNAPSHOT
6c8b0775e21ba6439b15dc0b7e0f84ae07f583ec5cfc4a54a570bfd1ed65483e,validate.py,NO,,EXCLUDED,HARNESS_LINEAGE,NON_RUNTIME,NO,P2,RedChamberWorldHarness_v0.1.zip::RedChamberWorldHarness_v0.1/src/rcwh/validate.py,RedChamberWorldHarness_v0.1.zip,RedChamberWorldHarness_v0.1/src/rcwh/validate.py,OLD_HARNESS_V0_1_CODE_REPLACED_BY_CURRENT_PR9_SNAPSHOT
1b4a299c23a7f9edd1aa6c95f57b70a26194fd87584a3b005b73b2396ce84ae8,runtime.py,NO,,EXCLUDED,HARNESS_LINEAGE,NON_RUNTIME,NO,P2,RedChamberWorldHarness_v0.1.zip::RedChamberWorldHarness_v0.1/src/rcwh/runtime.py,RedChamberWorldHarness_v0.1.zip,RedChamberWorldHarness_v0.1/src/rcwh/runtime.py,OLD_HARNESS_V0_1_CODE_REPLACED_BY_CURRENT_PR9_SNAPSHOT
0b85d3a0f25b2acc631f845981afaba28f5eb341a803ea2c1f156686befb5b81,ch86.yaml,NO,,EXCLUDED,HARNESS_LINEAGE,NON_RUNTIME,NO,P2,RedChamberWorldHarness_v0.1.zip::RedChamberWorldHarness_v0.1/data/events/ch86.yaml,RedChamberWorldHarness_v0.1.zip,RedChamberWorldHarness_v0.1/data/events/ch86.yaml,OLD_HARNESS_V0_1_CODE_REPLACED_BY_CURRENT_PR9_SNAPSHOT
1343dca2a0c4f597732f63f69c1cde12c3ed83acb39bf766c5c1e5de6e3b90cc,ch86_last_night.yaml,NO,,EXCLUDED,HARNESS_LINEAGE,NON_RUNTIME,NO,P2,RedChamberWorldHarness_v0.1.zip::RedChamberWorldHarness_v0.1/data/scenes/ch86_last_night.yaml,RedChamberWorldHarness_v0.1.zip,RedChamberWorldHarness_v0.1/data/scenes/ch86_last_night.yaml,OLD_HARNESS_V0_1_CODE_REPLACED_BY_CURRENT_PR9_SNAPSHOT
ad304b16d955e904b6de156bf88c38f51f0d552698bb7f2ff6ba07bb5572d361,medicine_bowl.yaml,NO,,EXCLUDED,HARNESS_LINEAGE,NON_RUNTIME,NO,P2,RedChamberWorldHarness_v0.1.zip::RedChamberWorldHarness_v0.1/data/objects/medicine_bowl.yaml,RedChamberWorldHarness_v0.1.zip,RedChamberWorldHarness_v0.1/data/objects/medicine_bowl.yaml,OLD_HARNESS_V0_1_CODE_REPLACED_BY_CURRENT_PR9_SNAPSHOT
73c373a93bccf2b82fc4dd4ec758b39dc355b4f98fa814181140631777cc97a9,ch86.yaml,NO,,EXCLUDED,HARNESS_LINEAGE,NON_RUNTIME,NO,P2,RedChamberWorldHarness_v0.1.zip::RedChamberWorldHarness_v0.1/data/evidence/ch86.yaml,RedChamberWorldHarness_v0.1.zip,RedChamberWorldHarness_v0.1/data/evidence/ch86.yaml,OLD_HARNESS_V0_1_CODE_REPLACED_BY_CURRENT_PR9_SNAPSHOT
38b7b5f460bc7cc1499097dfda6db6210d0c11e2f5245abf4fe57f2dea146625,baoyu.yaml,NO,,EXCLUDED,HARNESS_LINEAGE,NON_RUNTIME,NO,P2,RedChamberWorldHarness_v0.1.zip::RedChamberWorldHarness_v0.1/data/characters/baoyu.yaml,RedChamberWorldHarness_v0.1.zip,RedChamberWorldHarness_v0.1/data/characters/baoyu.yaml,OLD_HARNESS_V0_1_CODE_REPLACED_BY_CURRENT_PR9_SNAPSHOT
a253eafd480dbc6094c6acf1526ebf6a9f49762497e64c594247089a528da97d,daiyu.yaml,NO,,EXCLUDED,HARNESS_LINEAGE,NON_RUNTIME,NO,P2,RedChamberWorldHarness_v0.1.zip::RedChamberWorldHarness_v0.1/data/characters/daiyu.yaml,RedChamberWorldHarness_v0.1.zip,RedChamberWorldHarness_v0.1/data/characters/daiyu.yaml,OLD_HARNESS_V0_1_CODE_REPLACED_BY_CURRENT_PR9_SNAPSHOT
321535598f1dc9595e4b7179b5cf8a943df2eb8384d0ce25514035ce29a5a4f7,README.md,NO,,EXCLUDED,HARNESS_LINEAGE,NON_RUNTIME,NO,P2,RedChamberWorldHarness_v0.1.zip::RedChamberWorldHarness_v0.1/README.md,RedChamberWorldHarness_v0.1.zip,RedChamberWorldHarness_v0.1/README.md,OLD_HARNESS_V0_1_CODE_REPLACED_BY_CURRENT_PR9_SNAPSHOT
e0f114dd079c934a2ee9e5ba8259bcd2de775a2294fbda78d3c4fc09efb799cf,ARCHITECTURE.md,NO,,EXCLUDED,HARNESS_LINEAGE,NON_RUNTIME,NO,P2,RedChamberWorldHarness_v0.1.zip::RedChamberWorldHarness_v0.1/docs/ARCHITECTURE.md,RedChamberWorldHarness_v0.1.zip,RedChamberWorldHarness_v0.1/docs/ARCHITECTURE.md,OLD_HARNESS_V0_1_CODE_REPLACED_BY_CURRENT_PR9_SNAPSHOT
83b4d6e91a36f5712164d7579889bfa1cd56cb878edbff6ad499c532edf3f9c0,DECISIONS.md,NO,,EXCLUDED,HARNESS_LINEAGE,NON_RUNTIME,NO,P2,RedChamberWorldHarness_v0.1.zip::RedChamberWorldHarness_v0.1/docs/DECISIONS.md,RedChamberWorldHarness_v0.1.zip,RedChamberWorldHarness_v0.1/docs/DECISIONS.md,OLD_HARNESS_V0_1_CODE_REPLACED_BY_CURRENT_PR9_SNAPSHOT
738a7d26d6963046e278f8954d58617bfe7226ccc8fd84f0c3b98890d34848d0,ROADMAP.md,NO,,EXCLUDED,HARNESS_LINEAGE,NON_RUNTIME,NO,P2,RedChamberWorldHarness_v0.1.zip::RedChamberWorldHarness_v0.1/docs/ROADMAP.md,RedChamberWorldHarness_v0.1.zip,RedChamberWorldHarness_v0.1/docs/ROADMAP.md,OLD_HARNESS_V0_1_CODE_REPLACED_BY_CURRENT_PR9_SNAPSHOT
b6ba552f8f7a585cfb31c95ee6262cd1b51152d6f04f597712719aa04fb84ae6,V5_PLAN_MAPPING.md,NO,,EXCLUDED,HARNESS_LINEAGE,NON_RUNTIME,NO,P2,RedChamberWorldHarness_v0.1.zip::RedChamberWorldHarness_v0.1/docs/V5_PLAN_MAPPING.md,RedChamberWorldHarness_v0.1.zip,RedChamberWorldHarness_v0.1/docs/V5_PLAN_MAPPING.md,OLD_HARNESS_V0_1_CODE_REPLACED_BY_CURRENT_PR9_SNAPSHOT
4f1a5203ed7324cb3efa583763f2b29e0480c1866e7fee07d3528664410b88fb,literary_policy.yaml,NO,,EXCLUDED,HARNESS_LINEAGE,NON_RUNTIME,NO,P2,RedChamberWorldHarness_v0.1.zip::RedChamberWorldHarness_v0.1/policy/literary_policy.yaml,RedChamberWorldHarness_v0.1.zip,RedChamberWorldHarness_v0.1/policy/literary_policy.yaml,OLD_HARNESS_V0_1_CODE_REPLACED_BY_CURRENT_PR9_SNAPSHOT
b675c3087551aa4103e77e276109c4adeee3f3483c8eb4479e36750ea8cc2792,README.md,NO,,EXCLUDED,HARNESS_LINEAGE,NON_RUNTIME,NO,P2,RedChamberWorldHarness_v0.1.zip::RedChamberWorldHarness_v0.1/evaluators/README.md,RedChamberWorldHarness_v0.1.zip,RedChamberWorldHarness_v0.1/evaluators/README.md,OLD_HARNESS_V0_1_CODE_REPLACED_BY_CURRENT_PR9_SNAPSHOT
7270333e9ba47677b870535f3ad41858d52a6a429d86067945df4cc1dc127bb1,event.schema.json,NO,,EXCLUDED,HARNESS_LINEAGE,NON_RUNTIME,NO,P2,RedChamberWorldHarness_v0.1.zip::RedChamberWorldHarness_v0.1/schemas/event.schema.json,RedChamberWorldHarness_v0.1.zip,RedChamberWorldHarness_v0.1/schemas/event.schema.json,OLD_HARNESS_V0_1_CODE_REPLACED_BY_CURRENT_PR9_SNAPSHOT
99c7edf14667ef8eca9450372d04d5c52e3db0e5600a07eeedc69d2a6fa59a03,scene_contract.schema.json,NO,,EXCLUDED,HARNESS_LINEAGE,NON_RUNTIME,NO,P2,RedChamberWorldHarness_v0.1.zip::RedChamberWorldHarness_v0.1/schemas/scene_contract.schema.json,RedChamberWorldHarness_v0.1.zip,RedChamberWorldHarness_v0.1/schemas/scene_contract.schema.json,OLD_HARNESS_V0_1_CODE_REPLACED_BY_CURRENT_PR9_SNAPSHOT
e1b5ee5ba07549a2523c350e738a6792e2748260dd411ca121e3dcfcb92af310,character.schema.json,NO,,EXCLUDED,HARNESS_LINEAGE,NON_RUNTIME,NO,P2,RedChamberWorldHarness_v0.1.zip::RedChamberWorldHarness_v0.1/schemas/character.schema.json,RedChamberWorldHarness_v0.1.zip,RedChamberWorldHarness_v0.1/schemas/character.schema.json,OLD_HARNESS_V0_1_CODE_REPLACED_BY_CURRENT_PR9_SNAPSHOT
14b31ac53dbffa18702855c022f094111d8d736a3bc833b7892f9872715befba,object.schema.json,NO,,EXCLUDED,HARNESS_LINEAGE,NON_RUNTIME,NO,P2,RedChamberWorldHarness_v0.1.zip::RedChamberWorldHarness_v0.1/schemas/object.schema.json,RedChamberWorldHarness_v0.1.zip,RedChamberWorldHarness_v0.1/schemas/object.schema.json,OLD_HARNESS_V0_1_CODE_REPLACED_BY_CURRENT_PR9_SNAPSHOT
2633ab951bee4d0eec1c82f0476d506c3b4102e82e740715dbea1fdc0158162b,evidence.schema.json,NO,,EXCLUDED,HARNESS_LINEAGE,NON_RUNTIME,NO,P2,RedChamberWorldHarness_v0.1.zip::RedChamberWorldHarness_v0.1/schemas/evidence.schema.json,RedChamberWorldHarness_v0.1.zip,RedChamberWorldHarness_v0.1/schemas/evidence.schema.json,OLD_HARNESS_V0_1_CODE_REPLACED_BY_CURRENT_PR9_SNAPSHOT
b3c1e4d28e7114bf10f2c2e89887df2d054ac2a1db2cd2d74e0802f09f900d84,evaluator_result.schema.json,NO,,EXCLUDED,HARNESS_LINEAGE,NON_RUNTIME,NO,P2,RedChamberWorldHarness_v0.1.zip::RedChamberWorldHarness_v0.1/schemas/evaluator_result.schema.json,RedChamberWorldHarness_v0.1.zip,RedChamberWorldHarness_v0.1/schemas/evaluator_result.schema.json,OLD_HARNESS_V0_1_CODE_REPLACED_BY_CURRENT_PR9_SNAPSHOT
1901cea177c83b21a993468989dbd392a53133e3725f9199ffd9b0d34e89229b,ch86_candidate_stub.txt,NO,,EXCLUDED,HARNESS_LINEAGE,NON_RUNTIME,NO,P2,RedChamberWorldHarness_v0.1.zip::RedChamberWorldHarness_v0.1/examples/ch86_candidate_stub.txt,RedChamberWorldHarness_v0.1.zip,RedChamberWorldHarness_v0.1/examples/ch86_candidate_stub.txt,OLD_HARNESS_V0_1_CODE_REPLACED_BY_CURRENT_PR9_SNAPSHOT
2192d136d465421b9339c2ae026a35960cbefaf52c30e85e9632715f0c1d21c4,world_law.yaml,NO,,EXCLUDED,HARNESS_LINEAGE,NON_RUNTIME,NO,P2,RedChamberWorldHarness_v0.1.zip::RedChamberWorldHarness_v0.1/config/world_law.yaml,RedChamberWorldHarness_v0.1.zip,RedChamberWorldHarness_v0.1/config/world_law.yaml,OLD_HARNESS_V0_1_CODE_REPLACED_BY_CURRENT_PR9_SNAPSHOT
54c9574da8b6b261e3058528b5d6bb43928317a162da1fb94a9dd260d95fd281,pyproject.toml,NO,,EXCLUDED,HARNESS_LINEAGE,NON_RUNTIME,NO,P2,RedChamberWorldHarness_v0.1.zip::RedChamberWorldHarness_v0.1/pyproject.toml,RedChamberWorldHarness_v0.1.zip,RedChamberWorldHarness_v0.1/pyproject.toml,OLD_HARNESS_V0_1_CODE_REPLACED_BY_CURRENT_PR9_SNAPSHOT
50bc30908d8d7d7e78f5fa566ac65e1bc364646b87d6ef521fcda1cfe7db3861,CHANGELOG.md,NO,,EXCLUDED,HARNESS_LINEAGE,NON_RUNTIME,NO,P2,RedChamberWorldHarness_v0.1.zip::RedChamberWorldHarness_v0.1/CHANGELOG.md,RedChamberWorldHarness_v0.1.zip,RedChamberWorldHarness_v0.1/CHANGELOG.md,OLD_HARNESS_V0_1_CODE_REPLACED_BY_CURRENT_PR9_SNAPSHOT
a9ac094dd27ffaa768a4baea9dd0e6a1ab8cae90ef6ebfa694d1fa3c44efadab,00_当前操作链索引_R4G_REOPENED_v1.2_Phase3完成.md,NO,,EXCLUDED,GOVERNANCE,SUPERSEDED,NO,P2,红楼梦探佚_R4纠偏_Phase3_RG97_v1.0.zip::红楼梦探佚_R4纠偏_Phase3_RG97_v1.0/00_当前操作链索引_R4G_REOPENED_v1.2_Phase3完成.md,红楼梦探佚_R4纠偏_Phase3_RG97_v1.0.zip,红楼梦探佚_R4纠偏_Phase3_RG97_v1.0/00_当前操作链索引_R4G_REOPENED_v1.2_Phase3完成.md,SUPERSEDED_OR_OBSOLETE
590f4b220bc7de04bbe650dd1fd45a7704e298d0ddd65a8f5f37cb922c5a5fac,SHA256_Phase6_CURRENT_v1.0.md,NO,,EXCLUDED,AUDIT_ARCHIVE,SUPERSEDED,NO,P2,红楼梦探佚_R4纠偏_Phase6_CURRENT_v1.0.zip::红楼梦探佚_R4纠偏_Phase6_CURRENT_v1.0/SHA256_Phase6_CURRENT_v1.0.md,红楼梦探佚_R4纠偏_Phase6_CURRENT_v1.0.zip,红楼梦探佚_R4纠偏_Phase6_CURRENT_v1.0/SHA256_Phase6_CURRENT_v1.0.md,SUPERSEDED_OR_OBSOLETE
a46056f8e41c234f36a840ad27d2d83712b45537a3afc6bb2e954fbb9d0ea477,SHA256_Phase7_R4FRegression.md,NO,,EXCLUDED,AUDIT_ARCHIVE,SUPERSEDED,NO,P2,红楼梦探佚_R4纠偏_Phase7_R4FRegression_v1.0.zip::红楼梦探佚_R4纠偏_Phase7_R4FRegression_v1.0/SHA256_Phase7_R4FRegression.md,红楼梦探佚_R4纠偏_Phase7_R4FRegression_v1.0.zip,红楼梦探佚_R4纠偏_Phase7_R4FRegression_v1.0/SHA256_Phase7_R4FRegression.md,SUPERSEDED_OR_OBSOLETE
272b4d6ef72f8d1643e7d4b96d2ca31c549fc2b0c46aaacaa96d791291272e50,SHA256_Phase7_R4FRegression_v1.1.md,NO,,EXCLUDED,AUDIT_ARCHIVE,SUPERSEDED,NO,P2,红楼梦探佚_R4纠偏_Phase7_R4FRegression_v1.1.zip::红楼梦探佚_R4纠偏_Phase7_R4FRegression_v1.1/SHA256_Phase7_R4FRegression_v1.1.md,红楼梦探佚_R4纠偏_Phase7_R4FRegression_v1.1.zip,红楼梦探佚_R4纠偏_Phase7_R4FRegression_v1.1/SHA256_Phase7_R4FRegression_v1.1.md,SUPERSEDED_OR_OBSOLETE
0b9da2aaea2a8881903c166dd9bc68e79ba8f92b5485bce2e9ad82bd5e3b9ccd,第28G-G_警幻情榜完整榜面三案比较与终裁_v1.0.md,NO,,EXCLUDED,AUDIT_ARCHIVE,SUPERSEDED,NO,P2,红楼梦探佚_全量文档体系_重整版_v4.2.zip::红楼梦探佚_全量文档体系_重整版_v4.2/06_诗文情榜与文书/01_第28步诗文情榜文书专项/第28G-G_警幻情榜完整榜面三案比较与终裁_v1.0.md,红楼梦探佚_全量文档体系_重整版_v4.2.zip,红楼梦探佚_全量文档体系_重整版_v4.2/06_诗文情榜与文书/01_第28步诗文情榜文书专项/第28G-G_警幻情榜完整榜面三案比较与终裁_v1.0.md,SUPERSEDED_OR_OBSOLETE
35a04cb0ed002312ae743892a13c01db10a4584c966bbc40aa5e37b9a45f939f,第28G-I_第100回完整情榜回填后终审报告_v1.0.md,NO,,EXCLUDED,AUDIT_ARCHIVE,SUPERSEDED,NO,P2,红楼梦探佚_全量文档体系_重整版_v4.2.zip::红楼梦探佚_全量文档体系_重整版_v4.2/06_诗文情榜与文书/01_第28步诗文情榜文书专项/第28G-I_第100回完整情榜回填后终审报告_v1.0.md,红楼梦探佚_全量文档体系_重整版_v4.2.zip,红楼梦探佚_全量文档体系_重整版_v4.2/06_诗文情榜与文书/01_第28步诗文情榜文书专项/第28G-I_第100回完整情榜回填后终审报告_v1.0.md,SUPERSEDED_OR_OBSOLETE
f6d19993e065b495a54053fb5818e564c21579c48c96a81199e8289bdebf640b,第28G_警幻情榜完整复原专项_LOCK_v1.0.md,NO,,EXCLUDED,AUDIT_ARCHIVE,SUPERSEDED,NO,P2,红楼梦探佚_全量文档体系_重整版_v4.2.zip::红楼梦探佚_全量文档体系_重整版_v4.2/06_诗文情榜与文书/01_第28步诗文情榜文书专项/第28G_警幻情榜完整复原专项_LOCK_v1.0.md,红楼梦探佚_全量文档体系_重整版_v4.2.zip,红楼梦探佚_全量文档体系_重整版_v4.2/06_诗文情榜与文书/01_第28步诗文情榜文书专项/第28G_警幻情榜完整复原专项_LOCK_v1.0.md,SUPERSEDED_OR_OBSOLETE
1aa4b27216f46875e28f2a78473f0fb37fa9c9f4bb3a31c6106b07a28235571a,SHA256_稳定ACTIVE_v4.0.md,NO,,EXCLUDED,AUDIT_ARCHIVE,SUPERSEDED,NO,P2,红楼梦探佚_稳定ACTIVE过程文档体系_v4.0.zip::红楼梦探佚_稳定ACTIVE过程文档体系_v4.0/SHA256_稳定ACTIVE_v4.0.md,红楼梦探佚_稳定ACTIVE过程文档体系_v4.0.zip,红楼梦探佚_稳定ACTIVE过程文档体系_v4.0/SHA256_稳定ACTIVE_v4.0.md,SUPERSEDED_OR_OBSOLETE
