sha256,canonical_package,canonical_path,filename,size,occurrence_count,all_packages,target_layer,target_node,target_path,migration_action,harness_coverage,priority,authority,runtime_authority,migration_note,sample_occurrences
d746e71caf036ad311fd870665da97ba0454a90891aab0350c6675824aac2130,RedChamberWorldHarness_v0.1.zip,RedChamberWorldHarness_v0.1/.github/workflows/validate.yml,validate.yml,417,1,RedChamberWorldHarness_v0.1.zip,HARNESS_LINEAGE,harness.legacy_code,archive/harness_v0_1/,ARCHIVE_CODE_LINEAGE,SUPERSEDED,P2,NON_RUNTIME,NO,旧Harness代码谱系；不作为研究数据。,RedChamberWorldHarness_v0.1/.github/workflows/validate.yml
d2f5b0ae8ddeb3c68274e8a9d4a2875eafdd661e53ad3e329732eecbac82bb21,RedChamberWorldHarness_v0.1.zip,RedChamberWorldHarness_v0.1/.github/ISSUE_TEMPLATE/feature.md,feature.md,308,1,RedChamberWorldHarness_v0.1.zip,HARNESS_LINEAGE,harness.legacy_code,archive/harness_v0_1/,ARCHIVE_CODE_LINEAGE,SUPERSEDED,P2,NON_RUNTIME,NO,旧Harness代码谱系；不作为研究数据。,RedChamberWorldHarness_v0.1/.github/ISSUE_TEMPLATE/feature.md
5f9f92678b699faf62ea227c9bafb4010b8d13596b7fb580457ae15a642c2a2f,RedChamberWorldHarness_v0.1.zip,RedChamberWorldHarness_v0.1/.github/ISSUE_TEMPLATE/data.md,data.md,217,1,RedChamberWorldHarness_v0.1.zip,HARNESS_LINEAGE,harness.legacy_code,archive/harness_v0_1/,ARCHIVE_CODE_LINEAGE,SUPERSEDED,P2,NON_RUNTIME,NO,旧Harness代码谱系；不作为研究数据。,RedChamberWorldHarness_v0.1/.github/ISSUE_TEMPLATE/data.md
807380565b3dbdba50ca2cb3072aa81f96cf9e7b28c72e463614c39646081e64,RedChamberWorldHarness_v0.1.zip,RedChamberWorldHarness_v0.1/CONTRIBUTING.md,CONTRIBUTING.md,625,1,RedChamberWorldHarness_v0.1.zip,HARNESS_LINEAGE,harness.legacy_code,archive/harness_v0_1/,ARCHIVE_CODE_LINEAGE,SUPERSEDED,P2,NON_RUNTIME,NO,旧Harness代码谱系；不作为研究数据。,RedChamberWorldHarness_v0.1/CONTRIBUTING.md
88c6f82f042b637c13ff0ac35c6e36285c555d4bbc2def3356f98e2bf2118dbf,RedChamberWorldHarness_v0.1.zip,RedChamberWorldHarness_v0.1/.gitignore,.gitignore,93,1,RedChamberWorldHarness_v0.1.zip,HARNESS_LINEAGE,harness.legacy_code,archive/harness_v0_1/,ARCHIVE_CODE_LINEAGE,SUPERSEDED,P2,NON_RUNTIME,NO,旧Harness代码谱系；不作为研究数据。,RedChamberWorldHarness_v0.1/.gitignore
792ea84740063691e155037a8ed678cc40c18ea0b20aa081dc9f2d20f6c4e32c,RedChamberWorldHarness_v0.1.zip,RedChamberWorldHarness_v0.1/tests/test_validation.py,test_validation.py,205,1,RedChamberWorldHarness_v0.1.zip,HARNESS_LINEAGE,harness.legacy_code,archive/harness_v0_1/,ARCHIVE_CODE_LINEAGE,SUPERSEDED,P2,NON_RUNTIME,NO,旧Harness代码谱系；不作为研究数据。,RedChamberWorldHarness_v0.1/tests/test_validation.py
3c57343080f04274a61821b6c9baffc57a9ccd41cbe9e58bbed507cf2f29f03f,RedChamberWorldHarness_v0.1.zip,RedChamberWorldHarness_v0.1/tests/test_runtime.py,test_runtime.py,374,1,RedChamberWorldHarness_v0.1.zip,HARNESS_LINEAGE,harness.legacy_code,archive/harness_v0_1/,ARCHIVE_CODE_LINEAGE,SUPERSEDED,P2,NON_RUNTIME,NO,旧Harness代码谱系；不作为研究数据。,RedChamberWorldHarness_v0.1/tests/test_runtime.py
0480b7ffb222fa5aa9c20c884449a2511734089436dab4ac14a41e31d2ba604d,RedChamberWorldHarness_v0.1.zip,RedChamberWorldHarness_v0.1/tests/test_evaluate.py,test_evaluate.py,791,1,RedChamberWorldHarness_v0.1.zip,HARNESS_LINEAGE,harness.legacy_code,archive/harness_v0_1/,ARCHIVE_CODE_LINEAGE,SUPERSEDED,P2,NON_RUNTIME,NO,旧Harness代码谱系；不作为研究数据。,RedChamberWorldHarness_v0.1/tests/test_evaluate.py
f8fba4dc3fc42ccff08db62d5986221cac221bf4a08f24a4e1999ff80ffb5c38,RedChamberWorldHarness_v0.1.zip,RedChamberWorldHarness_v0.1/src/rcwh/io.py,io.py,430,1,RedChamberWorldHarness_v0.1.zip,HARNESS_LINEAGE,harness.legacy_code,archive/harness_v0_1/,ARCHIVE_CODE_LINEAGE,SUPERSEDED,P2,NON_RUNTIME,NO,旧Harness代码谱系；不作为研究数据。,RedChamberWorldHarness_v0.1/src/rcwh/io.py
78e9f33df5b676a363fba86ffea9396658a0d09f950787fd54b536066de831e8,RedChamberWorldHarness_v0.1.zip,RedChamberWorldHarness_v0.1/src/rcwh/cli.py,cli.py,1928,1,RedChamberWorldHarness_v0.1.zip,HARNESS_LINEAGE,harness.legacy_code,archive/harness_v0_1/,ARCHIVE_CODE_LINEAGE,SUPERSEDED,P2,NON_RUNTIME,NO,旧Harness代码谱系；不作为研究数据。,RedChamberWorldHarness_v0.1/src/rcwh/cli.py
91447944015cec709e8aa7655f7e9d64e1e4508e7023a57fe3746911c0fc6fed,RedChamberWorldHarness_v0.1.zip,RedChamberWorldHarness_v0.1/src/rcwh/__init__.py,__init__.py,22,1,RedChamberWorldHarness_v0.1.zip,HARNESS_LINEAGE,harness.legacy_code,archive/harness_v0_1/,ARCHIVE_CODE_LINEAGE,SUPERSEDED,P2,NON_RUNTIME,NO,旧Harness代码谱系；不作为研究数据。,RedChamberWorldHarness_v0.1/src/rcwh/__init__.py
1a9c1fd0b246157f08bf700f92c52767749acf8ba9ab855317cbe26e8c8ba628,RedChamberWorldHarness_v0.1.zip,RedChamberWorldHarness_v0.1/src/rcwh/schema.py,schema.py,882,1,RedChamberWorldHarness_v0.1.zip,HARNESS_LINEAGE,harness.legacy_code,archive/harness_v0_1/,ARCHIVE_CODE_LINEAGE,SUPERSEDED,P2,NON_RUNTIME,NO,旧Harness代码谱系；不作为研究数据。,RedChamberWorldHarness_v0.1/src/rcwh/schema.py
157b02ba65ead1eadf1ca6290243b56ce970fde703d0cc2e023d2bad819be82a,RedChamberWorldHarness_v0.1.zip,RedChamberWorldHarness_v0.1/src/rcwh/evaluate.py,evaluate.py,1860,1,RedChamberWorldHarness_v0.1.zip,HARNESS_LINEAGE,harness.legacy_code,archive/harness_v0_1/,ARCHIVE_CODE_LINEAGE,SUPERSEDED,P2,NON_RUNTIME,NO,旧Harness代码谱系；不作为研究数据。,RedChamberWorldHarness_v0.1/src/rcwh/evaluate.py
6c8b0775e21ba6439b15dc0b7e0f84ae07f583ec5cfc4a54a570bfd1ed65483e,RedChamberWorldHarness_v0.1.zip,RedChamberWorldHarness_v0.1/src/rcwh/validate.py,validate.py,1755,1,RedChamberWorldHarness_v0.1.zip,HARNESS_LINEAGE,harness.legacy_code,archive/harness_v0_1/,ARCHIVE_CODE_LINEAGE,SUPERSEDED,P2,NON_RUNTIME,NO,旧Harness代码谱系；不作为研究数据。,RedChamberWorldHarness_v0.1/src/rcwh/validate.py
1b4a299c23a7f9edd1aa6c95f57b70a26194fd87584a3b005b73b2396ce84ae8,RedChamberWorldHarness_v0.1.zip,RedChamberWorldHarness_v0.1/src/rcwh/runtime.py,runtime.py,2937,1,RedChamberWorldHarness_v0.1.zip,HARNESS_LINEAGE,harness.legacy_code,archive/harness_v0_1/,ARCHIVE_CODE_LINEAGE,SUPERSEDED,P2,NON_RUNTIME,NO,旧Harness代码谱系；不作为研究数据。,RedChamberWorldHarness_v0.1/src/rcwh/runtime.py
0b85d3a0f25b2acc631f845981afaba28f5eb341a803ea2c1f156686befb5b81,RedChamberWorldHarness_v0.1.zip,RedChamberWorldHarness_v0.1/data/events/ch86.yaml,ch86.yaml,728,1,RedChamberWorldHarness_v0.1.zip,HARNESS_LINEAGE,harness.legacy_code,archive/harness_v0_1/,ARCHIVE_CODE_LINEAGE,SUPERSEDED,P2,NON_RUNTIME,NO,旧Harness代码谱系；不作为研究数据。,RedChamberWorldHarness_v0.1/data/events/ch86.yaml
1343dca2a0c4f597732f63f69c1cde12c3ed83acb39bf766c5c1e5de6e3b90cc,RedChamberWorldHarness_v0.1.zip,RedChamberWorldHarness_v0.1/data/scenes/ch86_last_night.yaml,ch86_last_night.yaml,1102,1,RedChamberWorldHarness_v0.1.zip,HARNESS_LINEAGE,harness.legacy_code,archive/harness_v0_1/,ARCHIVE_CODE_LINEAGE,SUPERSEDED,P2,NON_RUNTIME,NO,旧Harness代码谱系；不作为研究数据。,RedChamberWorldHarness_v0.1/data/scenes/ch86_last_night.yaml
ad304b16d955e904b6de156bf88c38f51f0d552698bb7f2ff6ba07bb5572d361,RedChamberWorldHarness_v0.1.zip,RedChamberWorldHarness_v0.1/data/objects/medicine_bowl.yaml,medicine_bowl.yaml,220,1,RedChamberWorldHarness_v0.1.zip,HARNESS_LINEAGE,harness.legacy_code,archive/harness_v0_1/,ARCHIVE_CODE_LINEAGE,SUPERSEDED,P2,NON_RUNTIME,NO,旧Harness代码谱系；不作为研究数据。,RedChamberWorldHarness_v0.1/data/objects/medicine_bowl.yaml
73c373a93bccf2b82fc4dd4ec758b39dc355b4f98fa814181140631777cc97a9,RedChamberWorldHarness_v0.1.zip,RedChamberWorldHarness_v0.1/data/evidence/ch86.yaml,ch86.yaml,642,1,RedChamberWorldHarness_v0.1.zip,HARNESS_LINEAGE,harness.legacy_code,archive/harness_v0_1/,ARCHIVE_CODE_LINEAGE,SUPERSEDED,P2,NON_RUNTIME,NO,旧Harness代码谱系；不作为研究数据。,RedChamberWorldHarness_v0.1/data/evidence/ch86.yaml
38b7b5f460bc7cc1499097dfda6db6210d0c11e2f5245abf4fe57f2dea146625,RedChamberWorldHarness_v0.1.zip,RedChamberWorldHarness_v0.1/data/characters/baoyu.yaml,baoyu.yaml,641,1,RedChamberWorldHarness_v0.1.zip,HARNESS_LINEAGE,harness.legacy_code,archive/harness_v0_1/,ARCHIVE_CODE_LINEAGE,SUPERSEDED,P2,NON_RUNTIME,NO,旧Harness代码谱系；不作为研究数据。,RedChamberWorldHarness_v0.1/data/characters/baoyu.yaml
a253eafd480dbc6094c6acf1526ebf6a9f49762497e64c594247089a528da97d,RedChamberWorldHarness_v0.1.zip,RedChamberWorldHarness_v0.1/data/characters/daiyu.yaml,daiyu.yaml,765,1,RedChamberWorldHarness_v0.1.zip,HARNESS_LINEAGE,harness.legacy_code,archive/harness_v0_1/,ARCHIVE_CODE_LINEAGE,SUPERSEDED,P2,NON_RUNTIME,NO,旧Harness代码谱系；不作为研究数据。,RedChamberWorldHarness_v0.1/data/characters/daiyu.yaml
321535598f1dc9595e4b7179b5cf8a943df2eb8384d0ce25514035ce29a5a4f7,RedChamberWorldHarness_v0.1.zip,RedChamberWorldHarness_v0.1/README.md,README.md,3821,1,RedChamberWorldHarness_v0.1.zip,HARNESS_LINEAGE,harness.legacy_code,archive/harness_v0_1/,ARCHIVE_CODE_LINEAGE,SUPERSEDED,P2,NON_RUNTIME,NO,旧Harness代码谱系；不作为研究数据。,RedChamberWorldHarness_v0.1/README.md
e0f114dd079c934a2ee9e5ba8259bcd2de775a2294fbda78d3c4fc09efb799cf,RedChamberWorldHarness_v0.1.zip,RedChamberWorldHarness_v0.1/docs/ARCHITECTURE.md,ARCHITECTURE.md,2310,1,RedChamberWorldHarness_v0.1.zip,HARNESS_LINEAGE,harness.legacy_code,archive/harness_v0_1/,ARCHIVE_CODE_LINEAGE,SUPERSEDED,P2,NON_RUNTIME,NO,旧Harness代码谱系；不作为研究数据。,RedChamberWorldHarness_v0.1/docs/ARCHITECTURE.md
83b4d6e91a36f5712164d7579889bfa1cd56cb878edbff6ad499c532edf3f9c0,RedChamberWorldHarness_v0.1.zip,RedChamberWorldHarness_v0.1/docs/DECISIONS.md,DECISIONS.md,969,1,RedChamberWorldHarness_v0.1.zip,HARNESS_LINEAGE,harness.legacy_code,archive/harness_v0_1/,ARCHIVE_CODE_LINEAGE,SUPERSEDED,P2,NON_RUNTIME,NO,旧Harness代码谱系；不作为研究数据。,RedChamberWorldHarness_v0.1/docs/DECISIONS.md
738a7d26d6963046e278f8954d58617bfe7226ccc8fd84f0c3b98890d34848d0,RedChamberWorldHarness_v0.1.zip,RedChamberWorldHarness_v0.1/docs/ROADMAP.md,ROADMAP.md,1253,1,RedChamberWorldHarness_v0.1.zip,HARNESS_LINEAGE,harness.legacy_code,archive/harness_v0_1/,ARCHIVE_CODE_LINEAGE,SUPERSEDED,P2,NON_RUNTIME,NO,旧Harness代码谱系；不作为研究数据。,RedChamberWorldHarness_v0.1/docs/ROADMAP.md
b6ba552f8f7a585cfb31c95ee6262cd1b51152d6f04f597712719aa04fb84ae6,RedChamberWorldHarness_v0.1.zip,RedChamberWorldHarness_v0.1/docs/V5_PLAN_MAPPING.md,V5_PLAN_MAPPING.md,1835,1,RedChamberWorldHarness_v0.1.zip,HARNESS_LINEAGE,harness.legacy_code,archive/harness_v0_1/,ARCHIVE_CODE_LINEAGE,SUPERSEDED,P2,NON_RUNTIME,NO,旧Harness代码谱系；不作为研究数据。,RedChamberWorldHarness_v0.1/docs/V5_PLAN_MAPPING.md
4f1a5203ed7324cb3efa583763f2b29e0480c1866e7fee07d3528664410b88fb,RedChamberWorldHarness_v0.1.zip,RedChamberWorldHarness_v0.1/policy/literary_policy.yaml,literary_policy.yaml,1223,1,RedChamberWorldHarness_v0.1.zip,HARNESS_LINEAGE,harness.legacy_code,archive/harness_v0_1/,ARCHIVE_CODE_LINEAGE,SUPERSEDED,P2,NON_RUNTIME,NO,旧Harness代码谱系；不作为研究数据。,RedChamberWorldHarness_v0.1/policy/literary_policy.yaml
b675c3087551aa4103e77e276109c4adeee3f3483c8eb4479e36750ea8cc2792,RedChamberWorldHarness_v0.1.zip,RedChamberWorldHarness_v0.1/evaluators/README.md,README.md,847,1,RedChamberWorldHarness_v0.1.zip,HARNESS_LINEAGE,harness.legacy_code,archive/harness_v0_1/,ARCHIVE_CODE_LINEAGE,SUPERSEDED,P2,NON_RUNTIME,NO,旧Harness代码谱系；不作为研究数据。,RedChamberWorldHarness_v0.1/evaluators/README.md
7270333e9ba47677b870535f3ad41858d52a6a429d86067945df4cc1dc127bb1,RedChamberWorldHarness_v0.1.zip,RedChamberWorldHarness_v0.1/schemas/event.schema.json,event.schema.json,665,1,RedChamberWorldHarness_v0.1.zip,HARNESS_LINEAGE,harness.legacy_code,archive/harness_v0_1/,ARCHIVE_CODE_LINEAGE,SUPERSEDED,P2,NON_RUNTIME,NO,旧Harness代码谱系；不作为研究数据。,RedChamberWorldHarness_v0.1/schemas/event.schema.json
99c7edf14667ef8eca9450372d04d5c52e3db0e5600a07eeedc69d2a6fa59a03,RedChamberWorldHarness_v0.1.zip,RedChamberWorldHarness_v0.1/schemas/scene_contract.schema.json,scene_contract.schema.json,903,1,RedChamberWorldHarness_v0.1.zip,HARNESS_LINEAGE,harness.legacy_code,archive/harness_v0_1/,ARCHIVE_CODE_LINEAGE,SUPERSEDED,P2,NON_RUNTIME,NO,旧Harness代码谱系；不作为研究数据。,RedChamberWorldHarness_v0.1/schemas/scene_contract.schema.json
e1b5ee5ba07549a2523c350e738a6792e2748260dd411ca121e3dcfcb92af310,RedChamberWorldHarness_v0.1.zip,RedChamberWorldHarness_v0.1/schemas/character.schema.json,character.schema.json,918,1,RedChamberWorldHarness_v0.1.zip,HARNESS_LINEAGE,harness.legacy_code,archive/harness_v0_1/,ARCHIVE_CODE_LINEAGE,SUPERSEDED,P2,NON_RUNTIME,NO,旧Harness代码谱系；不作为研究数据。,RedChamberWorldHarness_v0.1/schemas/character.schema.json
14b31ac53dbffa18702855c022f094111d8d736a3bc833b7892f9872715befba,RedChamberWorldHarness_v0.1.zip,RedChamberWorldHarness_v0.1/schemas/object.schema.json,object.schema.json,707,1,RedChamberWorldHarness_v0.1.zip,HARNESS_LINEAGE,harness.legacy_code,archive/harness_v0_1/,ARCHIVE_CODE_LINEAGE,SUPERSEDED,P2,NON_RUNTIME,NO,旧Harness代码谱系；不作为研究数据。,RedChamberWorldHarness_v0.1/schemas/object.schema.json
2633ab951bee4d0eec1c82f0476d506c3b4102e82e740715dbea1fdc0158162b,RedChamberWorldHarness_v0.1.zip,RedChamberWorldHarness_v0.1/schemas/evidence.schema.json,evidence.schema.json,816,1,RedChamberWorldHarness_v0.1.zip,HARNESS_LINEAGE,harness.legacy_code,archive/harness_v0_1/,ARCHIVE_CODE_LINEAGE,SUPERSEDED,P2,NON_RUNTIME,NO,旧Harness代码谱系；不作为研究数据。,RedChamberWorldHarness_v0.1/schemas/evidence.schema.json
b3c1e4d28e7114bf10f2c2e89887df2d054ac2a1db2cd2d74e0802f09f900d84,RedChamberWorldHarness_v0.1.zip,RedChamberWorldHarness_v0.1/schemas/evaluator_result.schema.json,evaluator_result.schema.json,371,1,RedChamberWorldHarness_v0.1.zip,HARNESS_LINEAGE,harness.legacy_code,archive/harness_v0_1/,ARCHIVE_CODE_LINEAGE,SUPERSEDED,P2,NON_RUNTIME,NO,旧Harness代码谱系；不作为研究数据。,RedChamberWorldHarness_v0.1/schemas/evaluator_result.schema.json
1901cea177c83b21a993468989dbd392a53133e3725f9199ffd9b0d34e89229b,RedChamberWorldHarness_v0.1.zip,RedChamberWorldHarness_v0.1/examples/ch86_candidate_stub.txt,ch86_candidate_stub.txt,262,1,RedChamberWorldHarness_v0.1.zip,HARNESS_LINEAGE,harness.legacy_code,archive/harness_v0_1/,ARCHIVE_CODE_LINEAGE,SUPERSEDED,P2,NON_RUNTIME,NO,旧Harness代码谱系；不作为研究数据。,RedChamberWorldHarness_v0.1/examples/ch86_candidate_stub.txt
2192d136d465421b9339c2ae026a35960cbefaf52c30e85e9632715f0c1d21c4,RedChamberWorldHarness_v0.1.zip,RedChamberWorldHarness_v0.1/config/world_law.yaml,world_law.yaml,1171,1,RedChamberWorldHarness_v0.1.zip,HARNESS_LINEAGE,harness.legacy_code,archive/harness_v0_1/,ARCHIVE_CODE_LINEAGE,SUPERSEDED,P2,NON_RUNTIME,NO,旧Harness代码谱系；不作为研究数据。,RedChamberWorldHarness_v0.1/config/world_law.yaml
54c9574da8b6b261e3058528b5d6bb43928317a162da1fb94a9dd260d95fd281,RedChamberWorldHarness_v0.1.zip,RedChamberWorldHarness_v0.1/pyproject.toml,pyproject.toml,553,1,RedChamberWorldHarness_v0.1.zip,HARNESS_LINEAGE,harness.legacy_code,archive/harness_v0_1/,ARCHIVE_CODE_LINEAGE,SUPERSEDED,P2,NON_RUNTIME,NO,旧Harness代码谱系；不作为研究数据。,RedChamberWorldHarness_v0.1/pyproject.toml
50bc30908d8d7d7e78f5fa566ac65e1bc364646b87d6ef521fcda1cfe7db3861,RedChamberWorldHarness_v0.1.zip,RedChamberWorldHarness_v0.1/CHANGELOG.md,CHANGELOG.md,250,1,RedChamberWorldHarness_v0.1.zip,HARNESS_LINEAGE,harness.legacy_code,archive/harness_v0_1/,ARCHIVE_CODE_LINEAGE,SUPERSEDED,P2,NON_RUNTIME,NO,旧Harness代码谱系；不作为研究数据。,RedChamberWorldHarness_v0.1/CHANGELOG.md
73a1b9afda8ad841e65513e626d07f2dc171ae2b89d69082f2af99dd0ce3dc8c,红楼梦探佚_R4审计准备_精简过程文档体系_v3.4(2).zip,红楼梦探佚_R4审计准备_精简过程文档体系_v3.4/00_从这里开始/README_从这里开始.md,README_从这里开始.md,1629,1,红楼梦探佚_R4审计准备_精简过程文档体系_v3.4(2).zip,REGISTRY,registry.document_metadata,data/registry/documents.yaml,REGISTER_DOCUMENT,NONE,P1,REFERENCE,REFERENCE,文档级元数据/说明；不直接驱动剧情。,红楼梦探佚_R4审计准备_精简过程文档体系_v3.4/00_从这里开始/README_从这里开始.md
b87f43436d3e76577e12021248826ce1d31f15f76909f1e3b45de0bafea4f348,红楼梦探佚_R4审计准备_精简过程文档体系_v3.4(2).zip,红楼梦探佚_R4审计准备_精简过程文档体系_v3.4/00_从这里开始/v3.4精简过程文档体系验收审计.md,v3.4精简过程文档体系验收审计.md,237,1,红楼梦探佚_R4审计准备_精简过程文档体系_v3.4(2).zip,ARCHIVE,archive.document,data/archive/documents.yaml,INDEX_ONLY,ARCHIVE_ONLY,P2,HISTORICAL,NO,历史/重复内容仅保留可追溯索引。,红楼梦探佚_R4审计准备_精简过程文档体系_v3.4/00_从这里开始/v3.4精简过程文档体系验收审计.md
3654a476d08b451e32a231ccb7172d3c328d66e343e3929113e7c87d7a6cf626,红楼梦探佚_R4审计准备_精简过程文档体系_v3.4(2).zip,红楼梦探佚_R4审计准备_精简过程文档体系_v3.4/00_从这里开始/下一步唯一入口_R4全链审计.md,下一步唯一入口_R4全链审计.md,421,1,红楼梦探佚_R4审计准备_精简过程文档体系_v3.4(2).zip,ARCHIVE,archive.document,data/archive/documents.yaml,INDEX_ONLY,ARCHIVE_ONLY,P2,HISTORICAL,NO,历史/重复内容仅保留可追溯索引。,红楼梦探佚_R4审计准备_精简过程文档体系_v3.4/00_从这里开始/下一步唯一入口_R4全链审计.md
367e3d25e177b34c3c9c114f8a26a97f4299d0d8ebd473c284ec81b06945dee5,红楼梦探佚_R4审计准备_精简过程文档体系_v3.4(2).zip,红楼梦探佚_R4审计准备_精简过程文档体系_v3.4/00_从这里开始/当前操作链索引_v3.4.md,当前操作链索引_v3.4.md,1057,1,红楼梦探佚_R4审计准备_精简过程文档体系_v3.4(2).zip,GOVERNANCE,governance.project_state,data/registry/releases.yaml + config/project_state.yaml,STRUCTURE_PROJECT_STATE,PARTIAL,P2,HISTORICAL,NO,项目状态/版本纪律；只提取当前有效规则，旧版保留谱系。,红楼梦探佚_R4审计准备_精简过程文档体系_v3.4/00_从这里开始/当前操作链索引_v3.4.md
dd57fc2c8243d777c541b49d63b0a5f3cad95c4ad9a4d09ac6d1d51fa8bb91f2,红楼梦探佚_R4审计准备_精简过程文档体系_v3.4(2).zip,红楼梦探佚_R4审计准备_精简过程文档体系_v3.4/00_从这里开始/文件清单与SHA256_v3.4.md,文件清单与SHA256_v3.4.md,10365,1,红楼梦探佚_R4审计准备_精简过程文档体系_v3.4(2).zip,REGISTRY,registry.document_metadata,data/registry/documents.yaml,REGISTER_DOCUMENT,NONE,P1,REFERENCE,REFERENCE,文档级元数据/说明；不直接驱动剧情。,红楼梦探佚_R4审计准备_精简过程文档体系_v3.4/00_从这里开始/文件清单与SHA256_v3.4.md
9e4cb117bf0791e81bf64a4b64a01f202c3aecbb98f56835546040aa9e4e06d0,红楼梦探佚_R4审计准备_精简过程文档体系_v3.4(2).zip,红楼梦探佚_R4审计准备_精简过程文档体系_v3.4/00_从这里开始/文档体系清理与整编报告_v3.4.md,文档体系清理与整编报告_v3.4.md,928,1,红楼梦探佚_R4审计准备_精简过程文档体系_v3.4(2).zip,REGISTRY,registry.document_metadata,data/registry/documents.yaml,REGISTER_DOCUMENT,NONE,P1,REFERENCE,REFERENCE,文档级元数据/说明；不直接驱动剧情。,红楼梦探佚_R4审计准备_精简过程文档体系_v3.4/00_从这里开始/文档体系清理与整编报告_v3.4.md
6626dc52188b7efb3e07d7ee69ee78496b996ec0507e64fa6d50cb6bf66fd3fa,红楼梦探佚_R4审计准备_精简过程文档体系_v3.4(2).zip,红楼梦探佚_R4审计准备_精简过程文档体系_v3.4/01_总控与正文基线/81—100_二十回全幅补完卡_v2.1_当前施工版.md,81—100_二十回全幅补完卡_v2.1_当前施工版.md,59075,1,红楼梦探佚_R4审计准备_精简过程文档体系_v3.4(2).zip,RECONSTRUCTION,reconstruction.chapter_plan,data/chapter_plans/ch81_100.yaml + data/scenes/*,SPLIT_20_CHAPTER_PLANS,NONE,P0,REFERENCE,REFERENCE,拆为20回chapter contract/scene plan；不得把工作回目误当证据。,红楼梦探佚_R4审计准备_精简过程文档体系_v3.4/01_总控与正文基线/81—100_二十回全幅补完卡_v2.1_当前施工版.md
c83d915e0a8cfe73a5a79c3a760e325fcda0efc22afffe9794846d800ee60571,红楼梦探佚_R4审计准备_精简过程文档体系_v3.4(2).zip,红楼梦探佚_R4审计准备_精简过程文档体系_v3.4/01_总控与正文基线/81—100_保护锁与不可破坏细节表_v2.1_当前版.md,81—100_保护锁与不可破坏细节表_v2.1_当前版.md,15284,1,红楼梦探佚_R4审计准备_精简过程文档体系_v3.4(2).zip,LOCK,lock.literary_plock,data/plocks/ch81_100.yaml,SPLIT_PLOCKS,PARTIAL,P0,REFERENCE,REFERENCE,当前Harness仅5个高风险P-Lock，需补齐全表。,红楼梦探佚_R4审计准备_精简过程文档体系_v3.4/01_总控与正文基线/81—100_保护锁与不可破坏细节表_v2.1_当前版.md
18f8bcc2739481d0b66ace616bb7cfc8b3f09d109e189d0b081d9c70f074a2c2,红楼梦探佚_R4审计准备_精简过程文档体系_v3.4(2).zip,红楼梦探佚_R4审计准备_精简过程文档体系_v3.4/01_总控与正文基线/81—100_正文实施事实登记表_v1.2_当前版.md,81—100_正文实施事实登记表_v1.2_当前版.md,2847,1,红楼梦探佚_R4审计准备_精简过程文档体系_v3.4(2).zip,IMPLEMENTATION,implementation.register,data/implementations/ch81_100.yaml,IMPORT_IMPLEMENTATION_REGISTER,PARTIAL,P0,REFERENCE,REFERENCE,当前正文如何实现≠证据；需绑定body locator。,红楼梦探佚_R4审计准备_精简过程文档体系_v3.4/01_总控与正文基线/81—100_正文实施事实登记表_v1.2_当前版.md
417a201365f0e5c961b1497b098eaa8f40c02cabc07cf2a79391a6d2ae00ed69,红楼梦探佚_R4审计准备_精简过程文档体系_v3.4(2).zip,红楼梦探佚_R4审计准备_精简过程文档体系_v3.4/01_总控与正文基线/81—100_运行性前置状态总表_v1.8_当前版.md,81—100_运行性前置状态总表_v1.8_当前版.md,19924,1,红楼梦探佚_R4审计准备_精简过程文档体系_v3.4(2).zip,WORLD,world.runtime_preconditions,data/world_states/preconditions.yaml,IMPORT_RUNTIME_PRECONDITIONS,NONE,P0,REFERENCE,REFERENCE,正文启动前运行性前置状态。,红楼梦探佚_R4审计准备_精简过程文档体系_v3.4/01_总控与正文基线/81—100_运行性前置状态总表_v1.8_当前版.md
ea84c40c90cb0b11b826b2e567d0ae817621097959d9e7c412c62b49e05de002,红楼梦探佚_全量文档体系_重整版_v4.2.zip,红楼梦探佚_全量文档体系_重整版_v4.2/09_正文基线与版本治理历史/03_R3总控与正文基线/第32-A_红楼梦八十回后文学复原_纯读版_v1.2_证据角色回归基线.md,第32-A_红楼梦八十回后文学复原_纯读版_v1.2_证据角色回归基线.md,553744,4,红楼梦探佚_R4审计准备_精简过程文档体系_v3.4(2).zip; 红楼梦探佚_全量文档体系_重整版_v4.2.zip; 红楼梦探佚_截至R3_全量文档体系整理_v3.4(1).zip,IMPLEMENTATION,implementation.body,data/releases/body_registry.yaml + body artifact,REGISTER_BODY_VERSION,PARTIAL,P2,VERSION_HISTORY,NO,正文版本本体；正文不是Evidence Source。,红楼梦探佚_R4审计准备_精简过程文档体系_v3.4/01_总控与正文基线/第32-A_红楼梦八十回后文学复原_纯读版_v1.2_证据角色回归基线.md | 红楼梦探佚_全量文档体系_重整版_v4.2/09_正文基线与版本治理历史/03_R3总控与正文基线/第32-A_红楼梦八十回后文学复原_纯读版_v1.2_证据角色回归基线.md | 红楼梦探佚_全量文档体系_重整版_v4.2/90_三套来源包完整快照_只读/R3全量_v3.4/01_总控与正文基线/第32-A_红楼梦八十回后文学复原_纯读版_v1.2_证据角色回归基线.md | 红楼梦探佚_截至R3_全量文档体系整理_v3.4/01_总控与正文基线/第32-A_红楼梦八十回后文学复原_纯读版_v1.2_证据角色回归基线.md
432c7a95120fe807bdfe2d89d90c430c5be34548fe957477251812cbd6817f26,红楼梦探佚_R4审计准备_精简过程文档体系_v3.4(2).zip,红楼梦探佚_R4审计准备_精简过程文档体系_v3.4/01_总控与正文基线/红楼梦八十回后佚稿复原_工作底稿_v2.12_当前母本.md,红楼梦八十回后佚稿复原_工作底稿_v2.12_当前母本.md,3786,1,红楼梦探佚_R4审计准备_精简过程文档体系_v3.4(2).zip,RECONSTRUCTION,reconstruction.master_model,data/decisions/* + data/precedence/* + data/open_interfaces/legacy_map.yaml,SPLIT_MASTER_MODEL,PARTIAL,P0,REFERENCE,REFERENCE,母本含R/P/O与生成首选；拆分导入，正文方案不反升证据。,红楼梦探佚_R4审计准备_精简过程文档体系_v3.4/01_总控与正文基线/红楼梦八十回后佚稿复原_工作底稿_v2.12_当前母本.md
bc46bc89fb41ba3a11240ba268b78daeef002240cf1009b1ffee3e36de084a6e,红楼梦探佚_全量文档体系_重整版_v4.2.zip,红楼梦探佚_全量文档体系_重整版_v4.2/10_R4全链审计与纠偏全过程/05_R4中间版本链_只读/红楼梦八十回后全幅文学补完大工程计划_v5.8_R4审计准备版(3).md,红楼梦八十回后全幅文学补完大工程计划_v5.8_R4审计准备版(3).md,9206,4,当前工作区散件; 红楼梦探佚_R4审计准备_精简过程文档体系_v3.4(2).zip; 红楼梦探佚_全量文档体系_重整版_v4.2.zip,GOVERNANCE,governance.project_state,data/registry/releases.yaml + config/project_state.yaml,STRUCTURE_PROJECT_STATE,PARTIAL,P2,HISTORICAL,NO,项目状态/版本纪律；只提取当前有效规则，旧版保留谱系。,红楼梦探佚_R4审计准备_精简过程文档体系_v3.4/01_总控与正文基线/红楼梦八十回后全幅文学补完大工程计划_v5.8_R4审计准备版.md | 红楼梦探佚_全量文档体系_重整版_v4.2/10_R4全链审计与纠偏全过程/05_R4中间版本链_只读/红楼梦八十回后全幅文学补完大工程计划_v5.8_R4审计准备版(3).md | 红楼梦探佚_全量文档体系_重整版_v4.2/10_R4全链审计与纠偏全过程/05_R4中间版本链_只读/红楼梦八十回后全幅文学补完大工程计划_v5.8_R4审计准备版.md | 红楼梦八十回后全幅文学补完大工程计划_v5.8_R4审计准备版(3).md
0f2651a5c0f1562b2372fd12710ecbe6aaaa706e5081bbd39b5ea3232ab536fa,红楼梦探佚_R4审计准备_精简过程文档体系_v3.4(2).zip,红楼梦探佚_R4审计准备_精简过程文档体系_v3.4/02_证据治理/80回后佚失诗词文赋总表_v1.4_当前版.md,80回后佚失诗词文赋总表_v1.4_当前版.md,4854,1,红楼梦探佚_R4审计准备_精简过程文档体系_v3.4(2).zip,EVIDENCE_LITERARY,literary.evidence_interface,data/claims/* + data/literary_interfaces/*.yaml,SPLIT_EVIDENCE_AND_LITERARY_INTERFACE,PARTIAL,P0,REFERENCE,REFERENCE,A/B/C/Q/X/G必须分层；G不能升证据。,红楼梦探佚_R4审计准备_精简过程文档体系_v3.4/02_证据治理/80回后佚失诗词文赋总表_v1.4_当前版.md
ad44ee6b1fd05b1f55958c27524a77b2c3717dd7dbc681eb04a4af7a1b7d1821,红楼梦探佚_R4审计准备_精简过程文档体系_v3.4(2).zip,红楼梦探佚_R4审计准备_精简过程文档体系_v3.4/02_证据治理/81—100_回目T轴审计与实施状态表_v1.2_当前版.md,81—100_回目T轴审计与实施状态表_v1.2_当前版.md,5188,1,红楼梦探佚_R4审计准备_精简过程文档体系_v3.4(2).zip,EVIDENCE,evidence.title_axis,data/axes/title_axis.yaml,IMPORT_TITLE_AXIS,FULL,P0,REFERENCE,REFERENCE,T0/T1/T2/T2-W2/T3/TG；与Placement分离。,红楼梦探佚_R4审计准备_精简过程文档体系_v3.4/02_证据治理/81—100_回目T轴审计与实施状态表_v1.2_当前版.md
fdc75d8be557217496f187772a1fdd602c9d5b3fb339f818f465411be1b68629,红楼梦探佚_R4审计准备_精简过程文档体系_v3.4(2).zip,红楼梦探佚_R4审计准备_精简过程文档体系_v3.4/02_证据治理/后80直引证据角色总台账_v1.3_当前版.md,后80直引证据角色总台账_v1.3_当前版.md,7593,1,红楼梦探佚_R4审计准备_精简过程文档体系_v3.4(2).zip,EVIDENCE,evidence.claim_role_matrix,data/sources/* + data/claims/* + data/decisions/*,SPLIT_PROVENANCE_CLAIMS_DECISIONS,PARTIAL,P0,REFERENCE,REFERENCE,需拆为Source/Claim/Decision，不能把项目矩阵当Witness。,红楼梦探佚_R4审计准备_精简过程文档体系_v3.4/02_证据治理/后80直引证据角色总台账_v1.3_当前版.md
cdd61375cc17ad72506799fc23d3660b439712a9adf86d9d9be2acb67f7c1e44,红楼梦探佚_R4审计准备_精简过程文档体系_v3.4(2).zip,红楼梦探佚_R4审计准备_精简过程文档体系_v3.4/02_证据治理/末回情榜系统_五层芳讳候选证据矩阵_v1.4_当前版.md,末回情榜系统_五层芳讳候选证据矩阵_v1.4_当前版.md,8157,1,红楼梦探佚_R4审计准备_精简过程文档体系_v3.4(2).zip,LITERARY_EVIDENCE,literary.qingbang.boundary,data/literary_interfaces/qingbang.yaml + data/open_interfaces/r4_open.yaml,IMPORT_QINGBANG_BOUNDARY,PARTIAL,P0,REFERENCE,REFERENCE,硬锁末回/五层/情情情不情；总名/人数/名单开放。,红楼梦探佚_R4审计准备_精简过程文档体系_v3.4/02_证据治理/末回情榜系统_五层芳讳候选证据矩阵_v1.4_当前版.md
e320a041faa72a5298eff9ec01a7f3731c30b7dd933a12e16cb5c9c744e78f75,红楼梦探佚_R4审计准备_精简过程文档体系_v3.4(2).zip,红楼梦探佚_R4审计准备_精简过程文档体系_v3.4/02_证据治理/证据角色六字段治理规范_v1.1_当前版.md,证据角色六字段治理规范_v1.1_当前版.md,5509,1,红楼梦探佚_R4审计准备_精简过程文档体系_v3.4(2).zip,GOVERNANCE,governance.evidence_policy,config/world_law.yaml + schemas/*,IMPORT_POLICY,PARTIAL,P0,REFERENCE,REFERENCE,Witness→Role→Modality→Target→Placement→Implementation治理规则。,红楼梦探佚_R4审计准备_精简过程文档体系_v3.4/02_证据治理/证据角色六字段治理规范_v1.1_当前版.md
eab875c6975564b45f7a1bcb785cb1edcc9257f274f5402866a6d7b8d2b14adf,红楼梦探佚_R4审计准备_精简过程文档体系_v3.4(2).zip,红楼梦探佚_R4审计准备_精简过程文档体系_v3.4/02_证据治理/诗文B类非作品约束收口表_v1.3_当前版.md,诗文B类非作品约束收口表_v1.3_当前版.md,2724,1,红楼梦探佚_R4审计准备_精简过程文档体系_v3.4(2).zip,EVIDENCE_LITERARY,literary.evidence_interface,data/claims/* + data/literary_interfaces/*.yaml,SPLIT_EVIDENCE_AND_LITERARY_INTERFACE,PARTIAL,P0,REFERENCE,REFERENCE,A/B/C/Q/X/G必须分层；G不能升证据。,红楼梦探佚_R4审计准备_精简过程文档体系_v3.4/02_证据治理/诗文B类非作品约束收口表_v1.3_当前版.md
516935ff3a97a24fea0f25f287f7c212037edc8bbe95ccb647c03d3ef0ca473e,红楼梦探佚_R4审计准备_精简过程文档体系_v3.4(2).zip,红楼梦探佚_R4审计准备_精简过程文档体系_v3.4/03_前80生态基线/前80_80回章回外框与回前回末韵文总表_v1.0.md,前80_80回章回外框与回前回末韵文总表_v1.0.md,42594,1,红楼梦探佚_R4审计准备_精简过程文档体系_v3.4(2).zip,LITERARY_ECOLOGY,literary.chapter_frame,data/literary_ecology/chapter_frames.yaml,IMPORT_CHAPTER_FRAME_ECOLOGY,NONE,P0,REFERENCE,REFERENCE,回前/回末/静收/诗收等外框类型学。,红楼梦探佚_R4审计准备_精简过程文档体系_v3.4/03_前80生态基线/前80_80回章回外框与回前回末韵文总表_v1.0.md
e9b9b54f25c6c2419433b9b3da040e936d0f4d1bad4945817c5cad1643161f97,红楼梦探佚_R4审计准备_精简过程文档体系_v3.4(2).zip,红楼梦探佚_R4审计准备_精简过程文档体系_v3.4/03_前80生态基线/前80_世情百业礼俗经济总谱_v1.0.md,前80_世情百业礼俗经济总谱_v1.0.md,29873,1,红楼梦探佚_R4审计准备_精简过程文档体系_v3.4(2).zip,LITERARY_ECOLOGY,literary.social_economy_ecology,data/literary_ecology/social_economy.yaml,IMPORT_SOCIAL_ECOLOGY,NONE,P0,REFERENCE,REFERENCE,世情百业/礼俗/经济文学生态。,红楼梦探佚_R4审计准备_精简过程文档体系_v3.4/03_前80生态基线/前80_世情百业礼俗经济总谱_v1.0.md
2e573c452396e356265837b9130fb28351ca8b8a691c539685ffdcaba4e76136,红楼梦探佚_全量文档体系_重整版_v4.2.zip,红楼梦探佚_全量文档体系_重整版_v4.2/04_前80文学生态与语料/02_R3生态总谱/前80_佛道梦幻哲学系统总谱_v1.0.md,前80_佛道梦幻哲学系统总谱_v1.0.md,33751,4,红楼梦探佚_R4审计准备_精简过程文档体系_v3.4(2).zip; 红楼梦探佚_全量文档体系_重整版_v4.2.zip; 红楼梦探佚_截至R3_全量文档体系整理_v3.4(1).zip,LITERARY_ECOLOGY,literary.religion_dream_philosophy,data/literary_ecology/religion_dream.yaml,IMPORT_RELIGION_ECOLOGY,NONE,P0,REFERENCE,REFERENCE,佛道梦幻哲学进入小说的方式，不是教义库。,红楼梦探佚_R4审计准备_精简过程文档体系_v3.4/03_前80生态基线/前80_佛道梦幻哲学系统总谱_v1.0.md | 红楼梦探佚_全量文档体系_重整版_v4.2/04_前80文学生态与语料/02_R3生态总谱/前80_佛道梦幻哲学系统总谱_v1.0.md | 红楼梦探佚_全量文档体系_重整版_v4.2/90_三套来源包完整快照_只读/R3全量_v3.4/03_前80生态基线/前80_佛道梦幻哲学系统总谱_v1.0.md | 红楼梦探佚_截至R3_全量文档体系整理_v3.4/03_前80生态基线/前80_佛道梦幻哲学系统总谱_v1.0.md
98d9c0a13e692043b440941fe50cdcb719ab9cb4f1623f061f894cb6d6a3155c,红楼梦探佚_全量文档体系_重整版_v4.2.zip,红楼梦探佚_全量文档体系_重整版_v4.2/04_前80文学生态与语料/02_R3生态总谱/前80_医学身体疾病书写总谱_v1.0.md,前80_医学身体疾病书写总谱_v1.0.md,32714,4,红楼梦探佚_R4审计准备_精简过程文档体系_v3.4(2).zip; 红楼梦探佚_全量文档体系_重整版_v4.2.zip; 红楼梦探佚_截至R3_全量文档体系整理_v3.4(1).zip,LITERARY_ECOLOGY,literary.medical_body_ecology,data/literary_ecology/medical_body.yaml,IMPORT_MEDICAL_ECOLOGY,NONE,P0,REFERENCE,REFERENCE,前80医学/身体叙事生成模式。,红楼梦探佚_R4审计准备_精简过程文档体系_v3.4/03_前80生态基线/前80_医学身体疾病书写总谱_v1.0.md | 红楼梦探佚_全量文档体系_重整版_v4.2/04_前80文学生态与语料/02_R3生态总谱/前80_医学身体疾病书写总谱_v1.0.md | 红楼梦探佚_全量文档体系_重整版_v4.2/90_三套来源包完整快照_只读/R3全量_v3.4/03_前80生态基线/前80_医学身体疾病书写总谱_v1.0.md | 红楼梦探佚_截至R3_全量文档体系整理_v3.4/03_前80生态基线/前80_医学身体疾病书写总谱_v1.0.md
663d991bedc4d362a6898f135edfe6f4bb907c5a25334374766667cbd964eb2d,红楼梦探佚_全量文档体系_重整版_v4.2.zip,红楼梦探佚_全量文档体系_重整版_v4.2/04_前80文学生态与语料/02_R3生态总谱/前80_琴棋书画文人生活总谱_v1.0.md,前80_琴棋书画文人生活总谱_v1.0.md,30844,4,红楼梦探佚_R4审计准备_精简过程文档体系_v3.4(2).zip; 红楼梦探佚_全量文档体系_重整版_v4.2.zip; 红楼梦探佚_截至R3_全量文档体系整理_v3.4(1).zip,LITERARY_ECOLOGY,literary.cultural_practice,data/literary_ecology/cultural_practice.yaml,IMPORT_CULTURE_ECOLOGY,NONE,P0,REFERENCE,REFERENCE,琴棋书画戏曲文人生活生态。,红楼梦探佚_R4审计准备_精简过程文档体系_v3.4/03_前80生态基线/前80_琴棋书画文人生活总谱_v1.0.md | 红楼梦探佚_全量文档体系_重整版_v4.2/04_前80文学生态与语料/02_R3生态总谱/前80_琴棋书画文人生活总谱_v1.0.md | 红楼梦探佚_全量文档体系_重整版_v4.2/90_三套来源包完整快照_只读/R3全量_v3.4/03_前80生态基线/前80_琴棋书画文人生活总谱_v1.0.md | 红楼梦探佚_截至R3_全量文档体系整理_v3.4/03_前80生态基线/前80_琴棋书画文人生活总谱_v1.0.md
ddeb1147fda8c4b5fd6de214ace78ddc672f07e527ac636143419ebb24cef299,红楼梦探佚_全量文档体系_重整版_v4.2.zip,红楼梦探佚_全量文档体系_重整版_v4.2/04_前80文学生态与语料/02_R3生态总谱/前80_诗词曲赋完整生态谱_v1.0.md,前80_诗词曲赋完整生态谱_v1.0.md,37037,4,红楼梦探佚_R4审计准备_精简过程文档体系_v3.4(2).zip; 红楼梦探佚_全量文档体系_重整版_v4.2.zip; 红楼梦探佚_截至R3_全量文档体系整理_v3.4(1).zip,LITERARY_ECOLOGY,literary.poetry_ecology,data/literary_ecology/poetry_ecology.yaml,IMPORT_POETRY_ECOLOGY,NONE,P0,REFERENCE,REFERENCE,诗词曲赋体裁、人物、场景、声口、收法。,红楼梦探佚_R4审计准备_精简过程文档体系_v3.4/03_前80生态基线/前80_诗词曲赋完整生态谱_v1.0.md | 红楼梦探佚_全量文档体系_重整版_v4.2/04_前80文学生态与语料/02_R3生态总谱/前80_诗词曲赋完整生态谱_v1.0.md | 红楼梦探佚_全量文档体系_重整版_v4.2/90_三套来源包完整快照_只读/R3全量_v3.4/03_前80生态基线/前80_诗词曲赋完整生态谱_v1.0.md | 红楼梦探佚_截至R3_全量文档体系整理_v3.4/03_前80生态基线/前80_诗词曲赋完整生态谱_v1.0.md
c974385eeaa02e7b1a6170cb702aae2bed84eab96e5ba13f5e68968d5f1700c2,红楼梦探佚_R4审计准备_精简过程文档体系_v3.4(2).zip,红楼梦探佚_R4审计准备_精简过程文档体系_v3.4/04_后20专项施工底板/81—100_人物新增诗文G层竞选总表_v1.3_当前版.md,81—100_人物新增诗文G层竞选总表_v1.3_当前版.md,25390,1,红楼梦探佚_R4审计准备_精简过程文档体系_v3.4(2).zip,LITERARY_ECOLOGY,literary.generation_container,data/literary_ecology/poetry_generation_slots.yaml,IMPORT_GENERATION_CANDIDATES,NONE,P0,REFERENCE,REFERENCE,G层仅创作容器，不得升Evidence。,红楼梦探佚_R4审计准备_精简过程文档体系_v3.4/04_后20专项施工底板/81—100_人物新增诗文G层竞选总表_v1.3_当前版.md
fc421b406baee7946b3d3bf4291c59678bfb09a04d13939c9e80199f157e7674,红楼梦探佚_R4审计准备_精简过程文档体系_v3.4(2).zip,红楼梦探佚_R4审计准备_精简过程文档体系_v3.4/04_后20专项施工底板/81—100_作者层韵文配置与三案竞选总表_v1.6_当前版.md,81—100_作者层韵文配置与三案竞选总表_v1.6_当前版.md,24810,1,红楼梦探佚_R4审计准备_精简过程文档体系_v3.4(2).zip,LITERARY_ECOLOGY,literary.author_verse_policy,data/literary_ecology/author_verse.yaml,IMPORT_AUTHOR_VERSE_OPTIONS,NONE,P0,REFERENCE,REFERENCE,回前/回末/无诗三案等。,红楼梦探佚_R4审计准备_精简过程文档体系_v3.4/04_后20专项施工底板/81—100_作者层韵文配置与三案竞选总表_v1.6_当前版.md
7e4ba5576d56cf953338ef9dfa98b9dea3da4be4a595fff241a5c26d4c7e23bf,红楼梦探佚_R4审计准备_精简过程文档体系_v3.4(2).zip,红楼梦探佚_R4审计准备_精简过程文档体系_v3.4/04_后20专项施工底板/81—100_医学身体饮食婚丧礼俗补完表_v1.3_当前版.md,81—100_医学身体饮食婚丧礼俗补完表_v1.3_当前版.md,28903,1,红楼梦探佚_R4审计准备_精简过程文档体系_v3.4(2).zip,WORLD_LITERARY,world.health_ritual + literary.body,data/health/post80.yaml + data/rituals/post80.yaml,SPLIT_HEALTH_RITUAL_LITERARY,NONE,P0,REFERENCE,REFERENCE,身体/饮食/婚丧须通过劳务与人物运行。,红楼梦探佚_R4审计准备_精简过程文档体系_v3.4/04_后20专项施工底板/81—100_医学身体饮食婚丧礼俗补完表_v1.3_当前版.md
faae6f996071b532940ceddfdd55830df7eb60a59d98ee167f725dffd7b4f3d0,红楼梦探佚_R4审计准备_精简过程文档体系_v3.4(2).zip,红楼梦探佚_R4审计准备_精简过程文档体系_v3.4/04_后20专项施工底板/81—100_十二维文学文化缺口总表_v1.6_当前版.md,81—100_十二维文学文化缺口总表_v1.6_当前版.md,29410,1,红楼梦探佚_R4审计准备_精简过程文档体系_v3.4(2).zip,PLANNING,planning.chapter_gap,data/planning/chapter_gaps.yaml,IMPORT_GAP_MODEL,NONE,P0,REFERENCE,REFERENCE,Step34缺口模型，文学施工环境核心。,红楼梦探佚_R4审计准备_精简过程文档体系_v3.4/04_后20专项施工底板/81—100_十二维文学文化缺口总表_v1.6_当前版.md
969df67818a9b3d3ecc387bafbb7f9a87167aca12765ee5b0cb44214832057c1,红楼梦探佚_R4审计准备_精简过程文档体系_v3.4(2).zip,红楼梦探佚_R4审计准备_精简过程文档体系_v3.4/04_后20专项施工底板/81—100_哲学宗教梦境情榜太虚深化方案_v1.3_当前版.md,81—100_哲学宗教梦境情榜太虚深化方案_v1.3_当前版.md,29138,1,红楼梦探佚_R4审计准备_精简过程文档体系_v3.4(2).zip,LITERARY_ECOLOGY,literary.metaphysical_runtime,data/literary_ecology/metaphysical.yaml,IMPORT_METAPHYSICAL_OPTIONS,NONE,P0,REFERENCE,REFERENCE,形而上机制必须保留讽刺/世情/含混。,红楼梦探佚_R4审计准备_精简过程文档体系_v3.4/04_后20专项施工底板/81—100_哲学宗教梦境情榜太虚深化方案_v1.3_当前版.md
121ea5f5687f121241204a19c4717de7df5631a617424e11a1f5e01e4aedef2e,红楼梦探佚_R4审计准备_精简过程文档体系_v3.4(2).zip,红楼梦探佚_R4审计准备_精简过程文档体系_v3.4/04_后20专项施工底板/81—100_旧文化生活定向补完表_v1.3_当前版.md,81—100_旧文化生活定向补完表_v1.3_当前版.md,23444,1,红楼梦探佚_R4审计准备_精简过程文档体系_v3.4(2).zip,LITERARY_ECOLOGY,literary.cultural_gap_fill,data/literary_ecology/cultural_gaps.yaml,IMPORT_CULTURAL_GAPS,NONE,P0,REFERENCE,REFERENCE,后20旧文化生活分布计划。,红楼梦探佚_R4审计准备_精简过程文档体系_v3.4/04_后20专项施工底板/81—100_旧文化生活定向补完表_v1.3_当前版.md
bc6bf7cb5e60a47ff8a60fe348fc816c060d39901714efb1006695da81a68823,红楼梦探佚_R4审计准备_精简过程文档体系_v3.4(2).zip,红楼梦探佚_R4审计准备_精简过程文档体系_v3.4/04_后20专项施工底板/81—100_社会基础设施现金流职业世界总表_v1.4_当前版.md,81—100_社会基础设施现金流职业世界总表_v1.4_当前版.md,29051,1,红楼梦探佚_R4审计准备_精简过程文档体系_v3.4(2).zip,WORLD,world.social_infrastructure,data/economy/infrastructure.yaml + data/occupations/post80.yaml,IMPORT_SOCIAL_INFRA,NONE,P0,REFERENCE,REFERENCE,现金流/职业/基础设施世界模型。,红楼梦探佚_R4审计准备_精简过程文档体系_v3.4/04_后20专项施工底板/81—100_社会基础设施现金流职业世界总表_v1.4_当前版.md
4e1dd2a2d7669011ece72f8d7a5b93903b235042aadd528f0178f6544901dc7b,红楼梦探佚_R4审计准备_精简过程文档体系_v3.4(2).zip,红楼梦探佚_R4审计准备_精简过程文档体系_v3.4/04_后20专项施工底板/81—100_被压缩形成过程与社会过程补完总表_v1.7_当前版.md,81—100_被压缩形成过程与社会过程补完总表_v1.7_当前版.md,39996,1,红楼梦探佚_R4审计准备_精简过程文档体系_v3.4(2).zip,PLANNING,planning.social_process,data/planning/social_process_gaps.yaml,IMPORT_PROCESS_GAPS,NONE,P0,REFERENCE,REFERENCE,把“结果”恢复成形成过程、误会、跑腿、社会摩擦。,红楼梦探佚_R4审计准备_精简过程文档体系_v3.4/04_后20专项施工底板/81—100_被压缩形成过程与社会过程补完总表_v1.7_当前版.md
5fddcda466a44b6d0d078a83f3b636c7084ddb3720cb0ec3487d1065f0e0f222,红楼梦探佚_R4审计准备_精简过程文档体系_v3.4(2).zip,红楼梦探佚_R4审计准备_精简过程文档体系_v3.4/05_诗文与情榜专题/十独吟_作者形制时序专题_v1.3_当前版.md,十独吟_作者形制时序专题_v1.3_当前版.md,27023,1,红楼梦探佚_R4审计准备_精简过程文档体系_v3.4(2).zip,LITERARY_EVIDENCE,literary.interface.ten_du_yin,data/literary_interfaces/ten_du_yin.yaml,IMPORT_INTERFACE_WITH_OPEN_FIELDS,PARTIAL,P0,REFERENCE,REFERENCE,锁题名/后64，作者体裁篇数对象保持OPEN。,红楼梦探佚_R4审计准备_精简过程文档体系_v3.4/05_诗文与情榜专题/十独吟_作者形制时序专题_v1.3_当前版.md
826d133717a7ac46d487cc400fdda2a9f4f332409f1b9dc85f5cacd46d66929f,红楼梦探佚_R4审计准备_精简过程文档体系_v3.4(2).zip,红楼梦探佚_R4审计准备_精简过程文档体系_v3.4/05_诗文与情榜专题/对景悼颦儿_场景体裁竞争专题_v1.3_当前版.md,对景悼颦儿_场景体裁竞争专题_v1.3_当前版.md,3625,1,红楼梦探佚_R4审计准备_精简过程文档体系_v3.4(2).zip,LITERARY_EVIDENCE,literary.interface.mourning_daiyu,data/literary_interfaces/mourning_daiyu.yaml,IMPORT_INTERFACE_WEAK_WITNESS,PARTIAL,P0,REFERENCE,REFERENCE,场景/题旨强于体裁；W2不得独立承重。,红楼梦探佚_R4审计准备_精简过程文档体系_v3.4/05_诗文与情榜专题/对景悼颦儿_场景体裁竞争专题_v1.3_当前版.md
cc1895317c5806dabf7836be32a29d5b08bd1df242e92d1e84477f5fbdd3be31,红楼梦探佚_R4审计准备_精简过程文档体系_v3.4(2).zip,红楼梦探佚_R4审计准备_精简过程文档体系_v3.4/05_诗文与情榜专题/末回情榜系统_榜式层级与生成边界专题_v1.3_当前版.md,末回情榜系统_榜式层级与生成边界专题_v1.3_当前版.md,4034,1,红楼梦探佚_R4审计准备_精简过程文档体系_v3.4(2).zip,LITERARY_EVIDENCE,literary.qingbang.boundary,data/literary_interfaces/qingbang.yaml + data/open_interfaces/r4_open.yaml,IMPORT_QINGBANG_BOUNDARY,PARTIAL,P0,REFERENCE,REFERENCE,硬锁末回/五层/情情情不情；总名/人数/名单开放。,红楼梦探佚_R4审计准备_精简过程文档体系_v3.4/05_诗文与情榜专题/末回情榜系统_榜式层级与生成边界专题_v1.3_当前版.md
1dddde4f100b2596778e58e1a7ab2557b25b836d083a567ffff0bf1aa8023c54,红楼梦探佚_R4审计准备_精简过程文档体系_v3.4(2).zip,红楼梦探佚_R4审计准备_精简过程文档体系_v3.4/05_诗文与情榜专题/续庄子绝句_物质文本流转专题_v1.2_当前版.md,续庄子绝句_物质文本流转专题_v1.2_当前版.md,25866,1,红楼梦探佚_R4审计准备_精简过程文档体系_v3.4(2).zip,WORLD_LITERARY,world.text_object.zhuangzi + literary.interface,data/object_flows/zhuangzi_text.yaml + data/literary_interfaces/zhuangzi.yaml,IMPORT_TEXT_OBJECT_FLOW,NONE,P0,REFERENCE,REFERENCE,旧作物质载体/后文余步；不锁宝玉必读。,红楼梦探佚_R4审计准备_精简过程文档体系_v3.4/05_诗文与情榜专题/续庄子绝句_物质文本流转专题_v1.2_当前版.md
43d3c27fb994ef2a6d9385229063cdaaadaa09765f845bd450279f040185e002,红楼梦探佚_R4审计准备_精简过程文档体系_v3.4(2).zip,红楼梦探佚_R4审计准备_精简过程文档体系_v3.4/05_诗文与情榜专题/黛亡诗文总接口与旧作分工专题_v1.2_当前版.md,黛亡诗文总接口与旧作分工专题_v1.2_当前版.md,29233,1,红楼梦探佚_R4审计准备_精简过程文档体系_v3.4(2).zip,LITERARY_ECOLOGY,literary.daiyu_postdeath_interface,data/literary_interfaces/daiyu_postdeath.yaml,IMPORT_LITERARY_INTERFACE,PARTIAL,P0,REFERENCE,REFERENCE,旧作兑现、后文场景、生成容器分层。,红楼梦探佚_R4审计准备_精简过程文档体系_v3.4/05_诗文与情榜专题/黛亡诗文总接口与旧作分工专题_v1.2_当前版.md
c854b24a9a853aff6ce3ca401de239bfbe5be3c402d43695139370a19b3ded6e,红楼梦探佚_全量文档体系_重整版_v4.2.zip,红楼梦探佚_全量文档体系_重整版_v4.2/07_语言声口章法与文学审计/04_R3语言声口章法参考/README_使用边界.md,README_使用边界.md,480,4,红楼梦探佚_R4审计准备_精简过程文档体系_v3.4(2).zip; 红楼梦探佚_全量文档体系_重整版_v4.2.zip; 红楼梦探佚_截至R3_全量文档体系整理_v3.4(1).zip,REGISTRY,registry.document_metadata,data/registry/documents.yaml,REGISTER_DOCUMENT,NONE,P1,REFERENCE,REFERENCE,文档级元数据/说明；不直接驱动剧情。,红楼梦探佚_R4审计准备_精简过程文档体系_v3.4/06_语言声口与章法_只读参考/README_使用边界.md | 红楼梦探佚_全量文档体系_重整版_v4.2/07_语言声口章法与文学审计/04_R3语言声口章法参考/README_使用边界.md | 红楼梦探佚_全量文档体系_重整版_v4.2/90_三套来源包完整快照_只读/R3全量_v3.4/06_语言声口与章法_只读参考/README_使用边界.md | 红楼梦探佚_截至R3_全量文档体系整理_v3.4/06_语言声口与章法_只读参考/README_使用边界.md
3a6c54bfac7be45f913a8f43d4869efe87a618a4161738f1424c20668ca24d9a,红楼梦探佚_全量文档体系_重整版_v4.2.zip,红楼梦探佚_全量文档体系_重整版_v4.2/04_前80文学生态与语料/01_基础语料_v4/前八十回_人物对白语料库_v1.0.md,前八十回_人物对白语料库_v1.0.md,7431,7,红楼梦探佚_R4审计准备_精简过程文档体系_v3.4(2).zip; 红楼梦探佚_全量文档体系_重整版_v4.2.zip; 红楼梦探佚_截至R3_全量文档体系整理_v3.4(1).zip; 红楼梦探佚_截至第32步_v5.0启动前_精简过程文档体系_v2.0(2).zip,LITERARY_ECOLOGY,literary.voice_corpus,data/literary_ecology/voice_corpus.yaml,IMPORT_RETRIEVAL_CORPUS,MINIMAL,P0,REFERENCE,REFERENCE,人物声口校准；不得当事实证据。,红楼梦探佚_R4审计准备_精简过程文档体系_v3.4/06_语言声口与章法_只读参考/前八十回_人物对白语料库_v1.0.md | 红楼梦探佚_全量文档体系_重整版_v4.2/04_前80文学生态与语料/01_基础语料_v4/前八十回_人物对白语料库_v1.0.md | 红楼梦探佚_全量文档体系_重整版_v4.2/07_语言声口章法与文学审计/04_R3语言声口章法参考/前八十回_人物对白语料库_v1.0.md | 红楼梦探佚_全量文档体系_重整版_v4.2/90_三套来源包完整快照_只读/R3全量_v3.4/06_语言声口与章法_只读参考/前八十回_人物对白语料库_v1.0.md | 红楼梦探佚_全量文档体系_重整版_v4.2/90_三套来源包完整快照_只读/第32步精简_v2.0/03_前80文学语料基础_v4_供第33步升级/前八十回_人物对白语料库_v1.0.md | 红楼梦探佚_截至R3_全量文档体系整理_v3.4/06_语言声口与章法_只读参考/前八十回_人物对白语料库_v1.0.md | 红楼梦探佚_截至第32步_v5.0启动前_精简过程文档体系_v2.0/03_前80文学语料基础_v4_供第33步升级/前八十回_人物对白语料库_v1.0.md
42016d91258f71f0bb574b67bfb54c8a607b60c6546ee08209532a198f85f7fa,红楼梦探佚_全量文档体系_重整版_v4.2.zip,红楼梦探佚_全量文档体系_重整版_v4.2/04_前80文学生态与语料/01_基础语料_v4/前八十回_回次结构解剖表_v1.0.md,前八十回_回次结构解剖表_v1.0.md,20214,7,红楼梦探佚_R4审计准备_精简过程文档体系_v3.4(2).zip; 红楼梦探佚_全量文档体系_重整版_v4.2.zip; 红楼梦探佚_截至R3_全量文档体系整理_v3.4(1).zip; 红楼梦探佚_截至第32步_v5.0启动前_精简过程文档体系_v2.0(2).zip,LITERARY_ECOLOGY,literary.chapter_structure,data/literary_ecology/chapter_structure.yaml,IMPORT_STRUCTURE_CORPUS,NONE,P0,REFERENCE,REFERENCE,前80章法结构模式库。,红楼梦探佚_R4审计准备_精简过程文档体系_v3.4/06_语言声口与章法_只读参考/前八十回_回次结构解剖表_v1.0.md | 红楼梦探佚_全量文档体系_重整版_v4.2/04_前80文学生态与语料/01_基础语料_v4/前八十回_回次结构解剖表_v1.0.md | 红楼梦探佚_全量文档体系_重整版_v4.2/07_语言声口章法与文学审计/04_R3语言声口章法参考/前八十回_回次结构解剖表_v1.0.md | 红楼梦探佚_全量文档体系_重整版_v4.2/90_三套来源包完整快照_只读/R3全量_v3.4/06_语言声口与章法_只读参考/前八十回_回次结构解剖表_v1.0.md | 红楼梦探佚_全量文档体系_重整版_v4.2/90_三套来源包完整快照_只读/第32步精简_v2.0/03_前80文学语料基础_v4_供第33步升级/前八十回_回次结构解剖表_v1.0.md | 红楼梦探佚_截至R3_全量文档体系整理_v3.4/06_语言声口与章法_只读参考/前八十回_回次结构解剖表_v1.0.md | 红楼梦探佚_截至第32步_v5.0启动前_精简过程文档体系_v2.0/03_前80文学语料基础_v4_供第33步升级/前八十回_回次结构解剖表_v1.0.md
3735d2b2d82d70aac061f2cf7f5ccee84370064d6935364aa587402dccb7ff96,红楼梦探佚_全量文档体系_重整版_v4.2.zip,红楼梦探佚_全量文档体系_重整版_v4.2/04_前80文学生态与语料/01_基础语料_v4/前八十回_生活物质与家务索引_v1.0.md,前八十回_生活物质与家务索引_v1.0.md,4583,7,红楼梦探佚_R4审计准备_精简过程文档体系_v3.4(2).zip; 红楼梦探佚_全量文档体系_重整版_v4.2.zip; 红楼梦探佚_截至R3_全量文档体系整理_v3.4(1).zip; 红楼梦探佚_截至第32步_v5.0启动前_精简过程文档体系_v2.0(2).zip,LITERARY_ECOLOGY,literary.material_life,data/literary_ecology/material_life.yaml,IMPORT_MATERIAL_LIFE_CORPUS,NONE,P0,REFERENCE,REFERENCE,日常劳务/物质生活生成基线。,红楼梦探佚_R4审计准备_精简过程文档体系_v3.4/06_语言声口与章法_只读参考/前八十回_生活物质与家务索引_v1.0.md | 红楼梦探佚_全量文档体系_重整版_v4.2/04_前80文学生态与语料/01_基础语料_v4/前八十回_生活物质与家务索引_v1.0.md | 红楼梦探佚_全量文档体系_重整版_v4.2/07_语言声口章法与文学审计/04_R3语言声口章法参考/前八十回_生活物质与家务索引_v1.0.md | 红楼梦探佚_全量文档体系_重整版_v4.2/90_三套来源包完整快照_只读/R3全量_v3.4/06_语言声口与章法_只读参考/前八十回_生活物质与家务索引_v1.0.md | 红楼梦探佚_全量文档体系_重整版_v4.2/90_三套来源包完整快照_只读/第32步精简_v2.0/03_前80文学语料基础_v4_供第33步升级/前八十回_生活物质与家务索引_v1.0.md | 红楼梦探佚_截至R3_全量文档体系整理_v3.4/06_语言声口与章法_只读参考/前八十回_生活物质与家务索引_v1.0.md | 红楼梦探佚_截至第32步_v5.0启动前_精简过程文档体系_v2.0/03_前80文学语料基础_v4_供第33步升级/前八十回_生活物质与家务索引_v1.0.md
fa3777ea9bf815e7885be960879a35732c51c78e392ad7d11ebe32a36cae181e,红楼梦探佚_全量文档体系_重整版_v4.2.zip,红楼梦探佚_全量文档体系_重整版_v4.2/04_前80文学生态与语料/01_基础语料_v4/前八十回_章法技法索引_v1.0.md,前八十回_章法技法索引_v1.0.md,4376,7,红楼梦探佚_R4审计准备_精简过程文档体系_v3.4(2).zip; 红楼梦探佚_全量文档体系_重整版_v4.2.zip; 红楼梦探佚_截至R3_全量文档体系整理_v3.4(1).zip; 红楼梦探佚_截至第32步_v5.0启动前_精简过程文档体系_v2.0(2).zip,LITERARY_ECOLOGY,literary.rhetoric,data/literary_ecology/rhetoric.yaml,IMPORT_RHETORIC_CORPUS,NONE,P0,REFERENCE,REFERENCE,横云断山、侧笔、误会、冷笔等章法基线。,红楼梦探佚_R4审计准备_精简过程文档体系_v3.4/06_语言声口与章法_只读参考/前八十回_章法技法索引_v1.0.md | 红楼梦探佚_全量文档体系_重整版_v4.2/04_前80文学生态与语料/01_基础语料_v4/前八十回_章法技法索引_v1.0.md | 红楼梦探佚_全量文档体系_重整版_v4.2/07_语言声口章法与文学审计/04_R3语言声口章法参考/前八十回_章法技法索引_v1.0.md | 红楼梦探佚_全量文档体系_重整版_v4.2/90_三套来源包完整快照_只读/R3全量_v3.4/06_语言声口与章法_只读参考/前八十回_章法技法索引_v1.0.md | 红楼梦探佚_全量文档体系_重整版_v4.2/90_三套来源包完整快照_只读/第32步精简_v2.0/03_前80文学语料基础_v4_供第33步升级/前八十回_章法技法索引_v1.0.md | 红楼梦探佚_截至R3_全量文档体系整理_v3.4/06_语言声口与章法_只读参考/前八十回_章法技法索引_v1.0.md | 红楼梦探佚_截至第32步_v5.0启动前_精简过程文档体系_v2.0/03_前80文学语料基础_v4_供第33步升级/前八十回_章法技法索引_v1.0.md
384ad26886acd15ec18e37d5b9d87a6db2cd5cee7509c7fc9ccb08cb670181f7,红楼梦探佚_全量文档体系_重整版_v4.2.zip,红楼梦探佚_全量文档体系_重整版_v4.2/04_前80文学生态与语料/01_基础语料_v4/前八十回_诗词文书功能索引_v1.0.md,前八十回_诗词文书功能索引_v1.0.md,4865,7,红楼梦探佚_R4审计准备_精简过程文档体系_v3.4(2).zip; 红楼梦探佚_全量文档体系_重整版_v4.2.zip; 红楼梦探佚_截至R3_全量文档体系整理_v3.4(1).zip; 红楼梦探佚_截至第32步_v5.0启动前_精简过程文档体系_v2.0(2).zip,LITERARY_ECOLOGY,literary.text_function,data/literary_ecology/text_functions.yaml,IMPORT_TEXT_FUNCTION_CORPUS,NONE,P0,REFERENCE,REFERENCE,诗词/文书在情节中的功能生态。,红楼梦探佚_R4审计准备_精简过程文档体系_v3.4/06_语言声口与章法_只读参考/前八十回_诗词文书功能索引_v1.0.md | 红楼梦探佚_全量文档体系_重整版_v4.2/04_前80文学生态与语料/01_基础语料_v4/前八十回_诗词文书功能索引_v1.0.md | 红楼梦探佚_全量文档体系_重整版_v4.2/07_语言声口章法与文学审计/04_R3语言声口章法参考/前八十回_诗词文书功能索引_v1.0.md | 红楼梦探佚_全量文档体系_重整版_v4.2/90_三套来源包完整快照_只读/R3全量_v3.4/06_语言声口与章法_只读参考/前八十回_诗词文书功能索引_v1.0.md | 红楼梦探佚_全量文档体系_重整版_v4.2/90_三套来源包完整快照_只读/第32步精简_v2.0/03_前80文学语料基础_v4_供第33步升级/前八十回_诗词文书功能索引_v1.0.md | 红楼梦探佚_截至R3_全量文档体系整理_v3.4/06_语言声口与章法_只读参考/前八十回_诗词文书功能索引_v1.0.md | 红楼梦探佚_截至第32步_v5.0启动前_精简过程文档体系_v2.0/03_前80文学语料基础_v4_供第33步升级/前八十回_诗词文书功能索引_v1.0.md
d1e2865d63b79f75c63c50cc03a5033fdddc26d21ac2632a689af26c682bc3fe,红楼梦探佚_全量文档体系_重整版_v4.2.zip,红楼梦探佚_全量文档体系_重整版_v4.2/07_语言声口章法与文学审计/04_R3语言声口章法参考/正文时代语汇与称谓表_v0.1.md,正文时代语汇与称谓表_v0.1.md,8773,6,红楼梦探佚_R4审计准备_精简过程文档体系_v3.4(2).zip; 红楼梦探佚_全量文档体系_重整版_v4.2.zip; 红楼梦探佚_截至R3_全量文档体系整理_v3.4(1).zip; 红楼梦探佚_截至第32步_v5.0启动前_精简过程文档体系_v2.0(2).zip,LITERARY_ECOLOGY,literary.lexicon_address,data/style/lexicon_address.yaml,IMPORT_STYLE_MATRIX,NONE,P0,REFERENCE,REFERENCE,时代语汇、称谓、字法统一。,红楼梦探佚_R4审计准备_精简过程文档体系_v3.4/06_语言声口与章法_只读参考/正文时代语汇与称谓表_v0.1.md | 红楼梦探佚_全量文档体系_重整版_v4.2/07_语言声口章法与文学审计/04_R3语言声口章法参考/正文时代语汇与称谓表_v0.1.md | 红楼梦探佚_全量文档体系_重整版_v4.2/90_三套来源包完整快照_只读/R3全量_v3.4/06_语言声口与章法_只读参考/正文时代语汇与称谓表_v0.1.md | 红楼梦探佚_全量文档体系_重整版_v4.2/90_三套来源包完整快照_只读/第32步精简_v2.0/02_证据与结构底板_只读/05_结构复原历史基线/正文时代语汇与称谓表_v0.1.md | 红楼梦探佚_截至R3_全量文档体系整理_v3.4/06_语言声口与章法_只读参考/正文时代语汇与称谓表_v0.1.md | 红楼梦探佚_截至第32步_v5.0启动前_精简过程文档体系_v2.0/02_证据与结构底板_只读/05_结构复原历史基线/正文时代语汇与称谓表_v0.1.md
e441cb4792a16a8940f223ebb8530c7a77fb0e886494f4b8926b8c0e6dfd3f42,红楼梦探佚_全量文档体系_重整版_v4.2.zip,红楼梦探佚_全量文档体系_重整版_v4.2/06_诗文情榜与文书/01_第28步诗文情榜文书专项/第28C步_香菱诗文声口卡_v1.0.md,第28C步_香菱诗文声口卡_v1.0.md,8375,7,红楼梦探佚_R4审计准备_精简过程文档体系_v3.4(2).zip; 红楼梦探佚_全量文档体系_重整版_v4.2.zip; 红楼梦探佚_截至R3_全量文档体系整理_v3.4(1).zip; 红楼梦探佚_截至第32步_v5.0启动前_精简过程文档体系_v2.0(2).zip,LITERARY_ECOLOGY,literary.poetic_voice,data/voice/poetic_profiles.yaml,IMPORT_POETIC_VOICE,NONE,P0,REFERENCE,REFERENCE,人物诗体/声口；用于生成与评估。,红楼梦探佚_R4审计准备_精简过程文档体系_v3.4/06_语言声口与章法_只读参考/第28C步_香菱诗文声口卡_v1.0.md | 红楼梦探佚_全量文档体系_重整版_v4.2/06_诗文情榜与文书/01_第28步诗文情榜文书专项/第28C步_香菱诗文声口卡_v1.0.md | 红楼梦探佚_全量文档体系_重整版_v4.2/07_语言声口章法与文学审计/04_R3语言声口章法参考/第28C步_香菱诗文声口卡_v1.0.md | 红楼梦探佚_全量文档体系_重整版_v4.2/90_三套来源包完整快照_只读/R3全量_v3.4/06_语言声口与章法_只读参考/第28C步_香菱诗文声口卡_v1.0.md | 红楼梦探佚_全量文档体系_重整版_v4.2/90_三套来源包完整快照_只读/第32步精简_v2.0/06_诗文情榜文书专项_第28步/01_保留为证据与声口基础/第28C步_香菱诗文声口卡_v1.0.md | 红楼梦探佚_截至R3_全量文档体系整理_v3.4/06_语言声口与章法_只读参考/第28C步_香菱诗文声口卡_v1.0.md | 红楼梦探佚_截至第32步_v5.0启动前_精简过程文档体系_v2.0/06_诗文情榜文书专项_第28步/01_保留为证据与声口基础/第28C步_香菱诗文声口卡_v1.0.md
41b7b6819038948bf18e73dc3c0a46676b9a6242cc9e095222f0c312a91329ee,红楼梦探佚_全量文档体系_重整版_v4.2.zip,红楼梦探佚_全量文档体系_重整版_v4.2/06_诗文情榜与文书/01_第28步诗文情榜文书专项/第28C步_香菱黛玉诗体比较审计与施工决策_v1.0.md,第28C步_香菱黛玉诗体比较审计与施工决策_v1.0.md,6388,7,红楼梦探佚_R4审计准备_精简过程文档体系_v3.4(2).zip; 红楼梦探佚_全量文档体系_重整版_v4.2.zip; 红楼梦探佚_截至R3_全量文档体系整理_v3.4(1).zip; 红楼梦探佚_截至第32步_v5.0启动前_精简过程文档体系_v2.0(2).zip,LITERARY_ECOLOGY,literary.poetic_voice,data/voice/poetic_profiles.yaml,IMPORT_POETIC_VOICE,NONE,P0,REFERENCE,REFERENCE,人物诗体/声口；用于生成与评估。,红楼梦探佚_R4审计准备_精简过程文档体系_v3.4/06_语言声口与章法_只读参考/第28C步_香菱黛玉诗体比较审计与施工决策_v1.0.md | 红楼梦探佚_全量文档体系_重整版_v4.2/06_诗文情榜与文书/01_第28步诗文情榜文书专项/第28C步_香菱黛玉诗体比较审计与施工决策_v1.0.md | 红楼梦探佚_全量文档体系_重整版_v4.2/07_语言声口章法与文学审计/04_R3语言声口章法参考/第28C步_香菱黛玉诗体比较审计与施工决策_v1.0.md | 红楼梦探佚_全量文档体系_重整版_v4.2/90_三套来源包完整快照_只读/R3全量_v3.4/06_语言声口与章法_只读参考/第28C步_香菱黛玉诗体比较审计与施工决策_v1.0.md | 红楼梦探佚_全量文档体系_重整版_v4.2/90_三套来源包完整快照_只读/第32步精简_v2.0/06_诗文情榜文书专项_第28步/01_保留为证据与声口基础/第28C步_香菱黛玉诗体比较审计与施工决策_v1.0.md | 红楼梦探佚_截至R3_全量文档体系整理_v3.4/06_语言声口与章法_只读参考/第28C步_香菱黛玉诗体比较审计与施工决策_v1.0.md | 红楼梦探佚_截至第32步_v5.0启动前_精简过程文档体系_v2.0/06_诗文情榜文书专项_第28步/01_保留为证据与声口基础/第28C步_香菱黛玉诗体比较审计与施工决策_v1.0.md
e44db8f289c4f43d251701ca2449e8bbde643663fac4e5ac62a14ac31486fde8,红楼梦探佚_全量文档体系_重整版_v4.2.zip,红楼梦探佚_全量文档体系_重整版_v4.2/06_诗文情榜与文书/01_第28步诗文情榜文书专项/第28C步_黛玉诗文声口卡_v1.0.md,第28C步_黛玉诗文声口卡_v1.0.md,9653,7,红楼梦探佚_R4审计准备_精简过程文档体系_v3.4(2).zip; 红楼梦探佚_全量文档体系_重整版_v4.2.zip; 红楼梦探佚_截至R3_全量文档体系整理_v3.4(1).zip; 红楼梦探佚_截至第32步_v5.0启动前_精简过程文档体系_v2.0(2).zip,LITERARY_ECOLOGY,literary.poetic_voice,data/voice/poetic_profiles.yaml,IMPORT_POETIC_VOICE,NONE,P0,REFERENCE,REFERENCE,人物诗体/声口；用于生成与评估。,红楼梦探佚_R4审计准备_精简过程文档体系_v3.4/06_语言声口与章法_只读参考/第28C步_黛玉诗文声口卡_v1.0.md | 红楼梦探佚_全量文档体系_重整版_v4.2/06_诗文情榜与文书/01_第28步诗文情榜文书专项/第28C步_黛玉诗文声口卡_v1.0.md | 红楼梦探佚_全量文档体系_重整版_v4.2/07_语言声口章法与文学审计/04_R3语言声口章法参考/第28C步_黛玉诗文声口卡_v1.0.md | 红楼梦探佚_全量文档体系_重整版_v4.2/90_三套来源包完整快照_只读/R3全量_v3.4/06_语言声口与章法_只读参考/第28C步_黛玉诗文声口卡_v1.0.md | 红楼梦探佚_全量文档体系_重整版_v4.2/90_三套来源包完整快照_只读/第32步精简_v2.0/06_诗文情榜文书专项_第28步/01_保留为证据与声口基础/第28C步_黛玉诗文声口卡_v1.0.md | 红楼梦探佚_截至R3_全量文档体系整理_v3.4/06_语言声口与章法_只读参考/第28C步_黛玉诗文声口卡_v1.0.md | 红楼梦探佚_截至第32步_v5.0启动前_精简过程文档体系_v2.0/06_诗文情榜文书专项_第28步/01_保留为证据与声口基础/第28C步_黛玉诗文声口卡_v1.0.md
8cfb49404420cb1accc5e66e155285bc74f9cd9417cf77e45a60602172052ce9,红楼梦探佚_全量文档体系_重整版_v4.2.zip,红楼梦探佚_全量文档体系_重整版_v4.2/07_语言声口章法与文学审计/03_第31步语言统一与版本治理/第31-A_字法与称谓统一矩阵_v1.0.md,第31-A_字法与称谓统一矩阵_v1.0.md,5251,7,红楼梦探佚_R4审计准备_精简过程文档体系_v3.4(2).zip; 红楼梦探佚_全量文档体系_重整版_v4.2.zip; 红楼梦探佚_截至R3_全量文档体系整理_v3.4(1).zip; 红楼梦探佚_截至第32步_v5.0启动前_精简过程文档体系_v2.0(2).zip,LITERARY_ECOLOGY,literary.lexicon_address,data/style/lexicon_address.yaml,IMPORT_STYLE_MATRIX,NONE,P0,REFERENCE,REFERENCE,时代语汇、称谓、字法统一。,红楼梦探佚_R4审计准备_精简过程文档体系_v3.4/06_语言声口与章法_只读参考/第31-A_字法与称谓统一矩阵_v1.0.md | 红楼梦探佚_全量文档体系_重整版_v4.2/07_语言声口章法与文学审计/03_第31步语言统一与版本治理/第31-A_字法与称谓统一矩阵_v1.0.md | 红楼梦探佚_全量文档体系_重整版_v4.2/07_语言声口章法与文学审计/04_R3语言声口章法参考/第31-A_字法与称谓统一矩阵_v1.0.md | 红楼梦探佚_全量文档体系_重整版_v4.2/90_三套来源包完整快照_只读/R3全量_v3.4/06_语言声口与章法_只读参考/第31-A_字法与称谓统一矩阵_v1.0.md | 红楼梦探佚_全量文档体系_重整版_v4.2/90_三套来源包完整快照_只读/第32步精简_v2.0/08_第31步语言统一与版本治理/第31-A_字法与称谓统一矩阵_v1.0.md | 红楼梦探佚_截至R3_全量文档体系整理_v3.4/06_语言声口与章法_只读参考/第31-A_字法与称谓统一矩阵_v1.0.md | 红楼梦探佚_截至第32步_v5.0启动前_精简过程文档体系_v2.0/08_第31步语言统一与版本治理/第31-A_字法与称谓统一矩阵_v1.0.md
7d26392985e78222e422016a2722ab301e345309006f092c68742b6738e93b9c,红楼梦探佚_全量文档体系_重整版_v4.2.zip,红楼梦探佚_全量文档体系_重整版_v4.2/07_语言声口章法与文学审计/03_第31步语言统一与版本治理/第31-C_书中文本排版规范_v1.0.md,第31-C_书中文本排版规范_v1.0.md,3613,7,红楼梦探佚_R4审计准备_精简过程文档体系_v3.4(2).zip; 红楼梦探佚_全量文档体系_重整版_v4.2.zip; 红楼梦探佚_截至R3_全量文档体系整理_v3.4(1).zip; 红楼梦探佚_截至第32步_v5.0启动前_精简过程文档体系_v2.0(2).zip,GOVERNANCE,governance.text_format,config/text_format.yaml,IMPORT_FORMAT_POLICY,NONE,P1,REFERENCE,REFERENCE,书中文本排版/文书格式规范。,红楼梦探佚_R4审计准备_精简过程文档体系_v3.4/06_语言声口与章法_只读参考/第31-C_书中文本排版规范_v1.0.md | 红楼梦探佚_全量文档体系_重整版_v4.2/07_语言声口章法与文学审计/03_第31步语言统一与版本治理/第31-C_书中文本排版规范_v1.0.md | 红楼梦探佚_全量文档体系_重整版_v4.2/07_语言声口章法与文学审计/04_R3语言声口章法参考/第31-C_书中文本排版规范_v1.0.md | 红楼梦探佚_全量文档体系_重整版_v4.2/90_三套来源包完整快照_只读/R3全量_v3.4/06_语言声口与章法_只读参考/第31-C_书中文本排版规范_v1.0.md | 红楼梦探佚_全量文档体系_重整版_v4.2/90_三套来源包完整快照_只读/第32步精简_v2.0/08_第31步语言统一与版本治理/第31-C_书中文本排版规范_v1.0.md | 红楼梦探佚_截至R3_全量文档体系整理_v3.4/06_语言声口与章法_只读参考/第31-C_书中文本排版规范_v1.0.md | 红楼梦探佚_截至第32步_v5.0启动前_精简过程文档体系_v2.0/08_第31步语言统一与版本治理/第31-C_书中文本排版规范_v1.0.md
34cacbd77285efb14d7ec405931b7350e1584f303ce8d249294cf5fc75704677,红楼梦探佚_全量文档体系_重整版_v4.2.zip,红楼梦探佚_全量文档体系_重整版_v4.2/07_语言声口章法与文学审计/03_第31步语言统一与版本治理/第31-D_语言词法与标点终校矩阵_v1.0.md,第31-D_语言词法与标点终校矩阵_v1.0.md,7583,7,红楼梦探佚_R4审计准备_精简过程文档体系_v3.4(2).zip; 红楼梦探佚_全量文档体系_重整版_v4.2.zip; 红楼梦探佚_截至R3_全量文档体系整理_v3.4(1).zip; 红楼梦探佚_截至第32步_v5.0启动前_精简过程文档体系_v2.0(2).zip,LITERARY_ECOLOGY,literary.language_style,data/style/language_punctuation.yaml,IMPORT_STYLE_MATRIX,NONE,P0,REFERENCE,REFERENCE,语言词法标点终校矩阵。,红楼梦探佚_R4审计准备_精简过程文档体系_v3.4/06_语言声口与章法_只读参考/第31-D_语言词法与标点终校矩阵_v1.0.md | 红楼梦探佚_全量文档体系_重整版_v4.2/07_语言声口章法与文学审计/03_第31步语言统一与版本治理/第31-D_语言词法与标点终校矩阵_v1.0.md | 红楼梦探佚_全量文档体系_重整版_v4.2/07_语言声口章法与文学审计/04_R3语言声口章法参考/第31-D_语言词法与标点终校矩阵_v1.0.md | 红楼梦探佚_全量文档体系_重整版_v4.2/90_三套来源包完整快照_只读/R3全量_v3.4/06_语言声口与章法_只读参考/第31-D_语言词法与标点终校矩阵_v1.0.md | 红楼梦探佚_全量文档体系_重整版_v4.2/90_三套来源包完整快照_只读/第32步精简_v2.0/08_第31步语言统一与版本治理/第31-D_语言词法与标点终校矩阵_v1.0.md | 红楼梦探佚_截至R3_全量文档体系整理_v3.4/06_语言声口与章法_只读参考/第31-D_语言词法与标点终校矩阵_v1.0.md | 红楼梦探佚_截至第32步_v5.0启动前_精简过程文档体系_v2.0/08_第31步语言统一与版本治理/第31-D_语言词法与标点终校矩阵_v1.0.md
70263357a0729014aec3abf96a1bc14b498e8ead972995834c7cbd6618279681,红楼梦探佚_R4审计准备_精简过程文档体系_v3.4(2).zip,红楼梦探佚_R4审计准备_精简过程文档体系_v3.4/07_历史机制_待R4复核/README_使用边界.md,README_使用边界.md,543,1,红楼梦探佚_R4审计准备_精简过程文档体系_v3.4(2).zip,REGISTRY,registry.document_metadata,data/registry/documents.yaml,REGISTER_DOCUMENT,NONE,P1,REFERENCE,REFERENCE,文档级元数据/说明；不直接驱动剧情。,红楼梦探佚_R4审计准备_精简过程文档体系_v3.4/07_历史机制_待R4复核/README_使用边界.md
5c494219cf27418daafaab684bf3b3aa23c97766bc459989ae48565c8d8369fd,红楼梦探佚_全量文档体系_重整版_v4.2.zip,红楼梦探佚_全量文档体系_重整版_v4.2/08_历史机制/02_R3历史机制只读参考/清代机制核查_H01狱神庙_v0.1.md,清代机制核查_H01狱神庙_v0.1.md,5866,4,红楼梦探佚_R4审计准备_精简过程文档体系_v3.4(2).zip; 红楼梦探佚_全量文档体系_重整版_v4.2.zip; 红楼梦探佚_截至R3_全量文档体系整理_v3.4(1).zip,MECHANISM_RESEARCH,mechanism.research_note,data/registry/documents.yaml + data/mechanisms/research_notes.yaml,REGISTER_RESEARCH_NOTE,PARTIAL,P1,REFERENCE,REFERENCE,旧机制研究只作source/context，不能覆盖R4 FINAL。,红楼梦探佚_R4审计准备_精简过程文档体系_v3.4/07_历史机制_待R4复核/清代机制核查_H01狱神庙_v0.1.md | 红楼梦探佚_全量文档体系_重整版_v4.2/08_历史机制/02_R3历史机制只读参考/清代机制核查_H01狱神庙_v0.1.md | 红楼梦探佚_全量文档体系_重整版_v4.2/90_三套来源包完整快照_只读/R3全量_v3.4/07_历史机制_只读参考/清代机制核查_H01狱神庙_v0.1.md | 红楼梦探佚_截至R3_全量文档体系整理_v3.4/07_历史机制_只读参考/清代机制核查_H01狱神庙_v0.1.md
c55fa92033019bba8a5fb4a3984b09c9fe24268b19300bbbe3234ae1f16f1c3c,红楼梦探佚_全量文档体系_重整版_v4.2.zip,红楼梦探佚_全量文档体系_重整版_v4.2/08_历史机制/02_R3历史机制只读参考/清代机制核查_H02抄没与羁押_v0.1.md,清代机制核查_H02抄没与羁押_v0.1.md,5177,4,红楼梦探佚_R4审计准备_精简过程文档体系_v3.4(2).zip; 红楼梦探佚_全量文档体系_重整版_v4.2.zip; 红楼梦探佚_截至R3_全量文档体系整理_v3.4(1).zip,MECHANISM_RESEARCH,mechanism.research_note,data/registry/documents.yaml + data/mechanisms/research_notes.yaml,REGISTER_RESEARCH_NOTE,PARTIAL,P1,REFERENCE,REFERENCE,旧机制研究只作source/context，不能覆盖R4 FINAL。,红楼梦探佚_R4审计准备_精简过程文档体系_v3.4/07_历史机制_待R4复核/清代机制核查_H02抄没与羁押_v0.1.md | 红楼梦探佚_全量文档体系_重整版_v4.2/08_历史机制/02_R3历史机制只读参考/清代机制核查_H02抄没与羁押_v0.1.md | 红楼梦探佚_全量文档体系_重整版_v4.2/90_三套来源包完整快照_只读/R3全量_v3.4/07_历史机制_只读参考/清代机制核查_H02抄没与羁押_v0.1.md | 红楼梦探佚_截至R3_全量文档体系整理_v3.4/07_历史机制_只读参考/清代机制核查_H02抄没与羁押_v0.1.md
045c31fe44760c1e7626ade24598601da5585e555116dad9af0c9253e8b9028b,红楼梦探佚_全量文档体系_重整版_v4.2.zip,红楼梦探佚_全量文档体系_重整版_v4.2/08_历史机制/02_R3历史机制只读参考/清代机制核查_H03服制与婚期_v0.1.md,清代机制核查_H03服制与婚期_v0.1.md,5072,4,红楼梦探佚_R4审计准备_精简过程文档体系_v3.4(2).zip; 红楼梦探佚_全量文档体系_重整版_v4.2.zip; 红楼梦探佚_截至R3_全量文档体系整理_v3.4(1).zip,MECHANISM_RESEARCH,mechanism.research_note,data/registry/documents.yaml + data/mechanisms/research_notes.yaml,REGISTER_RESEARCH_NOTE,PARTIAL,P1,REFERENCE,REFERENCE,旧机制研究只作source/context，不能覆盖R4 FINAL。,红楼梦探佚_R4审计准备_精简过程文档体系_v3.4/07_历史机制_待R4复核/清代机制核查_H03服制与婚期_v0.1.md | 红楼梦探佚_全量文档体系_重整版_v4.2/08_历史机制/02_R3历史机制只读参考/清代机制核查_H03服制与婚期_v0.1.md | 红楼梦探佚_全量文档体系_重整版_v4.2/90_三套来源包完整快照_只读/R3全量_v3.4/07_历史机制_只读参考/清代机制核查_H03服制与婚期_v0.1.md | 红楼梦探佚_截至R3_全量文档体系整理_v3.4/07_历史机制_只读参考/清代机制核查_H03服制与婚期_v0.1.md
32cbad077901d216bfc24b6d27229453b8f5d009a406b564297075f920cb7547,红楼梦探佚_全量文档体系_重整版_v4.2.zip,红楼梦探佚_全量文档体系_重整版_v4.2/08_历史机制/02_R3历史机制只读参考/清代机制核查_H04居所与主婚权_v0.1.md,清代机制核查_H04居所与主婚权_v0.1.md,7165,4,红楼梦探佚_R4审计准备_精简过程文档体系_v3.4(2).zip; 红楼梦探佚_全量文档体系_重整版_v4.2.zip; 红楼梦探佚_截至R3_全量文档体系整理_v3.4(1).zip,MECHANISM_RESEARCH,mechanism.research_note,data/registry/documents.yaml + data/mechanisms/research_notes.yaml,REGISTER_RESEARCH_NOTE,PARTIAL,P1,REFERENCE,REFERENCE,旧机制研究只作source/context，不能覆盖R4 FINAL。,红楼梦探佚_R4审计准备_精简过程文档体系_v3.4/07_历史机制_待R4复核/清代机制核查_H04居所与主婚权_v0.1.md | 红楼梦探佚_全量文档体系_重整版_v4.2/08_历史机制/02_R3历史机制只读参考/清代机制核查_H04居所与主婚权_v0.1.md | 红楼梦探佚_全量文档体系_重整版_v4.2/90_三套来源包完整快照_只读/R3全量_v3.4/07_历史机制_只读参考/清代机制核查_H04居所与主婚权_v0.1.md | 红楼梦探佚_截至R3_全量文档体系整理_v3.4/07_历史机制_只读参考/清代机制核查_H04居所与主婚权_v0.1.md
8a8a090d90ca391d6b1e17025e8ac336cc080e19231b3510dc252788a3ad2b89,红楼梦探佚_全量文档体系_重整版_v4.2.zip,红楼梦探佚_全量文档体系_重整版_v4.2/08_历史机制/02_R3历史机制只读参考/清代机制核查_H05贫困状态_v0.1.md,清代机制核查_H05贫困状态_v0.1.md,5188,4,红楼梦探佚_R4审计准备_精简过程文档体系_v3.4(2).zip; 红楼梦探佚_全量文档体系_重整版_v4.2.zip; 红楼梦探佚_截至R3_全量文档体系整理_v3.4(1).zip,MECHANISM_RESEARCH,mechanism.research_note,data/registry/documents.yaml + data/mechanisms/research_notes.yaml,REGISTER_RESEARCH_NOTE,PARTIAL,P1,REFERENCE,REFERENCE,旧机制研究只作source/context，不能覆盖R4 FINAL。,红楼梦探佚_R4审计准备_精简过程文档体系_v3.4/07_历史机制_待R4复核/清代机制核查_H05贫困状态_v0.1.md | 红楼梦探佚_全量文档体系_重整版_v4.2/08_历史机制/02_R3历史机制只读参考/清代机制核查_H05贫困状态_v0.1.md | 红楼梦探佚_全量文档体系_重整版_v4.2/90_三套来源包完整快照_只读/R3全量_v3.4/07_历史机制_只读参考/清代机制核查_H05贫困状态_v0.1.md | 红楼梦探佚_截至R3_全量文档体系整理_v3.4/07_历史机制_只读参考/清代机制核查_H05贫困状态_v0.1.md
ede20d0c650dfd20784acae4f68beb719def76ba21bd68b691faa328c95c3e2e,红楼梦探佚_全量文档体系_重整版_v4.2.zip,红楼梦探佚_全量文档体系_重整版_v4.2/08_历史机制/02_R3历史机制只读参考/清代机制核查_H06薛家援助_v0.1.md,清代机制核查_H06薛家援助_v0.1.md,4728,4,红楼梦探佚_R4审计准备_精简过程文档体系_v3.4(2).zip; 红楼梦探佚_全量文档体系_重整版_v4.2.zip; 红楼梦探佚_截至R3_全量文档体系整理_v3.4(1).zip,MECHANISM_RESEARCH,mechanism.research_note,data/registry/documents.yaml + data/mechanisms/research_notes.yaml,REGISTER_RESEARCH_NOTE,PARTIAL,P1,REFERENCE,REFERENCE,旧机制研究只作source/context，不能覆盖R4 FINAL。,红楼梦探佚_R4审计准备_精简过程文档体系_v3.4/07_历史机制_待R4复核/清代机制核查_H06薛家援助_v0.1.md | 红楼梦探佚_全量文档体系_重整版_v4.2/08_历史机制/02_R3历史机制只读参考/清代机制核查_H06薛家援助_v0.1.md | 红楼梦探佚_全量文档体系_重整版_v4.2/90_三套来源包完整快照_只读/R3全量_v3.4/07_历史机制_只读参考/清代机制核查_H06薛家援助_v0.1.md | 红楼梦探佚_截至R3_全量文档体系整理_v3.4/07_历史机制_只读参考/清代机制核查_H06薛家援助_v0.1.md
c7d8f3a40d5d39be25e9b18e6048dd2990251db97d96bcba6d8a9635364a7446,红楼梦探佚_全量文档体系_重整版_v4.2.zip,红楼梦探佚_全量文档体系_重整版_v4.2/08_历史机制/02_R3历史机制只读参考/补充机制研究_贾兰功名与李纨因子得荣_v0.1_原H07.md,补充机制研究_贾兰功名与李纨因子得荣_v0.1_原H07.md,5352,4,红楼梦探佚_R4审计准备_精简过程文档体系_v3.4(2).zip; 红楼梦探佚_全量文档体系_重整版_v4.2.zip; 红楼梦探佚_截至R3_全量文档体系整理_v3.4(1).zip,MECHANISM_RESEARCH,mechanism.research_note,data/registry/documents.yaml + data/mechanisms/research_notes.yaml,REGISTER_RESEARCH_NOTE,PARTIAL,P1,REFERENCE,REFERENCE,旧机制研究只作source/context，不能覆盖R4 FINAL。,红楼梦探佚_R4审计准备_精简过程文档体系_v3.4/07_历史机制_待R4复核/补充机制研究_贾兰功名与李纨因子得荣_v0.1_原H07.md | 红楼梦探佚_全量文档体系_重整版_v4.2/08_历史机制/02_R3历史机制只读参考/补充机制研究_贾兰功名与李纨因子得荣_v0.1_原H07.md | 红楼梦探佚_全量文档体系_重整版_v4.2/90_三套来源包完整快照_只读/R3全量_v3.4/07_历史机制_只读参考/补充机制研究_贾兰功名与李纨因子得荣_v0.1_原H07.md | 红楼梦探佚_截至R3_全量文档体系整理_v3.4/07_历史机制_只读参考/补充机制研究_贾兰功名与李纨因子得荣_v0.1_原H07.md
04ef46e366fe04f0469f2d2787a17682d7e6d4ca244f229c22e2f1d7c9ae84bf,红楼梦探佚_R4审计准备_精简过程文档体系_v3.4(2).zip,红楼梦探佚_R4审计准备_精简过程文档体系_v3.4/08_R4审计工作区/R4_全链审计总方案_v1.0.md,R4_全链审计总方案_v1.0.md,1701,1,红楼梦探佚_R4审计准备_精简过程文档体系_v3.4(2).zip,REVIEW,review.r4_audit_trace,data/review/r4_audit_trace.yaml,IMPORT_AUDIT_TRACE,PARTIAL,P1,AUDIT,NO,R4过程/回归/事故治理；运行时默认只读。,红楼梦探佚_R4审计准备_精简过程文档体系_v3.4/08_R4审计工作区/R4_全链审计总方案_v1.0.md
789a15bca4e0c7100a7e96bf243bc0ff3c4cfc16f57a8591c79431fdc58725f2,红楼梦探佚_R4审计准备_精简过程文档体系_v3.4(2).zip,红楼梦探佚_R4审计准备_精简过程文档体系_v3.4/08_R4审计工作区/R4_历史机制一手史料复核任务表_v1.0.md,R4_历史机制一手史料复核任务表_v1.0.md,1072,1,红楼梦探佚_R4审计准备_精简过程文档体系_v3.4(2).zip,REVIEW,review.r4_audit_trace,data/review/r4_audit_trace.yaml,IMPORT_AUDIT_TRACE,PARTIAL,P1,AUDIT,NO,R4过程/回归/事故治理；运行时默认只读。,红楼梦探佚_R4审计准备_精简过程文档体系_v3.4/08_R4审计工作区/R4_历史机制一手史料复核任务表_v1.0.md
7c9086bae23677ebe63f7dc30f3a9c0f4fdad1d48777cbaea7c5a568da6400af,红楼梦探佚_R4审计准备_精简过程文档体系_v3.4(2).zip,红楼梦探佚_R4审计准备_精简过程文档体系_v3.4/08_R4审计工作区/R4_放行门槛与失败回滚规则_v1.0.md,R4_放行门槛与失败回滚规则_v1.0.md,674,1,红楼梦探佚_R4审计准备_精简过程文档体系_v3.4(2).zip,REVIEW,review.r4_audit_trace,data/review/r4_audit_trace.yaml,IMPORT_AUDIT_TRACE,PARTIAL,P1,AUDIT,NO,R4过程/回归/事故治理；运行时默认只读。,红楼梦探佚_R4审计准备_精简过程文档体系_v3.4/08_R4审计工作区/R4_放行门槛与失败回滚规则_v1.0.md
e99d85d38ded796a9a1ccb6ef2c3b79e68c9f8b4c59f6a50ff020f6f30bb1663,红楼梦探佚_R4审计准备_精简过程文档体系_v3.4(2).zip,红楼梦探佚_R4审计准备_精简过程文档体系_v3.4/08_R4审计工作区/R4_证据角色审计矩阵_v1.0.md,R4_证据角色审计矩阵_v1.0.md,1821,1,红楼梦探佚_R4审计准备_精简过程文档体系_v3.4(2).zip,EVIDENCE,evidence.claim_role_matrix,data/sources/* + data/claims/* + data/decisions/*,SPLIT_PROVENANCE_CLAIMS_DECISIONS,PARTIAL,P0,REFERENCE,REFERENCE,需拆为Source/Claim/Decision，不能把项目矩阵当Witness。,红楼梦探佚_R4审计准备_精简过程文档体系_v3.4/08_R4审计工作区/R4_证据角色审计矩阵_v1.0.md
1522ec54b7a943b18bbeab910e49640f1bbcdf6a8afbef2ced50a46dd6967e0c,红楼梦探佚_R4审计准备_精简过程文档体系_v3.4(2).zip,红楼梦探佚_R4审计准备_精简过程文档体系_v3.4/99_最小审计记录/R3过程文档同步审计_v1.4_最终定稿.md,R3过程文档同步审计_v1.4_最终定稿.md,633,3,红楼梦探佚_R4审计准备_精简过程文档体系_v3.4(2).zip; 红楼梦探佚_全量文档体系_重整版_v4.2.zip; 红楼梦探佚_截至R3_全量文档体系整理_v3.4(1).zip,ARCHIVE,archive.document,data/archive/documents.yaml,INDEX_ONLY,ARCHIVE_ONLY,P2,HISTORICAL,NO,历史/重复内容仅保留可追溯索引。,红楼梦探佚_R4审计准备_精简过程文档体系_v3.4/99_最小审计记录/R3过程文档同步审计_v1.4_最终定稿.md | 红楼梦探佚_全量文档体系_重整版_v4.2/90_三套来源包完整快照_只读/R3全量_v3.4/00_从这里开始/R3过程文档同步审计_v1.4_最终定稿.md | 红楼梦探佚_截至R3_全量文档体系整理_v3.4/00_从这里开始/R3过程文档同步审计_v1.4_最终定稿.md
191272c27b0457334f267ca1c3e3559d87995d0c33c282545a9fc761709c605d,红楼梦探佚_R4审计准备_精简过程文档体系_v3.4(2).zip,红楼梦探佚_R4审计准备_精简过程文档体系_v3.4/99_最小审计记录/当前文档继承与废止表_v2.0.md,当前文档继承与废止表_v2.0.md,1422,1,红楼梦探佚_R4审计准备_精简过程文档体系_v3.4(2).zip,ARCHIVE,archive.document,data/archive/documents.yaml,INDEX_ONLY,ARCHIVE_ONLY,P2,HISTORICAL,NO,历史/重复内容仅保留可追溯索引。,红楼梦探佚_R4审计准备_精简过程文档体系_v3.4/99_最小审计记录/当前文档继承与废止表_v2.0.md
920018f7224d976ce1d0c845f0c8aeee62c556638cfacab251301d80fdd5d319,红楼梦探佚_全量文档体系_重整版_v4.2.zip,红楼梦探佚_全量文档体系_重整版_v4.2/11_P0_R1_R2_R3审计与事故复盘/02_R1_R2_R3审计归档/第32-A_v1.1_to_v1.2_证据角色回归统一差分.patch,第32-A_v1.1_to_v1.2_证据角色回归统一差分.patch,11096,4,红楼梦探佚_R4审计准备_精简过程文档体系_v3.4(2).zip; 红楼梦探佚_全量文档体系_重整版_v4.2.zip; 红楼梦探佚_截至R3_全量文档体系整理_v3.4(1).zip,REVIEW,review.r4_audit_trace,data/review/r4_audit_trace.yaml,IMPORT_AUDIT_TRACE,PARTIAL,P1,AUDIT,NO,R4过程/回归/事故治理；运行时默认只读。,红楼梦探佚_R4审计准备_精简过程文档体系_v3.4/99_最小审计记录/第32-A_v1.1_to_v1.2_证据角色回归统一差分.patch | 红楼梦探佚_全量文档体系_重整版_v4.2/11_P0_R1_R2_R3审计与事故复盘/02_R1_R2_R3审计归档/第32-A_v1.1_to_v1.2_证据角色回归统一差分.patch | 红楼梦探佚_全量文档体系_重整版_v4.2/90_三套来源包完整快照_只读/R3全量_v3.4/99_审计归档_只读/第32-A_v1.1_to_v1.2_证据角色回归统一差分.patch | 红楼梦探佚_截至R3_全量文档体系整理_v3.4/99_审计归档_只读/第32-A_v1.1_to_v1.2_证据角色回归统一差分.patch
ae1bd64da998ae831409dbb15a404997f339810a23a94583c02cff51e025f3da,红楼梦探佚_全量文档体系_重整版_v4.2.zip,红楼梦探佚_全量文档体系_重整版_v4.2/11_P0_R1_R2_R3审计与事故复盘/02_R1_R2_R3审计归档/R2裁定记录/第32-A_v1.2_证据角色回归基线审计报告_v1.0.md,第32-A_v1.2_证据角色回归基线审计报告_v1.0.md,1835,4,红楼梦探佚_R4审计准备_精简过程文档体系_v3.4(2).zip; 红楼梦探佚_全量文档体系_重整版_v4.2.zip; 红楼梦探佚_截至R3_全量文档体系整理_v3.4(1).zip,REVIEW,review.r4_audit_trace,data/review/r4_audit_trace.yaml,IMPORT_AUDIT_TRACE,PARTIAL,P1,AUDIT,NO,R4过程/回归/事故治理；运行时默认只读。,红楼梦探佚_R4审计准备_精简过程文档体系_v3.4/99_最小审计记录/第32-A_v1.2_证据角色回归基线审计报告_v1.0.md | 红楼梦探佚_全量文档体系_重整版_v4.2/11_P0_R1_R2_R3审计与事故复盘/02_R1_R2_R3审计归档/R2裁定记录/第32-A_v1.2_证据角色回归基线审计报告_v1.0.md | 红楼梦探佚_全量文档体系_重整版_v4.2/90_三套来源包完整快照_只读/R3全量_v3.4/99_审计归档_只读/R2裁定记录/第32-A_v1.2_证据角色回归基线审计报告_v1.0.md | 红楼梦探佚_截至R3_全量文档体系整理_v3.4/99_审计归档_只读/R2裁定记录/第32-A_v1.2_证据角色回归基线审计报告_v1.0.md
2532ba0d86ad8855e58ec1e569e9a8117f9545989510473235218bc47942b058,红楼梦探佚_R4审计准备_精简过程文档体系_v3.4(2).zip,红楼梦探佚_R4审计准备_精简过程文档体系_v3.4/99_最小审计记录/证据治理回归与文档清理摘要_v1.0.md,证据治理回归与文档清理摘要_v1.0.md,1399,1,红楼梦探佚_R4审计准备_精简过程文档体系_v3.4(2).zip,REVIEW,review.r4_audit_trace,data/review/r4_audit_trace.yaml,IMPORT_AUDIT_TRACE,PARTIAL,P1,AUDIT,NO,R4过程/回归/事故治理；运行时默认只读。,红楼梦探佚_R4审计准备_精简过程文档体系_v3.4/99_最小审计记录/证据治理回归与文档清理摘要_v1.0.md
497e17485fc26212a8130879cb067dec8c1fca713237097a88703c02623fc337,红楼梦探佚_全量文档体系_重整版_v4.2.zip,红楼梦探佚_全量文档体系_重整版_v4.2/10_R4全链审计与纠偏全过程/05_R4中间版本链_只读/00_当前操作链索引_R4G_REOPENED_v1.0.md,00_当前操作链索引_R4G_REOPENED_v1.0.md,1325,3,当前工作区散件; 红楼梦探佚_R4纠偏_Phase0-1_v1.0.zip; 红楼梦探佚_全量文档体系_重整版_v4.2.zip,GOVERNANCE,governance.project_state,data/registry/releases.yaml + config/project_state.yaml,STRUCTURE_PROJECT_STATE,PARTIAL,P2,HISTORICAL,NO,项目状态/版本纪律；只提取当前有效规则，旧版保留谱系。,红楼梦探佚_R4纠偏_Phase0-1_v1.0/00_当前操作链索引_R4G_REOPENED_v1.0.md | 红楼梦探佚_全量文档体系_重整版_v4.2/10_R4全链审计与纠偏全过程/05_R4中间版本链_只读/00_当前操作链索引_R4G_REOPENED_v1.0.md | 00_当前操作链索引_R4G_REOPENED_v1.0.md
c80053647fb54b4eefdb2ba6f2064973869ef5914da3c364f236897540f2dd53,红楼梦探佚_全量文档体系_重整版_v4.2.zip,红楼梦探佚_全量文档体系_重整版_v4.2/10_R4全链审计与纠偏全过程/03_R4_纠偏治理_OPEN_状态清扫/R4_Phase0-1_执行报告_v1.0.md,R4_Phase0-1_执行报告_v1.0.md,978,3,当前工作区散件; 红楼梦探佚_R4纠偏_Phase0-1_v1.0.zip; 红楼梦探佚_全量文档体系_重整版_v4.2.zip,REVIEW,review.r4_audit_trace,data/review/r4_audit_trace.yaml,IMPORT_AUDIT_TRACE,PARTIAL,P1,AUDIT,NO,R4过程/回归/事故治理；运行时默认只读。,红楼梦探佚_R4纠偏_Phase0-1_v1.0/R4_Phase0-1_执行报告_v1.0.md | 红楼梦探佚_全量文档体系_重整版_v4.2/10_R4全链审计与纠偏全过程/03_R4_纠偏治理_OPEN_状态清扫/R4_Phase0-1_执行报告_v1.0.md | R4_Phase0-1_执行报告_v1.0.md
7d68ab32563a3712b0ca424734cd3dc067f2bc654c9e078777e16be2ed345101,红楼梦探佚_全量文档体系_重整版_v4.2.zip,红楼梦探佚_全量文档体系_重整版_v4.2/10_R4全链审计与纠偏全过程/03_R4_纠偏治理_OPEN_状态清扫/R4_当前纠偏状态_v1.0.md,R4_当前纠偏状态_v1.0.md,451,3,当前工作区散件; 红楼梦探佚_R4纠偏_Phase0-1_v1.0.zip; 红楼梦探佚_全量文档体系_重整版_v4.2.zip,REVIEW,review.r4_audit_trace,data/review/r4_audit_trace.yaml,IMPORT_AUDIT_TRACE,PARTIAL,P1,AUDIT,NO,R4过程/回归/事故治理；运行时默认只读。,红楼梦探佚_R4纠偏_Phase0-1_v1.0/R4_当前纠偏状态_v1.0.md | 红楼梦探佚_全量文档体系_重整版_v4.2/10_R4全链审计与纠偏全过程/03_R4_纠偏治理_OPEN_状态清扫/R4_当前纠偏状态_v1.0.md | R4_当前纠偏状态_v1.0.md
d73467866dcbff4225615ac0edb593e1779b0c1314b61ebdbca09ccaf322b631,红楼梦探佚_全量文档体系_重整版_v4.2.zip,红楼梦探佚_全量文档体系_重整版_v4.2/10_R4全链审计与纠偏全过程/03_R4_纠偏治理_OPEN_状态清扫/R4_放行撤销与当前状态校正_v1.0.md,R4_放行撤销与当前状态校正_v1.0.md,3177,5,当前工作区散件; 红楼梦探佚_R4纠偏_Phase0-1_v1.0.zip; 红楼梦探佚_R4纠偏_Phase6_CURRENT_v1.0.zip; 红楼梦探佚_R4纠偏_Phase6_CURRENT_v1.1.zip; 红楼梦探佚_全量文档体系_重整版_v4.2.zip,REVIEW,review.r4_audit_trace,data/review/r4_audit_trace.yaml,IMPORT_AUDIT_TRACE,PARTIAL,P1,AUDIT,NO,R4过程/回归/事故治理；运行时默认只读。,红楼梦探佚_R4纠偏_Phase0-1_v1.0/R4_放行撤销与当前状态校正_v1.0.md | 红楼梦探佚_R4纠偏_Phase6_CURRENT_v1.0/R4_放行撤销与当前状态校正_v1.0.md | 红楼梦探佚_R4纠偏_Phase6_CURRENT_v1.0/R4_放行撤销与当前状态校正_v1.0.md | 红楼梦探佚_全量文档体系_重整版_v4.2/10_R4全链审计与纠偏全过程/03_R4_纠偏治理_OPEN_状态清扫/R4_放行撤销与当前状态校正_v1.0.md | R4_放行撤销与当前状态校正_v1.0.md
4860cddff6515ef37df3ac92b5c65e3db96e4f40218e3bbb5a69e6c36904991d,红楼梦探佚_全量文档体系_重整版_v4.2.zip,红楼梦探佚_全量文档体系_重整版_v4.2/10_R4全链审计与纠偏全过程/03_R4_纠偏治理_OPEN_状态清扫/R4_过早放行产物冻结清单_v1.0.md,R4_过早放行产物冻结清单_v1.0.md,1425,5,当前工作区散件; 红楼梦探佚_R4纠偏_Phase0-1_v1.0.zip; 红楼梦探佚_R4纠偏_Phase6_CURRENT_v1.0.zip; 红楼梦探佚_R4纠偏_Phase6_CURRENT_v1.1.zip; 红楼梦探佚_全量文档体系_重整版_v4.2.zip,REVIEW,review.r4_audit_trace,data/review/r4_audit_trace.yaml,IMPORT_AUDIT_TRACE,PARTIAL,P1,AUDIT,NO,R4过程/回归/事故治理；运行时默认只读。,红楼梦探佚_R4纠偏_Phase0-1_v1.0/R4_过早放行产物冻结清单_v1.0.md | 红楼梦探佚_R4纠偏_Phase6_CURRENT_v1.0/R4_过早放行产物冻结清单_v1.0.md | 红楼梦探佚_R4纠偏_Phase6_CURRENT_v1.0/R4_过早放行产物冻结清单_v1.0.md | 红楼梦探佚_全量文档体系_重整版_v4.2/10_R4全链审计与纠偏全过程/03_R4_纠偏治理_OPEN_状态清扫/R4_过早放行产物冻结清单_v1.0.md | R4_过早放行产物冻结清单_v1.0.md
a5e486bd5b96637ee2bccfae225fa0f2f72ce2be25ee50f90ba6bff821f6f2c1,红楼梦探佚_全量文档体系_重整版_v4.2.zip,红楼梦探佚_全量文档体系_重整版_v4.2/10_R4全链审计与纠偏全过程/03_R4_纠偏治理_OPEN_状态清扫/R4_遗留问题总台账_v1.0.csv,R4_遗留问题总台账_v1.0.csv,10777,3,当前工作区散件; 红楼梦探佚_R4纠偏_Phase0-1_v1.0.zip; 红楼梦探佚_全量文档体系_重整版_v4.2.zip,REVIEW,review.r4_audit_trace,data/review/r4_audit_trace.yaml,IMPORT_AUDIT_TRACE,PARTIAL,P1,AUDIT,NO,R4过程/回归/事故治理；运行时默认只读。,红楼梦探佚_R4纠偏_Phase0-1_v1.0/R4_遗留问题总台账_v1.0.csv | 红楼梦探佚_全量文档体系_重整版_v4.2/10_R4全链审计与纠偏全过程/03_R4_纠偏治理_OPEN_状态清扫/R4_遗留问题总台账_v1.0.csv | R4_遗留问题总台账_v1.0.csv
7913e73e7beb43489739980fe44199d96177f094613fc00f0fcf5eba3a75420c,红楼梦探佚_全量文档体系_重整版_v4.2.zip,红楼梦探佚_全量文档体系_重整版_v4.2/10_R4全链审计与纠偏全过程/03_R4_纠偏治理_OPEN_状态清扫/R4_遗留问题总台账_v1.0.md,R4_遗留问题总台账_v1.0.md,11307,3,当前工作区散件; 红楼梦探佚_R4纠偏_Phase0-1_v1.0.zip; 红楼梦探佚_全量文档体系_重整版_v4.2.zip,REVIEW,review.r4_audit_trace,data/review/r4_audit_trace.yaml,IMPORT_AUDIT_TRACE,PARTIAL,P1,AUDIT,NO,R4过程/回归/事故治理；运行时默认只读。,红楼梦探佚_R4纠偏_Phase0-1_v1.0/R4_遗留问题总台账_v1.0.md | 红楼梦探佚_全量文档体系_重整版_v4.2/10_R4全链审计与纠偏全过程/03_R4_纠偏治理_OPEN_状态清扫/R4_遗留问题总台账_v1.0.md | R4_遗留问题总台账_v1.0.md
cd78f8d5da55dcee963456914d8d86251a97787a4d43e87b624c361f3f953762,红楼梦探佚_全量文档体系_重整版_v4.2.zip,红楼梦探佚_全量文档体系_重整版_v4.2/10_R4全链审计与纠偏全过程/03_R4_纠偏治理_OPEN_状态清扫/R4_遗留问题清零与重新放行计划_v1.0.md,R4_遗留问题清零与重新放行计划_v1.0.md,15413,3,当前工作区散件; 红楼梦探佚_R4纠偏_Phase0-1_v1.0.zip; 红楼梦探佚_全量文档体系_重整版_v4.2.zip,REVIEW,review.r4_audit_trace,data/review/r4_audit_trace.yaml,IMPORT_AUDIT_TRACE,PARTIAL,P1,AUDIT,NO,R4过程/回归/事故治理；运行时默认只读。,红楼梦探佚_R4纠偏_Phase0-1_v1.0/R4_遗留问题清零与重新放行计划_v1.0.md | 红楼梦探佚_全量文档体系_重整版_v4.2/10_R4全链审计与纠偏全过程/03_R4_纠偏治理_OPEN_状态清扫/R4_遗留问题清零与重新放行计划_v1.0.md | R4_遗留问题清零与重新放行计划_v1.0.md
83c2280a36621735e64622e0dba61c5e7895d97be500c1ac9b76f7263f59f259,红楼梦探佚_R4纠偏_Phase0-1_v1.0.zip,红楼梦探佚_R4纠偏_Phase0-1_v1.0/SHA256_Phase0-1_v1.0.md,SHA256_Phase0-1_v1.0.md,931,1,红楼梦探佚_R4纠偏_Phase0-1_v1.0.zip,ARCHIVE,archive.document,data/archive/documents.yaml,INDEX_ONLY,ARCHIVE_ONLY,P2,HISTORICAL,NO,历史/重复内容仅保留可追溯索引。,红楼梦探佚_R4纠偏_Phase0-1_v1.0/SHA256_Phase0-1_v1.0.md
a59f2d6b226469a0ae92cecf71411fff074a3f732377af2cdd8c4af2aa15a177,红楼梦探佚_全量文档体系_重整版_v4.2.zip,红楼梦探佚_全量文档体系_重整版_v4.2/10_R4全链审计与纠偏全过程/05_R4中间版本链_只读/00_当前操作链索引_R4G_REOPENED_v1.1_Phase2完成.md,00_当前操作链索引_R4G_REOPENED_v1.1_Phase2完成.md,558,3,当前工作区散件; 红楼梦探佚_R4纠偏_Phase2_RG92_v1.0.zip; 红楼梦探佚_全量文档体系_重整版_v4.2.zip,GOVERNANCE,governance.project_state,data/registry/releases.yaml + config/project_state.yaml,STRUCTURE_PROJECT_STATE,PARTIAL,P2,HISTORICAL,NO,项目状态/版本纪律；只提取当前有效规则，旧版保留谱系。,红楼梦探佚_R4纠偏_Phase2_RG92_v1.0/00_当前操作链索引_R4G_REOPENED_v1.1_Phase2完成.md | 红楼梦探佚_全量文档体系_重整版_v4.2/10_R4全链审计与纠偏全过程/05_R4中间版本链_只读/00_当前操作链索引_R4G_REOPENED_v1.1_Phase2完成.md | 00_当前操作链索引_R4G_REOPENED_v1.1_Phase2完成.md
135ee8723833bca0eaf41085fad6ec7f3e669271ca5592c0481162fe067e6f7a,红楼梦探佚_全量文档体系_重整版_v4.2.zip,红楼梦探佚_全量文档体系_重整版_v4.2/10_R4全链审计与纠偏全过程/02_R4-G_文学实验/R4-G_Phase2_RG-92-01_A-B-C实验报告_v1.3_FINAL_REVISE-B.md,R4-G_Phase2_RG-92-01_A-B-C实验报告_v1.3_FINAL_REVISE-B.md,4336,5,当前工作区散件; 红楼梦探佚_R4纠偏_Phase2_RG92_v1.0.zip; 红楼梦探佚_R4纠偏_Phase6_CURRENT_v1.0.zip; 红楼梦探佚_R4纠偏_Phase6_CURRENT_v1.1.zip; 红楼梦探佚_全量文档体系_重整版_v4.2.zip,REVIEW,review.r4_literary_experiment,data/review/r4_experiments.yaml + data/plocks/r4_literary.yaml,IMPORT_EXPERIMENT_FIXTURE,PARTIAL,P1,AUDIT,NO,A/B/C竞争及淘汰理由；赢家P-Lock可迁，候选正文作fixture。,红楼梦探佚_R4纠偏_Phase2_RG92_v1.0/R4-G_Phase2_RG-92-01_A-B-C实验报告_v1.3_FINAL_REVISE-B.md | 红楼梦探佚_R4纠偏_Phase6_CURRENT_v1.0/R4-G_Phase2_RG-92-01_A-B-C实验报告_v1.3_FINAL_REVISE-B.md | 红楼梦探佚_R4纠偏_Phase6_CURRENT_v1.0/R4-G_Phase2_RG-92-01_A-B-C实验报告_v1.3_FINAL_REVISE-B.md | 红楼梦探佚_全量文档体系_重整版_v4.2/10_R4全链审计与纠偏全过程/02_R4-G_文学实验/R4-G_Phase2_RG-92-01_A-B-C实验报告_v1.3_FINAL_REVISE-B.md | R4-G_Phase2_RG-92-01_A-B-C实验报告_v1.3_FINAL_REVISE-B.md
4e7260ac9b80e10a2ae932429217c8550d944e09a26af05ea2d3fcdd62cdaa04,红楼梦探佚_全量文档体系_重整版_v4.2.zip,红楼梦探佚_全量文档体系_重整版_v4.2/10_R4全链审计与纠偏全过程/02_R4-G_文学实验/R4-G_Phase2_第92_A_当前基线.md,R4-G_Phase2_第92_A_当前基线.md,37296,3,当前工作区散件; 红楼梦探佚_R4纠偏_Phase2_RG92_v1.0.zip; 红楼梦探佚_全量文档体系_重整版_v4.2.zip,REVIEW,review.r4_literary_experiment,data/review/r4_experiments.yaml + data/plocks/r4_literary.yaml,IMPORT_EXPERIMENT_FIXTURE,PARTIAL,P1,AUDIT,NO,A/B/C竞争及淘汰理由；赢家P-Lock可迁，候选正文作fixture。,红楼梦探佚_R4纠偏_Phase2_RG92_v1.0/R4-G_Phase2_第92_A_当前基线.md | 红楼梦探佚_全量文档体系_重整版_v4.2/10_R4全链审计与纠偏全过程/02_R4-G_文学实验/R4-G_Phase2_第92_A_当前基线.md | R4-G_Phase2_第92_A_当前基线.md
6029bd36f9b3969d07b3a238a417509c6ca3f13aa3cc2daa31326481418739bd,红楼梦探佚_全量文档体系_重整版_v4.2.zip,红楼梦探佚_全量文档体系_重整版_v4.2/10_R4全链审计与纠偏全过程/02_R4-G_文学实验/R4-G_Phase2_第92_B_程序压缩版.md,R4-G_Phase2_第92_B_程序压缩版.md,30675,5,当前工作区散件; 红楼梦探佚_R4纠偏_Phase2_RG92_v1.0.zip; 红楼梦探佚_R4纠偏_Phase6_CURRENT_v1.0.zip; 红楼梦探佚_R4纠偏_Phase6_CURRENT_v1.1.zip; 红楼梦探佚_全量文档体系_重整版_v4.2.zip,REVIEW,review.r4_literary_experiment,data/review/r4_experiments.yaml + data/plocks/r4_literary.yaml,IMPORT_EXPERIMENT_FIXTURE,PARTIAL,P1,AUDIT,NO,A/B/C竞争及淘汰理由；赢家P-Lock可迁，候选正文作fixture。,红楼梦探佚_R4纠偏_Phase2_RG92_v1.0/R4-G_Phase2_第92_B_程序压缩版.md | 红楼梦探佚_R4纠偏_Phase6_CURRENT_v1.0/R4-G_Phase2_第92_B_程序压缩版.md | 红楼梦探佚_R4纠偏_Phase6_CURRENT_v1.0/R4-G_Phase2_第92_B_程序压缩版.md | 红楼梦探佚_全量文档体系_重整版_v4.2/10_R4全链审计与纠偏全过程/02_R4-G_文学实验/R4-G_Phase2_第92_B_程序压缩版.md | R4-G_Phase2_第92_B_程序压缩版.md
b7513deb17621165e1437457bab2b0846ca88e30501355f4fdaa1e5431f452c6,红楼梦探佚_全量文档体系_重整版_v4.2.zip,红楼梦探佚_全量文档体系_重整版_v4.2/10_R4全链审计与纠偏全过程/02_R4-G_文学实验/R4-G_Phase2_第92_C_强压缩下限版.md,R4-G_Phase2_第92_C_强压缩下限版.md,27797,3,当前工作区散件; 红楼梦探佚_R4纠偏_Phase2_RG92_v1.0.zip; 红楼梦探佚_全量文档体系_重整版_v4.2.zip,REVIEW,review.r4_literary_experiment,data/review/r4_experiments.yaml + data/plocks/r4_literary.yaml,IMPORT_EXPERIMENT_FIXTURE,PARTIAL,P1,AUDIT,NO,A/B/C竞争及淘汰理由；赢家P-Lock可迁，候选正文作fixture。,红楼梦探佚_R4纠偏_Phase2_RG92_v1.0/R4-G_Phase2_第92_C_强压缩下限版.md | 红楼梦探佚_全量文档体系_重整版_v4.2/10_R4全链审计与纠偏全过程/02_R4-G_文学实验/R4-G_Phase2_第92_C_强压缩下限版.md | R4-G_Phase2_第92_C_强压缩下限版.md
c690f39455509d130dba0f846f240c3e53bcbec88802f7a924e16d0428ff6a7d,红楼梦探佚_全量文档体系_重整版_v4.2.zip,红楼梦探佚_全量文档体系_重整版_v4.2/10_R4全链审计与纠偏全过程/03_R4_纠偏治理_OPEN_状态清扫/R4_遗留问题总台账_v1.1_Phase2同步.csv,R4_遗留问题总台账_v1.1_Phase2同步.csv,10819,3,当前工作区散件; 红楼梦探佚_R4纠偏_Phase2_RG92_v1.0.zip; 红楼梦探佚_全量文档体系_重整版_v4.2.zip,REVIEW,review.r4_literary_experiment,data/review/r4_experiments.yaml + data/plocks/r4_literary.yaml,IMPORT_EXPERIMENT_FIXTURE,PARTIAL,P1,AUDIT,NO,A/B/C竞争及淘汰理由；赢家P-Lock可迁，候选正文作fixture。,红楼梦探佚_R4纠偏_Phase2_RG92_v1.0/R4_遗留问题总台账_v1.1_Phase2同步.csv | 红楼梦探佚_全量文档体系_重整版_v4.2/10_R4全链审计与纠偏全过程/03_R4_纠偏治理_OPEN_状态清扫/R4_遗留问题总台账_v1.1_Phase2同步.csv | R4_遗留问题总台账_v1.1_Phase2同步.csv
d9deb45cb8c71fd292a817afe4674a0e867c3d82a2fba954145d59afee5de010,红楼梦探佚_全量文档体系_重整版_v4.2.zip,红楼梦探佚_全量文档体系_重整版_v4.2/10_R4全链审计与纠偏全过程/03_R4_纠偏治理_OPEN_状态清扫/R4_遗留问题总台账_v1.1_Phase2同步.md,R4_遗留问题总台账_v1.1_Phase2同步.md,1572,3,当前工作区散件; 红楼梦探佚_R4纠偏_Phase2_RG92_v1.0.zip; 红楼梦探佚_全量文档体系_重整版_v4.2.zip,REVIEW,review.r4_literary_experiment,data/review/r4_experiments.yaml + data/plocks/r4_literary.yaml,IMPORT_EXPERIMENT_FIXTURE,PARTIAL,P1,AUDIT,NO,A/B/C竞争及淘汰理由；赢家P-Lock可迁，候选正文作fixture。,红楼梦探佚_R4纠偏_Phase2_RG92_v1.0/R4_遗留问题总台账_v1.1_Phase2同步.md | 红楼梦探佚_全量文档体系_重整版_v4.2/10_R4全链审计与纠偏全过程/03_R4_纠偏治理_OPEN_状态清扫/R4_遗留问题总台账_v1.1_Phase2同步.md | R4_遗留问题总台账_v1.1_Phase2同步.md
b424c0187791c1f87664a9a0fd663811ab9e84cf15662edc2e8002e12ffe2d05,红楼梦探佚_R4纠偏_Phase2_RG92_v1.0.zip,红楼梦探佚_R4纠偏_Phase2_RG92_v1.0/SHA256_Phase2_RG92.md,SHA256_Phase2_RG92.md,860,1,红楼梦探佚_R4纠偏_Phase2_RG92_v1.0.zip,REVIEW,review.r4_literary_experiment,data/review/r4_experiments.yaml + data/plocks/r4_literary.yaml,IMPORT_EXPERIMENT_FIXTURE,PARTIAL,P1,AUDIT,NO,A/B/C竞争及淘汰理由；赢家P-Lock可迁，候选正文作fixture。,红楼梦探佚_R4纠偏_Phase2_RG92_v1.0/SHA256_Phase2_RG92.md
a9ac094dd27ffaa768a4baea9dd0e6a1ab8cae90ef6ebfa694d1fa3c44efadab,红楼梦探佚_R4纠偏_Phase3_RG97_v1.0.zip,红楼梦探佚_R4纠偏_Phase3_RG97_v1.0/00_当前操作链索引_R4G_REOPENED_v1.2_Phase3完成.md,00_当前操作链索引_R4G_REOPENED_v1.2_Phase3完成.md,433,1,红楼梦探佚_R4纠偏_Phase3_RG97_v1.0.zip,GOVERNANCE,governance.project_state,data/registry/releases.yaml + config/project_state.yaml,STRUCTURE_PROJECT_STATE,PARTIAL,P2,SUPERSEDED,NO,项目状态/版本纪律；只提取当前有效规则，旧版保留谱系。,红楼梦探佚_R4纠偏_Phase3_RG97_v1.0/00_当前操作链索引_R4G_REOPENED_v1.2_Phase3完成.md
cf237666db3d817c66145457aad7ba002ee2ab5b9f566adb5ab039ae9cf1e11a,红楼梦探佚_R4纠偏_Phase3_RG97_v1.0.zip,红楼梦探佚_R4纠偏_Phase3_RG97_v1.0/R4-G_Phase3_RG-97-01_妙玉压缩实验_v1.0_FINAL_REVISE-B.md,R4-G_Phase3_RG-97-01_妙玉压缩实验_v1.0_FINAL_REVISE-B.md,4894,1,红楼梦探佚_R4纠偏_Phase3_RG97_v1.0.zip,REVIEW,review.r4_literary_experiment,data/review/r4_experiments.yaml + data/plocks/r4_literary.yaml,IMPORT_EXPERIMENT_FIXTURE,PARTIAL,P1,AUDIT,NO,A/B/C竞争及淘汰理由；赢家P-Lock可迁，候选正文作fixture。,红楼梦探佚_R4纠偏_Phase3_RG97_v1.0/R4-G_Phase3_RG-97-01_妙玉压缩实验_v1.0_FINAL_REVISE-B.md
f53700d8659d6202ba1a3742d0781ed9395c03a918b10b2debb584741242e6ef,红楼梦探佚_全量文档体系_重整版_v4.2.zip,红楼梦探佚_全量文档体系_重整版_v4.2/10_R4全链审计与纠偏全过程/02_R4-G_文学实验/R4-G_Phase3_妙玉段功能拆分_v1.0.md,R4-G_Phase3_妙玉段功能拆分_v1.0.md,1254,3,当前工作区散件; 红楼梦探佚_R4纠偏_Phase3_RG97_v1.0.zip; 红楼梦探佚_全量文档体系_重整版_v4.2.zip,REVIEW,review.r4_literary_experiment,data/review/r4_experiments.yaml + data/plocks/r4_literary.yaml,IMPORT_EXPERIMENT_FIXTURE,PARTIAL,P1,AUDIT,NO,A/B/C竞争及淘汰理由；赢家P-Lock可迁，候选正文作fixture。,红楼梦探佚_R4纠偏_Phase3_RG97_v1.0/R4-G_Phase3_妙玉段功能拆分_v1.0.md | 红楼梦探佚_全量文档体系_重整版_v4.2/10_R4全链审计与纠偏全过程/02_R4-G_文学实验/R4-G_Phase3_妙玉段功能拆分_v1.0.md | R4-G_Phase3_妙玉段功能拆分_v1.0.md
315c0f36b16a0b4816a20edc282caf60a4aca2da5aa4e728ae84d0837d5eea33,红楼梦探佚_全量文档体系_重整版_v4.2.zip,红楼梦探佚_全量文档体系_重整版_v4.2/10_R4全链审计与纠偏全过程/02_R4-G_文学实验/R4-G_Phase3_第97_A_当前基线.md,R4-G_Phase3_第97_A_当前基线.md,28819,4,当前工作区散件; 红楼梦探佚_R4纠偏_Phase3_RG97_v1.0.zip; 红楼梦探佚_R4纠偏_Phase3_RG97_v1.1.zip; 红楼梦探佚_全量文档体系_重整版_v4.2.zip,REVIEW,review.r4_literary_experiment,data/review/r4_experiments.yaml + data/plocks/r4_literary.yaml,IMPORT_EXPERIMENT_FIXTURE,PARTIAL,P1,AUDIT,NO,A/B/C竞争及淘汰理由；赢家P-Lock可迁，候选正文作fixture。,红楼梦探佚_R4纠偏_Phase3_RG97_v1.0/R4-G_Phase3_第97_A_当前基线.md | 红楼梦探佚_R4纠偏_Phase3_RG97_v1.1/R4-G_Phase3_第97_A_当前基线.md | 红楼梦探佚_全量文档体系_重整版_v4.2/10_R4全链审计与纠偏全过程/02_R4-G_文学实验/R4-G_Phase3_第97_A_当前基线.md | R4-G_Phase3_第97_A_当前基线.md
c6e838c5113f3a7ec4ad581870240867e9eab3d9a26e058aa2b6210fa2585443,红楼梦探佚_R4纠偏_Phase3_RG97_v1.0.zip,红楼梦探佚_R4纠偏_Phase3_RG97_v1.0/R4-G_Phase3_第97_B_妙玉轻压版.md,R4-G_Phase3_第97_B_妙玉轻压版.md,23499,1,红楼梦探佚_R4纠偏_Phase3_RG97_v1.0.zip,REVIEW,review.r4_literary_experiment,data/review/r4_experiments.yaml + data/plocks/r4_literary.yaml,IMPORT_EXPERIMENT_FIXTURE,PARTIAL,P1,AUDIT,NO,A/B/C竞争及淘汰理由；赢家P-Lock可迁，候选正文作fixture。,红楼梦探佚_R4纠偏_Phase3_RG97_v1.0/R4-G_Phase3_第97_B_妙玉轻压版.md
fed05a049d5d45da6799ec3aa7697ab957a7d5fac5592c720edf610e72a42460,红楼梦探佚_R4纠偏_Phase3_RG97_v1.0.zip,红楼梦探佚_R4纠偏_Phase3_RG97_v1.0/R4-G_Phase3_第97_C_妙玉中压版.md,R4-G_Phase3_第97_C_妙玉中压版.md,21608,1,红楼梦探佚_R4纠偏_Phase3_RG97_v1.0.zip,REVIEW,review.r4_literary_experiment,data/review/r4_experiments.yaml + data/plocks/r4_literary.yaml,IMPORT_EXPERIMENT_FIXTURE,PARTIAL,P1,AUDIT,NO,A/B/C竞争及淘汰理由；赢家P-Lock可迁，候选正文作fixture。,红楼梦探佚_R4纠偏_Phase3_RG97_v1.0/R4-G_Phase3_第97_C_妙玉中压版.md
55136d9db20a60e0e3adf2ccd9460dbc8fe72b516fcb12c3e86ba3c27d8d3173,红楼梦探佚_R4纠偏_Phase3_RG97_v1.0.zip,红楼梦探佚_R4纠偏_Phase3_RG97_v1.0/R4_遗留问题总台账_v1.2_Phase3同步.csv,R4_遗留问题总台账_v1.2_Phase3同步.csv,10879,1,红楼梦探佚_R4纠偏_Phase3_RG97_v1.0.zip,REVIEW,review.r4_literary_experiment,data/review/r4_experiments.yaml + data/plocks/r4_literary.yaml,IMPORT_EXPERIMENT_FIXTURE,PARTIAL,P1,AUDIT,NO,A/B/C竞争及淘汰理由；赢家P-Lock可迁，候选正文作fixture。,红楼梦探佚_R4纠偏_Phase3_RG97_v1.0/R4_遗留问题总台账_v1.2_Phase3同步.csv
32ff8e43ce50b97fe92fb122cabcc58f96cef9149ff8b75ec374409195838397,红楼梦探佚_R4纠偏_Phase3_RG97_v1.0.zip,红楼梦探佚_R4纠偏_Phase3_RG97_v1.0/R4_遗留问题总台账_v1.2_Phase3同步.md,R4_遗留问题总台账_v1.2_Phase3同步.md,824,1,红楼梦探佚_R4纠偏_Phase3_RG97_v1.0.zip,REVIEW,review.r4_literary_experiment,data/review/r4_experiments.yaml + data/plocks/r4_literary.yaml,IMPORT_EXPERIMENT_FIXTURE,PARTIAL,P1,AUDIT,NO,A/B/C竞争及淘汰理由；赢家P-Lock可迁，候选正文作fixture。,红楼梦探佚_R4纠偏_Phase3_RG97_v1.0/R4_遗留问题总台账_v1.2_Phase3同步.md
82b1d5c358bd68078fb5fe4e522809002c9a7c74e23d7dfbbd47e42c215f9dee,红楼梦探佚_R4纠偏_Phase3_RG97_v1.0.zip,红楼梦探佚_R4纠偏_Phase3_RG97_v1.0/SHA256_Phase3_RG97.md,SHA256_Phase3_RG97.md,972,1,红楼梦探佚_R4纠偏_Phase3_RG97_v1.0.zip,REVIEW,review.r4_literary_experiment,data/review/r4_experiments.yaml + data/plocks/r4_literary.yaml,IMPORT_EXPERIMENT_FIXTURE,PARTIAL,P1,AUDIT,NO,A/B/C竞争及淘汰理由；赢家P-Lock可迁，候选正文作fixture。,红楼梦探佚_R4纠偏_Phase3_RG97_v1.0/SHA256_Phase3_RG97.md
9f4c663af8956cbb53b2556830f6e813d308427b6851ed6d934f769b2fcc5cf0,红楼梦探佚_全量文档体系_重整版_v4.2.zip,红楼梦探佚_全量文档体系_重整版_v4.2/10_R4全链审计与纠偏全过程/05_R4中间版本链_只读/00_当前操作链索引_R4G_REOPENED_v1.2_Phase3完成.md,00_当前操作链索引_R4G_REOPENED_v1.2_Phase3完成.md,414,3,当前工作区散件; 红楼梦探佚_R4纠偏_Phase3_RG97_v1.1.zip; 红楼梦探佚_全量文档体系_重整版_v4.2.zip,GOVERNANCE,governance.project_state,data/registry/releases.yaml + config/project_state.yaml,STRUCTURE_PROJECT_STATE,PARTIAL,P2,HISTORICAL,NO,项目状态/版本纪律；只提取当前有效规则，旧版保留谱系。,红楼梦探佚_R4纠偏_Phase3_RG97_v1.1/00_当前操作链索引_R4G_REOPENED_v1.2_Phase3完成.md | 红楼梦探佚_全量文档体系_重整版_v4.2/10_R4全链审计与纠偏全过程/05_R4中间版本链_只读/00_当前操作链索引_R4G_REOPENED_v1.2_Phase3完成.md | 00_当前操作链索引_R4G_REOPENED_v1.2_Phase3完成.md
4cca387bea616dd0ab9206f3ceb9e5c93b0b76af859585003ccbf80697226b24,红楼梦探佚_全量文档体系_重整版_v4.2.zip,红楼梦探佚_全量文档体系_重整版_v4.2/10_R4全链审计与纠偏全过程/02_R4-G_文学实验/R4-G_Phase3_RG-97-01_妙玉压缩实验_v1.1_FINAL_REVISE-B.md,R4-G_Phase3_RG-97-01_妙玉压缩实验_v1.1_FINAL_REVISE-B.md,5237,5,当前工作区散件; 红楼梦探佚_R4纠偏_Phase3_RG97_v1.1.zip; 红楼梦探佚_R4纠偏_Phase6_CURRENT_v1.0.zip; 红楼梦探佚_R4纠偏_Phase6_CURRENT_v1.1.zip; 红楼梦探佚_全量文档体系_重整版_v4.2.zip,REVIEW,review.r4_literary_experiment,data/review/r4_experiments.yaml + data/plocks/r4_literary.yaml,IMPORT_EXPERIMENT_FIXTURE,PARTIAL,P1,AUDIT,NO,A/B/C竞争及淘汰理由；赢家P-Lock可迁，候选正文作fixture。,红楼梦探佚_R4纠偏_Phase3_RG97_v1.1/R4-G_Phase3_RG-97-01_妙玉压缩实验_v1.1_FINAL_REVISE-B.md | 红楼梦探佚_R4纠偏_Phase6_CURRENT_v1.0/R4-G_Phase3_RG-97-01_妙玉压缩实验_v1.1_FINAL_REVISE-B.md | 红楼梦探佚_R4纠偏_Phase6_CURRENT_v1.0/R4-G_Phase3_RG-97-01_妙玉压缩实验_v1.1_FINAL_REVISE-B.md | 红楼梦探佚_全量文档体系_重整版_v4.2/10_R4全链审计与纠偏全过程/02_R4-G_文学实验/R4-G_Phase3_RG-97-01_妙玉压缩实验_v1.1_FINAL_REVISE-B.md | R4-G_Phase3_RG-97-01_妙玉压缩实验_v1.1_FINAL_REVISE-B.md
bd685112a6255b7438c146e95732a1f506bdf9220883e8e6ca0f7e42341efeee,红楼梦探佚_全量文档体系_重整版_v4.2.zip,红楼梦探佚_全量文档体系_重整版_v4.2/10_R4全链审计与纠偏全过程/02_R4-G_文学实验/R4-G_Phase3_妙玉段功能拆分_v1.1.md,R4-G_Phase3_妙玉段功能拆分_v1.1.md,1041,3,当前工作区散件; 红楼梦探佚_R4纠偏_Phase3_RG97_v1.1.zip; 红楼梦探佚_全量文档体系_重整版_v4.2.zip,REVIEW,review.r4_literary_experiment,data/review/r4_experiments.yaml + data/plocks/r4_literary.yaml,IMPORT_EXPERIMENT_FIXTURE,PARTIAL,P1,AUDIT,NO,A/B/C竞争及淘汰理由；赢家P-Lock可迁，候选正文作fixture。,红楼梦探佚_R4纠偏_Phase3_RG97_v1.1/R4-G_Phase3_妙玉段功能拆分_v1.1.md | 红楼梦探佚_全量文档体系_重整版_v4.2/10_R4全链审计与纠偏全过程/02_R4-G_文学实验/R4-G_Phase3_妙玉段功能拆分_v1.1.md | R4-G_Phase3_妙玉段功能拆分_v1.1.md
107553c7f50f37f051827a3d1b0aa284d446dcf0bf99fcc8c84037f9e60dc041,红楼梦探佚_全量文档体系_重整版_v4.2.zip,红楼梦探佚_全量文档体系_重整版_v4.2/10_R4全链审计与纠偏全过程/02_R4-G_文学实验/R4-G_Phase3_第97_B_妙玉轻压版.md,R4-G_Phase3_第97_B_妙玉轻压版.md,27766,5,当前工作区散件; 红楼梦探佚_R4纠偏_Phase3_RG97_v1.1.zip; 红楼梦探佚_R4纠偏_Phase6_CURRENT_v1.0.zip; 红楼梦探佚_R4纠偏_Phase6_CURRENT_v1.1.zip; 红楼梦探佚_全量文档体系_重整版_v4.2.zip,REVIEW,review.r4_literary_experiment,data/review/r4_experiments.yaml + data/plocks/r4_literary.yaml,IMPORT_EXPERIMENT_FIXTURE,PARTIAL,P1,AUDIT,NO,A/B/C竞争及淘汰理由；赢家P-Lock可迁，候选正文作fixture。,红楼梦探佚_R4纠偏_Phase3_RG97_v1.1/R4-G_Phase3_第97_B_妙玉轻压版.md | 红楼梦探佚_R4纠偏_Phase6_CURRENT_v1.0/R4-G_Phase3_第97_B_妙玉轻压版.md | 红楼梦探佚_R4纠偏_Phase6_CURRENT_v1.0/R4-G_Phase3_第97_B_妙玉轻压版.md | 红楼梦探佚_全量文档体系_重整版_v4.2/10_R4全链审计与纠偏全过程/02_R4-G_文学实验/R4-G_Phase3_第97_B_妙玉轻压版.md | R4-G_Phase3_第97_B_妙玉轻压版.md
56cbfe9c233bb62eed42587950c35c74f24a1254028652441aca9f318c79da39,红楼梦探佚_全量文档体系_重整版_v4.2.zip,红楼梦探佚_全量文档体系_重整版_v4.2/10_R4全链审计与纠偏全过程/02_R4-G_文学实验/R4-G_Phase3_第97_C_妙玉中压版.md,R4-G_Phase3_第97_C_妙玉中压版.md,26834,3,当前工作区散件; 红楼梦探佚_R4纠偏_Phase3_RG97_v1.1.zip; 红楼梦探佚_全量文档体系_重整版_v4.2.zip,REVIEW,review.r4_literary_experiment,data/review/r4_experiments.yaml + data/plocks/r4_literary.yaml,IMPORT_EXPERIMENT_FIXTURE,PARTIAL,P1,AUDIT,NO,A/B/C竞争及淘汰理由；赢家P-Lock可迁，候选正文作fixture。,红楼梦探佚_R4纠偏_Phase3_RG97_v1.1/R4-G_Phase3_第97_C_妙玉中压版.md | 红楼梦探佚_全量文档体系_重整版_v4.2/10_R4全链审计与纠偏全过程/02_R4-G_文学实验/R4-G_Phase3_第97_C_妙玉中压版.md | R4-G_Phase3_第97_C_妙玉中压版.md
e997078b282a64b8d0291e3d9b41352e35db03dcb9159601832f865298247cef,红楼梦探佚_全量文档体系_重整版_v4.2.zip,红楼梦探佚_全量文档体系_重整版_v4.2/10_R4全链审计与纠偏全过程/03_R4_纠偏治理_OPEN_状态清扫/R4_遗留问题总台账_v1.2_Phase3同步.csv,R4_遗留问题总台账_v1.2_Phase3同步.csv,10875,3,当前工作区散件; 红楼梦探佚_R4纠偏_Phase3_RG97_v1.1.zip; 红楼梦探佚_全量文档体系_重整版_v4.2.zip,REVIEW,review.r4_literary_experiment,data/review/r4_experiments.yaml + data/plocks/r4_literary.yaml,IMPORT_EXPERIMENT_FIXTURE,PARTIAL,P1,AUDIT,NO,A/B/C竞争及淘汰理由；赢家P-Lock可迁，候选正文作fixture。,红楼梦探佚_R4纠偏_Phase3_RG97_v1.1/R4_遗留问题总台账_v1.2_Phase3同步.csv | 红楼梦探佚_全量文档体系_重整版_v4.2/10_R4全链审计与纠偏全过程/03_R4_纠偏治理_OPEN_状态清扫/R4_遗留问题总台账_v1.2_Phase3同步.csv | R4_遗留问题总台账_v1.2_Phase3同步.csv
1cc0a6c9abd08b698114e2d5400c9ce45cda984b2992c13af4758f2b0f37f0b8,红楼梦探佚_全量文档体系_重整版_v4.2.zip,红楼梦探佚_全量文档体系_重整版_v4.2/10_R4全链审计与纠偏全过程/03_R4_纠偏治理_OPEN_状态清扫/R4_遗留问题总台账_v1.2_Phase3同步.md,R4_遗留问题总台账_v1.2_Phase3同步.md,717,3,当前工作区散件; 红楼梦探佚_R4纠偏_Phase3_RG97_v1.1.zip; 红楼梦探佚_全量文档体系_重整版_v4.2.zip,REVIEW,review.r4_literary_experiment,data/review/r4_experiments.yaml + data/plocks/r4_literary.yaml,IMPORT_EXPERIMENT_FIXTURE,PARTIAL,P1,AUDIT,NO,A/B/C竞争及淘汰理由；赢家P-Lock可迁，候选正文作fixture。,红楼梦探佚_R4纠偏_Phase3_RG97_v1.1/R4_遗留问题总台账_v1.2_Phase3同步.md | 红楼梦探佚_全量文档体系_重整版_v4.2/10_R4全链审计与纠偏全过程/03_R4_纠偏治理_OPEN_状态清扫/R4_遗留问题总台账_v1.2_Phase3同步.md | R4_遗留问题总台账_v1.2_Phase3同步.md
ef410621f8b8ee338ae6d13d27504b67d1c1bcf616377c413a374cebfb05359f,红楼梦探佚_R4纠偏_Phase3_RG97_v1.1.zip,红楼梦探佚_R4纠偏_Phase3_RG97_v1.1/SHA256_Phase3_RG97_v1.1.md,SHA256_Phase3_RG97_v1.1.md,977,1,红楼梦探佚_R4纠偏_Phase3_RG97_v1.1.zip,REVIEW,review.r4_literary_experiment,data/review/r4_experiments.yaml + data/plocks/r4_literary.yaml,IMPORT_EXPERIMENT_FIXTURE,PARTIAL,P1,AUDIT,NO,A/B/C竞争及淘汰理由；赢家P-Lock可迁，候选正文作fixture。,红楼梦探佚_R4纠偏_Phase3_RG97_v1.1/SHA256_Phase3_RG97_v1.1.md
bfcfdb4eca178e5b685ec6d4fea04c737687a187124aaf537f0e0eb54b1d05d9,红楼梦探佚_全量文档体系_重整版_v4.2.zip,红楼梦探佚_全量文档体系_重整版_v4.2/10_R4全链审计与纠偏全过程/05_R4中间版本链_只读/00_当前操作链索引_R4G_REOPENED_v1.3_Phase4完成.md,00_当前操作链索引_R4G_REOPENED_v1.3_Phase4完成.md,645,3,当前工作区散件; 红楼梦探佚_R4纠偏_Phase4_RG100_v1.0.zip; 红楼梦探佚_全量文档体系_重整版_v4.2.zip,GOVERNANCE,governance.project_state,data/registry/releases.yaml + config/project_state.yaml,STRUCTURE_PROJECT_STATE,PARTIAL,P2,HISTORICAL,NO,项目状态/版本纪律；只提取当前有效规则，旧版保留谱系。,红楼梦探佚_R4纠偏_Phase4_RG100_v1.0/00_当前操作链索引_R4G_REOPENED_v1.3_Phase4完成.md | 红楼梦探佚_全量文档体系_重整版_v4.2/10_R4全链审计与纠偏全过程/05_R4中间版本链_只读/00_当前操作链索引_R4G_REOPENED_v1.3_Phase4完成.md | 00_当前操作链索引_R4G_REOPENED_v1.3_Phase4完成.md
a2f7a571af7ffd541f2541e16278729cb1345df77f3c27ce8e3d57afa4992795,红楼梦探佚_全量文档体系_重整版_v4.2.zip,红楼梦探佚_全量文档体系_重整版_v4.2/10_R4全链审计与纠偏全过程/02_R4-G_文学实验/R4-G_Phase4_RG-100-01_长中短尾竞争_v1.0_FINAL_REVISE-B.md,R4-G_Phase4_RG-100-01_长中短尾竞争_v1.0_FINAL_REVISE-B.md,4902,5,当前工作区散件; 红楼梦探佚_R4纠偏_Phase4_RG100_v1.0.zip; 红楼梦探佚_R4纠偏_Phase6_CURRENT_v1.0.zip; 红楼梦探佚_R4纠偏_Phase6_CURRENT_v1.1.zip; 红楼梦探佚_全量文档体系_重整版_v4.2.zip,REVIEW,review.r4_literary_experiment,data/review/r4_experiments.yaml + data/plocks/r4_literary.yaml,IMPORT_EXPERIMENT_FIXTURE,PARTIAL,P1,AUDIT,NO,A/B/C竞争及淘汰理由；赢家P-Lock可迁，候选正文作fixture。,红楼梦探佚_R4纠偏_Phase4_RG100_v1.0/R4-G_Phase4_RG-100-01_长中短尾竞争_v1.0_FINAL_REVISE-B.md | 红楼梦探佚_R4纠偏_Phase6_CURRENT_v1.0/R4-G_Phase4_RG-100-01_长中短尾竞争_v1.0_FINAL_REVISE-B.md | 红楼梦探佚_R4纠偏_Phase6_CURRENT_v1.0/R4-G_Phase4_RG-100-01_长中短尾竞争_v1.0_FINAL_REVISE-B.md | 红楼梦探佚_全量文档体系_重整版_v4.2/10_R4全链审计与纠偏全过程/02_R4-G_文学实验/R4-G_Phase4_RG-100-01_长中短尾竞争_v1.0_FINAL_REVISE-B.md | R4-G_Phase4_RG-100-01_长中短尾竞争_v1.0_FINAL_REVISE-B.md
1f82b209658b3308ae00433f60151a386f71c32eaf69e99a36b47d971ef6c70f,红楼梦探佚_全量文档体系_重整版_v4.2.zip,红楼梦探佚_全量文档体系_重整版_v4.2/10_R4全链审计与纠偏全过程/02_R4-G_文学实验/R4-G_Phase4_第100_A_当前长尾版.md,R4-G_Phase4_第100_A_当前长尾版.md,29080,3,当前工作区散件; 红楼梦探佚_R4纠偏_Phase4_RG100_v1.0.zip; 红楼梦探佚_全量文档体系_重整版_v4.2.zip,REVIEW,review.r4_literary_experiment,data/review/r4_experiments.yaml + data/plocks/r4_literary.yaml,IMPORT_EXPERIMENT_FIXTURE,PARTIAL,P1,AUDIT,NO,A/B/C竞争及淘汰理由；赢家P-Lock可迁，候选正文作fixture。,红楼梦探佚_R4纠偏_Phase4_RG100_v1.0/R4-G_Phase4_第100_A_当前长尾版.md | 红楼梦探佚_全量文档体系_重整版_v4.2/10_R4全链审计与纠偏全过程/02_R4-G_文学实验/R4-G_Phase4_第100_A_当前长尾版.md | R4-G_Phase4_第100_A_当前长尾版.md
99a86508d2b8d34421b35839e617eb643466c3ad31d6c81a3c21bbbe7e35fb46,红楼梦探佚_全量文档体系_重整版_v4.2.zip,红楼梦探佚_全量文档体系_重整版_v4.2/10_R4全链审计与纠偏全过程/02_R4-G_文学实验/R4-G_Phase4_第100_B_中压尾版.md,R4-G_Phase4_第100_B_中压尾版.md,27616,5,当前工作区散件; 红楼梦探佚_R4纠偏_Phase4_RG100_v1.0.zip; 红楼梦探佚_R4纠偏_Phase6_CURRENT_v1.0.zip; 红楼梦探佚_R4纠偏_Phase6_CURRENT_v1.1.zip; 红楼梦探佚_全量文档体系_重整版_v4.2.zip,REVIEW,review.r4_literary_experiment,data/review/r4_experiments.yaml + data/plocks/r4_literary.yaml,IMPORT_EXPERIMENT_FIXTURE,PARTIAL,P1,AUDIT,NO,A/B/C竞争及淘汰理由；赢家P-Lock可迁，候选正文作fixture。,红楼梦探佚_R4纠偏_Phase4_RG100_v1.0/R4-G_Phase4_第100_B_中压尾版.md | 红楼梦探佚_R4纠偏_Phase6_CURRENT_v1.0/R4-G_Phase4_第100_B_中压尾版.md | 红楼梦探佚_R4纠偏_Phase6_CURRENT_v1.0/R4-G_Phase4_第100_B_中压尾版.md | 红楼梦探佚_全量文档体系_重整版_v4.2/10_R4全链审计与纠偏全过程/02_R4-G_文学实验/R4-G_Phase4_第100_B_中压尾版.md | R4-G_Phase4_第100_B_中压尾版.md
45a63b0cc2353af0edf4f1b7a37743e50b06036cf1f6a462e1dc7565759d1fd6,红楼梦探佚_全量文档体系_重整版_v4.2.zip,红楼梦探佚_全量文档体系_重整版_v4.2/10_R4全链审计与纠偏全过程/02_R4-G_文学实验/R4-G_Phase4_第100_C_短尾版.md,R4-G_Phase4_第100_C_短尾版.md,26429,3,当前工作区散件; 红楼梦探佚_R4纠偏_Phase4_RG100_v1.0.zip; 红楼梦探佚_全量文档体系_重整版_v4.2.zip,REVIEW,review.r4_literary_experiment,data/review/r4_experiments.yaml + data/plocks/r4_literary.yaml,IMPORT_EXPERIMENT_FIXTURE,PARTIAL,P1,AUDIT,NO,A/B/C竞争及淘汰理由；赢家P-Lock可迁，候选正文作fixture。,红楼梦探佚_R4纠偏_Phase4_RG100_v1.0/R4-G_Phase4_第100_C_短尾版.md | 红楼梦探佚_全量文档体系_重整版_v4.2/10_R4全链审计与纠偏全过程/02_R4-G_文学实验/R4-G_Phase4_第100_C_短尾版.md | R4-G_Phase4_第100_C_短尾版.md
e29b44ea9792d0588d8a3923a7e9406fce97c6105b1ea4de2a79e025883154dd,红楼梦探佚_全量文档体系_重整版_v4.2.zip,红楼梦探佚_全量文档体系_重整版_v4.2/10_R4全链审计与纠偏全过程/03_R4_纠偏治理_OPEN_状态清扫/R4_遗留问题总台账_v1.3_Phase4同步.csv,R4_遗留问题总台账_v1.3_Phase4同步.csv,10981,3,当前工作区散件; 红楼梦探佚_R4纠偏_Phase4_RG100_v1.0.zip; 红楼梦探佚_全量文档体系_重整版_v4.2.zip,REVIEW,review.r4_literary_experiment,data/review/r4_experiments.yaml + data/plocks/r4_literary.yaml,IMPORT_EXPERIMENT_FIXTURE,PARTIAL,P1,AUDIT,NO,A/B/C竞争及淘汰理由；赢家P-Lock可迁，候选正文作fixture。,红楼梦探佚_R4纠偏_Phase4_RG100_v1.0/R4_遗留问题总台账_v1.3_Phase4同步.csv | 红楼梦探佚_全量文档体系_重整版_v4.2/10_R4全链审计与纠偏全过程/03_R4_纠偏治理_OPEN_状态清扫/R4_遗留问题总台账_v1.3_Phase4同步.csv | R4_遗留问题总台账_v1.3_Phase4同步.csv
c2ed5d1e9a45393848d5debc90e8d308b20b4fa34a2f8caa6436fafe427c598a,红楼梦探佚_全量文档体系_重整版_v4.2.zip,红楼梦探佚_全量文档体系_重整版_v4.2/10_R4全链审计与纠偏全过程/03_R4_纠偏治理_OPEN_状态清扫/R4_遗留问题总台账_v1.3_Phase4同步.md,R4_遗留问题总台账_v1.3_Phase4同步.md,752,3,当前工作区散件; 红楼梦探佚_R4纠偏_Phase4_RG100_v1.0.zip; 红楼梦探佚_全量文档体系_重整版_v4.2.zip,REVIEW,review.r4_literary_experiment,data/review/r4_experiments.yaml + data/plocks/r4_literary.yaml,IMPORT_EXPERIMENT_FIXTURE,PARTIAL,P1,AUDIT,NO,A/B/C竞争及淘汰理由；赢家P-Lock可迁，候选正文作fixture。,红楼梦探佚_R4纠偏_Phase4_RG100_v1.0/R4_遗留问题总台账_v1.3_Phase4同步.md | 红楼梦探佚_全量文档体系_重整版_v4.2/10_R4全链审计与纠偏全过程/03_R4_纠偏治理_OPEN_状态清扫/R4_遗留问题总台账_v1.3_Phase4同步.md | R4_遗留问题总台账_v1.3_Phase4同步.md
a862dc2638b9a65d9fc0e975339b10aac4d2ae2bd90e4c3ef0fb9728878580f1,红楼梦探佚_R4纠偏_Phase4_RG100_v1.0.zip,红楼梦探佚_R4纠偏_Phase4_RG100_v1.0/SHA256_Phase4_RG100.md,SHA256_Phase4_RG100.md,857,1,红楼梦探佚_R4纠偏_Phase4_RG100_v1.0.zip,REVIEW,review.r4_literary_experiment,data/review/r4_experiments.yaml + data/plocks/r4_literary.yaml,IMPORT_EXPERIMENT_FIXTURE,PARTIAL,P1,AUDIT,NO,A/B/C竞争及淘汰理由；赢家P-Lock可迁，候选正文作fixture。,红楼梦探佚_R4纠偏_Phase4_RG100_v1.0/SHA256_Phase4_RG100.md
24c4c617c647db7740e29cfc2bb6c2e7776d93ed963ae7d4411eed75bd0d2bf8,红楼梦探佚_全量文档体系_重整版_v4.2.zip,红楼梦探佚_全量文档体系_重整版_v4.2/10_R4全链审计与纠偏全过程/05_R4中间版本链_只读/00_当前操作链索引_R4G_REOPENED_v1.4_Phase5完成.md,00_当前操作链索引_R4G_REOPENED_v1.4_Phase5完成.md,612,3,当前工作区散件; 红楼梦探佚_R4纠偏_Phase5_OPENLOCK_v1.0.zip; 红楼梦探佚_全量文档体系_重整版_v4.2.zip,GOVERNANCE,governance.project_state,data/registry/releases.yaml + config/project_state.yaml,STRUCTURE_PROJECT_STATE,PARTIAL,P2,HISTORICAL,NO,项目状态/版本纪律；只提取当前有效规则，旧版保留谱系。,红楼梦探佚_R4纠偏_Phase5_OPENLOCK_v1.0/00_当前操作链索引_R4G_REOPENED_v1.4_Phase5完成.md | 红楼梦探佚_全量文档体系_重整版_v4.2/10_R4全链审计与纠偏全过程/05_R4中间版本链_只读/00_当前操作链索引_R4G_REOPENED_v1.4_Phase5完成.md | 00_当前操作链索引_R4G_REOPENED_v1.4_Phase5完成.md
94328cfc12eac812304990578745dd74b1aad710c8a00759299ce78a585c3f4f,红楼梦探佚_稳定ACTIVE过程文档体系_v4.1.zip,红楼梦探佚_稳定ACTIVE过程文档体系_v4.1/02_证据与边界/81—100_OPEN接口冻结表_v1.0.md,81—100_OPEN接口冻结表_v1.0.md,10177,13,当前工作区散件; 红楼梦探佚_R4纠偏_Phase5_OPENLOCK_v1.0.zip; 红楼梦探佚_R4纠偏_Phase6_CURRENT_v1.0.zip; 红楼梦探佚_R4纠偏_Phase6_CURRENT_v1.1.zip; 红楼梦探佚_R4纠偏_Phase7_R4FRegression_v1.0.zip; 红楼梦探佚_R4纠偏_Phase7_R4FRegression_v1.1.zip; 红楼梦探佚_R4纠偏_Phase7_R4FRegression_v1.2_FINAL.zip; 红楼梦探佚_R4纠偏_Phase8_R4G_FINAL_v2.0.zip; 红楼梦探佚_全量文档体系_重整版_v4.2.zip; 红楼梦探佚_稳定ACTIVE过程文档体系_v4.1.zip,LOCK,lock.open_interface,data/open_interfaces/r4_open.yaml,VERIFY_OR_IMPORT_OPEN_LOCK,FULL,P0,CURRENT,YES,R4 28项OPEN-LOCK当前边界。,红楼梦探佚_R4纠偏_Phase5_OPENLOCK_v1.0/81—100_OPEN接口冻结表_v1.0.md | 红楼梦探佚_R4纠偏_Phase6_CURRENT_v1.0/81—100_OPEN接口冻结表_v1.0.md | 红楼梦探佚_R4纠偏_Phase6_CURRENT_v1.0/81—100_OPEN接口冻结表_v1.0.md | 红楼梦探佚_R4纠偏_Phase7_R4FRegression_v1.0/81—100_OPEN接口冻结表_v1.0.md | 红楼梦探佚_R4纠偏_Phase7_R4FRegression_v1.1/81—100_OPEN接口冻结表_v1.0.md | 红楼梦探佚_R4纠偏_Phase7_R4FRegression_v1.2_FINAL/81—100_OPEN接口冻结表_v1.0.md | 红楼梦探佚_R4纠偏_Phase8_R4G_FINAL_v2.0/81—100_OPEN接口冻结表_v1.0.md | 红楼梦探佚_全量文档体系_重整版_v4.2/01_CURRENT_ACTIVE_v4.1/02_证据与边界/81—100_OPEN接口冻结表_v1.0.md | ...(+5)
324c8bfbc5f590253cc66155c02784cee69f7af047f2994fc3f05e8746d60a1b,红楼梦探佚_稳定ACTIVE过程文档体系_v4.1.zip,红楼梦探佚_稳定ACTIVE过程文档体系_v4.1/02_证据与边界/R4_OPEN-LOCK治理规范_v1.0.md,R4_OPEN-LOCK治理规范_v1.0.md,1826,9,当前工作区散件; 红楼梦探佚_R4纠偏_Phase5_OPENLOCK_v1.0.zip; 红楼梦探佚_R4纠偏_Phase6_CURRENT_v1.0.zip; 红楼梦探佚_R4纠偏_Phase6_CURRENT_v1.1.zip; 红楼梦探佚_全量文档体系_重整版_v4.2.zip; 红楼梦探佚_稳定ACTIVE过程文档体系_v4.1.zip,LOCK,lock.open_interface,data/open_interfaces/r4_open.yaml,VERIFY_OR_IMPORT_OPEN_LOCK,FULL,P0,CURRENT,YES,R4 28项OPEN-LOCK当前边界。,红楼梦探佚_R4纠偏_Phase5_OPENLOCK_v1.0/R4_OPEN-LOCK治理规范_v1.0.md | 红楼梦探佚_R4纠偏_Phase6_CURRENT_v1.0/R4_OPEN-LOCK治理规范_v1.0.md | 红楼梦探佚_R4纠偏_Phase6_CURRENT_v1.0/R4_OPEN-LOCK治理规范_v1.0.md | 红楼梦探佚_全量文档体系_重整版_v4.2/01_CURRENT_ACTIVE_v4.1/02_证据与边界/R4_OPEN-LOCK治理规范_v1.0.md | 红楼梦探佚_全量文档体系_重整版_v4.2/03_证据治理与结构底板/03_R4最终证据_OPEN_LOCK/R4_OPEN-LOCK治理规范_v1.0.md | 红楼梦探佚_全量文档体系_重整版_v4.2/10_R4全链审计与纠偏全过程/03_R4_纠偏治理_OPEN_状态清扫/R4_OPEN-LOCK治理规范_v1.0.md | 红楼梦探佚_全量文档体系_重整版_v4.2/90_三套来源包完整快照_只读/当前稳定ACTIVE_v4.1/02_证据与边界/R4_OPEN-LOCK治理规范_v1.0.md | 红楼梦探佚_稳定ACTIVE过程文档体系_v4.1/02_证据与边界/R4_OPEN-LOCK治理规范_v1.0.md | ...(+1)
01b833e319043ab7259b8fc132aca4719de4c4e050954e095bbe1d39160d40d8,红楼梦探佚_全量文档体系_重整版_v4.2.zip,红楼梦探佚_全量文档体系_重整版_v4.2/10_R4全链审计与纠偏全过程/03_R4_纠偏治理_OPEN_状态清扫/R4_Phase5_OPEN-LOCK冻结执行报告_v1.0_PASS.md,R4_Phase5_OPEN-LOCK冻结执行报告_v1.0_PASS.md,2128,3,当前工作区散件; 红楼梦探佚_R4纠偏_Phase5_OPENLOCK_v1.0.zip; 红楼梦探佚_全量文档体系_重整版_v4.2.zip,REVIEW,review.r4_audit_trace,data/review/r4_audit_trace.yaml,IMPORT_AUDIT_TRACE,PARTIAL,P1,AUDIT,NO,R4过程/回归/事故治理；运行时默认只读。,红楼梦探佚_R4纠偏_Phase5_OPENLOCK_v1.0/R4_Phase5_OPEN-LOCK冻结执行报告_v1.0_PASS.md | 红楼梦探佚_全量文档体系_重整版_v4.2/10_R4全链审计与纠偏全过程/03_R4_纠偏治理_OPEN_状态清扫/R4_Phase5_OPEN-LOCK冻结执行报告_v1.0_PASS.md | R4_Phase5_OPEN-LOCK冻结执行报告_v1.0_PASS.md
71f4136cd7cac54169907df2368f329f111a41239eb57d3b9116e959603986b5,红楼梦探佚_全量文档体系_重整版_v4.2.zip,红楼梦探佚_全量文档体系_重整版_v4.2/10_R4全链审计与纠偏全过程/03_R4_纠偏治理_OPEN_状态清扫/R4_遗留问题总台账_v1.4_Phase5同步.csv,R4_遗留问题总台账_v1.4_Phase5同步.csv,12403,3,当前工作区散件; 红楼梦探佚_R4纠偏_Phase5_OPENLOCK_v1.0.zip; 红楼梦探佚_全量文档体系_重整版_v4.2.zip,REVIEW,review.r4_audit_trace,data/review/r4_audit_trace.yaml,IMPORT_AUDIT_TRACE,PARTIAL,P1,AUDIT,NO,R4过程/回归/事故治理；运行时默认只读。,红楼梦探佚_R4纠偏_Phase5_OPENLOCK_v1.0/R4_遗留问题总台账_v1.4_Phase5同步.csv | 红楼梦探佚_全量文档体系_重整版_v4.2/10_R4全链审计与纠偏全过程/03_R4_纠偏治理_OPEN_状态清扫/R4_遗留问题总台账_v1.4_Phase5同步.csv | R4_遗留问题总台账_v1.4_Phase5同步.csv
fab887c5bb8692551dc1f32fc955524e8bcb3058fad892ef31b875504aa02234,红楼梦探佚_全量文档体系_重整版_v4.2.zip,红楼梦探佚_全量文档体系_重整版_v4.2/10_R4全链审计与纠偏全过程/03_R4_纠偏治理_OPEN_状态清扫/R4_遗留问题总台账_v1.4_Phase5同步.md,R4_遗留问题总台账_v1.4_Phase5同步.md,1343,3,当前工作区散件; 红楼梦探佚_R4纠偏_Phase5_OPENLOCK_v1.0.zip; 红楼梦探佚_全量文档体系_重整版_v4.2.zip,REVIEW,review.r4_audit_trace,data/review/r4_audit_trace.yaml,IMPORT_AUDIT_TRACE,PARTIAL,P1,AUDIT,NO,R4过程/回归/事故治理；运行时默认只读。,红楼梦探佚_R4纠偏_Phase5_OPENLOCK_v1.0/R4_遗留问题总台账_v1.4_Phase5同步.md | 红楼梦探佚_全量文档体系_重整版_v4.2/10_R4全链审计与纠偏全过程/03_R4_纠偏治理_OPEN_状态清扫/R4_遗留问题总台账_v1.4_Phase5同步.md | R4_遗留问题总台账_v1.4_Phase5同步.md
4dc6d4997b28573c26f891e1f08eac7b27dcdb3a12e65c131857cc2e395ee322,红楼梦探佚_R4纠偏_Phase5_OPENLOCK_v1.0.zip,红楼梦探佚_R4纠偏_Phase5_OPENLOCK_v1.0/SHA256_Phase5_OPENLOCK.md,SHA256_Phase5_OPENLOCK.md,739,1,红楼梦探佚_R4纠偏_Phase5_OPENLOCK_v1.0.zip,RELEASE_HISTORY,release.version_lineage,data/registry/releases.yaml,IMPORT_VERSION_LINEAGE,NONE,P1,VERSION_HISTORY,NO,版本谱系/三版一致性/旧锁版记录。,红楼梦探佚_R4纠偏_Phase5_OPENLOCK_v1.0/SHA256_Phase5_OPENLOCK.md
98e36258f6a090a089f55a48df0cb5842960412ba0bcfb073b03dec7b0eaee63,红楼梦探佚_全量文档体系_重整版_v4.2.zip,红楼梦探佚_全量文档体系_重整版_v4.2/10_R4全链审计与纠偏全过程/05_R4中间版本链_只读/00_当前操作链索引_R4G_REOPENED_v1.5_Phase6完成.md,00_当前操作链索引_R4G_REOPENED_v1.5_Phase6完成.md,984,4,当前工作区散件; 红楼梦探佚_R4纠偏_Phase6_CURRENT_v1.0.zip; 红楼梦探佚_R4纠偏_Phase6_CURRENT_v1.1.zip; 红楼梦探佚_全量文档体系_重整版_v4.2.zip,GOVERNANCE,governance.project_state,data/registry/releases.yaml + config/project_state.yaml,STRUCTURE_PROJECT_STATE,PARTIAL,P2,HISTORICAL,NO,项目状态/版本纪律；只提取当前有效规则，旧版保留谱系。,红楼梦探佚_R4纠偏_Phase6_CURRENT_v1.0/00_当前操作链索引_R4G_REOPENED_v1.5_Phase6完成.md | 红楼梦探佚_R4纠偏_Phase6_CURRENT_v1.0/00_当前操作链索引_R4G_REOPENED_v1.5_Phase6完成.md | 红楼梦探佚_全量文档体系_重整版_v4.2/10_R4全链审计与纠偏全过程/05_R4中间版本链_只读/00_当前操作链索引_R4G_REOPENED_v1.5_Phase6完成.md | 00_当前操作链索引_R4G_REOPENED_v1.5_Phase6完成.md
0b5b9af34edb54b1ebeb3f1d09e240a72f0aa0cd18391fb9d85f4420b6b58c04,红楼梦探佚_R4纠偏_Phase6_CURRENT_v1.0.zip,红楼梦探佚_R4纠偏_Phase6_CURRENT_v1.0/81—100_二十回全幅补完卡_v2.4_Phase6清扫版.md,81—100_二十回全幅补完卡_v2.4_Phase6清扫版.md,60131,1,红楼梦探佚_R4纠偏_Phase6_CURRENT_v1.0.zip,RECONSTRUCTION,reconstruction.chapter_plan,data/chapter_plans/ch81_100.yaml + data/scenes/*,SPLIT_20_CHAPTER_PLANS,NONE,P0,REFERENCE,REFERENCE,拆为20回chapter contract/scene plan；不得把工作回目误当证据。,红楼梦探佚_R4纠偏_Phase6_CURRENT_v1.0/81—100_二十回全幅补完卡_v2.4_Phase6清扫版.md
367c5f2995b84e580521af3bcc7a29815ba6529d22ba0c992563eb29ff5ba768,红楼梦探佚_R4纠偏_Phase6_CURRENT_v1.0.zip,红楼梦探佚_R4纠偏_Phase6_CURRENT_v1.0/81—100_保护锁与不可破坏细节表_v2.3_Phase6候选版.md,81—100_保护锁与不可破坏细节表_v2.3_Phase6候选版.md,17511,1,红楼梦探佚_R4纠偏_Phase6_CURRENT_v1.0.zip,LOCK,lock.literary_plock,data/plocks/ch81_100.yaml,SPLIT_PLOCKS,PARTIAL,P0,REFERENCE,REFERENCE,当前Harness仅5个高风险P-Lock，需补齐全表。,红楼梦探佚_R4纠偏_Phase6_CURRENT_v1.0/81—100_保护锁与不可破坏细节表_v2.3_Phase6候选版.md
37a8e92ff263fff70ffae635c11afeffb46356d0b5449a6912f7d762a0a64447,红楼梦探佚_全量文档体系_重整版_v4.2.zip,红楼梦探佚_全量文档体系_重整版_v4.2/10_R4全链审计与纠偏全过程/05_R4中间版本链_只读/81—100_正文实施事实登记表_v1.6_Phase6清扫版.md,81—100_正文实施事实登记表_v1.6_Phase6清扫版.md,6304,4,当前工作区散件; 红楼梦探佚_R4纠偏_Phase6_CURRENT_v1.0.zip; 红楼梦探佚_R4纠偏_Phase6_CURRENT_v1.1.zip; 红楼梦探佚_全量文档体系_重整版_v4.2.zip,IMPLEMENTATION,implementation.register,data/implementations/ch81_100.yaml,IMPORT_IMPLEMENTATION_REGISTER,PARTIAL,P0,REFERENCE,REFERENCE,当前正文如何实现≠证据；需绑定body locator。,红楼梦探佚_R4纠偏_Phase6_CURRENT_v1.0/81—100_正文实施事实登记表_v1.6_Phase6清扫版.md | 红楼梦探佚_R4纠偏_Phase6_CURRENT_v1.0/81—100_正文实施事实登记表_v1.6_Phase6清扫版.md | 红楼梦探佚_全量文档体系_重整版_v4.2/10_R4全链审计与纠偏全过程/05_R4中间版本链_只读/81—100_正文实施事实登记表_v1.6_Phase6清扫版.md | 81—100_正文实施事实登记表_v1.6_Phase6清扫版.md
b63d359a25df64c9eb2d6588cb99cc0faf085dfaa45e920e3b9583dd93c3acc4,红楼梦探佚_稳定ACTIVE过程文档体系_v4.1.zip,红楼梦探佚_稳定ACTIVE过程文档体系_v4.1/03_历史机制/R4-E_历史机制一手史料复核总表_v1.0_R4E_PASS.md,R4-E_历史机制一手史料复核总表_v1.0_R4E_PASS.md,5183,9,当前工作区散件; 红楼梦探佚_R4纠偏_Phase6_CURRENT_v1.0.zip; 红楼梦探佚_R4纠偏_Phase6_CURRENT_v1.1.zip; 红楼梦探佚_全量文档体系_重整版_v4.2.zip; 红楼梦探佚_稳定ACTIVE过程文档体系_v4.0.zip; 红楼梦探佚_稳定ACTIVE过程文档体系_v4.1.zip,MECHANISM,mechanism.h01_h06,data/mechanisms/r4_historical.yaml,VERIFY_HISTORICAL_FINAL,FULL,P0,CURRENT,YES,H01—H06 R4 FINAL边界；只约束可行性。,红楼梦探佚_R4纠偏_Phase6_CURRENT_v1.0/R4-E_历史机制一手史料复核总表_v1.0_R4E_PASS.md | 红楼梦探佚_R4纠偏_Phase6_CURRENT_v1.0/R4-E_历史机制一手史料复核总表_v1.0_R4E_PASS.md | 红楼梦探佚_全量文档体系_重整版_v4.2/01_CURRENT_ACTIVE_v4.1/03_历史机制/R4-E_历史机制一手史料复核总表_v1.0_R4E_PASS.md | 红楼梦探佚_全量文档体系_重整版_v4.2/08_历史机制/03_R4一手史料复核_FINAL/R4-E_历史机制一手史料复核总表_v1.0_R4E_PASS.md | 红楼梦探佚_全量文档体系_重整版_v4.2/10_R4全链审计与纠偏全过程/01_R4-A—F/R4-E_历史机制一手史料复核总表_v1.0_R4E_PASS.md | 红楼梦探佚_全量文档体系_重整版_v4.2/90_三套来源包完整快照_只读/当前稳定ACTIVE_v4.1/03_历史机制/R4-E_历史机制一手史料复核总表_v1.0_R4E_PASS.md | 红楼梦探佚_稳定ACTIVE过程文档体系_v4.0/R4-E_历史机制一手史料复核总表_v1.0_R4E_PASS.md | 红楼梦探佚_稳定ACTIVE过程文档体系_v4.1/03_历史机制/R4-E_历史机制一手史料复核总表_v1.0_R4E_PASS.md | ...(+1)
b8b3f2d359b23648ae72c836af398da134fab1a471110676ae7a74ef215ed727,红楼梦探佚_稳定ACTIVE过程文档体系_v4.1.zip,红楼梦探佚_稳定ACTIVE过程文档体系_v4.1/03_历史机制/R4-E_历史机制边界同步表_v1.0.md,R4-E_历史机制边界同步表_v1.0.md,1248,8,当前工作区散件; 红楼梦探佚_R4纠偏_Phase6_CURRENT_v1.0.zip; 红楼梦探佚_R4纠偏_Phase6_CURRENT_v1.1.zip; 红楼梦探佚_全量文档体系_重整版_v4.2.zip; 红楼梦探佚_稳定ACTIVE过程文档体系_v4.1.zip,MECHANISM,mechanism.h01_h06,data/mechanisms/r4_historical.yaml,VERIFY_HISTORICAL_FINAL,FULL,P0,CURRENT,YES,H01—H06 R4 FINAL边界；只约束可行性。,红楼梦探佚_R4纠偏_Phase6_CURRENT_v1.0/R4-E_历史机制边界同步表_v1.0.md | 红楼梦探佚_R4纠偏_Phase6_CURRENT_v1.0/R4-E_历史机制边界同步表_v1.0.md | 红楼梦探佚_全量文档体系_重整版_v4.2/01_CURRENT_ACTIVE_v4.1/03_历史机制/R4-E_历史机制边界同步表_v1.0.md | 红楼梦探佚_全量文档体系_重整版_v4.2/08_历史机制/03_R4一手史料复核_FINAL/R4-E_历史机制边界同步表_v1.0.md | 红楼梦探佚_全量文档体系_重整版_v4.2/10_R4全链审计与纠偏全过程/01_R4-A—F/R4-E_历史机制边界同步表_v1.0.md | 红楼梦探佚_全量文档体系_重整版_v4.2/90_三套来源包完整快照_只读/当前稳定ACTIVE_v4.1/03_历史机制/R4-E_历史机制边界同步表_v1.0.md | 红楼梦探佚_稳定ACTIVE过程文档体系_v4.1/03_历史机制/R4-E_历史机制边界同步表_v1.0.md | R4-E_历史机制边界同步表_v1.0.md
c7d8afb50c32fbe9e6a00915442b617cc714331a0cdccf491d3faeb6ae809930,红楼梦探佚_全量文档体系_重整版_v4.2.zip,红楼梦探佚_全量文档体系_重整版_v4.2/10_R4全链审计与纠偏全过程/01_R4-A—F/R4-F_Literal-Semantic-Boundary硬接口回归报告_v1.0_R4F_PASS.md,R4-F_Literal-Semantic-Boundary硬接口回归报告_v1.0_R4F_PASS.md,6651,5,当前工作区散件; 红楼梦探佚_R4纠偏_Phase6_CURRENT_v1.0.zip; 红楼梦探佚_R4纠偏_Phase6_CURRENT_v1.1.zip; 红楼梦探佚_全量文档体系_重整版_v4.2.zip; 红楼梦探佚_稳定ACTIVE过程文档体系_v4.0.zip,EVIDENCE,evidence.literal_target,data/literals/r4_literal_core.yaml,IMPORT_LITERAL_BOUNDARY,FULL,P0,CURRENT,YES,NOVEL/SOURCE/NAME/SEM/BOUNDARY/NEG。,红楼梦探佚_R4纠偏_Phase6_CURRENT_v1.0/R4-F_Literal-Semantic-Boundary硬接口回归报告_v1.0_R4F_PASS.md | 红楼梦探佚_R4纠偏_Phase6_CURRENT_v1.0/R4-F_Literal-Semantic-Boundary硬接口回归报告_v1.0_R4F_PASS.md | 红楼梦探佚_全量文档体系_重整版_v4.2/10_R4全链审计与纠偏全过程/01_R4-A—F/R4-F_Literal-Semantic-Boundary硬接口回归报告_v1.0_R4F_PASS.md | 红楼梦探佚_稳定ACTIVE过程文档体系_v4.0/R4-F_Literal-Semantic-Boundary硬接口回归报告_v1.0_R4F_PASS.md | R4-F_Literal-Semantic-Boundary硬接口回归报告_v1.0_R4F_PASS.md
c4436883a2c1013b2d808361b34676938d89f2962dc1dfb4409f1cd6c23f6884,红楼梦探佚_全量文档体系_重整版_v4.2.zip,红楼梦探佚_全量文档体系_重整版_v4.2/10_R4全链审计与纠偏全过程/03_R4_纠偏治理_OPEN_状态清扫/R4_Phase6_CURRENT活动文档白名单_v1.0.md,R4_Phase6_CURRENT活动文档白名单_v1.0.md,1374,3,当前工作区散件; 红楼梦探佚_R4纠偏_Phase6_CURRENT_v1.0.zip; 红楼梦探佚_全量文档体系_重整版_v4.2.zip,REVIEW,review.r4_audit_trace,data/review/r4_audit_trace.yaml,IMPORT_AUDIT_TRACE,PARTIAL,P1,AUDIT,NO,R4过程/回归/事故治理；运行时默认只读。,红楼梦探佚_R4纠偏_Phase6_CURRENT_v1.0/R4_Phase6_CURRENT活动文档白名单_v1.0.md | 红楼梦探佚_全量文档体系_重整版_v4.2/10_R4全链审计与纠偏全过程/03_R4_纠偏治理_OPEN_状态清扫/R4_Phase6_CURRENT活动文档白名单_v1.0.md | R4_Phase6_CURRENT活动文档白名单_v1.0.md
95a4032d3236e75fc67c7b33a9859d7852ea6d25be43c357009d9124d23f25f0,红楼梦探佚_全量文档体系_重整版_v4.2.zip,红楼梦探佚_全量文档体系_重整版_v4.2/10_R4全链审计与纠偏全过程/03_R4_纠偏治理_OPEN_状态清扫/R4_Phase6_全包状态与活动文档一致性清扫_v1.0_PASS.md,R4_Phase6_全包状态与活动文档一致性清扫_v1.0_PASS.md,2615,3,当前工作区散件; 红楼梦探佚_R4纠偏_Phase6_CURRENT_v1.0.zip; 红楼梦探佚_全量文档体系_重整版_v4.2.zip,REVIEW,review.r4_audit_trace,data/review/r4_audit_trace.yaml,IMPORT_AUDIT_TRACE,PARTIAL,P1,AUDIT,NO,R4过程/回归/事故治理；运行时默认只读。,红楼梦探佚_R4纠偏_Phase6_CURRENT_v1.0/R4_Phase6_全包状态与活动文档一致性清扫_v1.0_PASS.md | 红楼梦探佚_全量文档体系_重整版_v4.2/10_R4全链审计与纠偏全过程/03_R4_纠偏治理_OPEN_状态清扫/R4_Phase6_全包状态与活动文档一致性清扫_v1.0_PASS.md | R4_Phase6_全包状态与活动文档一致性清扫_v1.0_PASS.md
256d861a4b4f89f694850eba8ccb6a1c02d743486576ff57643a92e7d4784e9d,红楼梦探佚_全量文档体系_重整版_v4.2.zip,红楼梦探佚_全量文档体系_重整版_v4.2/10_R4全链审计与纠偏全过程/03_R4_纠偏治理_OPEN_状态清扫/R4_Phase6_活动文档机械清扫报告_v1.0.md,R4_Phase6_活动文档机械清扫报告_v1.0.md,7442,3,当前工作区散件; 红楼梦探佚_R4纠偏_Phase6_CURRENT_v1.0.zip; 红楼梦探佚_全量文档体系_重整版_v4.2.zip,REVIEW,review.r4_audit_trace,data/review/r4_audit_trace.yaml,IMPORT_AUDIT_TRACE,PARTIAL,P1,AUDIT,NO,R4过程/回归/事故治理；运行时默认只读。,红楼梦探佚_R4纠偏_Phase6_CURRENT_v1.0/R4_Phase6_活动文档机械清扫报告_v1.0.md | 红楼梦探佚_全量文档体系_重整版_v4.2/10_R4全链审计与纠偏全过程/03_R4_纠偏治理_OPEN_状态清扫/R4_Phase6_活动文档机械清扫报告_v1.0.md | R4_Phase6_活动文档机械清扫报告_v1.0.md
6e71fe89984dee6b425a7226625b81041f4d28f485d3bba4c13517eb422de011,红楼梦探佚_全量文档体系_重整版_v4.2.zip,红楼梦探佚_全量文档体系_重整版_v4.2/10_R4全链审计与纠偏全过程/03_R4_纠偏治理_OPEN_状态清扫/R4_纠偏施工总控_v1.0_Phase6.md,R4_纠偏施工总控_v1.0_Phase6.md,1519,4,当前工作区散件; 红楼梦探佚_R4纠偏_Phase6_CURRENT_v1.0.zip; 红楼梦探佚_R4纠偏_Phase6_CURRENT_v1.1.zip; 红楼梦探佚_全量文档体系_重整版_v4.2.zip,REVIEW,review.r4_audit_trace,data/review/r4_audit_trace.yaml,IMPORT_AUDIT_TRACE,PARTIAL,P1,AUDIT,NO,R4过程/回归/事故治理；运行时默认只读。,红楼梦探佚_R4纠偏_Phase6_CURRENT_v1.0/R4_纠偏施工总控_v1.0_Phase6.md | 红楼梦探佚_R4纠偏_Phase6_CURRENT_v1.0/R4_纠偏施工总控_v1.0_Phase6.md | 红楼梦探佚_全量文档体系_重整版_v4.2/10_R4全链审计与纠偏全过程/03_R4_纠偏治理_OPEN_状态清扫/R4_纠偏施工总控_v1.0_Phase6.md | R4_纠偏施工总控_v1.0_Phase6.md
0ab7a1f6899133eeb17607d651582f17346211a1c5e4bc7de26d50460e3dec0d,红楼梦探佚_全量文档体系_重整版_v4.2.zip,红楼梦探佚_全量文档体系_重整版_v4.2/10_R4全链审计与纠偏全过程/01_R4-A—F/R4_证据角色审计矩阵_v1.7_Phase6同步.md,R4_证据角色审计矩阵_v1.7_Phase6同步.md,2633,4,当前工作区散件; 红楼梦探佚_R4纠偏_Phase6_CURRENT_v1.0.zip; 红楼梦探佚_R4纠偏_Phase6_CURRENT_v1.1.zip; 红楼梦探佚_全量文档体系_重整版_v4.2.zip,EVIDENCE,evidence.claim_role_matrix,data/sources/* + data/claims/* + data/decisions/*,SPLIT_PROVENANCE_CLAIMS_DECISIONS,PARTIAL,P0,REFERENCE,REFERENCE,需拆为Source/Claim/Decision，不能把项目矩阵当Witness。,红楼梦探佚_R4纠偏_Phase6_CURRENT_v1.0/R4_证据角色审计矩阵_v1.7_Phase6同步.md | 红楼梦探佚_R4纠偏_Phase6_CURRENT_v1.0/R4_证据角色审计矩阵_v1.7_Phase6同步.md | 红楼梦探佚_全量文档体系_重整版_v4.2/10_R4全链审计与纠偏全过程/01_R4-A—F/R4_证据角色审计矩阵_v1.7_Phase6同步.md | R4_证据角色审计矩阵_v1.7_Phase6同步.md
c153fbba91c6a28a7d669cae935861c7fb91cd38546bb69ad69fc294ff3e515a,红楼梦探佚_全量文档体系_重整版_v4.2.zip,红楼梦探佚_全量文档体系_重整版_v4.2/10_R4全链审计与纠偏全过程/03_R4_纠偏治理_OPEN_状态清扫/R4_遗留问题总台账_v1.5_Phase6同步.csv,R4_遗留问题总台账_v1.5_Phase6同步.csv,12776,4,当前工作区散件; 红楼梦探佚_R4纠偏_Phase6_CURRENT_v1.0.zip; 红楼梦探佚_R4纠偏_Phase6_CURRENT_v1.1.zip; 红楼梦探佚_全量文档体系_重整版_v4.2.zip,REVIEW,review.r4_audit_trace,data/review/r4_audit_trace.yaml,IMPORT_AUDIT_TRACE,PARTIAL,P1,AUDIT,NO,R4过程/回归/事故治理；运行时默认只读。,红楼梦探佚_R4纠偏_Phase6_CURRENT_v1.0/R4_遗留问题总台账_v1.5_Phase6同步.csv | 红楼梦探佚_R4纠偏_Phase6_CURRENT_v1.0/R4_遗留问题总台账_v1.5_Phase6同步.csv | 红楼梦探佚_全量文档体系_重整版_v4.2/10_R4全链审计与纠偏全过程/03_R4_纠偏治理_OPEN_状态清扫/R4_遗留问题总台账_v1.5_Phase6同步.csv | R4_遗留问题总台账_v1.5_Phase6同步.csv
a09f1a87a4fb410e0a4662c941bbb66b17700ea7f81bb3efa083858a48b74a2c,红楼梦探佚_全量文档体系_重整版_v4.2.zip,红楼梦探佚_全量文档体系_重整版_v4.2/10_R4全链审计与纠偏全过程/03_R4_纠偏治理_OPEN_状态清扫/R4_遗留问题总台账_v1.5_Phase6同步.md,R4_遗留问题总台账_v1.5_Phase6同步.md,564,4,当前工作区散件; 红楼梦探佚_R4纠偏_Phase6_CURRENT_v1.0.zip; 红楼梦探佚_R4纠偏_Phase6_CURRENT_v1.1.zip; 红楼梦探佚_全量文档体系_重整版_v4.2.zip,REVIEW,review.r4_audit_trace,data/review/r4_audit_trace.yaml,IMPORT_AUDIT_TRACE,PARTIAL,P1,AUDIT,NO,R4过程/回归/事故治理；运行时默认只读。,红楼梦探佚_R4纠偏_Phase6_CURRENT_v1.0/R4_遗留问题总台账_v1.5_Phase6同步.md | 红楼梦探佚_R4纠偏_Phase6_CURRENT_v1.0/R4_遗留问题总台账_v1.5_Phase6同步.md | 红楼梦探佚_全量文档体系_重整版_v4.2/10_R4全链审计与纠偏全过程/03_R4_纠偏治理_OPEN_状态清扫/R4_遗留问题总台账_v1.5_Phase6同步.md | R4_遗留问题总台账_v1.5_Phase6同步.md
590f4b220bc7de04bbe650dd1fd45a7704e298d0ddd65a8f5f37cb922c5a5fac,红楼梦探佚_R4纠偏_Phase6_CURRENT_v1.0.zip,红楼梦探佚_R4纠偏_Phase6_CURRENT_v1.0/SHA256_Phase6_CURRENT_v1.0.md,SHA256_Phase6_CURRENT_v1.0.md,3133,1,红楼梦探佚_R4纠偏_Phase6_CURRENT_v1.0.zip,AUDIT_ARCHIVE,review.negative_fixture,data/archive/negative_fixtures.yaml,ARCHIVE_NEGATIVE_FIXTURE,ARCHIVE_ONLY,P2,SUPERSEDED,NO,被后续版本明确取代/撤销；只用于回归反例。,红楼梦探佚_R4纠偏_Phase6_CURRENT_v1.0/SHA256_Phase6_CURRENT_v1.0.md
bd15b087dc6ac701a83312007d1cc77453f22f1ffe7791dc77d787c9fc532664,红楼梦探佚_全量文档体系_重整版_v4.2.zip,红楼梦探佚_全量文档体系_重整版_v4.2/10_R4全链审计与纠偏全过程/05_R4中间版本链_只读/第32-A_红楼梦八十回后文学复原_纯读版_v1.3_R4C位置修复基线.md,第32-A_红楼梦八十回后文学复原_纯读版_v1.3_R4C位置修复基线.md,554474,5,当前工作区散件; 红楼梦探佚_R4纠偏_Phase6_CURRENT_v1.0.zip; 红楼梦探佚_R4纠偏_Phase6_CURRENT_v1.1.zip; 红楼梦探佚_全量文档体系_重整版_v4.2.zip; 红楼梦探佚_稳定ACTIVE过程文档体系_v4.0.zip,IMPLEMENTATION,implementation.body,data/releases/body_registry.yaml + body artifact,REGISTER_BODY_VERSION,PARTIAL,P2,VERSION_HISTORY,NO,正文版本本体；正文不是Evidence Source。,红楼梦探佚_R4纠偏_Phase6_CURRENT_v1.0/第32-A_红楼梦八十回后文学复原_纯读版_v1.3_R4C位置修复基线.md | 红楼梦探佚_R4纠偏_Phase6_CURRENT_v1.0/第32-A_红楼梦八十回后文学复原_纯读版_v1.3_R4C位置修复基线.md | 红楼梦探佚_全量文档体系_重整版_v4.2/10_R4全链审计与纠偏全过程/05_R4中间版本链_只读/第32-A_红楼梦八十回后文学复原_纯读版_v1.3_R4C位置修复基线.md | 红楼梦探佚_稳定ACTIVE过程文档体系_v4.0/第32-A_红楼梦八十回后文学复原_纯读版_v1.3_R4C位置修复基线.md | 第32-A_红楼梦八十回后文学复原_纯读版_v1.3_R4C位置修复基线.md
5d8c99cbce8c499e727982ed63b83029815b70da5e510da614b709cc4b4f79eb,红楼梦探佚_全量文档体系_重整版_v4.2.zip,红楼梦探佚_全量文档体系_重整版_v4.2/10_R4全链审计与纠偏全过程/05_R4中间版本链_只读/81—100_二十回全幅补完卡_v2.4_Phase6清扫版.md,81—100_二十回全幅补完卡_v2.4_Phase6清扫版.md,60227,3,当前工作区散件; 红楼梦探佚_R4纠偏_Phase6_CURRENT_v1.1.zip; 红楼梦探佚_全量文档体系_重整版_v4.2.zip,RECONSTRUCTION,reconstruction.chapter_plan,data/chapter_plans/ch81_100.yaml + data/scenes/*,SPLIT_20_CHAPTER_PLANS,NONE,P0,REFERENCE,REFERENCE,拆为20回chapter contract/scene plan；不得把工作回目误当证据。,红楼梦探佚_R4纠偏_Phase6_CURRENT_v1.0/81—100_二十回全幅补完卡_v2.4_Phase6清扫版.md | 红楼梦探佚_全量文档体系_重整版_v4.2/10_R4全链审计与纠偏全过程/05_R4中间版本链_只读/81—100_二十回全幅补完卡_v2.4_Phase6清扫版.md | 81—100_二十回全幅补完卡_v2.4_Phase6清扫版.md
f1325f6d8a2c9554ee3aa8dc120dcb60e65775b3dcab623fede6e2624e00f42d,红楼梦探佚_全量文档体系_重整版_v4.2.zip,红楼梦探佚_全量文档体系_重整版_v4.2/10_R4全链审计与纠偏全过程/05_R4中间版本链_只读/81—100_保护锁与不可破坏细节表_v2.3_Phase6候选版.md,81—100_保护锁与不可破坏细节表_v2.3_Phase6候选版.md,17652,6,当前工作区散件; 红楼梦探佚_R4纠偏_Phase6_CURRENT_v1.1.zip; 红楼梦探佚_R4纠偏_Phase7_R4FRegression_v1.0.zip; 红楼梦探佚_R4纠偏_Phase7_R4FRegression_v1.1.zip; 红楼梦探佚_R4纠偏_Phase7_R4FRegression_v1.2_FINAL.zip; 红楼梦探佚_全量文档体系_重整版_v4.2.zip,LOCK,lock.literary_plock,data/plocks/ch81_100.yaml,SPLIT_PLOCKS,PARTIAL,P0,REFERENCE,REFERENCE,当前Harness仅5个高风险P-Lock，需补齐全表。,红楼梦探佚_R4纠偏_Phase6_CURRENT_v1.0/81—100_保护锁与不可破坏细节表_v2.3_Phase6候选版.md | 红楼梦探佚_R4纠偏_Phase7_R4FRegression_v1.0/81—100_保护锁与不可破坏细节表_v2.3_Phase6候选版.md | 红楼梦探佚_R4纠偏_Phase7_R4FRegression_v1.1/81—100_保护锁与不可破坏细节表_v2.3_Phase6候选版.md | 红楼梦探佚_R4纠偏_Phase7_R4FRegression_v1.2_FINAL/81—100_保护锁与不可破坏细节表_v2.3_Phase6候选版.md | 红楼梦探佚_全量文档体系_重整版_v4.2/10_R4全链审计与纠偏全过程/05_R4中间版本链_只读/81—100_保护锁与不可破坏细节表_v2.3_Phase6候选版.md | 81—100_保护锁与不可破坏细节表_v2.3_Phase6候选版.md
1f5338967eeb68a42dd62e6153c4e08eb9c009f607a7cd7299f26f16daa94ed2,红楼梦探佚_全量文档体系_重整版_v4.2.zip,红楼梦探佚_全量文档体系_重整版_v4.2/10_R4全链审计与纠偏全过程/03_R4_纠偏治理_OPEN_状态清扫/R4_Phase6_CURRENT活动文档白名单_v1.1.md,R4_Phase6_CURRENT活动文档白名单_v1.1.md,1657,3,当前工作区散件; 红楼梦探佚_R4纠偏_Phase6_CURRENT_v1.1.zip; 红楼梦探佚_全量文档体系_重整版_v4.2.zip,REVIEW,review.r4_audit_trace,data/review/r4_audit_trace.yaml,IMPORT_AUDIT_TRACE,PARTIAL,P1,AUDIT,NO,R4过程/回归/事故治理；运行时默认只读。,红楼梦探佚_R4纠偏_Phase6_CURRENT_v1.0/R4_Phase6_CURRENT活动文档白名单_v1.1.md | 红楼梦探佚_全量文档体系_重整版_v4.2/10_R4全链审计与纠偏全过程/03_R4_纠偏治理_OPEN_状态清扫/R4_Phase6_CURRENT活动文档白名单_v1.1.md | R4_Phase6_CURRENT活动文档白名单_v1.1.md
8bfa037a8cb35d88e6c27d876fc83c3dde66c1102428472b76611190b24e1009,红楼梦探佚_全量文档体系_重整版_v4.2.zip,红楼梦探佚_全量文档体系_重整版_v4.2/10_R4全链审计与纠偏全过程/03_R4_纠偏治理_OPEN_状态清扫/R4_Phase6_全包状态与活动文档一致性清扫_v1.1_PASS.md,R4_Phase6_全包状态与活动文档一致性清扫_v1.1_PASS.md,2395,3,当前工作区散件; 红楼梦探佚_R4纠偏_Phase6_CURRENT_v1.1.zip; 红楼梦探佚_全量文档体系_重整版_v4.2.zip,REVIEW,review.r4_audit_trace,data/review/r4_audit_trace.yaml,IMPORT_AUDIT_TRACE,PARTIAL,P1,AUDIT,NO,R4过程/回归/事故治理；运行时默认只读。,红楼梦探佚_R4纠偏_Phase6_CURRENT_v1.0/R4_Phase6_全包状态与活动文档一致性清扫_v1.1_PASS.md | 红楼梦探佚_全量文档体系_重整版_v4.2/10_R4全链审计与纠偏全过程/03_R4_纠偏治理_OPEN_状态清扫/R4_Phase6_全包状态与活动文档一致性清扫_v1.1_PASS.md | R4_Phase6_全包状态与活动文档一致性清扫_v1.1_PASS.md
73ef34364cd0a70d64d413a6cf7e6489ae0864ea58563873b38e0f6b86989620,红楼梦探佚_全量文档体系_重整版_v4.2.zip,红楼梦探佚_全量文档体系_重整版_v4.2/10_R4全链审计与纠偏全过程/03_R4_纠偏治理_OPEN_状态清扫/R4_Phase6_活动文档机械清扫报告_v1.1_PASS.md,R4_Phase6_活动文档机械清扫报告_v1.1_PASS.md,620,3,当前工作区散件; 红楼梦探佚_R4纠偏_Phase6_CURRENT_v1.1.zip; 红楼梦探佚_全量文档体系_重整版_v4.2.zip,REVIEW,review.r4_audit_trace,data/review/r4_audit_trace.yaml,IMPORT_AUDIT_TRACE,PARTIAL,P1,AUDIT,NO,R4过程/回归/事故治理；运行时默认只读。,红楼梦探佚_R4纠偏_Phase6_CURRENT_v1.0/R4_Phase6_活动文档机械清扫报告_v1.1_PASS.md | 红楼梦探佚_全量文档体系_重整版_v4.2/10_R4全链审计与纠偏全过程/03_R4_纠偏治理_OPEN_状态清扫/R4_Phase6_活动文档机械清扫报告_v1.1_PASS.md | R4_Phase6_活动文档机械清扫报告_v1.1_PASS.md
5a14db392c5b7258e77f48180af436be073edbb21a4f6b110f434af06e5c1a5a,红楼梦探佚_R4纠偏_Phase6_CURRENT_v1.1.zip,红楼梦探佚_R4纠偏_Phase6_CURRENT_v1.0/SHA256_Phase6_CURRENT_v1.1.md,SHA256_Phase6_CURRENT_v1.1.md,3138,1,红楼梦探佚_R4纠偏_Phase6_CURRENT_v1.1.zip,ARCHIVE,archive.document,data/archive/documents.yaml,INDEX_ONLY,ARCHIVE_ONLY,P2,HISTORICAL,NO,历史/重复内容仅保留可追溯索引。,红楼梦探佚_R4纠偏_Phase6_CURRENT_v1.0/SHA256_Phase6_CURRENT_v1.1.md
1797e310a25be1c66ffe006a77fbe9c492379252c483ca2e9f6d23295d163aea,红楼梦探佚_全量文档体系_重整版_v4.2.zip,红楼梦探佚_全量文档体系_重整版_v4.2/10_R4全链审计与纠偏全过程/05_R4中间版本链_只读/00_当前操作链索引_R4G_REOPENED_v1.6_R4F回归完成.md,00_当前操作链索引_R4G_REOPENED_v1.6_R4F回归完成.md,587,3,当前工作区散件; 红楼梦探佚_R4纠偏_Phase7_R4FRegression_v1.0.zip; 红楼梦探佚_全量文档体系_重整版_v4.2.zip,GOVERNANCE,governance.project_state,data/registry/releases.yaml + config/project_state.yaml,STRUCTURE_PROJECT_STATE,PARTIAL,P2,HISTORICAL,NO,项目状态/版本纪律；只提取当前有效规则，旧版保留谱系。,红楼梦探佚_R4纠偏_Phase7_R4FRegression_v1.0/00_当前操作链索引_R4G_REOPENED_v1.6_R4F回归完成.md | 红楼梦探佚_全量文档体系_重整版_v4.2/10_R4全链审计与纠偏全过程/05_R4中间版本链_只读/00_当前操作链索引_R4G_REOPENED_v1.6_R4F回归完成.md | 00_当前操作链索引_R4G_REOPENED_v1.6_R4F回归完成.md
c1849d0c1ed3a44dfbaeded8e77af6fbbc37654497c1911a993af88ab385453a,红楼梦探佚_全量文档体系_重整版_v4.2.zip,红楼梦探佚_全量文档体系_重整版_v4.2/10_R4全链审计与纠偏全过程/05_R4中间版本链_只读/81—100_正文实施事实登记表_v1.7_R4F回归候选版.md,81—100_正文实施事实登记表_v1.7_R4F回归候选版.md,6818,3,当前工作区散件; 红楼梦探佚_R4纠偏_Phase7_R4FRegression_v1.0.zip; 红楼梦探佚_全量文档体系_重整版_v4.2.zip,IMPLEMENTATION,implementation.register,data/implementations/ch81_100.yaml,IMPORT_IMPLEMENTATION_REGISTER,PARTIAL,P0,REFERENCE,REFERENCE,当前正文如何实现≠证据；需绑定body locator。,红楼梦探佚_R4纠偏_Phase7_R4FRegression_v1.0/81—100_正文实施事实登记表_v1.7_R4F回归候选版.md | 红楼梦探佚_全量文档体系_重整版_v4.2/10_R4全链审计与纠偏全过程/05_R4中间版本链_只读/81—100_正文实施事实登记表_v1.7_R4F回归候选版.md | 81—100_正文实施事实登记表_v1.7_R4F回归候选版.md
966982008462bdefe979b9d28bca902bba2143db68740071edea24e8bd5fb7b4,红楼梦探佚_R4纠偏_Phase7_R4FRegression_v1.0.zip,红楼梦探佚_R4纠偏_Phase7_R4FRegression_v1.0/R4-F_regression_R4G候选正文_v1.0_PASS.md,R4-F_regression_R4G候选正文_v1.0_PASS.md,2159,1,红楼梦探佚_R4纠偏_Phase7_R4FRegression_v1.0.zip,REVIEW,review.r4_audit_trace,data/review/r4_audit_trace.yaml,IMPORT_AUDIT_TRACE,PARTIAL,P1,AUDIT,NO,R4过程/回归/事故治理；运行时默认只读。,红楼梦探佚_R4纠偏_Phase7_R4FRegression_v1.0/R4-F_regression_R4G候选正文_v1.0_PASS.md
7a2bb2d5b2e2902326176ba2d2fd0b8097e57c11f32980abb57064d0cfb7279b,红楼梦探佚_全量文档体系_重整版_v4.2.zip,红楼梦探佚_全量文档体系_重整版_v4.2/10_R4全链审计与纠偏全过程/02_R4-G_文学实验/R4-G_三处候选合并报告_v1.0.md,R4-G_三处候选合并报告_v1.0.md,967,5,当前工作区散件; 红楼梦探佚_R4纠偏_Phase7_R4FRegression_v1.0.zip; 红楼梦探佚_R4纠偏_Phase7_R4FRegression_v1.1.zip; 红楼梦探佚_R4纠偏_Phase7_R4FRegression_v1.2_FINAL.zip; 红楼梦探佚_全量文档体系_重整版_v4.2.zip,REVIEW,review.r4_audit_trace,data/review/r4_audit_trace.yaml,IMPORT_AUDIT_TRACE,PARTIAL,P1,AUDIT,NO,R4过程/回归/事故治理；运行时默认只读。,红楼梦探佚_R4纠偏_Phase7_R4FRegression_v1.0/R4-G_三处候选合并报告_v1.0.md | 红楼梦探佚_R4纠偏_Phase7_R4FRegression_v1.1/R4-G_三处候选合并报告_v1.0.md | 红楼梦探佚_R4纠偏_Phase7_R4FRegression_v1.2_FINAL/R4-G_三处候选合并报告_v1.0.md | 红楼梦探佚_全量文档体系_重整版_v4.2/10_R4全链审计与纠偏全过程/02_R4-G_文学实验/R4-G_三处候选合并报告_v1.0.md | R4-G_三处候选合并报告_v1.0.md
c4f15da5825d69c81a9f1dcdb2ab3c708ac012822a63ef730e17fb842f4550e7,红楼梦探佚_全量文档体系_重整版_v4.2.zip,红楼梦探佚_全量文档体系_重整版_v4.2/10_R4全链审计与纠偏全过程/01_R4-A—F/R4_证据角色审计矩阵_v1.8_R4F回归PASS.md,R4_证据角色审计矩阵_v1.8_R4F回归PASS.md,3113,3,当前工作区散件; 红楼梦探佚_R4纠偏_Phase7_R4FRegression_v1.0.zip; 红楼梦探佚_全量文档体系_重整版_v4.2.zip,EVIDENCE,evidence.claim_role_matrix,data/sources/* + data/claims/* + data/decisions/*,SPLIT_PROVENANCE_CLAIMS_DECISIONS,PARTIAL,P0,REFERENCE,REFERENCE,需拆为Source/Claim/Decision，不能把项目矩阵当Witness。,红楼梦探佚_R4纠偏_Phase7_R4FRegression_v1.0/R4_证据角色审计矩阵_v1.8_R4F回归PASS.md | 红楼梦探佚_全量文档体系_重整版_v4.2/10_R4全链审计与纠偏全过程/01_R4-A—F/R4_证据角色审计矩阵_v1.8_R4F回归PASS.md | R4_证据角色审计矩阵_v1.8_R4F回归PASS.md
1dc347ce787bcd15892eaa1749f8f89040ab9934ad602b2a786af159098b5205,红楼梦探佚_全量文档体系_重整版_v4.2.zip,红楼梦探佚_全量文档体系_重整版_v4.2/10_R4全链审计与纠偏全过程/03_R4_纠偏治理_OPEN_状态清扫/R4_遗留问题总台账_v1.6_R4F回归同步.csv,R4_遗留问题总台账_v1.6_R4F回归同步.csv,12781,3,当前工作区散件; 红楼梦探佚_R4纠偏_Phase7_R4FRegression_v1.0.zip; 红楼梦探佚_全量文档体系_重整版_v4.2.zip,REVIEW,review.r4_audit_trace,data/review/r4_audit_trace.yaml,IMPORT_AUDIT_TRACE,PARTIAL,P1,AUDIT,NO,R4过程/回归/事故治理；运行时默认只读。,红楼梦探佚_R4纠偏_Phase7_R4FRegression_v1.0/R4_遗留问题总台账_v1.6_R4F回归同步.csv | 红楼梦探佚_全量文档体系_重整版_v4.2/10_R4全链审计与纠偏全过程/03_R4_纠偏治理_OPEN_状态清扫/R4_遗留问题总台账_v1.6_R4F回归同步.csv | R4_遗留问题总台账_v1.6_R4F回归同步.csv
a950bb4b28b4909949e69f0b0db724a1d18e82a5b00bbfdd361e2b33653ea5b7,红楼梦探佚_全量文档体系_重整版_v4.2.zip,红楼梦探佚_全量文档体系_重整版_v4.2/10_R4全链审计与纠偏全过程/03_R4_纠偏治理_OPEN_状态清扫/R4_遗留问题总台账_v1.6_R4F回归同步.md,R4_遗留问题总台账_v1.6_R4F回归同步.md,288,3,当前工作区散件; 红楼梦探佚_R4纠偏_Phase7_R4FRegression_v1.0.zip; 红楼梦探佚_全量文档体系_重整版_v4.2.zip,REVIEW,review.r4_audit_trace,data/review/r4_audit_trace.yaml,IMPORT_AUDIT_TRACE,PARTIAL,P1,AUDIT,NO,R4过程/回归/事故治理；运行时默认只读。,红楼梦探佚_R4纠偏_Phase7_R4FRegression_v1.0/R4_遗留问题总台账_v1.6_R4F回归同步.md | 红楼梦探佚_全量文档体系_重整版_v4.2/10_R4全链审计与纠偏全过程/03_R4_纠偏治理_OPEN_状态清扫/R4_遗留问题总台账_v1.6_R4F回归同步.md | R4_遗留问题总台账_v1.6_R4F回归同步.md
a46056f8e41c234f36a840ad27d2d83712b45537a3afc6bb2e954fbb9d0ea477,红楼梦探佚_R4纠偏_Phase7_R4FRegression_v1.0.zip,红楼梦探佚_R4纠偏_Phase7_R4FRegression_v1.0/SHA256_Phase7_R4FRegression.md,SHA256_Phase7_R4FRegression.md,1301,1,红楼梦探佚_R4纠偏_Phase7_R4FRegression_v1.0.zip,AUDIT_ARCHIVE,review.negative_fixture,data/archive/negative_fixtures.yaml,ARCHIVE_NEGATIVE_FIXTURE,ARCHIVE_ONLY,P2,SUPERSEDED,NO,被后续版本明确取代/撤销；只用于回归反例。,红楼梦探佚_R4纠偏_Phase7_R4FRegression_v1.0/SHA256_Phase7_R4FRegression.md
4645da79b1bed76f54be281c50b5df648f599ea41541fb7855685753b6a85320,红楼梦探佚_稳定ACTIVE过程文档体系_v4.1.zip,红楼梦探佚_稳定ACTIVE过程文档体系_v4.1/01_正文与施工/第32-A_红楼梦八十回后文学复原_纯读版_v1.4_稳定ACTIVE基线.md,第32-A_红楼梦八十回后文学复原_纯读版_v1.4_稳定ACTIVE基线.md,545334,11,当前工作区散件; 红楼梦探佚_R4纠偏_Phase7_R4FRegression_v1.0.zip; 红楼梦探佚_R4纠偏_Phase7_R4FRegression_v1.1.zip; 红楼梦探佚_R4纠偏_Phase7_R4FRegression_v1.2_FINAL.zip; 红楼梦探佚_R4纠偏_Phase8_R4G_FINAL_v2.0.zip; 红楼梦探佚_全量文档体系_重整版_v4.2.zip; 红楼梦探佚_稳定ACTIVE过程文档体系_v4.1.zip,IMPLEMENTATION,implementation.body,data/releases/body_registry.yaml + body artifact,REGISTER_BODY_VERSION,PARTIAL,P0,CURRENT,YES,正文版本本体；正文不是Evidence Source。,红楼梦探佚_R4纠偏_Phase7_R4FRegression_v1.0/第32-A_红楼梦八十回后文学复原_纯读版_v1.4_R4G候选回归版.md | 红楼梦探佚_R4纠偏_Phase7_R4FRegression_v1.1/第32-A_红楼梦八十回后文学复原_纯读版_v1.4_R4G候选回归版.md | 红楼梦探佚_R4纠偏_Phase7_R4FRegression_v1.2_FINAL/第32-A_红楼梦八十回后文学复原_纯读版_v1.4_R4G候选回归版.md | 红楼梦探佚_R4纠偏_Phase8_R4G_FINAL_v2.0/第32-A_红楼梦八十回后文学复原_纯读版_v1.4_R4G候选回归版.md | 红楼梦探佚_全量文档体系_重整版_v4.2/01_CURRENT_ACTIVE_v4.1/01_正文与施工/第32-A_红楼梦八十回后文学复原_纯读版_v1.4_稳定ACTIVE基线.md | 红楼梦探佚_全量文档体系_重整版_v4.2/10_R4全链审计与纠偏全过程/05_R4中间版本链_只读/第32-A_红楼梦八十回后文学复原_纯读版_v1.4_R4G候选回归版.md | 红楼梦探佚_全量文档体系_重整版_v4.2/10_R4全链审计与纠偏全过程/05_R4中间版本链_只读/第32-A_红楼梦八十回后文学复原_纯读版_v1.4_稳定ACTIVE基线.md | 红楼梦探佚_全量文档体系_重整版_v4.2/90_三套来源包完整快照_只读/当前稳定ACTIVE_v4.1/01_正文与施工/第32-A_红楼梦八十回后文学复原_纯读版_v1.4_稳定ACTIVE基线.md | ...(+3)
7b866195a40d24437f2ce6287fee1ad159295aec61ab262fb9e363d794aeded2,红楼梦探佚_全量文档体系_重整版_v4.2.zip,红楼梦探佚_全量文档体系_重整版_v4.2/10_R4全链审计与纠偏全过程/05_R4中间版本链_只读/00_当前操作链索引_R4G_REOPENED_v1.7_R4F回归PASS.md,00_当前操作链索引_R4G_REOPENED_v1.7_R4F回归PASS.md,542,3,当前工作区散件; 红楼梦探佚_R4纠偏_Phase7_R4FRegression_v1.1.zip; 红楼梦探佚_全量文档体系_重整版_v4.2.zip,GOVERNANCE,governance.project_state,data/registry/releases.yaml + config/project_state.yaml,STRUCTURE_PROJECT_STATE,PARTIAL,P2,HISTORICAL,NO,项目状态/版本纪律；只提取当前有效规则，旧版保留谱系。,红楼梦探佚_R4纠偏_Phase7_R4FRegression_v1.1/00_当前操作链索引_R4G_REOPENED_v1.7_R4F回归PASS.md | 红楼梦探佚_全量文档体系_重整版_v4.2/10_R4全链审计与纠偏全过程/05_R4中间版本链_只读/00_当前操作链索引_R4G_REOPENED_v1.7_R4F回归PASS.md | 00_当前操作链索引_R4G_REOPENED_v1.7_R4F回归PASS.md
3be10c692c0e7c331a8f32f1cb4cf6d0d35da6aaf071ed6a5c8b53c0ae2141c3,红楼梦探佚_全量文档体系_重整版_v4.2.zip,红楼梦探佚_全量文档体系_重整版_v4.2/10_R4全链审计与纠偏全过程/05_R4中间版本链_只读/81—100_正文实施事实登记表_v1.8_R4F回归PASS候选版.md,81—100_正文实施事实登记表_v1.8_R4F回归PASS候选版.md,6848,3,当前工作区散件; 红楼梦探佚_R4纠偏_Phase7_R4FRegression_v1.1.zip; 红楼梦探佚_全量文档体系_重整版_v4.2.zip,IMPLEMENTATION,implementation.register,data/implementations/ch81_100.yaml,IMPORT_IMPLEMENTATION_REGISTER,PARTIAL,P0,REFERENCE,REFERENCE,当前正文如何实现≠证据；需绑定body locator。,红楼梦探佚_R4纠偏_Phase7_R4FRegression_v1.1/81—100_正文实施事实登记表_v1.8_R4F回归PASS候选版.md | 红楼梦探佚_全量文档体系_重整版_v4.2/10_R4全链审计与纠偏全过程/05_R4中间版本链_只读/81—100_正文实施事实登记表_v1.8_R4F回归PASS候选版.md | 81—100_正文实施事实登记表_v1.8_R4F回归PASS候选版.md
60800c8969742ef65db6e2dfb6a2157b61a5c006a5479bee890932637b627bdf,红楼梦探佚_R4纠偏_Phase7_R4FRegression_v1.1.zip,红楼梦探佚_R4纠偏_Phase7_R4FRegression_v1.1/R4-F_regression_R4G候选正文_v1.1_PASS.md,R4-F_regression_R4G候选正文_v1.1_PASS.md,2413,1,红楼梦探佚_R4纠偏_Phase7_R4FRegression_v1.1.zip,REVIEW,review.r4_audit_trace,data/review/r4_audit_trace.yaml,IMPORT_AUDIT_TRACE,PARTIAL,P1,AUDIT,NO,R4过程/回归/事故治理；运行时默认只读。,红楼梦探佚_R4纠偏_Phase7_R4FRegression_v1.1/R4-F_regression_R4G候选正文_v1.1_PASS.md
e7d86de89a58405fcea730e7b47dfc32cfd057ddbee87f78e85d3a58b9939ef3,红楼梦探佚_全量文档体系_重整版_v4.2.zip,红楼梦探佚_全量文档体系_重整版_v4.2/10_R4全链审计与纠偏全过程/01_R4-A—F/R4_证据角色审计矩阵_v1.9_R4F回归终版.md,R4_证据角色审计矩阵_v1.9_R4F回归终版.md,3258,3,当前工作区散件; 红楼梦探佚_R4纠偏_Phase7_R4FRegression_v1.1.zip; 红楼梦探佚_全量文档体系_重整版_v4.2.zip,EVIDENCE,evidence.claim_role_matrix,data/sources/* + data/claims/* + data/decisions/*,SPLIT_PROVENANCE_CLAIMS_DECISIONS,PARTIAL,P0,REFERENCE,REFERENCE,需拆为Source/Claim/Decision，不能把项目矩阵当Witness。,红楼梦探佚_R4纠偏_Phase7_R4FRegression_v1.1/R4_证据角色审计矩阵_v1.9_R4F回归终版.md | 红楼梦探佚_全量文档体系_重整版_v4.2/10_R4全链审计与纠偏全过程/01_R4-A—F/R4_证据角色审计矩阵_v1.9_R4F回归终版.md | R4_证据角色审计矩阵_v1.9_R4F回归终版.md
5e6e40337125b9ca10a6a90d747b93f4402c8c2d58215bcaf3f15a87800c17d7,红楼梦探佚_全量文档体系_重整版_v4.2.zip,红楼梦探佚_全量文档体系_重整版_v4.2/10_R4全链审计与纠偏全过程/03_R4_纠偏治理_OPEN_状态清扫/R4_遗留问题总台账_v1.6_R4F回归PASS.csv,R4_遗留问题总台账_v1.6_R4F回归PASS.csv,12821,3,当前工作区散件; 红楼梦探佚_R4纠偏_Phase7_R4FRegression_v1.1.zip; 红楼梦探佚_全量文档体系_重整版_v4.2.zip,REVIEW,review.r4_audit_trace,data/review/r4_audit_trace.yaml,IMPORT_AUDIT_TRACE,PARTIAL,P1,AUDIT,NO,R4过程/回归/事故治理；运行时默认只读。,红楼梦探佚_R4纠偏_Phase7_R4FRegression_v1.1/R4_遗留问题总台账_v1.6_R4F回归PASS.csv | 红楼梦探佚_全量文档体系_重整版_v4.2/10_R4全链审计与纠偏全过程/03_R4_纠偏治理_OPEN_状态清扫/R4_遗留问题总台账_v1.6_R4F回归PASS.csv | R4_遗留问题总台账_v1.6_R4F回归PASS.csv
a50f114c7042fd0f4fdaccb31e041c537041fa20290d3b5822741786accfdc4a,红楼梦探佚_全量文档体系_重整版_v4.2.zip,红楼梦探佚_全量文档体系_重整版_v4.2/10_R4全链审计与纠偏全过程/03_R4_纠偏治理_OPEN_状态清扫/R4_遗留问题总台账_v1.6_R4F回归PASS.md,R4_遗留问题总台账_v1.6_R4F回归PASS.md,269,3,当前工作区散件; 红楼梦探佚_R4纠偏_Phase7_R4FRegression_v1.1.zip; 红楼梦探佚_全量文档体系_重整版_v4.2.zip,REVIEW,review.r4_audit_trace,data/review/r4_audit_trace.yaml,IMPORT_AUDIT_TRACE,PARTIAL,P1,AUDIT,NO,R4过程/回归/事故治理；运行时默认只读。,红楼梦探佚_R4纠偏_Phase7_R4FRegression_v1.1/R4_遗留问题总台账_v1.6_R4F回归PASS.md | 红楼梦探佚_全量文档体系_重整版_v4.2/10_R4全链审计与纠偏全过程/03_R4_纠偏治理_OPEN_状态清扫/R4_遗留问题总台账_v1.6_R4F回归PASS.md | R4_遗留问题总台账_v1.6_R4F回归PASS.md
272b4d6ef72f8d1643e7d4b96d2ca31c549fc2b0c46aaacaa96d791291272e50,红楼梦探佚_R4纠偏_Phase7_R4FRegression_v1.1.zip,红楼梦探佚_R4纠偏_Phase7_R4FRegression_v1.1/SHA256_Phase7_R4FRegression_v1.1.md,SHA256_Phase7_R4FRegression_v1.1.md,1301,1,红楼梦探佚_R4纠偏_Phase7_R4FRegression_v1.1.zip,AUDIT_ARCHIVE,review.negative_fixture,data/archive/negative_fixtures.yaml,ARCHIVE_NEGATIVE_FIXTURE,ARCHIVE_ONLY,P2,SUPERSEDED,NO,被后续版本明确取代/撤销；只用于回归反例。,红楼梦探佚_R4纠偏_Phase7_R4FRegression_v1.1/SHA256_Phase7_R4FRegression_v1.1.md
b0b205461ae7723d884c85667874f3001e9ecfcaf73b006422b776241cc60d9e,红楼梦探佚_全量文档体系_重整版_v4.2.zip,红楼梦探佚_全量文档体系_重整版_v4.2/10_R4全链审计与纠偏全过程/05_R4中间版本链_只读/00_当前操作链索引_R4G_REOPENED_v1.7_R4FRegression_FINAL_PASS.md,00_当前操作链索引_R4G_REOPENED_v1.7_R4FRegression_FINAL_PASS.md,513,3,当前工作区散件; 红楼梦探佚_R4纠偏_Phase7_R4FRegression_v1.2_FINAL.zip; 红楼梦探佚_全量文档体系_重整版_v4.2.zip,GOVERNANCE,governance.project_state,data/registry/releases.yaml + config/project_state.yaml,STRUCTURE_PROJECT_STATE,PARTIAL,P2,HISTORICAL,NO,项目状态/版本纪律；只提取当前有效规则，旧版保留谱系。,红楼梦探佚_R4纠偏_Phase7_R4FRegression_v1.2_FINAL/00_当前操作链索引_R4G_REOPENED_v1.7_R4FRegression_FINAL_PASS.md | 红楼梦探佚_全量文档体系_重整版_v4.2/10_R4全链审计与纠偏全过程/05_R4中间版本链_只读/00_当前操作链索引_R4G_REOPENED_v1.7_R4FRegression_FINAL_PASS.md | 00_当前操作链索引_R4G_REOPENED_v1.7_R4FRegression_FINAL_PASS.md
77576184608c4b4799e99fc1ceb8bbe564a70c466890edb10be2d9f77f14027b,红楼梦探佚_全量文档体系_重整版_v4.2.zip,红楼梦探佚_全量文档体系_重整版_v4.2/10_R4全链审计与纠偏全过程/05_R4中间版本链_只读/81—100_正文实施事实登记表_v1.7_R4FRegression_FINAL候选版.md,81—100_正文实施事实登记表_v1.7_R4FRegression_FINAL候选版.md,6689,4,当前工作区散件; 红楼梦探佚_R4纠偏_Phase7_R4FRegression_v1.2_FINAL.zip; 红楼梦探佚_R4纠偏_Phase8_R4G_FINAL_v2.0.zip; 红楼梦探佚_全量文档体系_重整版_v4.2.zip,IMPLEMENTATION,implementation.register,data/implementations/ch81_100.yaml,IMPORT_IMPLEMENTATION_REGISTER,PARTIAL,P0,REFERENCE,REFERENCE,当前正文如何实现≠证据；需绑定body locator。,红楼梦探佚_R4纠偏_Phase7_R4FRegression_v1.2_FINAL/81—100_正文实施事实登记表_v1.7_R4FRegression_FINAL候选版.md | 红楼梦探佚_R4纠偏_Phase8_R4G_FINAL_v2.0/81—100_正文实施事实登记表_v1.7_R4FRegression_FINAL候选版.md | 红楼梦探佚_全量文档体系_重整版_v4.2/10_R4全链审计与纠偏全过程/05_R4中间版本链_只读/81—100_正文实施事实登记表_v1.7_R4FRegression_FINAL候选版.md | 81—100_正文实施事实登记表_v1.7_R4FRegression_FINAL候选版.md
f79ba80ca2e9caff0113e83100bc5b046736ce0faa03413bdbbf464dba3c6794,红楼梦探佚_稳定ACTIVE过程文档体系_v4.1.zip,红楼梦探佚_稳定ACTIVE过程文档体系_v4.1/99_最小审计记录/R4-F_regression_R4G候选正文_v1.2_FINAL_PASS.md,R4-F_regression_R4G候选正文_v1.2_FINAL_PASS.md,2098,7,当前工作区散件; 红楼梦探佚_R4纠偏_Phase7_R4FRegression_v1.2_FINAL.zip; 红楼梦探佚_R4纠偏_Phase8_R4G_FINAL_v2.0.zip; 红楼梦探佚_全量文档体系_重整版_v4.2.zip; 红楼梦探佚_稳定ACTIVE过程文档体系_v4.1.zip,REVIEW,review.r4_audit_trace,data/review/r4_audit_trace.yaml,IMPORT_AUDIT_TRACE,PARTIAL,P1,AUDIT,NO,R4过程/回归/事故治理；运行时默认只读。,红楼梦探佚_R4纠偏_Phase7_R4FRegression_v1.2_FINAL/R4-F_regression_R4G候选正文_v1.2_FINAL_PASS.md | 红楼梦探佚_R4纠偏_Phase8_R4G_FINAL_v2.0/R4-F_regression_R4G候选正文_v1.2_FINAL_PASS.md | 红楼梦探佚_全量文档体系_重整版_v4.2/01_CURRENT_ACTIVE_v4.1/99_最小审计记录/R4-F_regression_R4G候选正文_v1.2_FINAL_PASS.md | 红楼梦探佚_全量文档体系_重整版_v4.2/10_R4全链审计与纠偏全过程/01_R4-A—F/R4-F_regression_R4G候选正文_v1.2_FINAL_PASS.md | 红楼梦探佚_全量文档体系_重整版_v4.2/90_三套来源包完整快照_只读/当前稳定ACTIVE_v4.1/99_最小审计记录/R4-F_regression_R4G候选正文_v1.2_FINAL_PASS.md | 红楼梦探佚_稳定ACTIVE过程文档体系_v4.1/99_最小审计记录/R4-F_regression_R4G候选正文_v1.2_FINAL_PASS.md | R4-F_regression_R4G候选正文_v1.2_FINAL_PASS.md
3530807848001539172794fe83b72428f5b6cb5f6dc1f8521a57b5b1336b0bdd,红楼梦探佚_全量文档体系_重整版_v4.2.zip,红楼梦探佚_全量文档体系_重整版_v4.2/10_R4全链审计与纠偏全过程/01_R4-A—F/R4_证据角色审计矩阵_v1.8_R4FRegression_FINAL.md,R4_证据角色审计矩阵_v1.8_R4FRegression_FINAL.md,3009,4,当前工作区散件; 红楼梦探佚_R4纠偏_Phase7_R4FRegression_v1.2_FINAL.zip; 红楼梦探佚_R4纠偏_Phase8_R4G_FINAL_v2.0.zip; 红楼梦探佚_全量文档体系_重整版_v4.2.zip,EVIDENCE,evidence.claim_role_matrix,data/sources/* + data/claims/* + data/decisions/*,SPLIT_PROVENANCE_CLAIMS_DECISIONS,PARTIAL,P0,REFERENCE,REFERENCE,需拆为Source/Claim/Decision，不能把项目矩阵当Witness。,红楼梦探佚_R4纠偏_Phase7_R4FRegression_v1.2_FINAL/R4_证据角色审计矩阵_v1.8_R4FRegression_FINAL.md | 红楼梦探佚_R4纠偏_Phase8_R4G_FINAL_v2.0/R4_证据角色审计矩阵_v1.8_R4FRegression_FINAL.md | 红楼梦探佚_全量文档体系_重整版_v4.2/10_R4全链审计与纠偏全过程/01_R4-A—F/R4_证据角色审计矩阵_v1.8_R4FRegression_FINAL.md | R4_证据角色审计矩阵_v1.8_R4FRegression_FINAL.md
c57489c816f33a153b5795e098714d7249e1de0d5b746ed49e2a0f477c05198b,红楼梦探佚_全量文档体系_重整版_v4.2.zip,红楼梦探佚_全量文档体系_重整版_v4.2/10_R4全链审计与纠偏全过程/03_R4_纠偏治理_OPEN_状态清扫/R4_遗留问题总台账_v1.6_R4FRegression_FINAL.csv,R4_遗留问题总台账_v1.6_R4FRegression_FINAL.csv,12795,3,当前工作区散件; 红楼梦探佚_R4纠偏_Phase7_R4FRegression_v1.2_FINAL.zip; 红楼梦探佚_全量文档体系_重整版_v4.2.zip,REVIEW,review.r4_audit_trace,data/review/r4_audit_trace.yaml,IMPORT_AUDIT_TRACE,PARTIAL,P1,AUDIT,NO,R4过程/回归/事故治理；运行时默认只读。,红楼梦探佚_R4纠偏_Phase7_R4FRegression_v1.2_FINAL/R4_遗留问题总台账_v1.6_R4FRegression_FINAL.csv | 红楼梦探佚_全量文档体系_重整版_v4.2/10_R4全链审计与纠偏全过程/03_R4_纠偏治理_OPEN_状态清扫/R4_遗留问题总台账_v1.6_R4FRegression_FINAL.csv | R4_遗留问题总台账_v1.6_R4FRegression_FINAL.csv
8b60ee8e62fb82841497b0bc25bedb45f4b36702f02e278f92d1a112b5bebe01,红楼梦探佚_全量文档体系_重整版_v4.2.zip,红楼梦探佚_全量文档体系_重整版_v4.2/10_R4全链审计与纠偏全过程/03_R4_纠偏治理_OPEN_状态清扫/R4_遗留问题总台账_v1.6_R4FRegression_FINAL.md,R4_遗留问题总台账_v1.6_R4FRegression_FINAL.md,272,3,当前工作区散件; 红楼梦探佚_R4纠偏_Phase7_R4FRegression_v1.2_FINAL.zip; 红楼梦探佚_全量文档体系_重整版_v4.2.zip,REVIEW,review.r4_audit_trace,data/review/r4_audit_trace.yaml,IMPORT_AUDIT_TRACE,PARTIAL,P1,AUDIT,NO,R4过程/回归/事故治理；运行时默认只读。,红楼梦探佚_R4纠偏_Phase7_R4FRegression_v1.2_FINAL/R4_遗留问题总台账_v1.6_R4FRegression_FINAL.md | 红楼梦探佚_全量文档体系_重整版_v4.2/10_R4全链审计与纠偏全过程/03_R4_纠偏治理_OPEN_状态清扫/R4_遗留问题总台账_v1.6_R4FRegression_FINAL.md | R4_遗留问题总台账_v1.6_R4FRegression_FINAL.md
9e3db5f7886df4023800db1594c0afbdec05bca4642663dd0720900aa4b97879,红楼梦探佚_R4纠偏_Phase7_R4FRegression_v1.2_FINAL.zip,红楼梦探佚_R4纠偏_Phase7_R4FRegression_v1.2_FINAL/SHA256_Phase7_R4FRegression_v1.2_FINAL.md,SHA256_Phase7_R4FRegression_v1.2_FINAL.md,1346,1,红楼梦探佚_R4纠偏_Phase7_R4FRegression_v1.2_FINAL.zip,ARCHIVE,archive.document,data/archive/documents.yaml,INDEX_ONLY,ARCHIVE_ONLY,P2,HISTORICAL,NO,历史/重复内容仅保留可追溯索引。,红楼梦探佚_R4纠偏_Phase7_R4FRegression_v1.2_FINAL/SHA256_Phase7_R4FRegression_v1.2_FINAL.md
9f7307efe5db664493ca52c85707711afb02784da8868fe96ced1b1a852d15dd,红楼梦探佚_全量文档体系_重整版_v4.2.zip,红楼梦探佚_全量文档体系_重整版_v4.2/10_R4全链审计与纠偏全过程/05_R4中间版本链_只读/00_当前操作链索引_R4G_FINAL_PASS_v1.8.md,00_当前操作链索引_R4G_FINAL_PASS_v1.8.md,548,3,当前工作区散件; 红楼梦探佚_R4纠偏_Phase8_R4G_FINAL_v2.0.zip; 红楼梦探佚_全量文档体系_重整版_v4.2.zip,GOVERNANCE,governance.project_state,data/registry/releases.yaml + config/project_state.yaml,STRUCTURE_PROJECT_STATE,PARTIAL,P2,HISTORICAL,NO,项目状态/版本纪律；只提取当前有效规则，旧版保留谱系。,红楼梦探佚_R4纠偏_Phase8_R4G_FINAL_v2.0/00_当前操作链索引_R4G_FINAL_PASS_v1.8.md | 红楼梦探佚_全量文档体系_重整版_v4.2/10_R4全链审计与纠偏全过程/05_R4中间版本链_只读/00_当前操作链索引_R4G_FINAL_PASS_v1.8.md | 00_当前操作链索引_R4G_FINAL_PASS_v1.8.md
52175a0bbe188eb6e186a6dadc1e4e318a6b4cb5bf16e565b2b2765367a7bbe5,红楼梦探佚_全量文档体系_重整版_v4.2.zip,红楼梦探佚_全量文档体系_重整版_v4.2/10_R4全链审计与纠偏全过程/05_R4中间版本链_只读/81—100_保护锁与不可破坏细节表_v2.4_R4G_FINAL候选版.md,81—100_保护锁与不可破坏细节表_v2.4_R4G_FINAL候选版.md,18109,3,当前工作区散件; 红楼梦探佚_R4纠偏_Phase8_R4G_FINAL_v2.0.zip; 红楼梦探佚_全量文档体系_重整版_v4.2.zip,LOCK,lock.literary_plock,data/plocks/ch81_100.yaml,SPLIT_PLOCKS,PARTIAL,P0,REFERENCE,REFERENCE,当前Harness仅5个高风险P-Lock，需补齐全表。,红楼梦探佚_R4纠偏_Phase8_R4G_FINAL_v2.0/81—100_保护锁与不可破坏细节表_v2.4_R4G_FINAL候选版.md | 红楼梦探佚_全量文档体系_重整版_v4.2/10_R4全链审计与纠偏全过程/05_R4中间版本链_只读/81—100_保护锁与不可破坏细节表_v2.4_R4G_FINAL候选版.md | 81—100_保护锁与不可破坏细节表_v2.4_R4G_FINAL候选版.md
089acdf621d2a021ac2ba6259663c3aacfad57ef4895d755041b6a99c45c367d,红楼梦探佚_稳定ACTIVE过程文档体系_v4.1.zip,红楼梦探佚_稳定ACTIVE过程文档体系_v4.1/99_最小审计记录/R4-G_文学保护与越界终审_v2.0_FINAL_PASS.md,R4-G_文学保护与越界终审_v2.0_FINAL_PASS.md,7718,6,当前工作区散件; 红楼梦探佚_R4纠偏_Phase8_R4G_FINAL_v2.0.zip; 红楼梦探佚_全量文档体系_重整版_v4.2.zip; 红楼梦探佚_稳定ACTIVE过程文档体系_v4.1.zip,REVIEW,review.r4_audit_trace,data/review/r4_audit_trace.yaml,IMPORT_AUDIT_TRACE,PARTIAL,P1,AUDIT,NO,R4过程/回归/事故治理；运行时默认只读。,红楼梦探佚_R4纠偏_Phase8_R4G_FINAL_v2.0/R4-G_文学保护与越界终审_v2.0_FINAL_PASS.md | 红楼梦探佚_全量文档体系_重整版_v4.2/01_CURRENT_ACTIVE_v4.1/99_最小审计记录/R4-G_文学保护与越界终审_v2.0_FINAL_PASS.md | 红楼梦探佚_全量文档体系_重整版_v4.2/10_R4全链审计与纠偏全过程/02_R4-G_文学实验/R4-G_文学保护与越界终审_v2.0_FINAL_PASS.md | 红楼梦探佚_全量文档体系_重整版_v4.2/90_三套来源包完整快照_只读/当前稳定ACTIVE_v4.1/99_最小审计记录/R4-G_文学保护与越界终审_v2.0_FINAL_PASS.md | 红楼梦探佚_稳定ACTIVE过程文档体系_v4.1/99_最小审计记录/R4-G_文学保护与越界终审_v2.0_FINAL_PASS.md | R4-G_文学保护与越界终审_v2.0_FINAL_PASS.md
a3e05e2594b5df02e4fd9ae512ebf0d6ae2953a5b6ef6b9207bfee3c056b5691,红楼梦探佚_全量文档体系_重整版_v4.2.zip,红楼梦探佚_全量文档体系_重整版_v4.2/10_R4全链审计与纠偏全过程/03_R4_纠偏治理_OPEN_状态清扫/R4_遗留问题总台账_v1.7_R4G_FINAL.csv,R4_遗留问题总台账_v1.7_R4G_FINAL.csv,12809,3,当前工作区散件; 红楼梦探佚_R4纠偏_Phase8_R4G_FINAL_v2.0.zip; 红楼梦探佚_全量文档体系_重整版_v4.2.zip,REVIEW,review.r4_audit_trace,data/review/r4_audit_trace.yaml,IMPORT_AUDIT_TRACE,PARTIAL,P1,AUDIT,NO,R4过程/回归/事故治理；运行时默认只读。,红楼梦探佚_R4纠偏_Phase8_R4G_FINAL_v2.0/R4_遗留问题总台账_v1.7_R4G_FINAL.csv | 红楼梦探佚_全量文档体系_重整版_v4.2/10_R4全链审计与纠偏全过程/03_R4_纠偏治理_OPEN_状态清扫/R4_遗留问题总台账_v1.7_R4G_FINAL.csv | R4_遗留问题总台账_v1.7_R4G_FINAL.csv
5bb4f62bec6b0e68924fad8d07e43982e193cd0c686c47abb4153721199f3caa,红楼梦探佚_全量文档体系_重整版_v4.2.zip,红楼梦探佚_全量文档体系_重整版_v4.2/10_R4全链审计与纠偏全过程/03_R4_纠偏治理_OPEN_状态清扫/R4_遗留问题总台账_v1.7_R4G_FINAL.md,R4_遗留问题总台账_v1.7_R4G_FINAL.md,320,3,当前工作区散件; 红楼梦探佚_R4纠偏_Phase8_R4G_FINAL_v2.0.zip; 红楼梦探佚_全量文档体系_重整版_v4.2.zip,REVIEW,review.r4_audit_trace,data/review/r4_audit_trace.yaml,IMPORT_AUDIT_TRACE,PARTIAL,P1,AUDIT,NO,R4过程/回归/事故治理；运行时默认只读。,红楼梦探佚_R4纠偏_Phase8_R4G_FINAL_v2.0/R4_遗留问题总台账_v1.7_R4G_FINAL.md | 红楼梦探佚_全量文档体系_重整版_v4.2/10_R4全链审计与纠偏全过程/03_R4_纠偏治理_OPEN_状态清扫/R4_遗留问题总台账_v1.7_R4G_FINAL.md | R4_遗留问题总台账_v1.7_R4G_FINAL.md
88913f21dc12df7f41d2d23503a4519ef62965b23402a9989d7fc6faeb27ef6e,红楼梦探佚_R4纠偏_Phase8_R4G_FINAL_v2.0.zip,红楼梦探佚_R4纠偏_Phase8_R4G_FINAL_v2.0/SHA256_Phase8_R4G_FINAL_v2.0.md,SHA256_Phase8_R4G_FINAL_v2.0.md,1309,1,红楼梦探佚_R4纠偏_Phase8_R4G_FINAL_v2.0.zip,ARCHIVE,archive.document,data/archive/documents.yaml,INDEX_ONLY,ARCHIVE_ONLY,P2,HISTORICAL,NO,历史/重复内容仅保留可追溯索引。,红楼梦探佚_R4纠偏_Phase8_R4G_FINAL_v2.0/SHA256_Phase8_R4G_FINAL_v2.0.md
e2f51062a5d9a8f3521d3b2a1b64ebcec9d1ebbc2a083b7712cb573f2dd42ece,红楼梦探佚_全量文档体系_重整版_v4.2.zip,红楼梦探佚_全量文档体系_重整版_v4.2/00_从这里开始/README_从这里开始.md,README_从这里开始.md,2380,1,红楼梦探佚_全量文档体系_重整版_v4.2.zip,REGISTRY,registry.document_metadata,data/registry/documents.yaml,REGISTER_DOCUMENT,NONE,P1,REFERENCE,REFERENCE,文档级元数据/说明；不直接驱动剧情。,红楼梦探佚_全量文档体系_重整版_v4.2/00_从这里开始/README_从这里开始.md
4032adea29a45cf0513e3cd6884b49232ec5be646237322dcb1a2ba19ec342d7,红楼梦探佚_全量文档体系_重整版_v4.2.zip,红楼梦探佚_全量文档体系_重整版_v4.2/00_从这里开始/工程版本谱系与状态说明_v4.2.md,工程版本谱系与状态说明_v4.2.md,841,1,红楼梦探佚_全量文档体系_重整版_v4.2.zip,RELEASE_HISTORY,release.version_lineage,data/registry/releases.yaml,IMPORT_VERSION_LINEAGE,NONE,P1,VERSION_HISTORY,NO,版本谱系/三版一致性/旧锁版记录。,红楼梦探佚_全量文档体系_重整版_v4.2/00_从这里开始/工程版本谱系与状态说明_v4.2.md
75681ccaae1509b984e691b034fc7a27071ee474a31257cadc28cab0ef8198e5,红楼梦探佚_全量文档体系_重整版_v4.2.zip,红楼梦探佚_全量文档体系_重整版_v4.2/00_从这里开始/当前版本_状态与下一步_v4.2.md,当前版本_状态与下一步_v4.2.md,741,1,红楼梦探佚_全量文档体系_重整版_v4.2.zip,RELEASE_HISTORY,release.version_lineage,data/registry/releases.yaml,IMPORT_VERSION_LINEAGE,NONE,P1,VERSION_HISTORY,NO,版本谱系/三版一致性/旧锁版记录。,红楼梦探佚_全量文档体系_重整版_v4.2/00_从这里开始/当前版本_状态与下一步_v4.2.md
37fe9259ae61a079ba81e3767b7f5a1a3e84545bbb329bc96a7181fd219b6165,红楼梦探佚_全量文档体系_重整版_v4.2.zip,红楼梦探佚_全量文档体系_重整版_v4.2/00_从这里开始/文档体系地图与权威链_v4.2.md,文档体系地图与权威链_v4.2.md,2556,1,红楼梦探佚_全量文档体系_重整版_v4.2.zip,REGISTRY,registry.document_metadata,data/registry/documents.yaml,REGISTER_DOCUMENT,NONE,P1,REFERENCE,REFERENCE,文档级元数据/说明；不直接驱动剧情。,红楼梦探佚_全量文档体系_重整版_v4.2/00_从这里开始/文档体系地图与权威链_v4.2.md
6b85071a4a2a4c1359c254090ed55d6284161ae64f0c97c8936bdf5c8c7ade40,红楼梦探佚_全量文档体系_重整版_v4.2.zip,红楼梦探佚_全量文档体系_重整版_v4.2/00_从这里开始/重整完成报告_v1.0.md,重整完成报告_v1.0.md,565,1,红楼梦探佚_全量文档体系_重整版_v4.2.zip,REGISTRY,registry.document_metadata,data/registry/documents.yaml,REGISTER_DOCUMENT,NONE,P1,REFERENCE,REFERENCE,文档级元数据/说明；不直接驱动剧情。,红楼梦探佚_全量文档体系_重整版_v4.2/00_从这里开始/重整完成报告_v1.0.md
07794156204376fc316d45bbaf43995d5e43b4165d9c4b7d247bbcdac6702402,红楼梦探佚_稳定ACTIVE过程文档体系_v4.1.zip,红楼梦探佚_稳定ACTIVE过程文档体系_v4.1/00_CURRENT/R4_活动链状态_v2.0_R4_COMPLETE.md,R4_活动链状态_v2.0_R4_COMPLETE.md,735,5,当前工作区散件; 红楼梦探佚_全量文档体系_重整版_v4.2.zip; 红楼梦探佚_稳定ACTIVE过程文档体系_v4.1.zip,GOVERNANCE,governance.project_state,data/registry/releases.yaml + config/project_state.yaml,STRUCTURE_PROJECT_STATE,PARTIAL,P2,CURRENT,YES,项目状态/版本纪律；只提取当前有效规则，旧版保留谱系。,红楼梦探佚_全量文档体系_重整版_v4.2/01_CURRENT_ACTIVE_v4.1/00_CURRENT/R4_活动链状态_v2.0_R4_COMPLETE.md | 红楼梦探佚_全量文档体系_重整版_v4.2/10_R4全链审计与纠偏全过程/04_R4-H_最终放行/R4_活动链状态_v2.0_R4_COMPLETE.md | 红楼梦探佚_全量文档体系_重整版_v4.2/90_三套来源包完整快照_只读/当前稳定ACTIVE_v4.1/00_CURRENT/R4_活动链状态_v2.0_R4_COMPLETE.md | 红楼梦探佚_稳定ACTIVE过程文档体系_v4.1/00_CURRENT/R4_活动链状态_v2.0_R4_COMPLETE.md | R4_活动链状态_v2.0_R4_COMPLETE.md
ef76fd7ff258ba6c765dbe4ba2bf9765ad6d03ffaea66d10d543e9bc7bd7729c,红楼梦探佚_稳定ACTIVE过程文档体系_v4.1.zip,红楼梦探佚_稳定ACTIVE过程文档体系_v4.1/00_CURRENT/R4_稳定ACTIVE发布清单_v4.1.md,R4_稳定ACTIVE发布清单_v4.1.md,911,5,当前工作区散件; 红楼梦探佚_全量文档体系_重整版_v4.2.zip; 红楼梦探佚_稳定ACTIVE过程文档体系_v4.1.zip,GOVERNANCE,governance.project_state,data/registry/releases.yaml + config/project_state.yaml,STRUCTURE_PROJECT_STATE,PARTIAL,P0,CURRENT,YES,项目状态/版本纪律；只提取当前有效规则，旧版保留谱系。,红楼梦探佚_全量文档体系_重整版_v4.2/01_CURRENT_ACTIVE_v4.1/00_CURRENT/R4_稳定ACTIVE发布清单_v4.1.md | 红楼梦探佚_全量文档体系_重整版_v4.2/10_R4全链审计与纠偏全过程/04_R4-H_最终放行/R4_稳定ACTIVE发布清单_v4.1.md | 红楼梦探佚_全量文档体系_重整版_v4.2/90_三套来源包完整快照_只读/当前稳定ACTIVE_v4.1/00_CURRENT/R4_稳定ACTIVE发布清单_v4.1.md | 红楼梦探佚_稳定ACTIVE过程文档体系_v4.1/00_CURRENT/R4_稳定ACTIVE发布清单_v4.1.md | R4_稳定ACTIVE发布清单_v4.1.md
6ab10932c4f8ae3580ec1f1db3034e8ba2fee58ae038db9556204ee11aeb0d44,红楼梦探佚_稳定ACTIVE过程文档体系_v4.1.zip,红楼梦探佚_稳定ACTIVE过程文档体系_v4.1/00_CURRENT/红楼梦八十回后全幅文学补完大工程计划_v6.0_R4最终放行版.md,红楼梦八十回后全幅文学补完大工程计划_v6.0_R4最终放行版.md,8395,5,当前工作区散件; 红楼梦探佚_全量文档体系_重整版_v4.2.zip; 红楼梦探佚_稳定ACTIVE过程文档体系_v4.1.zip,GOVERNANCE,governance.project_state,data/registry/releases.yaml + config/project_state.yaml,STRUCTURE_PROJECT_STATE,PARTIAL,P0,CURRENT,YES,项目状态/版本纪律；只提取当前有效规则，旧版保留谱系。,红楼梦探佚_全量文档体系_重整版_v4.2/01_CURRENT_ACTIVE_v4.1/00_CURRENT/红楼梦八十回后全幅文学补完大工程计划_v6.0_R4最终放行版.md | 红楼梦探佚_全量文档体系_重整版_v4.2/10_R4全链审计与纠偏全过程/05_R4中间版本链_只读/红楼梦八十回后全幅文学补完大工程计划_v6.0_R4最终放行版.md | 红楼梦探佚_全量文档体系_重整版_v4.2/90_三套来源包完整快照_只读/当前稳定ACTIVE_v4.1/00_CURRENT/红楼梦八十回后全幅文学补完大工程计划_v6.0_R4最终放行版.md | 红楼梦探佚_稳定ACTIVE过程文档体系_v4.1/00_CURRENT/红楼梦八十回后全幅文学补完大工程计划_v6.0_R4最终放行版.md | 红楼梦八十回后全幅文学补完大工程计划_v6.0_R4最终放行版.md
c903d6004de45c9c10d7e4bafa599de1a63b9ccd4ee3fae680d4be4010bbc678,红楼梦探佚_稳定ACTIVE过程文档体系_v4.1.zip,红楼梦探佚_稳定ACTIVE过程文档体系_v4.1/00_当前操作链索引_v4.1.md,00_当前操作链索引_v4.1.md,976,5,当前工作区散件; 红楼梦探佚_全量文档体系_重整版_v4.2.zip; 红楼梦探佚_稳定ACTIVE过程文档体系_v4.1.zip,GOVERNANCE,governance.project_state,data/registry/releases.yaml + config/project_state.yaml,STRUCTURE_PROJECT_STATE,PARTIAL,P0,CURRENT,YES,项目状态/版本纪律；只提取当前有效规则，旧版保留谱系。,红楼梦探佚_全量文档体系_重整版_v4.2/01_CURRENT_ACTIVE_v4.1/00_当前操作链索引_v4.1.md | 红楼梦探佚_全量文档体系_重整版_v4.2/10_R4全链审计与纠偏全过程/05_R4中间版本链_只读/00_当前操作链索引_v4.1.md | 红楼梦探佚_全量文档体系_重整版_v4.2/90_三套来源包完整快照_只读/当前稳定ACTIVE_v4.1/00_当前操作链索引_v4.1.md | 红楼梦探佚_稳定ACTIVE过程文档体系_v4.1/00_当前操作链索引_v4.1.md | 00_当前操作链索引_v4.1.md
23861cce04acb8308e2d9c19a38445cddbe985b41fc8f0458d965e2379309072,红楼梦探佚_稳定ACTIVE过程文档体系_v4.1.zip,红楼梦探佚_稳定ACTIVE过程文档体系_v4.1/01_正文与施工/81—100_二十回全幅补完卡_v2.5_稳定ACTIVE.md,81—100_二十回全幅补完卡_v2.5_稳定ACTIVE.md,60027,5,当前工作区散件; 红楼梦探佚_全量文档体系_重整版_v4.2.zip; 红楼梦探佚_稳定ACTIVE过程文档体系_v4.1.zip,RECONSTRUCTION,reconstruction.chapter_plan,data/chapter_plans/ch81_100.yaml + data/scenes/*,SPLIT_20_CHAPTER_PLANS,NONE,P0,CURRENT,YES,拆为20回chapter contract/scene plan；不得把工作回目误当证据。,红楼梦探佚_全量文档体系_重整版_v4.2/01_CURRENT_ACTIVE_v4.1/01_正文与施工/81—100_二十回全幅补完卡_v2.5_稳定ACTIVE.md | 红楼梦探佚_全量文档体系_重整版_v4.2/10_R4全链审计与纠偏全过程/05_R4中间版本链_只读/81—100_二十回全幅补完卡_v2.5_稳定ACTIVE.md | 红楼梦探佚_全量文档体系_重整版_v4.2/90_三套来源包完整快照_只读/当前稳定ACTIVE_v4.1/01_正文与施工/81—100_二十回全幅补完卡_v2.5_稳定ACTIVE.md | 红楼梦探佚_稳定ACTIVE过程文档体系_v4.1/01_正文与施工/81—100_二十回全幅补完卡_v2.5_稳定ACTIVE.md | 81—100_二十回全幅补完卡_v2.5_稳定ACTIVE.md
626917a3603d00697ccb86e6be8d1bb5b40911ffad700436ea836cd8e6336261,红楼梦探佚_稳定ACTIVE过程文档体系_v4.1.zip,红楼梦探佚_稳定ACTIVE过程文档体系_v4.1/01_正文与施工/81—100_保护锁与不可破坏细节表_v2.5_稳定ACTIVE.md,81—100_保护锁与不可破坏细节表_v2.5_稳定ACTIVE.md,18535,5,当前工作区散件; 红楼梦探佚_全量文档体系_重整版_v4.2.zip; 红楼梦探佚_稳定ACTIVE过程文档体系_v4.1.zip,LOCK,lock.literary_plock,data/plocks/ch81_100.yaml,SPLIT_PLOCKS,PARTIAL,P0,CURRENT,YES,当前Harness仅5个高风险P-Lock，需补齐全表。,红楼梦探佚_全量文档体系_重整版_v4.2/01_CURRENT_ACTIVE_v4.1/01_正文与施工/81—100_保护锁与不可破坏细节表_v2.5_稳定ACTIVE.md | 红楼梦探佚_全量文档体系_重整版_v4.2/10_R4全链审计与纠偏全过程/05_R4中间版本链_只读/81—100_保护锁与不可破坏细节表_v2.5_稳定ACTIVE.md | 红楼梦探佚_全量文档体系_重整版_v4.2/90_三套来源包完整快照_只读/当前稳定ACTIVE_v4.1/01_正文与施工/81—100_保护锁与不可破坏细节表_v2.5_稳定ACTIVE.md | 红楼梦探佚_稳定ACTIVE过程文档体系_v4.1/01_正文与施工/81—100_保护锁与不可破坏细节表_v2.5_稳定ACTIVE.md | 81—100_保护锁与不可破坏细节表_v2.5_稳定ACTIVE.md
b90e41f44edbf0f3f86bd34365d842ccb121baa6ff1d8c9d047a38d86d67a95d,红楼梦探佚_稳定ACTIVE过程文档体系_v4.1.zip,红楼梦探佚_稳定ACTIVE过程文档体系_v4.1/01_正文与施工/81—100_正文实施事实登记表_v1.8_稳定ACTIVE.md,81—100_正文实施事实登记表_v1.8_稳定ACTIVE.md,7102,5,当前工作区散件; 红楼梦探佚_全量文档体系_重整版_v4.2.zip; 红楼梦探佚_稳定ACTIVE过程文档体系_v4.1.zip,IMPLEMENTATION,implementation.register,data/implementations/ch81_100.yaml,IMPORT_IMPLEMENTATION_REGISTER,PARTIAL,P0,CURRENT,YES,当前正文如何实现≠证据；需绑定body locator。,红楼梦探佚_全量文档体系_重整版_v4.2/01_CURRENT_ACTIVE_v4.1/01_正文与施工/81—100_正文实施事实登记表_v1.8_稳定ACTIVE.md | 红楼梦探佚_全量文档体系_重整版_v4.2/10_R4全链审计与纠偏全过程/05_R4中间版本链_只读/81—100_正文实施事实登记表_v1.8_稳定ACTIVE.md | 红楼梦探佚_全量文档体系_重整版_v4.2/90_三套来源包完整快照_只读/当前稳定ACTIVE_v4.1/01_正文与施工/81—100_正文实施事实登记表_v1.8_稳定ACTIVE.md | 红楼梦探佚_稳定ACTIVE过程文档体系_v4.1/01_正文与施工/81—100_正文实施事实登记表_v1.8_稳定ACTIVE.md | 81—100_正文实施事实登记表_v1.8_稳定ACTIVE.md
bdb3868be396dacc4986c15a1d8dd95484b7cd2518151e63dfcada896b73cb0b,红楼梦探佚_稳定ACTIVE过程文档体系_v4.1.zip,红楼梦探佚_稳定ACTIVE过程文档体系_v4.1/02_证据与边界/R4_证据角色审计矩阵_v1.9_稳定ACTIVE.md,R4_证据角色审计矩阵_v1.9_稳定ACTIVE.md,3224,6,当前工作区散件; 红楼梦探佚_全量文档体系_重整版_v4.2.zip; 红楼梦探佚_稳定ACTIVE过程文档体系_v4.1.zip,EVIDENCE,evidence.claim_role_matrix,data/sources/* + data/claims/* + data/decisions/*,SPLIT_PROVENANCE_CLAIMS_DECISIONS,PARTIAL,P0,CURRENT,YES,需拆为Source/Claim/Decision，不能把项目矩阵当Witness。,红楼梦探佚_全量文档体系_重整版_v4.2/01_CURRENT_ACTIVE_v4.1/02_证据与边界/R4_证据角色审计矩阵_v1.9_稳定ACTIVE.md | 红楼梦探佚_全量文档体系_重整版_v4.2/03_证据治理与结构底板/03_R4最终证据_OPEN_LOCK/R4_证据角色审计矩阵_v1.9_稳定ACTIVE.md | 红楼梦探佚_全量文档体系_重整版_v4.2/10_R4全链审计与纠偏全过程/01_R4-A—F/R4_证据角色审计矩阵_v1.9_稳定ACTIVE.md | 红楼梦探佚_全量文档体系_重整版_v4.2/90_三套来源包完整快照_只读/当前稳定ACTIVE_v4.1/02_证据与边界/R4_证据角色审计矩阵_v1.9_稳定ACTIVE.md | 红楼梦探佚_稳定ACTIVE过程文档体系_v4.1/02_证据与边界/R4_证据角色审计矩阵_v1.9_稳定ACTIVE.md | R4_证据角色审计矩阵_v1.9_稳定ACTIVE.md
b1722da8a2a77a0e1ffc231bd166cd03fc8fd93c78eea28c55ab8bd0bd68f1da,红楼梦探佚_稳定ACTIVE过程文档体系_v4.1.zip,红楼梦探佚_稳定ACTIVE过程文档体系_v4.1/03_历史机制/R4-E_H01-H06_来源台账_v1.0.md,R4-E_H01-H06_来源台账_v1.0.md,9157,7,当前工作区散件; 红楼梦探佚_全量文档体系_重整版_v4.2.zip; 红楼梦探佚_稳定ACTIVE过程文档体系_v4.0.zip; 红楼梦探佚_稳定ACTIVE过程文档体系_v4.1.zip,MECHANISM,mechanism.h01_h06,data/mechanisms/r4_historical.yaml,VERIFY_HISTORICAL_FINAL,FULL,P0,CURRENT,YES,H01—H06 R4 FINAL边界；只约束可行性。,红楼梦探佚_全量文档体系_重整版_v4.2/01_CURRENT_ACTIVE_v4.1/03_历史机制/R4-E_H01-H06_来源台账_v1.0.md | 红楼梦探佚_全量文档体系_重整版_v4.2/08_历史机制/03_R4一手史料复核_FINAL/R4-E_H01-H06_来源台账_v1.0.md | 红楼梦探佚_全量文档体系_重整版_v4.2/10_R4全链审计与纠偏全过程/01_R4-A—F/R4-E_H01-H06_来源台账_v1.0.md | 红楼梦探佚_全量文档体系_重整版_v4.2/90_三套来源包完整快照_只读/当前稳定ACTIVE_v4.1/03_历史机制/R4-E_H01-H06_来源台账_v1.0.md | 红楼梦探佚_稳定ACTIVE过程文档体系_v4.0/R4-E_H01-H06_来源台账_v1.0.md | 红楼梦探佚_稳定ACTIVE过程文档体系_v4.1/03_历史机制/R4-E_H01-H06_来源台账_v1.0.md | R4-E_H01-H06_来源台账_v1.0.md
052a628acaf04f825399a6d5c8b40bf120b280650aee5dc1e79574afad426e2d,红楼梦探佚_稳定ACTIVE过程文档体系_v4.1.zip,红楼梦探佚_稳定ACTIVE过程文档体系_v4.1/99_最小审计记录/R4-H_最终机械一致性检查_v1.0_PASS.json,R4-H_最终机械一致性检查_v1.0_PASS.json,292,4,红楼梦探佚_全量文档体系_重整版_v4.2.zip; 红楼梦探佚_稳定ACTIVE过程文档体系_v4.1.zip,REVIEW,review.r4_audit_trace,data/review/r4_audit_trace.yaml,IMPORT_AUDIT_TRACE,PARTIAL,P1,AUDIT,NO,R4过程/回归/事故治理；运行时默认只读。,红楼梦探佚_全量文档体系_重整版_v4.2/01_CURRENT_ACTIVE_v4.1/99_最小审计记录/R4-H_最终机械一致性检查_v1.0_PASS.json | 红楼梦探佚_全量文档体系_重整版_v4.2/10_R4全链审计与纠偏全过程/04_R4-H_最终放行/R4-H_最终机械一致性检查_v1.0_PASS.json | 红楼梦探佚_全量文档体系_重整版_v4.2/90_三套来源包完整快照_只读/当前稳定ACTIVE_v4.1/99_最小审计记录/R4-H_最终机械一致性检查_v1.0_PASS.json | 红楼梦探佚_稳定ACTIVE过程文档体系_v4.1/99_最小审计记录/R4-H_最终机械一致性检查_v1.0_PASS.json
deba27852bf635683d8a038fd1b545f4b7fdae8ca7f822169d2ae96ece2ab41e,红楼梦探佚_稳定ACTIVE过程文档体系_v4.1.zip,红楼梦探佚_稳定ACTIVE过程文档体系_v4.1/99_最小审计记录/R4-H_稳定ACTIVE_v4.1放行报告_v2.0_FINAL_PASS.md,R4-H_稳定ACTIVE_v4.1放行报告_v2.0_FINAL_PASS.md,2564,5,当前工作区散件; 红楼梦探佚_全量文档体系_重整版_v4.2.zip; 红楼梦探佚_稳定ACTIVE过程文档体系_v4.1.zip,REVIEW,review.r4_audit_trace,data/review/r4_audit_trace.yaml,IMPORT_AUDIT_TRACE,PARTIAL,P1,AUDIT,NO,R4过程/回归/事故治理；运行时默认只读。,红楼梦探佚_全量文档体系_重整版_v4.2/01_CURRENT_ACTIVE_v4.1/99_最小审计记录/R4-H_稳定ACTIVE_v4.1放行报告_v2.0_FINAL_PASS.md | 红楼梦探佚_全量文档体系_重整版_v4.2/10_R4全链审计与纠偏全过程/04_R4-H_最终放行/R4-H_稳定ACTIVE_v4.1放行报告_v2.0_FINAL_PASS.md | 红楼梦探佚_全量文档体系_重整版_v4.2/90_三套来源包完整快照_只读/当前稳定ACTIVE_v4.1/99_最小审计记录/R4-H_稳定ACTIVE_v4.1放行报告_v2.0_FINAL_PASS.md | 红楼梦探佚_稳定ACTIVE过程文档体系_v4.1/99_最小审计记录/R4-H_稳定ACTIVE_v4.1放行报告_v2.0_FINAL_PASS.md | R4-H_稳定ACTIVE_v4.1放行报告_v2.0_FINAL_PASS.md
b0ae64b40715750cb469d555f65c4b74306a9d0e61f10283de11391eef6abe09,红楼梦探佚_稳定ACTIVE过程文档体系_v4.1.zip,红楼梦探佚_稳定ACTIVE过程文档体系_v4.1/99_最小审计记录/R4_最终审计摘要_v1.0.md,R4_最终审计摘要_v1.0.md,1059,5,当前工作区散件; 红楼梦探佚_全量文档体系_重整版_v4.2.zip; 红楼梦探佚_稳定ACTIVE过程文档体系_v4.1.zip,REVIEW,review.r4_audit_trace,data/review/r4_audit_trace.yaml,IMPORT_AUDIT_TRACE,PARTIAL,P1,AUDIT,NO,R4过程/回归/事故治理；运行时默认只读。,红楼梦探佚_全量文档体系_重整版_v4.2/01_CURRENT_ACTIVE_v4.1/99_最小审计记录/R4_最终审计摘要_v1.0.md | 红楼梦探佚_全量文档体系_重整版_v4.2/10_R4全链审计与纠偏全过程/04_R4-H_最终放行/R4_最终审计摘要_v1.0.md | 红楼梦探佚_全量文档体系_重整版_v4.2/90_三套来源包完整快照_只读/当前稳定ACTIVE_v4.1/99_最小审计记录/R4_最终审计摘要_v1.0.md | 红楼梦探佚_稳定ACTIVE过程文档体系_v4.1/99_最小审计记录/R4_最终审计摘要_v1.0.md | R4_最终审计摘要_v1.0.md
60bbcaefecfc751bc8eb32d7fa3f7c6d8a48b1e5de8f14d431ec81bedfc780b6,红楼梦探佚_稳定ACTIVE过程文档体系_v4.1.zip,红楼梦探佚_稳定ACTIVE过程文档体系_v4.1/99_最小审计记录/R4_遗留问题总台账_v1.8_R4_COMPLETE.csv,R4_遗留问题总台账_v1.8_R4_COMPLETE.csv,12876,5,当前工作区散件; 红楼梦探佚_全量文档体系_重整版_v4.2.zip; 红楼梦探佚_稳定ACTIVE过程文档体系_v4.1.zip,REVIEW,review.r4_audit_trace,data/review/r4_audit_trace.yaml,IMPORT_AUDIT_TRACE,PARTIAL,P1,AUDIT,NO,R4过程/回归/事故治理；运行时默认只读。,红楼梦探佚_全量文档体系_重整版_v4.2/01_CURRENT_ACTIVE_v4.1/99_最小审计记录/R4_遗留问题总台账_v1.8_R4_COMPLETE.csv | 红楼梦探佚_全量文档体系_重整版_v4.2/10_R4全链审计与纠偏全过程/03_R4_纠偏治理_OPEN_状态清扫/R4_遗留问题总台账_v1.8_R4_COMPLETE.csv | 红楼梦探佚_全量文档体系_重整版_v4.2/90_三套来源包完整快照_只读/当前稳定ACTIVE_v4.1/99_最小审计记录/R4_遗留问题总台账_v1.8_R4_COMPLETE.csv | 红楼梦探佚_稳定ACTIVE过程文档体系_v4.1/99_最小审计记录/R4_遗留问题总台账_v1.8_R4_COMPLETE.csv | R4_遗留问题总台账_v1.8_R4_COMPLETE.csv
db483cf951e81ae78b994938414a452cc61b724c3cb74a15897d589c3e198850,红楼梦探佚_稳定ACTIVE过程文档体系_v4.1.zip,红楼梦探佚_稳定ACTIVE过程文档体系_v4.1/99_最小审计记录/R4_遗留问题总台账_v1.8_R4_COMPLETE.md,R4_遗留问题总台账_v1.8_R4_COMPLETE.md,1029,5,当前工作区散件; 红楼梦探佚_全量文档体系_重整版_v4.2.zip; 红楼梦探佚_稳定ACTIVE过程文档体系_v4.1.zip,REVIEW,review.r4_audit_trace,data/review/r4_audit_trace.yaml,IMPORT_AUDIT_TRACE,PARTIAL,P1,AUDIT,NO,R4过程/回归/事故治理；运行时默认只读。,红楼梦探佚_全量文档体系_重整版_v4.2/01_CURRENT_ACTIVE_v4.1/99_最小审计记录/R4_遗留问题总台账_v1.8_R4_COMPLETE.md | 红楼梦探佚_全量文档体系_重整版_v4.2/10_R4全链审计与纠偏全过程/03_R4_纠偏治理_OPEN_状态清扫/R4_遗留问题总台账_v1.8_R4_COMPLETE.md | 红楼梦探佚_全量文档体系_重整版_v4.2/90_三套来源包完整快照_只读/当前稳定ACTIVE_v4.1/99_最小审计记录/R4_遗留问题总台账_v1.8_R4_COMPLETE.md | 红楼梦探佚_稳定ACTIVE过程文档体系_v4.1/99_最小审计记录/R4_遗留问题总台账_v1.8_R4_COMPLETE.md | R4_遗留问题总台账_v1.8_R4_COMPLETE.md
59d49367fad8bd14e682c4d5e22dcdf3a7d7a67555c7efec412f9f3caa1f1912,红楼梦探佚_稳定ACTIVE过程文档体系_v4.1.zip,红楼梦探佚_稳定ACTIVE过程文档体系_v4.1/README.md,README.md,515,3,红楼梦探佚_全量文档体系_重整版_v4.2.zip; 红楼梦探佚_稳定ACTIVE过程文档体系_v4.1.zip,REGISTRY,registry.document_metadata,data/registry/documents.yaml,REGISTER_DOCUMENT,NONE,P1,REFERENCE,REFERENCE,文档级元数据/说明；不直接驱动剧情。,红楼梦探佚_全量文档体系_重整版_v4.2/01_CURRENT_ACTIVE_v4.1/README.md | 红楼梦探佚_全量文档体系_重整版_v4.2/90_三套来源包完整快照_只读/当前稳定ACTIVE_v4.1/README.md | 红楼梦探佚_稳定ACTIVE过程文档体系_v4.1/README.md
48dedfd6b3e8d724cb1c839d6f621bb3812cb7220977b55278731962afa3ed84,红楼梦探佚_稳定ACTIVE过程文档体系_v4.1.zip,红楼梦探佚_稳定ACTIVE过程文档体系_v4.1/SHA256_稳定ACTIVE_v4.1.md,SHA256_稳定ACTIVE_v4.1.md,3016,3,红楼梦探佚_全量文档体系_重整版_v4.2.zip; 红楼梦探佚_稳定ACTIVE过程文档体系_v4.1.zip,ARCHIVE,archive.document,data/archive/documents.yaml,INDEX_ONLY,ARCHIVE_ONLY,P2,HISTORICAL,NO,历史/重复内容仅保留可追溯索引。,红楼梦探佚_全量文档体系_重整版_v4.2/01_CURRENT_ACTIVE_v4.1/SHA256_稳定ACTIVE_v4.1.md | 红楼梦探佚_全量文档体系_重整版_v4.2/90_三套来源包完整快照_只读/当前稳定ACTIVE_v4.1/SHA256_稳定ACTIVE_v4.1.md | 红楼梦探佚_稳定ACTIVE过程文档体系_v4.1/SHA256_稳定ACTIVE_v4.1.md
37441da3cb438d1b3eab2b511aa6f1695f309192fa63bea842413ff91655c1d7,红楼梦探佚_全量文档体系_重整版_v4.2.zip,红楼梦探佚_全量文档体系_重整版_v4.2/02_原始材料_只读/红楼梦脂评汇校本 v3.1416_20251012_可复制.pdf,红楼梦脂评汇校本 v3.1416_20251012_可复制.pdf,7554963,4,当前工作区散件; 红楼梦探佚_全量文档体系_重整版_v4.2.zip; 红楼梦探佚_截至第32步_v5.0启动前_精简过程文档体系_v2.0(2).zip,SOURCE,source.raw_corpus,data/registry/documents.yaml + data/sources/raw_corpus.yaml,REGISTER_BINARY_SOURCE,PARTIAL,P0,SOURCE_AUTHORITY,YES,原始文本载体；需登记文件SHA与locator，不把整理表替代原文。,红楼梦探佚_全量文档体系_重整版_v4.2/02_原始材料_只读/红楼梦脂评汇校本 v3.1416_20251012_可复制.pdf | 红楼梦探佚_全量文档体系_重整版_v4.2/90_三套来源包完整快照_只读/第32步精简_v2.0/01_原始材料_只读/红楼梦脂评汇校本 v3.1416_20251012_可复制.pdf | 红楼梦探佚_截至第32步_v5.0启动前_精简过程文档体系_v2.0/01_原始材料_只读/红楼梦脂评汇校本 v3.1416_20251012_可复制.pdf | 红楼梦脂评汇校本 v3.1416_20251012_可复制.pdf
ef840e3ff96b056594a1388d7accfe7065ad2a940568222e4075ecb7bc0ea755,红楼梦探佚_全量文档体系_重整版_v4.2.zip,红楼梦探佚_全量文档体系_重整版_v4.2/02_原始材料_只读/（清）曹雪芹-红楼梦脂评汇校本.epub,（清）曹雪芹-红楼梦脂评汇校本.epub,1470557,4,当前工作区散件; 红楼梦探佚_全量文档体系_重整版_v4.2.zip; 红楼梦探佚_截至第32步_v5.0启动前_精简过程文档体系_v2.0(2).zip,SOURCE,source.raw_corpus,data/registry/documents.yaml + data/sources/raw_corpus.yaml,REGISTER_BINARY_SOURCE,PARTIAL,P0,SOURCE_AUTHORITY,YES,原始文本载体；需登记文件SHA与locator，不把整理表替代原文。,红楼梦探佚_全量文档体系_重整版_v4.2/02_原始材料_只读/（清）曹雪芹-红楼梦脂评汇校本.epub | 红楼梦探佚_全量文档体系_重整版_v4.2/90_三套来源包完整快照_只读/第32步精简_v2.0/01_原始材料_只读/（清）曹雪芹-红楼梦脂评汇校本.epub | 红楼梦探佚_截至第32步_v5.0启动前_精简过程文档体系_v2.0/01_原始材料_只读/（清）曹雪芹-红楼梦脂评汇校本.epub | （清）曹雪芹-红楼梦脂评汇校本.epub
4eed139b84d8506466df695d4ec9d2b1e479c2b5df856da8cf08d4d15f3091bd,红楼梦探佚_全量文档体系_重整版_v4.2.zip,红楼梦探佚_全量文档体系_重整版_v4.2/03_证据治理与结构底板/01_母本_RPO_时间轴与接口/81—100回相对时间轴_v1.0.md,81—100回相对时间轴_v1.0.md,3998,3,红楼梦探佚_全量文档体系_重整版_v4.2.zip; 红楼梦探佚_截至第32步_v5.0启动前_精简过程文档体系_v2.0(2).zip,WORLD,world.timeline,data/timelines/post80.yaml + data/precedence/post80.yaml,IMPORT_TIMELINE,NONE,P0,REFERENCE,REFERENCE,81—100相对时间/偏序是文学施工前置环境。,红楼梦探佚_全量文档体系_重整版_v4.2/03_证据治理与结构底板/01_母本_RPO_时间轴与接口/81—100回相对时间轴_v1.0.md | 红楼梦探佚_全量文档体系_重整版_v4.2/90_三套来源包完整快照_只读/第32步精简_v2.0/02_证据与结构底板_只读/01_母本索引与状态链/81—100回相对时间轴_v1.0.md | 红楼梦探佚_截至第32步_v5.0启动前_精简过程文档体系_v2.0/02_证据与结构底板_只读/01_母本索引与状态链/81—100回相对时间轴_v1.0.md
b32e45cbc0745d671b2eff2f8945316cf531fd3cd4f1af89a9ed6aaca8d06108,红楼梦探佚_全量文档体系_重整版_v4.2.zip,红楼梦探佚_全量文档体系_重整版_v4.2/03_证据治理与结构底板/01_母本_RPO_时间轴与接口/84—96回中枢状态链_v1.1.md,84—96回中枢状态链_v1.1.md,2198,3,红楼梦探佚_全量文档体系_重整版_v4.2.zip; 红楼梦探佚_截至第32步_v5.0启动前_精简过程文档体系_v2.0(2).zip,WORLD,world.state_chain,data/world_states/ch84_96.yaml,IMPORT_STATE_CHAIN,NONE,P0,REFERENCE,REFERENCE,人物/家庭/居所/婚丧中枢状态链。,红楼梦探佚_全量文档体系_重整版_v4.2/03_证据治理与结构底板/01_母本_RPO_时间轴与接口/84—96回中枢状态链_v1.1.md | 红楼梦探佚_全量文档体系_重整版_v4.2/90_三套来源包完整快照_只读/第32步精简_v2.0/02_证据与结构底板_只读/01_母本索引与状态链/84—96回中枢状态链_v1.1.md | 红楼梦探佚_截至第32步_v5.0启动前_精简过程文档体系_v2.0/02_证据与结构底板_只读/01_母本索引与状态链/84—96回中枢状态链_v1.1.md
0b2988010b917fab7a6b82c2da031c9c554b251bd35dacd5d2d4687e774a606d,红楼梦探佚_全量文档体系_重整版_v4.2.zip,红楼梦探佚_全量文档体系_重整版_v4.2/03_证据治理与结构底板/01_母本_RPO_时间轴与接口/87—96回生活状态转换总表_v0.1.md,87—96回生活状态转换总表_v0.1.md,15195,3,红楼梦探佚_全量文档体系_重整版_v4.2.zip; 红楼梦探佚_截至第32步_v5.0启动前_精简过程文档体系_v2.0(2).zip,WORLD,world.life_state_transition,data/world_states/ch87_96.yaml,IMPORT_STATE_TRANSITIONS,NONE,P0,REFERENCE,REFERENCE,法律身份、居所、婚姻、钱粮、仆役、援助等。,红楼梦探佚_全量文档体系_重整版_v4.2/03_证据治理与结构底板/01_母本_RPO_时间轴与接口/87—96回生活状态转换总表_v0.1.md | 红楼梦探佚_全量文档体系_重整版_v4.2/90_三套来源包完整快照_只读/第32步精简_v2.0/02_证据与结构底板_只读/01_母本索引与状态链/87—96回生活状态转换总表_v0.1.md | 红楼梦探佚_截至第32步_v5.0启动前_精简过程文档体系_v2.0/02_证据与结构底板_只读/01_母本索引与状态链/87—96回生活状态转换总表_v0.1.md
c828ab4cf3e46d87dc803218b4b1faf884fcdaa3d2338689ea569a83b84a1dac,红楼梦探佚_全量文档体系_重整版_v4.2.zip,红楼梦探佚_全量文档体系_重整版_v4.2/03_证据治理与结构底板/01_母本_RPO_时间轴与接口/O01_O09_金玉婚姻相位与贾母主婚权联动比较表_v0.2.md,O01_O09_金玉婚姻相位与贾母主婚权联动比较表_v0.2.md,2813,4,红楼梦探佚_全量文档体系_重整版_v4.2.zip; 红楼梦探佚_截至第32步_v5.0启动前_精简过程文档体系_v2.0(2).zip,RECONSTRUCTION,reconstruction.legacy_open_interface,data/open_interfaces/legacy_mapping.yaml,MAP_TO_R4_OPEN_OR_ARCHIVE,PARTIAL,P1,HISTORICAL_REFERENCE,REFERENCE,旧O项必须映射/拆分到R4 28 OPEN，不得直接复活。,红楼梦探佚_全量文档体系_重整版_v4.2/03_证据治理与结构底板/01_母本_RPO_时间轴与接口/O01_O09_金玉婚姻相位与贾母主婚权联动比较表_v0.2.md | 红楼梦探佚_全量文档体系_重整版_v4.2/08_历史机制/01_旧H01—H06与开放项机制研究/O01_O09_金玉婚姻相位与贾母主婚权联动比较表_v0.2.md | 红楼梦探佚_全量文档体系_重整版_v4.2/90_三套来源包完整快照_只读/第32步精简_v2.0/02_证据与结构底板_只读/04_开放接口历史研究/O01_O09_金玉婚姻相位与贾母主婚权联动比较表_v0.2.md | 红楼梦探佚_截至第32步_v5.0启动前_精简过程文档体系_v2.0/02_证据与结构底板_只读/04_开放接口历史研究/O01_O09_金玉婚姻相位与贾母主婚权联动比较表_v0.2.md
708ed25a706620570bee49455f603feaa962d9609144b0d3e5ee469c8d0cb5c8,红楼梦探佚_全量文档体系_重整版_v4.2.zip,红楼梦探佚_全量文档体系_重整版_v4.2/03_证据治理与结构底板/01_母本_RPO_时间轴与接口/O01—O10接口冻结表_v1.0.md,O01—O10接口冻结表_v1.0.md,1400,3,红楼梦探佚_全量文档体系_重整版_v4.2.zip; 红楼梦探佚_截至第32步_v5.0启动前_精简过程文档体系_v2.0(2).zip,RECONSTRUCTION,reconstruction.legacy_open_interface,data/open_interfaces/legacy_mapping.yaml,MAP_TO_R4_OPEN_OR_ARCHIVE,PARTIAL,P1,HISTORICAL_REFERENCE,REFERENCE,旧O项必须映射/拆分到R4 28 OPEN，不得直接复活。,红楼梦探佚_全量文档体系_重整版_v4.2/03_证据治理与结构底板/01_母本_RPO_时间轴与接口/O01—O10接口冻结表_v1.0.md | 红楼梦探佚_全量文档体系_重整版_v4.2/90_三套来源包完整快照_只读/第32步精简_v2.0/02_证据与结构底板_只读/01_母本索引与状态链/O01—O10接口冻结表_v1.0.md | 红楼梦探佚_截至第32步_v5.0启动前_精简过程文档体系_v2.0/02_证据与结构底板_只读/01_母本索引与状态链/O01—O10接口冻结表_v1.0.md
95f81452ec6655ea1d14502694a9b38f7ca6e0f0cfaec216abf56beb0be561d7,红楼梦探佚_全量文档体系_重整版_v4.2.zip,红楼梦探佚_全量文档体系_重整版_v4.2/03_证据治理与结构底板/01_母本_RPO_时间轴与接口/O05_凤姐终局与巧姐脱险比较表_v0.1.md,O05_凤姐终局与巧姐脱险比较表_v0.1.md,6038,4,红楼梦探佚_全量文档体系_重整版_v4.2.zip; 红楼梦探佚_截至第32步_v5.0启动前_精简过程文档体系_v2.0(2).zip,RECONSTRUCTION,reconstruction.legacy_open_interface,data/open_interfaces/legacy_mapping.yaml,MAP_TO_R4_OPEN_OR_ARCHIVE,PARTIAL,P1,HISTORICAL_REFERENCE,REFERENCE,旧O项必须映射/拆分到R4 28 OPEN，不得直接复活。,红楼梦探佚_全量文档体系_重整版_v4.2/03_证据治理与结构底板/01_母本_RPO_时间轴与接口/O05_凤姐终局与巧姐脱险比较表_v0.1.md | 红楼梦探佚_全量文档体系_重整版_v4.2/08_历史机制/01_旧H01—H06与开放项机制研究/O05_凤姐终局与巧姐脱险比较表_v0.1.md | 红楼梦探佚_全量文档体系_重整版_v4.2/90_三套来源包完整快照_只读/第32步精简_v2.0/02_证据与结构底板_只读/04_开放接口历史研究/O05_凤姐终局与巧姐脱险比较表_v0.1.md | 红楼梦探佚_截至第32步_v5.0启动前_精简过程文档体系_v2.0/02_证据与结构底板_只读/04_开放接口历史研究/O05_凤姐终局与巧姐脱险比较表_v0.1.md
133f591fd30ff40615ea6c2c667682f20dcc60f955f3314045efc6e65cf76fe6,红楼梦探佚_全量文档体系_重整版_v4.2.zip,红楼梦探佚_全量文档体系_重整版_v4.2/03_证据治理与结构底板/01_母本_RPO_时间轴与接口/O06_卫湘终局正文前预关闭结论_v1.0.md,O06_卫湘终局正文前预关闭结论_v1.0.md,1331,4,红楼梦探佚_全量文档体系_重整版_v4.2.zip; 红楼梦探佚_截至第32步_v5.0启动前_精简过程文档体系_v2.0(2).zip,RECONSTRUCTION,reconstruction.legacy_open_interface,data/open_interfaces/legacy_mapping.yaml,MAP_TO_R4_OPEN_OR_ARCHIVE,PARTIAL,P1,HISTORICAL_REFERENCE,REFERENCE,旧O项必须映射/拆分到R4 28 OPEN，不得直接复活。,红楼梦探佚_全量文档体系_重整版_v4.2/03_证据治理与结构底板/01_母本_RPO_时间轴与接口/O06_卫湘终局正文前预关闭结论_v1.0.md | 红楼梦探佚_全量文档体系_重整版_v4.2/08_历史机制/01_旧H01—H06与开放项机制研究/O06_卫湘终局正文前预关闭结论_v1.0.md | 红楼梦探佚_全量文档体系_重整版_v4.2/90_三套来源包完整快照_只读/第32步精简_v2.0/02_证据与结构底板_只读/04_开放接口历史研究/O06_卫湘终局正文前预关闭结论_v1.0.md | 红楼梦探佚_截至第32步_v5.0启动前_精简过程文档体系_v2.0/02_证据与结构底板_只读/04_开放接口历史研究/O06_卫湘终局正文前预关闭结论_v1.0.md
34b7538fc1d62174001601b700e2a3c5c18ea3f9c5bbe12dca12670be189813f,红楼梦探佚_全量文档体系_重整版_v4.2.zip,红楼梦探佚_全量文档体系_重整版_v4.2/03_证据治理与结构底板/01_母本_RPO_时间轴与接口/O06_卫湘终局比较表_v1.0_正文前预关闭.md,O06_卫湘终局比较表_v1.0_正文前预关闭.md,5474,4,红楼梦探佚_全量文档体系_重整版_v4.2.zip; 红楼梦探佚_截至第32步_v5.0启动前_精简过程文档体系_v2.0(2).zip,RECONSTRUCTION,reconstruction.legacy_open_interface,data/open_interfaces/legacy_mapping.yaml,MAP_TO_R4_OPEN_OR_ARCHIVE,PARTIAL,P1,HISTORICAL_REFERENCE,REFERENCE,旧O项必须映射/拆分到R4 28 OPEN，不得直接复活。,红楼梦探佚_全量文档体系_重整版_v4.2/03_证据治理与结构底板/01_母本_RPO_时间轴与接口/O06_卫湘终局比较表_v1.0_正文前预关闭.md | 红楼梦探佚_全量文档体系_重整版_v4.2/08_历史机制/01_旧H01—H06与开放项机制研究/O06_卫湘终局比较表_v1.0_正文前预关闭.md | 红楼梦探佚_全量文档体系_重整版_v4.2/90_三套来源包完整快照_只读/第32步精简_v2.0/02_证据与结构底板_只读/04_开放接口历史研究/O06_卫湘终局比较表_v1.0_正文前预关闭.md | 红楼梦探佚_截至第32步_v5.0启动前_精简过程文档体系_v2.0/02_证据与结构底板_只读/04_开放接口历史研究/O06_卫湘终局比较表_v1.0_正文前预关闭.md
99b30d7bde38989f7b7485318d786beb904dc54a602728d6933930e09674aaa4,红楼梦探佚_全量文档体系_重整版_v4.2.zip,红楼梦探佚_全量文档体系_重整版_v4.2/03_证据治理与结构底板/01_母本_RPO_时间轴与接口/O07_甄贾二宝照面方案表_v0.1.md,O07_甄贾二宝照面方案表_v0.1.md,5662,4,红楼梦探佚_全量文档体系_重整版_v4.2.zip; 红楼梦探佚_截至第32步_v5.0启动前_精简过程文档体系_v2.0(2).zip,RECONSTRUCTION,reconstruction.legacy_open_interface,data/open_interfaces/legacy_mapping.yaml,MAP_TO_R4_OPEN_OR_ARCHIVE,PARTIAL,P1,HISTORICAL_REFERENCE,REFERENCE,旧O项必须映射/拆分到R4 28 OPEN，不得直接复活。,红楼梦探佚_全量文档体系_重整版_v4.2/03_证据治理与结构底板/01_母本_RPO_时间轴与接口/O07_甄贾二宝照面方案表_v0.1.md | 红楼梦探佚_全量文档体系_重整版_v4.2/08_历史机制/01_旧H01—H06与开放项机制研究/O07_甄贾二宝照面方案表_v0.1.md | 红楼梦探佚_全量文档体系_重整版_v4.2/90_三套来源包完整快照_只读/第32步精简_v2.0/02_证据与结构底板_只读/04_开放接口历史研究/O07_甄贾二宝照面方案表_v0.1.md | 红楼梦探佚_截至第32步_v5.0启动前_精简过程文档体系_v2.0/02_证据与结构底板_只读/04_开放接口历史研究/O07_甄贾二宝照面方案表_v0.1.md
cc383633d9aeb50a67e164014564ac2e0a9cedda1d0966cdeb839ed78dde4974,红楼梦探佚_全量文档体系_重整版_v4.2.zip,红楼梦探佚_全量文档体系_重整版_v4.2/03_证据治理与结构底板/01_母本_RPO_时间轴与接口/O08_妙玉终局与瓜州判定表_v0.1.md,O08_妙玉终局与瓜州判定表_v0.1.md,4019,4,红楼梦探佚_全量文档体系_重整版_v4.2.zip; 红楼梦探佚_截至第32步_v5.0启动前_精简过程文档体系_v2.0(2).zip,RECONSTRUCTION,reconstruction.legacy_open_interface,data/open_interfaces/legacy_mapping.yaml,MAP_TO_R4_OPEN_OR_ARCHIVE,PARTIAL,P1,HISTORICAL_REFERENCE,REFERENCE,旧O项必须映射/拆分到R4 28 OPEN，不得直接复活。,红楼梦探佚_全量文档体系_重整版_v4.2/03_证据治理与结构底板/01_母本_RPO_时间轴与接口/O08_妙玉终局与瓜州判定表_v0.1.md | 红楼梦探佚_全量文档体系_重整版_v4.2/08_历史机制/01_旧H01—H06与开放项机制研究/O08_妙玉终局与瓜州判定表_v0.1.md | 红楼梦探佚_全量文档体系_重整版_v4.2/90_三套来源包完整快照_只读/第32步精简_v2.0/02_证据与结构底板_只读/04_开放接口历史研究/O08_妙玉终局与瓜州判定表_v0.1.md | 红楼梦探佚_截至第32步_v5.0启动前_精简过程文档体系_v2.0/02_证据与结构底板_只读/04_开放接口历史研究/O08_妙玉终局与瓜州判定表_v0.1.md
22663c798bd4d39d6d133dcc2f1bd48b7c1ce8d59def37d6b33faceb52f24448,红楼梦探佚_全量文档体系_重整版_v4.2.zip,红楼梦探佚_全量文档体系_重整版_v4.2/03_证据治理与结构底板/01_母本_RPO_时间轴与接口/宝玉狱案机制表_v0.1.md,宝玉狱案机制表_v0.1.md,2305,3,红楼梦探佚_全量文档体系_重整版_v4.2.zip; 红楼梦探佚_截至第32步_v5.0启动前_精简过程文档体系_v2.0(2).zip,WORLD,world.case.detention,data/cases/baoyu_detention.yaml,IMPORT_CASE_MODEL,PARTIAL,P0,REFERENCE,REFERENCE,罪由/羁押/探视/释放开放项与当前实施。,红楼梦探佚_全量文档体系_重整版_v4.2/03_证据治理与结构底板/01_母本_RPO_时间轴与接口/宝玉狱案机制表_v0.1.md | 红楼梦探佚_全量文档体系_重整版_v4.2/90_三套来源包完整快照_只读/第32步精简_v2.0/02_证据与结构底板_只读/01_母本索引与状态链/宝玉狱案机制表_v0.1.md | 红楼梦探佚_截至第32步_v5.0启动前_精简过程文档体系_v2.0/02_证据与结构底板_只读/01_母本索引与状态链/宝玉狱案机制表_v0.1.md
2b5f2bcae5ce0269b0f33f4d89cad32c03d5ad77b388232da28e6fa446f5ed9d,红楼梦探佚_全量文档体系_重整版_v4.2.zip,红楼梦探佚_全量文档体系_重整版_v4.2/03_证据治理与结构底板/01_母本_RPO_时间轴与接口/玉线物流表_v0.2.md,玉线物流表_v0.2.md,2848,3,红楼梦探佚_全量文档体系_重整版_v4.2.zip; 红楼梦探佚_截至第32步_v5.0启动前_精简过程文档体系_v2.0(2).zip,WORLD,world.object_flow.jade,data/object_flows/tongling_jade.yaml,IMPORT_OBJECT_FLOW,NONE,P0,REFERENCE,REFERENCE,误窃/拾玉/送玉/离身/复还本质的开放物流。,红楼梦探佚_全量文档体系_重整版_v4.2/03_证据治理与结构底板/01_母本_RPO_时间轴与接口/玉线物流表_v0.2.md | 红楼梦探佚_全量文档体系_重整版_v4.2/90_三套来源包完整快照_只读/第32步精简_v2.0/02_证据与结构底板_只读/01_母本索引与状态链/玉线物流表_v0.2.md | 红楼梦探佚_截至第32步_v5.0启动前_精简过程文档体系_v2.0/02_证据与结构底板_只读/01_母本索引与状态链/玉线物流表_v0.2.md
2aa4d30b88ea4ba346c5230646b8b5234a5fd0e8a0c78db2fa42a1f11aa28a17,红楼梦探佚_全量文档体系_重整版_v4.2.zip,红楼梦探佚_全量文档体系_重整版_v4.2/03_证据治理与结构底板/01_母本_RPO_时间轴与接口/红楼梦八十回后佚稿复原_RP回次证据索引_v1.0.md,红楼梦八十回后佚稿复原_RP回次证据索引_v1.0.md,8029,3,红楼梦探佚_全量文档体系_重整版_v4.2.zip; 红楼梦探佚_截至第32步_v5.0启动前_精简过程文档体系_v2.0(2).zip,RECONSTRUCTION,reconstruction.rp_index,data/claims/rp.yaml + data/precedence/rp.yaml,IMPORT_RP_GRAPH,PARTIAL,P0,REFERENCE,REFERENCE,R硬节点/P硬偏序需转原子Claim/Decision。,红楼梦探佚_全量文档体系_重整版_v4.2/03_证据治理与结构底板/01_母本_RPO_时间轴与接口/红楼梦八十回后佚稿复原_RP回次证据索引_v1.0.md | 红楼梦探佚_全量文档体系_重整版_v4.2/90_三套来源包完整快照_只读/第32步精简_v2.0/02_证据与结构底板_只读/01_母本索引与状态链/红楼梦八十回后佚稿复原_RP回次证据索引_v1.0.md | 红楼梦探佚_截至第32步_v5.0启动前_精简过程文档体系_v2.0/02_证据与结构底板_只读/01_母本索引与状态链/红楼梦八十回后佚稿复原_RP回次证据索引_v1.0.md
95dffc7aa6792b140e9847b3effe599ea22105b07ba70fd57e0c012ef4205b61,红楼梦探佚_全量文档体系_重整版_v4.2.zip,红楼梦探佚_全量文档体系_重整版_v4.2/03_证据治理与结构底板/01_母本_RPO_时间轴与接口/红楼梦八十回后佚稿复原_决策台账_v2.5.md,红楼梦八十回后佚稿复原_决策台账_v2.5.md,2523,3,红楼梦探佚_全量文档体系_重整版_v4.2.zip; 红楼梦探佚_截至第32步_v5.0启动前_精简过程文档体系_v2.0(2).zip,RECONSTRUCTION,reconstruction.decision_ledger,data/decisions/reconstruction.yaml,IMPORT_DECISIONS,PARTIAL,P0,REFERENCE,REFERENCE,旧决策需带status/superseded_by，不能覆盖R4 Final。,红楼梦探佚_全量文档体系_重整版_v4.2/03_证据治理与结构底板/01_母本_RPO_时间轴与接口/红楼梦八十回后佚稿复原_决策台账_v2.5.md | 红楼梦探佚_全量文档体系_重整版_v4.2/90_三套来源包完整快照_只读/第32步精简_v2.0/02_证据与结构底板_只读/01_母本索引与状态链/红楼梦八十回后佚稿复原_决策台账_v2.5.md | 红楼梦探佚_截至第32步_v5.0启动前_精简过程文档体系_v2.0/02_证据与结构底板_只读/01_母本索引与状态链/红楼梦八十回后佚稿复原_决策台账_v2.5.md
c1946d9ff097372aa0583eec627a5f37ec77ec3b076fa2229c23f7f441bb7eb0,红楼梦探佚_全量文档体系_重整版_v4.2.zip,红楼梦探佚_全量文档体系_重整版_v4.2/03_证据治理与结构底板/01_母本_RPO_时间轴与接口/红楼梦八十回后佚稿复原_工作底稿_v2.1_最终母本.md,红楼梦八十回后佚稿复原_工作底稿_v2.1_最终母本.md,30894,7,当前工作区散件; 红楼梦探佚_全量文档体系_重整版_v4.2.zip; 红楼梦探佚_截至R3_全量文档体系整理_v3.4(1).zip; 红楼梦探佚_截至第32步_v5.0启动前_精简过程文档体系_v2.0(2).zip,RECONSTRUCTION,reconstruction.master_model,data/decisions/* + data/precedence/* + data/open_interfaces/legacy_map.yaml,SPLIT_MASTER_MODEL,PARTIAL,P0,REFERENCE,REFERENCE,母本含R/P/O与生成首选；拆分导入，正文方案不反升证据。,红楼梦探佚_全量文档体系_重整版_v4.2/03_证据治理与结构底板/01_母本_RPO_时间轴与接口/红楼梦八十回后佚稿复原_工作底稿_v2.1_最终母本.md | 红楼梦探佚_全量文档体系_重整版_v4.2/11_P0_R1_R2_R3审计与事故复盘/01_R3历史过程补档/红楼梦八十回后佚稿复原_工作底稿_v2.1_最终母本.md | 红楼梦探佚_全量文档体系_重整版_v4.2/90_三套来源包完整快照_只读/R3全量_v3.4/98_历史过程补档_只读/红楼梦八十回后佚稿复原_工作底稿_v2.1_最终母本.md | 红楼梦探佚_全量文档体系_重整版_v4.2/90_三套来源包完整快照_只读/第32步精简_v2.0/02_证据与结构底板_只读/01_母本索引与状态链/红楼梦八十回后佚稿复原_工作底稿_v2.1_最终母本.md | 红楼梦探佚_截至R3_全量文档体系整理_v3.4/98_历史过程补档_只读/红楼梦八十回后佚稿复原_工作底稿_v2.1_最终母本.md | 红楼梦探佚_截至第32步_v5.0启动前_精简过程文档体系_v2.0/02_证据与结构底板_只读/01_母本索引与状态链/红楼梦八十回后佚稿复原_工作底稿_v2.1_最终母本.md | 红楼梦八十回后佚稿复原_工作底稿_v2.1_最终母本.md
1afd076b4e875e590b61dc899da39794742c861f5845d52990037f7a1423d501,红楼梦探佚_全量文档体系_重整版_v4.2.zip,红楼梦探佚_全量文档体系_重整版_v4.2/03_证据治理与结构底板/02_R3证据角色_T轴_诗文证据/80回后佚失诗词文赋总表_v1.3_R3同步版.md,80回后佚失诗词文赋总表_v1.3_R3同步版.md,4870,3,红楼梦探佚_全量文档体系_重整版_v4.2.zip; 红楼梦探佚_截至R3_全量文档体系整理_v3.4(1).zip,EVIDENCE_LITERARY,literary.evidence_interface,data/claims/* + data/literary_interfaces/*.yaml,SPLIT_EVIDENCE_AND_LITERARY_INTERFACE,PARTIAL,P0,REFERENCE,REFERENCE,A/B/C/Q/X/G必须分层；G不能升证据。,红楼梦探佚_全量文档体系_重整版_v4.2/03_证据治理与结构底板/02_R3证据角色_T轴_诗文证据/80回后佚失诗词文赋总表_v1.3_R3同步版.md | 红楼梦探佚_全量文档体系_重整版_v4.2/90_三套来源包完整快照_只读/R3全量_v3.4/02_证据治理与诗文证据/80回后佚失诗词文赋总表_v1.3_R3同步版.md | 红楼梦探佚_截至R3_全量文档体系整理_v3.4/02_证据治理与诗文证据/80回后佚失诗词文赋总表_v1.3_R3同步版.md
ca88df6e6ecbf9ad4399531bc9a776a7f20b0b169511fb715de7e58165debf99,红楼梦探佚_全量文档体系_重整版_v4.2.zip,红楼梦探佚_全量文档体系_重整版_v4.2/03_证据治理与结构底板/02_R3证据角色_T轴_诗文证据/81—100_回目T轴全量审计与实施状态表_v1.1.md,81—100_回目T轴全量审计与实施状态表_v1.1.md,5180,3,红楼梦探佚_全量文档体系_重整版_v4.2.zip; 红楼梦探佚_截至R3_全量文档体系整理_v3.4(1).zip,EVIDENCE,evidence.title_axis,data/axes/title_axis.yaml,IMPORT_TITLE_AXIS,FULL,P0,REFERENCE,REFERENCE,T0/T1/T2/T2-W2/T3/TG；与Placement分离。,红楼梦探佚_全量文档体系_重整版_v4.2/03_证据治理与结构底板/02_R3证据角色_T轴_诗文证据/81—100_回目T轴全量审计与实施状态表_v1.1.md | 红楼梦探佚_全量文档体系_重整版_v4.2/90_三套来源包完整快照_只读/R3全量_v3.4/02_证据治理与诗文证据/81—100_回目T轴全量审计与实施状态表_v1.1.md | 红楼梦探佚_截至R3_全量文档体系整理_v3.4/02_证据治理与诗文证据/81—100_回目T轴全量审计与实施状态表_v1.1.md
2508134d59ae414a9807e02e7b9ca32ee26f2652ef758d25cbfc58d2f0022cf5,红楼梦探佚_全量文档体系_重整版_v4.2.zip,红楼梦探佚_全量文档体系_重整版_v4.2/03_证据治理与结构底板/02_R3证据角色_T轴_诗文证据/后80直引证据角色总台账_v1.2_R3同步版.md,后80直引证据角色总台账_v1.2_R3同步版.md,7585,3,红楼梦探佚_全量文档体系_重整版_v4.2.zip; 红楼梦探佚_截至R3_全量文档体系整理_v3.4(1).zip,EVIDENCE,evidence.claim_role_matrix,data/sources/* + data/claims/* + data/decisions/*,SPLIT_PROVENANCE_CLAIMS_DECISIONS,PARTIAL,P0,REFERENCE,REFERENCE,需拆为Source/Claim/Decision，不能把项目矩阵当Witness。,红楼梦探佚_全量文档体系_重整版_v4.2/03_证据治理与结构底板/02_R3证据角色_T轴_诗文证据/后80直引证据角色总台账_v1.2_R3同步版.md | 红楼梦探佚_全量文档体系_重整版_v4.2/90_三套来源包完整快照_只读/R3全量_v3.4/02_证据治理与诗文证据/后80直引证据角色总台账_v1.2_R3同步版.md | 红楼梦探佚_截至R3_全量文档体系整理_v3.4/02_证据治理与诗文证据/后80直引证据角色总台账_v1.2_R3同步版.md
c4c3ccec56f6b7aeb33a53945defc28f097311065117aded2cefb0266c065447,红楼梦探佚_全量文档体系_重整版_v4.2.zip,红楼梦探佚_全量文档体系_重整版_v4.2/03_证据治理与结构底板/02_R3证据角色_T轴_诗文证据/末回情榜系统_五层芳讳候选证据矩阵_v1.3_R3同步版.md,末回情榜系统_五层芳讳候选证据矩阵_v1.3_R3同步版.md,8161,3,红楼梦探佚_全量文档体系_重整版_v4.2.zip; 红楼梦探佚_截至R3_全量文档体系整理_v3.4(1).zip,LITERARY_EVIDENCE,literary.qingbang.boundary,data/literary_interfaces/qingbang.yaml + data/open_interfaces/r4_open.yaml,IMPORT_QINGBANG_BOUNDARY,PARTIAL,P0,REFERENCE,REFERENCE,硬锁末回/五层/情情情不情；总名/人数/名单开放。,红楼梦探佚_全量文档体系_重整版_v4.2/03_证据治理与结构底板/02_R3证据角色_T轴_诗文证据/末回情榜系统_五层芳讳候选证据矩阵_v1.3_R3同步版.md | 红楼梦探佚_全量文档体系_重整版_v4.2/90_三套来源包完整快照_只读/R3全量_v3.4/02_证据治理与诗文证据/末回情榜系统_五层芳讳候选证据矩阵_v1.3_R3同步版.md | 红楼梦探佚_截至R3_全量文档体系整理_v3.4/02_证据治理与诗文证据/末回情榜系统_五层芳讳候选证据矩阵_v1.3_R3同步版.md
2a6f3e27d071f2abf3112868a9c5d1e0a8b75d92404ec8c525798631ff97b45f,红楼梦探佚_全量文档体系_重整版_v4.2.zip,红楼梦探佚_全量文档体系_重整版_v4.2/03_证据治理与结构底板/02_R3证据角色_T轴_诗文证据/第32.5-A2_全脂批V轴穷尽审计报告_v1.0.md,第32.5-A2_全脂批V轴穷尽审计报告_v1.0.md,5792,3,红楼梦探佚_全量文档体系_重整版_v4.2.zip; 红楼梦探佚_截至R3_全量文档体系整理_v3.4(1).zip,EVIDENCE,evidence.literal_target,data/literals/r4_literal_core.yaml,IMPORT_LITERAL_BOUNDARY,PARTIAL,P0,REFERENCE,REFERENCE,NOVEL/SOURCE/NAME/SEM/BOUNDARY/NEG。,红楼梦探佚_全量文档体系_重整版_v4.2/03_证据治理与结构底板/02_R3证据角色_T轴_诗文证据/第32.5-A2_全脂批V轴穷尽审计报告_v1.0.md | 红楼梦探佚_全量文档体系_重整版_v4.2/90_三套来源包完整快照_只读/R3全量_v3.4/02_证据治理与诗文证据/第32.5-A2_全脂批V轴穷尽审计报告_v1.0.md | 红楼梦探佚_截至R3_全量文档体系整理_v3.4/02_证据治理与诗文证据/第32.5-A2_全脂批V轴穷尽审计报告_v1.0.md
a071902d2cba7eaaeee821f91113e568f431ac88c70078c3a4e0489991b4a002,红楼梦探佚_全量文档体系_重整版_v4.2.zip,红楼梦探佚_全量文档体系_重整版_v4.2/03_证据治理与结构底板/02_R3证据角色_T轴_诗文证据/证据角色六字段治理规范_v1.0.md,证据角色六字段治理规范_v1.0.md,5347,3,红楼梦探佚_全量文档体系_重整版_v4.2.zip; 红楼梦探佚_截至R3_全量文档体系整理_v3.4(1).zip,GOVERNANCE,governance.evidence_policy,config/world_law.yaml + schemas/*,IMPORT_POLICY,PARTIAL,P0,REFERENCE,REFERENCE,Witness→Role→Modality→Target→Placement→Implementation治理规则。,红楼梦探佚_全量文档体系_重整版_v4.2/03_证据治理与结构底板/02_R3证据角色_T轴_诗文证据/证据角色六字段治理规范_v1.0.md | 红楼梦探佚_全量文档体系_重整版_v4.2/90_三套来源包完整快照_只读/R3全量_v3.4/02_证据治理与诗文证据/证据角色六字段治理规范_v1.0.md | 红楼梦探佚_截至R3_全量文档体系整理_v3.4/02_证据治理与诗文证据/证据角色六字段治理规范_v1.0.md
5d51a872fd0a26afcf3aa671d463cf52d9244788aca10019fbed0a77333510c2,红楼梦探佚_全量文档体系_重整版_v4.2.zip,红楼梦探佚_全量文档体系_重整版_v4.2/03_证据治理与结构底板/02_R3证据角色_T轴_诗文证据/诗文B类非作品约束收口表_v1.2_R3同步版.md,诗文B类非作品约束收口表_v1.2_R3同步版.md,2724,3,红楼梦探佚_全量文档体系_重整版_v4.2.zip; 红楼梦探佚_截至R3_全量文档体系整理_v3.4(1).zip,EVIDENCE_LITERARY,literary.evidence_interface,data/claims/* + data/literary_interfaces/*.yaml,SPLIT_EVIDENCE_AND_LITERARY_INTERFACE,PARTIAL,P0,REFERENCE,REFERENCE,A/B/C/Q/X/G必须分层；G不能升证据。,红楼梦探佚_全量文档体系_重整版_v4.2/03_证据治理与结构底板/02_R3证据角色_T轴_诗文证据/诗文B类非作品约束收口表_v1.2_R3同步版.md | 红楼梦探佚_全量文档体系_重整版_v4.2/90_三套来源包完整快照_只读/R3全量_v3.4/02_证据治理与诗文证据/诗文B类非作品约束收口表_v1.2_R3同步版.md | 红楼梦探佚_截至R3_全量文档体系整理_v3.4/02_证据治理与诗文证据/诗文B类非作品约束收口表_v1.2_R3同步版.md
5fc392e2be2002cca5d51c70465325e29fbd9e51158fe0bbe3634451e7826a63,红楼梦探佚_全量文档体系_重整版_v4.2.zip,红楼梦探佚_全量文档体系_重整版_v4.2/04_前80文学生态与语料/02_R3生态总谱/前80_80回章回外框与回前回末韵文总表_v1.0.md,前80_80回章回外框与回前回末韵文总表_v1.0.md,42583,3,红楼梦探佚_全量文档体系_重整版_v4.2.zip; 红楼梦探佚_截至R3_全量文档体系整理_v3.4(1).zip,LITERARY_ECOLOGY,literary.chapter_frame,data/literary_ecology/chapter_frames.yaml,IMPORT_CHAPTER_FRAME_ECOLOGY,NONE,P0,REFERENCE,REFERENCE,回前/回末/静收/诗收等外框类型学。,红楼梦探佚_全量文档体系_重整版_v4.2/04_前80文学生态与语料/02_R3生态总谱/前80_80回章回外框与回前回末韵文总表_v1.0.md | 红楼梦探佚_全量文档体系_重整版_v4.2/90_三套来源包完整快照_只读/R3全量_v3.4/03_前80生态基线/前80_80回章回外框与回前回末韵文总表_v1.0.md | 红楼梦探佚_截至R3_全量文档体系整理_v3.4/03_前80生态基线/前80_80回章回外框与回前回末韵文总表_v1.0.md
aba6f98d2cff1b0deb61037af4a20398c344c63b9ee694a564cef5fe00db65b0,红楼梦探佚_全量文档体系_重整版_v4.2.zip,红楼梦探佚_全量文档体系_重整版_v4.2/04_前80文学生态与语料/02_R3生态总谱/前80_世情百业礼俗经济总谱_v1.0.md,前80_世情百业礼俗经济总谱_v1.0.md,29863,3,红楼梦探佚_全量文档体系_重整版_v4.2.zip; 红楼梦探佚_截至R3_全量文档体系整理_v3.4(1).zip,LITERARY_ECOLOGY,literary.social_economy_ecology,data/literary_ecology/social_economy.yaml,IMPORT_SOCIAL_ECOLOGY,NONE,P0,REFERENCE,REFERENCE,世情百业/礼俗/经济文学生态。,红楼梦探佚_全量文档体系_重整版_v4.2/04_前80文学生态与语料/02_R3生态总谱/前80_世情百业礼俗经济总谱_v1.0.md | 红楼梦探佚_全量文档体系_重整版_v4.2/90_三套来源包完整快照_只读/R3全量_v3.4/03_前80生态基线/前80_世情百业礼俗经济总谱_v1.0.md | 红楼梦探佚_截至R3_全量文档体系整理_v3.4/03_前80生态基线/前80_世情百业礼俗经济总谱_v1.0.md
30a6ecd37a4f3e846a72ef3cd445ba78db902fa788d45ee7cd3d73d86eb4df32,红楼梦探佚_全量文档体系_重整版_v4.2.zip,红楼梦探佚_全量文档体系_重整版_v4.2/05_81—100结构生活世界与专项施工/01_生活世界_剧情卡_第21步/81—100人物在场矩阵_v1.0.md,81—100人物在场矩阵_v1.0.md,8153,3,红楼梦探佚_全量文档体系_重整版_v4.2.zip; 红楼梦探佚_截至第32步_v5.0启动前_精简过程文档体系_v2.0(2).zip,WORLD,world.character_presence,data/world/presence_ch81_100.yaml,IMPORT_PRESENCE_MATRIX,NONE,P0,REFERENCE,REFERENCE,逐回人物在场与可见性。,红楼梦探佚_全量文档体系_重整版_v4.2/05_81—100结构生活世界与专项施工/01_生活世界_剧情卡_第21步/81—100人物在场矩阵_v1.0.md | 红楼梦探佚_全量文档体系_重整版_v4.2/90_三套来源包完整快照_只读/第32步精简_v2.0/04_81—100生活世界与剧情卡/01_生活世界四表/81—100人物在场矩阵_v1.0.md | 红楼梦探佚_截至第32步_v5.0启动前_精简过程文档体系_v2.0/04_81—100生活世界与剧情卡/01_生活世界四表/81—100人物在场矩阵_v1.0.md
20323c5ef01f906317c6dcb1060d03bb182ae6b252be1dc5ced5fd74888bb62e,红楼梦探佚_全量文档体系_重整版_v4.2.zip,红楼梦探佚_全量文档体系_重整版_v4.2/05_81—100结构生活世界与专项施工/01_生活世界_剧情卡_第21步/81—100剧情增厚总表_v1.0.md,81—100剧情增厚总表_v1.0.md,9423,3,红楼梦探佚_全量文档体系_重整版_v4.2.zip; 红楼梦探佚_截至第32步_v5.0启动前_精简过程文档体系_v2.0(2).zip,RECONSTRUCTION,reconstruction.scene_seed,data/chapter_plans/legacy_scene_seeds.yaml,IMPORT_SCENE_SEEDS,NONE,P0,REFERENCE,REFERENCE,第21步逐回场景/闲笔/社会过程种子；需与CURRENT卡合并而非直接执行。,红楼梦探佚_全量文档体系_重整版_v4.2/05_81—100结构生活世界与专项施工/01_生活世界_剧情卡_第21步/81—100剧情增厚总表_v1.0.md | 红楼梦探佚_全量文档体系_重整版_v4.2/90_三套来源包完整快照_只读/第32步精简_v2.0/04_81—100生活世界与剧情卡/02_第21步剧情增厚卡/81—100剧情增厚总表_v1.0.md | 红楼梦探佚_截至第32步_v5.0启动前_精简过程文档体系_v2.0/04_81—100生活世界与剧情卡/02_第21步剧情增厚卡/81—100剧情增厚总表_v1.0.md
92749de3e62e80c89611bf1b19081bbb56e4d025df981092451682333dd2b6bb,红楼梦探佚_全量文档体系_重整版_v4.2.zip,红楼梦探佚_全量文档体系_重整版_v4.2/05_81—100结构生活世界与专项施工/01_生活世界_剧情卡_第21步/81—100空间网络表_v1.0.md,81—100空间网络表_v1.0.md,5374,3,红楼梦探佚_全量文档体系_重整版_v4.2.zip; 红楼梦探佚_截至第32步_v5.0启动前_精简过程文档体系_v2.0(2).zip,WORLD,world.location_network,data/locations/post80.yaml,IMPORT_LOCATION_NETWORK,NONE,P0,REFERENCE,REFERENCE,空间、居所、移动与可达性。,红楼梦探佚_全量文档体系_重整版_v4.2/05_81—100结构生活世界与专项施工/01_生活世界_剧情卡_第21步/81—100空间网络表_v1.0.md | 红楼梦探佚_全量文档体系_重整版_v4.2/90_三套来源包完整快照_只读/第32步精简_v2.0/04_81—100生活世界与剧情卡/01_生活世界四表/81—100空间网络表_v1.0.md | 红楼梦探佚_截至第32步_v5.0启动前_精简过程文档体系_v2.0/04_81—100生活世界与剧情卡/01_生活世界四表/81—100空间网络表_v1.0.md
ffed02aee8809a8937651529048e2cc10256a0ae2e2706251c9b806a6ea6ef50,红楼梦探佚_全量文档体系_重整版_v4.2.zip,红楼梦探佚_全量文档体系_重整版_v4.2/05_81—100结构生活世界与专项施工/01_生活世界_剧情卡_第21步/81—100钱物与劳务流_v1.0.md,81—100钱物与劳务流_v1.0.md,6500,3,红楼梦探佚_全量文档体系_重整版_v4.2.zip; 红楼梦探佚_截至第32步_v5.0启动前_精简过程文档体系_v2.0(2).zip,WORLD,world.resource_flow,data/economy/resource_flows.yaml + data/labor/flows.yaml,IMPORT_RESOURCE_FLOW,NONE,P0,REFERENCE,REFERENCE,钱物、劳务、典当、租住、车脚等。,红楼梦探佚_全量文档体系_重整版_v4.2/05_81—100结构生活世界与专项施工/01_生活世界_剧情卡_第21步/81—100钱物与劳务流_v1.0.md | 红楼梦探佚_全量文档体系_重整版_v4.2/90_三套来源包完整快照_只读/第32步精简_v2.0/04_81—100生活世界与剧情卡/01_生活世界四表/81—100钱物与劳务流_v1.0.md | 红楼梦探佚_截至第32步_v5.0启动前_精简过程文档体系_v2.0/04_81—100生活世界与剧情卡/01_生活世界四表/81—100钱物与劳务流_v1.0.md
56727d17b5588cdecac3d0cf66b0030a6673ace47d532937d7988141e9cc41cd,红楼梦探佚_全量文档体系_重整版_v4.2.zip,红楼梦探佚_全量文档体系_重整版_v4.2/05_81—100结构生活世界与专项施工/01_生活世界_剧情卡_第21步/81—100长线织网图_v1.0.md,81—100长线织网图_v1.0.md,7116,3,红楼梦探佚_全量文档体系_重整版_v4.2.zip; 红楼梦探佚_截至第32步_v5.0启动前_精简过程文档体系_v2.0(2).zip,WORLD,world.longline_network,data/longlines/post80.yaml,IMPORT_LONGLINES,NONE,P0,REFERENCE,REFERENCE,跨回物件/意象/伏线网络。,红楼梦探佚_全量文档体系_重整版_v4.2/05_81—100结构生活世界与专项施工/01_生活世界_剧情卡_第21步/81—100长线织网图_v1.0.md | 红楼梦探佚_全量文档体系_重整版_v4.2/90_三套来源包完整快照_只读/第32步精简_v2.0/04_81—100生活世界与剧情卡/01_生活世界四表/81—100长线织网图_v1.0.md | 红楼梦探佚_截至第32步_v5.0启动前_精简过程文档体系_v2.0/04_81—100生活世界与剧情卡/01_生活世界四表/81—100长线织网图_v1.0.md
576ea1a9a0975e803d328f77b255dfe85b94b168b335b878d4a71eb8fb2ef7b7,红楼梦探佚_全量文档体系_重整版_v4.2.zip,红楼梦探佚_全量文档体系_重整版_v4.2/05_81—100结构生活世界与专项施工/01_生活世界_剧情卡_第21步/第081回_文学复原剧情增厚卡_v1.0.md,第081回_文学复原剧情增厚卡_v1.0.md,2538,3,红楼梦探佚_全量文档体系_重整版_v4.2.zip; 红楼梦探佚_截至第32步_v5.0启动前_精简过程文档体系_v2.0(2).zip,RECONSTRUCTION,reconstruction.scene_seed,data/chapter_plans/legacy_scene_seeds.yaml,IMPORT_SCENE_SEEDS,NONE,P0,REFERENCE,REFERENCE,第21步逐回场景/闲笔/社会过程种子；需与CURRENT卡合并而非直接执行。,红楼梦探佚_全量文档体系_重整版_v4.2/05_81—100结构生活世界与专项施工/01_生活世界_剧情卡_第21步/第081回_文学复原剧情增厚卡_v1.0.md | 红楼梦探佚_全量文档体系_重整版_v4.2/90_三套来源包完整快照_只读/第32步精简_v2.0/04_81—100生活世界与剧情卡/02_第21步剧情增厚卡/单回卡/第081回_文学复原剧情增厚卡_v1.0.md | 红楼梦探佚_截至第32步_v5.0启动前_精简过程文档体系_v2.0/04_81—100生活世界与剧情卡/02_第21步剧情增厚卡/单回卡/第081回_文学复原剧情增厚卡_v1.0.md
ea25d164b0c308ce79fbade08df05383f65beb4aa68ab3cd8355f5968b4d0b0d,红楼梦探佚_全量文档体系_重整版_v4.2.zip,红楼梦探佚_全量文档体系_重整版_v4.2/05_81—100结构生活世界与专项施工/01_生活世界_剧情卡_第21步/第082回_文学复原剧情增厚卡_v1.0.md,第082回_文学复原剧情增厚卡_v1.0.md,2376,3,红楼梦探佚_全量文档体系_重整版_v4.2.zip; 红楼梦探佚_截至第32步_v5.0启动前_精简过程文档体系_v2.0(2).zip,RECONSTRUCTION,reconstruction.scene_seed,data/chapter_plans/legacy_scene_seeds.yaml,IMPORT_SCENE_SEEDS,NONE,P0,REFERENCE,REFERENCE,第21步逐回场景/闲笔/社会过程种子；需与CURRENT卡合并而非直接执行。,红楼梦探佚_全量文档体系_重整版_v4.2/05_81—100结构生活世界与专项施工/01_生活世界_剧情卡_第21步/第082回_文学复原剧情增厚卡_v1.0.md | 红楼梦探佚_全量文档体系_重整版_v4.2/90_三套来源包完整快照_只读/第32步精简_v2.0/04_81—100生活世界与剧情卡/02_第21步剧情增厚卡/单回卡/第082回_文学复原剧情增厚卡_v1.0.md | 红楼梦探佚_截至第32步_v5.0启动前_精简过程文档体系_v2.0/04_81—100生活世界与剧情卡/02_第21步剧情增厚卡/单回卡/第082回_文学复原剧情增厚卡_v1.0.md
b2a5d1282d2da1adc47743abb476826ac2850636fe05bf20e4fe45d2dbba774d,红楼梦探佚_全量文档体系_重整版_v4.2.zip,红楼梦探佚_全量文档体系_重整版_v4.2/05_81—100结构生活世界与专项施工/01_生活世界_剧情卡_第21步/第083回_文学复原剧情增厚卡_v1.0.md,第083回_文学复原剧情增厚卡_v1.0.md,2288,3,红楼梦探佚_全量文档体系_重整版_v4.2.zip; 红楼梦探佚_截至第32步_v5.0启动前_精简过程文档体系_v2.0(2).zip,RECONSTRUCTION,reconstruction.scene_seed,data/chapter_plans/legacy_scene_seeds.yaml,IMPORT_SCENE_SEEDS,NONE,P0,REFERENCE,REFERENCE,第21步逐回场景/闲笔/社会过程种子；需与CURRENT卡合并而非直接执行。,红楼梦探佚_全量文档体系_重整版_v4.2/05_81—100结构生活世界与专项施工/01_生活世界_剧情卡_第21步/第083回_文学复原剧情增厚卡_v1.0.md | 红楼梦探佚_全量文档体系_重整版_v4.2/90_三套来源包完整快照_只读/第32步精简_v2.0/04_81—100生活世界与剧情卡/02_第21步剧情增厚卡/单回卡/第083回_文学复原剧情增厚卡_v1.0.md | 红楼梦探佚_截至第32步_v5.0启动前_精简过程文档体系_v2.0/04_81—100生活世界与剧情卡/02_第21步剧情增厚卡/单回卡/第083回_文学复原剧情增厚卡_v1.0.md
34cdf5961deb09bf588106a1c34433c120526b5d673a4c2d4120853f8dd56a1d,红楼梦探佚_全量文档体系_重整版_v4.2.zip,红楼梦探佚_全量文档体系_重整版_v4.2/05_81—100结构生活世界与专项施工/01_生活世界_剧情卡_第21步/第084回_文学复原剧情增厚卡_v1.0.md,第084回_文学复原剧情增厚卡_v1.0.md,2363,3,红楼梦探佚_全量文档体系_重整版_v4.2.zip; 红楼梦探佚_截至第32步_v5.0启动前_精简过程文档体系_v2.0(2).zip,RECONSTRUCTION,reconstruction.scene_seed,data/chapter_plans/legacy_scene_seeds.yaml,IMPORT_SCENE_SEEDS,NONE,P0,REFERENCE,REFERENCE,第21步逐回场景/闲笔/社会过程种子；需与CURRENT卡合并而非直接执行。,红楼梦探佚_全量文档体系_重整版_v4.2/05_81—100结构生活世界与专项施工/01_生活世界_剧情卡_第21步/第084回_文学复原剧情增厚卡_v1.0.md | 红楼梦探佚_全量文档体系_重整版_v4.2/90_三套来源包完整快照_只读/第32步精简_v2.0/04_81—100生活世界与剧情卡/02_第21步剧情增厚卡/单回卡/第084回_文学复原剧情增厚卡_v1.0.md | 红楼梦探佚_截至第32步_v5.0启动前_精简过程文档体系_v2.0/04_81—100生活世界与剧情卡/02_第21步剧情增厚卡/单回卡/第084回_文学复原剧情增厚卡_v1.0.md
b9d058b873754bad8f2a25257d98646a79d972e542d2db4fe828ffc3a4ed899b,红楼梦探佚_全量文档体系_重整版_v4.2.zip,红楼梦探佚_全量文档体系_重整版_v4.2/05_81—100结构生活世界与专项施工/01_生活世界_剧情卡_第21步/第085回_文学复原剧情增厚卡_v1.0.md,第085回_文学复原剧情增厚卡_v1.0.md,2240,3,红楼梦探佚_全量文档体系_重整版_v4.2.zip; 红楼梦探佚_截至第32步_v5.0启动前_精简过程文档体系_v2.0(2).zip,RECONSTRUCTION,reconstruction.scene_seed,data/chapter_plans/legacy_scene_seeds.yaml,IMPORT_SCENE_SEEDS,NONE,P0,REFERENCE,REFERENCE,第21步逐回场景/闲笔/社会过程种子；需与CURRENT卡合并而非直接执行。,红楼梦探佚_全量文档体系_重整版_v4.2/05_81—100结构生活世界与专项施工/01_生活世界_剧情卡_第21步/第085回_文学复原剧情增厚卡_v1.0.md | 红楼梦探佚_全量文档体系_重整版_v4.2/90_三套来源包完整快照_只读/第32步精简_v2.0/04_81—100生活世界与剧情卡/02_第21步剧情增厚卡/单回卡/第085回_文学复原剧情增厚卡_v1.0.md | 红楼梦探佚_截至第32步_v5.0启动前_精简过程文档体系_v2.0/04_81—100生活世界与剧情卡/02_第21步剧情增厚卡/单回卡/第085回_文学复原剧情增厚卡_v1.0.md
daa2499f7b05b4404acbc185baa238e531d192519ab8f2b753f340fb4d5ceac0,红楼梦探佚_全量文档体系_重整版_v4.2.zip,红楼梦探佚_全量文档体系_重整版_v4.2/05_81—100结构生活世界与专项施工/01_生活世界_剧情卡_第21步/第086回_文学复原剧情增厚卡_v1.0.md,第086回_文学复原剧情增厚卡_v1.0.md,9477,3,红楼梦探佚_全量文档体系_重整版_v4.2.zip; 红楼梦探佚_截至第32步_v5.0启动前_精简过程文档体系_v2.0(2).zip,RECONSTRUCTION,reconstruction.scene_seed,data/chapter_plans/legacy_scene_seeds.yaml,IMPORT_SCENE_SEEDS,NONE,P0,REFERENCE,REFERENCE,第21步逐回场景/闲笔/社会过程种子；需与CURRENT卡合并而非直接执行。,红楼梦探佚_全量文档体系_重整版_v4.2/05_81—100结构生活世界与专项施工/01_生活世界_剧情卡_第21步/第086回_文学复原剧情增厚卡_v1.0.md | 红楼梦探佚_全量文档体系_重整版_v4.2/90_三套来源包完整快照_只读/第32步精简_v2.0/04_81—100生活世界与剧情卡/02_第21步剧情增厚卡/单回卡/第086回_文学复原剧情增厚卡_v1.0.md | 红楼梦探佚_截至第32步_v5.0启动前_精简过程文档体系_v2.0/04_81—100生活世界与剧情卡/02_第21步剧情增厚卡/单回卡/第086回_文学复原剧情增厚卡_v1.0.md
4f8b794f4a20bd8de5c1ccadcc2530ed812ded75930e9b181ce91fadba2aeeeb,红楼梦探佚_全量文档体系_重整版_v4.2.zip,红楼梦探佚_全量文档体系_重整版_v4.2/05_81—100结构生活世界与专项施工/01_生活世界_剧情卡_第21步/第087回_文学复原剧情增厚卡_v1.0.md,第087回_文学复原剧情增厚卡_v1.0.md,2459,3,红楼梦探佚_全量文档体系_重整版_v4.2.zip; 红楼梦探佚_截至第32步_v5.0启动前_精简过程文档体系_v2.0(2).zip,RECONSTRUCTION,reconstruction.scene_seed,data/chapter_plans/legacy_scene_seeds.yaml,IMPORT_SCENE_SEEDS,NONE,P0,REFERENCE,REFERENCE,第21步逐回场景/闲笔/社会过程种子；需与CURRENT卡合并而非直接执行。,红楼梦探佚_全量文档体系_重整版_v4.2/05_81—100结构生活世界与专项施工/01_生活世界_剧情卡_第21步/第087回_文学复原剧情增厚卡_v1.0.md | 红楼梦探佚_全量文档体系_重整版_v4.2/90_三套来源包完整快照_只读/第32步精简_v2.0/04_81—100生活世界与剧情卡/02_第21步剧情增厚卡/单回卡/第087回_文学复原剧情增厚卡_v1.0.md | 红楼梦探佚_截至第32步_v5.0启动前_精简过程文档体系_v2.0/04_81—100生活世界与剧情卡/02_第21步剧情增厚卡/单回卡/第087回_文学复原剧情增厚卡_v1.0.md
987ce7ccab33239601d6e08555f96744255ad2e911d620fd563719d939596a4e,红楼梦探佚_全量文档体系_重整版_v4.2.zip,红楼梦探佚_全量文档体系_重整版_v4.2/05_81—100结构生活世界与专项施工/01_生活世界_剧情卡_第21步/第088回_文学复原剧情增厚卡_v1.0.md,第088回_文学复原剧情增厚卡_v1.0.md,2289,3,红楼梦探佚_全量文档体系_重整版_v4.2.zip; 红楼梦探佚_截至第32步_v5.0启动前_精简过程文档体系_v2.0(2).zip,RECONSTRUCTION,reconstruction.scene_seed,data/chapter_plans/legacy_scene_seeds.yaml,IMPORT_SCENE_SEEDS,NONE,P0,REFERENCE,REFERENCE,第21步逐回场景/闲笔/社会过程种子；需与CURRENT卡合并而非直接执行。,红楼梦探佚_全量文档体系_重整版_v4.2/05_81—100结构生活世界与专项施工/01_生活世界_剧情卡_第21步/第088回_文学复原剧情增厚卡_v1.0.md | 红楼梦探佚_全量文档体系_重整版_v4.2/90_三套来源包完整快照_只读/第32步精简_v2.0/04_81—100生活世界与剧情卡/02_第21步剧情增厚卡/单回卡/第088回_文学复原剧情增厚卡_v1.0.md | 红楼梦探佚_截至第32步_v5.0启动前_精简过程文档体系_v2.0/04_81—100生活世界与剧情卡/02_第21步剧情增厚卡/单回卡/第088回_文学复原剧情增厚卡_v1.0.md
a9c66d17a7d27a9da59b05b874fb454d0269509a8003b6db8cdaa79656203fbc,红楼梦探佚_全量文档体系_重整版_v4.2.zip,红楼梦探佚_全量文档体系_重整版_v4.2/05_81—100结构生活世界与专项施工/01_生活世界_剧情卡_第21步/第089回_文学复原剧情增厚卡_v1.0.md,第089回_文学复原剧情增厚卡_v1.0.md,2488,3,红楼梦探佚_全量文档体系_重整版_v4.2.zip; 红楼梦探佚_截至第32步_v5.0启动前_精简过程文档体系_v2.0(2).zip,RECONSTRUCTION,reconstruction.scene_seed,data/chapter_plans/legacy_scene_seeds.yaml,IMPORT_SCENE_SEEDS,NONE,P0,REFERENCE,REFERENCE,第21步逐回场景/闲笔/社会过程种子；需与CURRENT卡合并而非直接执行。,红楼梦探佚_全量文档体系_重整版_v4.2/05_81—100结构生活世界与专项施工/01_生活世界_剧情卡_第21步/第089回_文学复原剧情增厚卡_v1.0.md | 红楼梦探佚_全量文档体系_重整版_v4.2/90_三套来源包完整快照_只读/第32步精简_v2.0/04_81—100生活世界与剧情卡/02_第21步剧情增厚卡/单回卡/第089回_文学复原剧情增厚卡_v1.0.md | 红楼梦探佚_截至第32步_v5.0启动前_精简过程文档体系_v2.0/04_81—100生活世界与剧情卡/02_第21步剧情增厚卡/单回卡/第089回_文学复原剧情增厚卡_v1.0.md
494b863881b9739110d15052c393c2b0fdc797d9997f2c5a367efc45fc3434f4,红楼梦探佚_全量文档体系_重整版_v4.2.zip,红楼梦探佚_全量文档体系_重整版_v4.2/05_81—100结构生活世界与专项施工/01_生活世界_剧情卡_第21步/第090回_文学复原剧情增厚卡_v1.0.md,第090回_文学复原剧情增厚卡_v1.0.md,2490,3,红楼梦探佚_全量文档体系_重整版_v4.2.zip; 红楼梦探佚_截至第32步_v5.0启动前_精简过程文档体系_v2.0(2).zip,RECONSTRUCTION,reconstruction.scene_seed,data/chapter_plans/legacy_scene_seeds.yaml,IMPORT_SCENE_SEEDS,NONE,P0,REFERENCE,REFERENCE,第21步逐回场景/闲笔/社会过程种子；需与CURRENT卡合并而非直接执行。,红楼梦探佚_全量文档体系_重整版_v4.2/05_81—100结构生活世界与专项施工/01_生活世界_剧情卡_第21步/第090回_文学复原剧情增厚卡_v1.0.md | 红楼梦探佚_全量文档体系_重整版_v4.2/90_三套来源包完整快照_只读/第32步精简_v2.0/04_81—100生活世界与剧情卡/02_第21步剧情增厚卡/单回卡/第090回_文学复原剧情增厚卡_v1.0.md | 红楼梦探佚_截至第32步_v5.0启动前_精简过程文档体系_v2.0/04_81—100生活世界与剧情卡/02_第21步剧情增厚卡/单回卡/第090回_文学复原剧情增厚卡_v1.0.md
4fbc0c34861a7ad4d7fd7b01703e383ce7b036a5e1e4642ab80049a43e7d4087,红楼梦探佚_全量文档体系_重整版_v4.2.zip,红楼梦探佚_全量文档体系_重整版_v4.2/05_81—100结构生活世界与专项施工/01_生活世界_剧情卡_第21步/第091回_文学复原剧情增厚卡_v1.0.md,第091回_文学复原剧情增厚卡_v1.0.md,2265,3,红楼梦探佚_全量文档体系_重整版_v4.2.zip; 红楼梦探佚_截至第32步_v5.0启动前_精简过程文档体系_v2.0(2).zip,RECONSTRUCTION,reconstruction.scene_seed,data/chapter_plans/legacy_scene_seeds.yaml,IMPORT_SCENE_SEEDS,NONE,P0,REFERENCE,REFERENCE,第21步逐回场景/闲笔/社会过程种子；需与CURRENT卡合并而非直接执行。,红楼梦探佚_全量文档体系_重整版_v4.2/05_81—100结构生活世界与专项施工/01_生活世界_剧情卡_第21步/第091回_文学复原剧情增厚卡_v1.0.md | 红楼梦探佚_全量文档体系_重整版_v4.2/90_三套来源包完整快照_只读/第32步精简_v2.0/04_81—100生活世界与剧情卡/02_第21步剧情增厚卡/单回卡/第091回_文学复原剧情增厚卡_v1.0.md | 红楼梦探佚_截至第32步_v5.0启动前_精简过程文档体系_v2.0/04_81—100生活世界与剧情卡/02_第21步剧情增厚卡/单回卡/第091回_文学复原剧情增厚卡_v1.0.md
66f02e1518318a56aa4e12a03de587a472cdf99004d96d3027d97230b5acfb09,红楼梦探佚_全量文档体系_重整版_v4.2.zip,红楼梦探佚_全量文档体系_重整版_v4.2/05_81—100结构生活世界与专项施工/01_生活世界_剧情卡_第21步/第092回_文学复原剧情增厚卡_v1.0.md,第092回_文学复原剧情增厚卡_v1.0.md,3222,3,红楼梦探佚_全量文档体系_重整版_v4.2.zip; 红楼梦探佚_截至第32步_v5.0启动前_精简过程文档体系_v2.0(2).zip,RECONSTRUCTION,reconstruction.scene_seed,data/chapter_plans/legacy_scene_seeds.yaml,IMPORT_SCENE_SEEDS,NONE,P0,REFERENCE,REFERENCE,第21步逐回场景/闲笔/社会过程种子；需与CURRENT卡合并而非直接执行。,红楼梦探佚_全量文档体系_重整版_v4.2/05_81—100结构生活世界与专项施工/01_生活世界_剧情卡_第21步/第092回_文学复原剧情增厚卡_v1.0.md | 红楼梦探佚_全量文档体系_重整版_v4.2/90_三套来源包完整快照_只读/第32步精简_v2.0/04_81—100生活世界与剧情卡/02_第21步剧情增厚卡/单回卡/第092回_文学复原剧情增厚卡_v1.0.md | 红楼梦探佚_截至第32步_v5.0启动前_精简过程文档体系_v2.0/04_81—100生活世界与剧情卡/02_第21步剧情增厚卡/单回卡/第092回_文学复原剧情增厚卡_v1.0.md
219e85da63cd1412d0ac2bab39fbeb84f7b0fe47dc96ba1748e75b9b19af06ed,红楼梦探佚_全量文档体系_重整版_v4.2.zip,红楼梦探佚_全量文档体系_重整版_v4.2/05_81—100结构生活世界与专项施工/01_生活世界_剧情卡_第21步/第093回_文学复原剧情增厚卡_v1.0.md,第093回_文学复原剧情增厚卡_v1.0.md,2380,3,红楼梦探佚_全量文档体系_重整版_v4.2.zip; 红楼梦探佚_截至第32步_v5.0启动前_精简过程文档体系_v2.0(2).zip,RECONSTRUCTION,reconstruction.scene_seed,data/chapter_plans/legacy_scene_seeds.yaml,IMPORT_SCENE_SEEDS,NONE,P0,REFERENCE,REFERENCE,第21步逐回场景/闲笔/社会过程种子；需与CURRENT卡合并而非直接执行。,红楼梦探佚_全量文档体系_重整版_v4.2/05_81—100结构生活世界与专项施工/01_生活世界_剧情卡_第21步/第093回_文学复原剧情增厚卡_v1.0.md | 红楼梦探佚_全量文档体系_重整版_v4.2/90_三套来源包完整快照_只读/第32步精简_v2.0/04_81—100生活世界与剧情卡/02_第21步剧情增厚卡/单回卡/第093回_文学复原剧情增厚卡_v1.0.md | 红楼梦探佚_截至第32步_v5.0启动前_精简过程文档体系_v2.0/04_81—100生活世界与剧情卡/02_第21步剧情增厚卡/单回卡/第093回_文学复原剧情增厚卡_v1.0.md
04229538c4b4098219673f5ce1d897abc32b4e1afa81ff8fe485e9d3374c5628,红楼梦探佚_全量文档体系_重整版_v4.2.zip,红楼梦探佚_全量文档体系_重整版_v4.2/05_81—100结构生活世界与专项施工/01_生活世界_剧情卡_第21步/第094回_文学复原剧情增厚卡_v1.0.md,第094回_文学复原剧情增厚卡_v1.0.md,2551,3,红楼梦探佚_全量文档体系_重整版_v4.2.zip; 红楼梦探佚_截至第32步_v5.0启动前_精简过程文档体系_v2.0(2).zip,RECONSTRUCTION,reconstruction.scene_seed,data/chapter_plans/legacy_scene_seeds.yaml,IMPORT_SCENE_SEEDS,NONE,P0,REFERENCE,REFERENCE,第21步逐回场景/闲笔/社会过程种子；需与CURRENT卡合并而非直接执行。,红楼梦探佚_全量文档体系_重整版_v4.2/05_81—100结构生活世界与专项施工/01_生活世界_剧情卡_第21步/第094回_文学复原剧情增厚卡_v1.0.md | 红楼梦探佚_全量文档体系_重整版_v4.2/90_三套来源包完整快照_只读/第32步精简_v2.0/04_81—100生活世界与剧情卡/02_第21步剧情增厚卡/单回卡/第094回_文学复原剧情增厚卡_v1.0.md | 红楼梦探佚_截至第32步_v5.0启动前_精简过程文档体系_v2.0/04_81—100生活世界与剧情卡/02_第21步剧情增厚卡/单回卡/第094回_文学复原剧情增厚卡_v1.0.md
2341ae11bc9500c91574085ba0386f2730d33d7be6de5f6b3e6007c17da5d575,红楼梦探佚_全量文档体系_重整版_v4.2.zip,红楼梦探佚_全量文档体系_重整版_v4.2/05_81—100结构生活世界与专项施工/01_生活世界_剧情卡_第21步/第095回_文学复原剧情增厚卡_v1.0.md,第095回_文学复原剧情增厚卡_v1.0.md,2936,3,红楼梦探佚_全量文档体系_重整版_v4.2.zip; 红楼梦探佚_截至第32步_v5.0启动前_精简过程文档体系_v2.0(2).zip,RECONSTRUCTION,reconstruction.scene_seed,data/chapter_plans/legacy_scene_seeds.yaml,IMPORT_SCENE_SEEDS,NONE,P0,REFERENCE,REFERENCE,第21步逐回场景/闲笔/社会过程种子；需与CURRENT卡合并而非直接执行。,红楼梦探佚_全量文档体系_重整版_v4.2/05_81—100结构生活世界与专项施工/01_生活世界_剧情卡_第21步/第095回_文学复原剧情增厚卡_v1.0.md | 红楼梦探佚_全量文档体系_重整版_v4.2/90_三套来源包完整快照_只读/第32步精简_v2.0/04_81—100生活世界与剧情卡/02_第21步剧情增厚卡/单回卡/第095回_文学复原剧情增厚卡_v1.0.md | 红楼梦探佚_截至第32步_v5.0启动前_精简过程文档体系_v2.0/04_81—100生活世界与剧情卡/02_第21步剧情增厚卡/单回卡/第095回_文学复原剧情增厚卡_v1.0.md
41bb2d128fa76fef0b329335b0a7a9d5f2ebb69797fe1160023703438bf15626,红楼梦探佚_全量文档体系_重整版_v4.2.zip,红楼梦探佚_全量文档体系_重整版_v4.2/05_81—100结构生活世界与专项施工/01_生活世界_剧情卡_第21步/第096回_文学复原剧情增厚卡_v1.0.md,第096回_文学复原剧情增厚卡_v1.0.md,2381,3,红楼梦探佚_全量文档体系_重整版_v4.2.zip; 红楼梦探佚_截至第32步_v5.0启动前_精简过程文档体系_v2.0(2).zip,RECONSTRUCTION,reconstruction.scene_seed,data/chapter_plans/legacy_scene_seeds.yaml,IMPORT_SCENE_SEEDS,NONE,P0,REFERENCE,REFERENCE,第21步逐回场景/闲笔/社会过程种子；需与CURRENT卡合并而非直接执行。,红楼梦探佚_全量文档体系_重整版_v4.2/05_81—100结构生活世界与专项施工/01_生活世界_剧情卡_第21步/第096回_文学复原剧情增厚卡_v1.0.md | 红楼梦探佚_全量文档体系_重整版_v4.2/90_三套来源包完整快照_只读/第32步精简_v2.0/04_81—100生活世界与剧情卡/02_第21步剧情增厚卡/单回卡/第096回_文学复原剧情增厚卡_v1.0.md | 红楼梦探佚_截至第32步_v5.0启动前_精简过程文档体系_v2.0/04_81—100生活世界与剧情卡/02_第21步剧情增厚卡/单回卡/第096回_文学复原剧情增厚卡_v1.0.md
77b6fd00f186dd742d61288241310b7560ec0fc6ec61057caed2e2f6815bfea7,红楼梦探佚_全量文档体系_重整版_v4.2.zip,红楼梦探佚_全量文档体系_重整版_v4.2/05_81—100结构生活世界与专项施工/01_生活世界_剧情卡_第21步/第097回_文学复原剧情增厚卡_v1.0.md,第097回_文学复原剧情增厚卡_v1.0.md,2535,3,红楼梦探佚_全量文档体系_重整版_v4.2.zip; 红楼梦探佚_截至第32步_v5.0启动前_精简过程文档体系_v2.0(2).zip,RECONSTRUCTION,reconstruction.scene_seed,data/chapter_plans/legacy_scene_seeds.yaml,IMPORT_SCENE_SEEDS,NONE,P0,REFERENCE,REFERENCE,第21步逐回场景/闲笔/社会过程种子；需与CURRENT卡合并而非直接执行。,红楼梦探佚_全量文档体系_重整版_v4.2/05_81—100结构生活世界与专项施工/01_生活世界_剧情卡_第21步/第097回_文学复原剧情增厚卡_v1.0.md | 红楼梦探佚_全量文档体系_重整版_v4.2/90_三套来源包完整快照_只读/第32步精简_v2.0/04_81—100生活世界与剧情卡/02_第21步剧情增厚卡/单回卡/第097回_文学复原剧情增厚卡_v1.0.md | 红楼梦探佚_截至第32步_v5.0启动前_精简过程文档体系_v2.0/04_81—100生活世界与剧情卡/02_第21步剧情增厚卡/单回卡/第097回_文学复原剧情增厚卡_v1.0.md
65918016b82034399bcc1f0ce2810fa45ef457ca43da9f0c0bd026b047665c20,红楼梦探佚_全量文档体系_重整版_v4.2.zip,红楼梦探佚_全量文档体系_重整版_v4.2/05_81—100结构生活世界与专项施工/01_生活世界_剧情卡_第21步/第098回_文学复原剧情增厚卡_v1.0.md,第098回_文学复原剧情增厚卡_v1.0.md,2486,3,红楼梦探佚_全量文档体系_重整版_v4.2.zip; 红楼梦探佚_截至第32步_v5.0启动前_精简过程文档体系_v2.0(2).zip,RECONSTRUCTION,reconstruction.scene_seed,data/chapter_plans/legacy_scene_seeds.yaml,IMPORT_SCENE_SEEDS,NONE,P0,REFERENCE,REFERENCE,第21步逐回场景/闲笔/社会过程种子；需与CURRENT卡合并而非直接执行。,红楼梦探佚_全量文档体系_重整版_v4.2/05_81—100结构生活世界与专项施工/01_生活世界_剧情卡_第21步/第098回_文学复原剧情增厚卡_v1.0.md | 红楼梦探佚_全量文档体系_重整版_v4.2/90_三套来源包完整快照_只读/第32步精简_v2.0/04_81—100生活世界与剧情卡/02_第21步剧情增厚卡/单回卡/第098回_文学复原剧情增厚卡_v1.0.md | 红楼梦探佚_截至第32步_v5.0启动前_精简过程文档体系_v2.0/04_81—100生活世界与剧情卡/02_第21步剧情增厚卡/单回卡/第098回_文学复原剧情增厚卡_v1.0.md
9392225a057f5f173cccdea6fa0bec5e73c1d1396a7c7eec95bc3afda62ce592,红楼梦探佚_全量文档体系_重整版_v4.2.zip,红楼梦探佚_全量文档体系_重整版_v4.2/05_81—100结构生活世界与专项施工/01_生活世界_剧情卡_第21步/第099回_文学复原剧情增厚卡_v1.0.md,第099回_文学复原剧情增厚卡_v1.0.md,2535,3,红楼梦探佚_全量文档体系_重整版_v4.2.zip; 红楼梦探佚_截至第32步_v5.0启动前_精简过程文档体系_v2.0(2).zip,RECONSTRUCTION,reconstruction.scene_seed,data/chapter_plans/legacy_scene_seeds.yaml,IMPORT_SCENE_SEEDS,NONE,P0,REFERENCE,REFERENCE,第21步逐回场景/闲笔/社会过程种子；需与CURRENT卡合并而非直接执行。,红楼梦探佚_全量文档体系_重整版_v4.2/05_81—100结构生活世界与专项施工/01_生活世界_剧情卡_第21步/第099回_文学复原剧情增厚卡_v1.0.md | 红楼梦探佚_全量文档体系_重整版_v4.2/90_三套来源包完整快照_只读/第32步精简_v2.0/04_81—100生活世界与剧情卡/02_第21步剧情增厚卡/单回卡/第099回_文学复原剧情增厚卡_v1.0.md | 红楼梦探佚_截至第32步_v5.0启动前_精简过程文档体系_v2.0/04_81—100生活世界与剧情卡/02_第21步剧情增厚卡/单回卡/第099回_文学复原剧情增厚卡_v1.0.md
b55a219adf8e3416148c7eaa3a3fbb4f3e03049568bf0c5cd4373d9979c4177f,红楼梦探佚_全量文档体系_重整版_v4.2.zip,红楼梦探佚_全量文档体系_重整版_v4.2/05_81—100结构生活世界与专项施工/01_生活世界_剧情卡_第21步/第100回_文学复原剧情增厚卡_v1.0.md,第100回_文学复原剧情增厚卡_v1.0.md,2945,3,红楼梦探佚_全量文档体系_重整版_v4.2.zip; 红楼梦探佚_截至第32步_v5.0启动前_精简过程文档体系_v2.0(2).zip,RECONSTRUCTION,reconstruction.scene_seed,data/chapter_plans/legacy_scene_seeds.yaml,IMPORT_SCENE_SEEDS,NONE,P0,REFERENCE,REFERENCE,第21步逐回场景/闲笔/社会过程种子；需与CURRENT卡合并而非直接执行。,红楼梦探佚_全量文档体系_重整版_v4.2/05_81—100结构生活世界与专项施工/01_生活世界_剧情卡_第21步/第100回_文学复原剧情增厚卡_v1.0.md | 红楼梦探佚_全量文档体系_重整版_v4.2/90_三套来源包完整快照_只读/第32步精简_v2.0/04_81—100生活世界与剧情卡/02_第21步剧情增厚卡/单回卡/第100回_文学复原剧情增厚卡_v1.0.md | 红楼梦探佚_截至第32步_v5.0启动前_精简过程文档体系_v2.0/04_81—100生活世界与剧情卡/02_第21步剧情增厚卡/单回卡/第100回_文学复原剧情增厚卡_v1.0.md
e5e72924d5ab44e498932b74d6667d49ce04efa81a5ceae0af33b3fa52cf2286,红楼梦探佚_全量文档体系_重整版_v4.2.zip,红楼梦探佚_全量文档体系_重整版_v4.2/05_81—100结构生活世界与专项施工/02_R3后20专项施工底板/81—100_人物新增诗文G层竞选总表_v1.2_R3同步版.md,81—100_人物新增诗文G层竞选总表_v1.2_R3同步版.md,25247,3,红楼梦探佚_全量文档体系_重整版_v4.2.zip; 红楼梦探佚_截至R3_全量文档体系整理_v3.4(1).zip,LITERARY_ECOLOGY,literary.generation_container,data/literary_ecology/poetry_generation_slots.yaml,IMPORT_GENERATION_CANDIDATES,NONE,P0,REFERENCE,REFERENCE,G层仅创作容器，不得升Evidence。,红楼梦探佚_全量文档体系_重整版_v4.2/05_81—100结构生活世界与专项施工/02_R3后20专项施工底板/81—100_人物新增诗文G层竞选总表_v1.2_R3同步版.md | 红楼梦探佚_全量文档体系_重整版_v4.2/90_三套来源包完整快照_只读/R3全量_v3.4/04_后20专项施工底板/81—100_人物新增诗文G层竞选总表_v1.2_R3同步版.md | 红楼梦探佚_截至R3_全量文档体系整理_v3.4/04_后20专项施工底板/81—100_人物新增诗文G层竞选总表_v1.2_R3同步版.md
a00445a8ba50fd192bbb81d7330e940061cb11ebb71bedf2986f43bf12f7a4f8,红楼梦探佚_全量文档体系_重整版_v4.2.zip,红楼梦探佚_全量文档体系_重整版_v4.2/05_81—100结构生活世界与专项施工/02_R3后20专项施工底板/81—100_作者层韵文配置与三案竞选总表_v1.5_R3同步版.md,81—100_作者层韵文配置与三案竞选总表_v1.5_R3同步版.md,24669,3,红楼梦探佚_全量文档体系_重整版_v4.2.zip; 红楼梦探佚_截至R3_全量文档体系整理_v3.4(1).zip,LITERARY_ECOLOGY,literary.author_verse_policy,data/literary_ecology/author_verse.yaml,IMPORT_AUTHOR_VERSE_OPTIONS,NONE,P0,REFERENCE,REFERENCE,回前/回末/无诗三案等。,红楼梦探佚_全量文档体系_重整版_v4.2/05_81—100结构生活世界与专项施工/02_R3后20专项施工底板/81—100_作者层韵文配置与三案竞选总表_v1.5_R3同步版.md | 红楼梦探佚_全量文档体系_重整版_v4.2/90_三套来源包完整快照_只读/R3全量_v3.4/04_后20专项施工底板/81—100_作者层韵文配置与三案竞选总表_v1.5_R3同步版.md | 红楼梦探佚_截至R3_全量文档体系整理_v3.4/04_后20专项施工底板/81—100_作者层韵文配置与三案竞选总表_v1.5_R3同步版.md
555c83434d17e9d1dcc12679c22e8b5109524d9f2b9d0a2a67e515e4d8bd4b5b,红楼梦探佚_全量文档体系_重整版_v4.2.zip,红楼梦探佚_全量文档体系_重整版_v4.2/05_81—100结构生活世界与专项施工/02_R3后20专项施工底板/81—100_医学身体饮食婚丧礼俗补完表_v1.2_R3同步版.md,81—100_医学身体饮食婚丧礼俗补完表_v1.2_R3同步版.md,28755,3,红楼梦探佚_全量文档体系_重整版_v4.2.zip; 红楼梦探佚_截至R3_全量文档体系整理_v3.4(1).zip,WORLD_LITERARY,world.health_ritual + literary.body,data/health/post80.yaml + data/rituals/post80.yaml,SPLIT_HEALTH_RITUAL_LITERARY,NONE,P0,REFERENCE,REFERENCE,身体/饮食/婚丧须通过劳务与人物运行。,红楼梦探佚_全量文档体系_重整版_v4.2/05_81—100结构生活世界与专项施工/02_R3后20专项施工底板/81—100_医学身体饮食婚丧礼俗补完表_v1.2_R3同步版.md | 红楼梦探佚_全量文档体系_重整版_v4.2/90_三套来源包完整快照_只读/R3全量_v3.4/04_后20专项施工底板/81—100_医学身体饮食婚丧礼俗补完表_v1.2_R3同步版.md | 红楼梦探佚_截至R3_全量文档体系整理_v3.4/04_后20专项施工底板/81—100_医学身体饮食婚丧礼俗补完表_v1.2_R3同步版.md
1412e58b660dfa4f298785e8cb31d1a24dcfb5ec73db028d3701b40c52c6315e,红楼梦探佚_全量文档体系_重整版_v4.2.zip,红楼梦探佚_全量文档体系_重整版_v4.2/05_81—100结构生活世界与专项施工/02_R3后20专项施工底板/81—100_十二维文学文化缺口总表_v1.5_R3同步版.md,81—100_十二维文学文化缺口总表_v1.5_R3同步版.md,29262,3,红楼梦探佚_全量文档体系_重整版_v4.2.zip; 红楼梦探佚_截至R3_全量文档体系整理_v3.4(1).zip,PLANNING,planning.chapter_gap,data/planning/chapter_gaps.yaml,IMPORT_GAP_MODEL,NONE,P0,REFERENCE,REFERENCE,Step34缺口模型，文学施工环境核心。,红楼梦探佚_全量文档体系_重整版_v4.2/05_81—100结构生活世界与专项施工/02_R3后20专项施工底板/81—100_十二维文学文化缺口总表_v1.5_R3同步版.md | 红楼梦探佚_全量文档体系_重整版_v4.2/90_三套来源包完整快照_只读/R3全量_v3.4/04_后20专项施工底板/81—100_十二维文学文化缺口总表_v1.5_R3同步版.md | 红楼梦探佚_截至R3_全量文档体系整理_v3.4/04_后20专项施工底板/81—100_十二维文学文化缺口总表_v1.5_R3同步版.md
f301af19843ef330fd9760ff8d0f8002bcbda388dc80f439f913533c2a68fc0a,红楼梦探佚_全量文档体系_重整版_v4.2.zip,红楼梦探佚_全量文档体系_重整版_v4.2/05_81—100结构生活世界与专项施工/02_R3后20专项施工底板/81—100_哲学宗教梦境情榜太虚深化方案_v1.2_R3同步版.md,81—100_哲学宗教梦境情榜太虚深化方案_v1.2_R3同步版.md,28995,3,红楼梦探佚_全量文档体系_重整版_v4.2.zip; 红楼梦探佚_截至R3_全量文档体系整理_v3.4(1).zip,LITERARY_ECOLOGY,literary.metaphysical_runtime,data/literary_ecology/metaphysical.yaml,IMPORT_METAPHYSICAL_OPTIONS,NONE,P0,REFERENCE,REFERENCE,形而上机制必须保留讽刺/世情/含混。,红楼梦探佚_全量文档体系_重整版_v4.2/05_81—100结构生活世界与专项施工/02_R3后20专项施工底板/81—100_哲学宗教梦境情榜太虚深化方案_v1.2_R3同步版.md | 红楼梦探佚_全量文档体系_重整版_v4.2/90_三套来源包完整快照_只读/R3全量_v3.4/04_后20专项施工底板/81—100_哲学宗教梦境情榜太虚深化方案_v1.2_R3同步版.md | 红楼梦探佚_截至R3_全量文档体系整理_v3.4/04_后20专项施工底板/81—100_哲学宗教梦境情榜太虚深化方案_v1.2_R3同步版.md
6b76b1381c5b40537933a381161dce3fd359d136fb6928691bf61b218ead931f,红楼梦探佚_全量文档体系_重整版_v4.2.zip,红楼梦探佚_全量文档体系_重整版_v4.2/05_81—100结构生活世界与专项施工/02_R3后20专项施工底板/81—100_旧文化生活定向补完表_v1.2_R3同步版.md,81—100_旧文化生活定向补完表_v1.2_R3同步版.md,23296,3,红楼梦探佚_全量文档体系_重整版_v4.2.zip; 红楼梦探佚_截至R3_全量文档体系整理_v3.4(1).zip,LITERARY_ECOLOGY,literary.cultural_gap_fill,data/literary_ecology/cultural_gaps.yaml,IMPORT_CULTURAL_GAPS,NONE,P0,REFERENCE,REFERENCE,后20旧文化生活分布计划。,红楼梦探佚_全量文档体系_重整版_v4.2/05_81—100结构生活世界与专项施工/02_R3后20专项施工底板/81—100_旧文化生活定向补完表_v1.2_R3同步版.md | 红楼梦探佚_全量文档体系_重整版_v4.2/90_三套来源包完整快照_只读/R3全量_v3.4/04_后20专项施工底板/81—100_旧文化生活定向补完表_v1.2_R3同步版.md | 红楼梦探佚_截至R3_全量文档体系整理_v3.4/04_后20专项施工底板/81—100_旧文化生活定向补完表_v1.2_R3同步版.md
48b7b891316ca8e19dcbfbe3f2b78bb49175f74ad88f670e73c844bc508a7d2b,红楼梦探佚_全量文档体系_重整版_v4.2.zip,红楼梦探佚_全量文档体系_重整版_v4.2/05_81—100结构生活世界与专项施工/02_R3后20专项施工底板/81—100_社会基础设施现金流职业世界总表_v1.3_R3同步版.md,81—100_社会基础设施现金流职业世界总表_v1.3_R3同步版.md,28903,3,红楼梦探佚_全量文档体系_重整版_v4.2.zip; 红楼梦探佚_截至R3_全量文档体系整理_v3.4(1).zip,WORLD,world.social_infrastructure,data/economy/infrastructure.yaml + data/occupations/post80.yaml,IMPORT_SOCIAL_INFRA,NONE,P0,REFERENCE,REFERENCE,现金流/职业/基础设施世界模型。,红楼梦探佚_全量文档体系_重整版_v4.2/05_81—100结构生活世界与专项施工/02_R3后20专项施工底板/81—100_社会基础设施现金流职业世界总表_v1.3_R3同步版.md | 红楼梦探佚_全量文档体系_重整版_v4.2/90_三套来源包完整快照_只读/R3全量_v3.4/04_后20专项施工底板/81—100_社会基础设施现金流职业世界总表_v1.3_R3同步版.md | 红楼梦探佚_截至R3_全量文档体系整理_v3.4/04_后20专项施工底板/81—100_社会基础设施现金流职业世界总表_v1.3_R3同步版.md
11a94ea2d491931e6dae6689a538bd92d83833b59f7f1c41bc9660d09e506316,红楼梦探佚_全量文档体系_重整版_v4.2.zip,红楼梦探佚_全量文档体系_重整版_v4.2/05_81—100结构生活世界与专项施工/02_R3后20专项施工底板/81—100_被压缩形成过程与社会过程补完总表_v1.6_R3同步版.md,81—100_被压缩形成过程与社会过程补完总表_v1.6_R3同步版.md,39854,3,红楼梦探佚_全量文档体系_重整版_v4.2.zip; 红楼梦探佚_截至R3_全量文档体系整理_v3.4(1).zip,PLANNING,planning.social_process,data/planning/social_process_gaps.yaml,IMPORT_PROCESS_GAPS,NONE,P0,REFERENCE,REFERENCE,把“结果”恢复成形成过程、误会、跑腿、社会摩擦。,红楼梦探佚_全量文档体系_重整版_v4.2/05_81—100结构生活世界与专项施工/02_R3后20专项施工底板/81—100_被压缩形成过程与社会过程补完总表_v1.6_R3同步版.md | 红楼梦探佚_全量文档体系_重整版_v4.2/90_三套来源包完整快照_只读/R3全量_v3.4/04_后20专项施工底板/81—100_被压缩形成过程与社会过程补完总表_v1.6_R3同步版.md | 红楼梦探佚_截至R3_全量文档体系整理_v3.4/04_后20专项施工底板/81—100_被压缩形成过程与社会过程补完总表_v1.6_R3同步版.md
3125139ec23a88a430c51de8bcf828c97fd2209c9c5d353da02e3139f6038568,红楼梦探佚_全量文档体系_重整版_v4.2.zip,红楼梦探佚_全量文档体系_重整版_v4.2/06_诗文情榜与文书/01_第28步诗文情榜文书专项/81—100诗词文书总表_v1.1_第28A步细目版.md,81—100诗词文书总表_v1.1_第28A步细目版.md,16326,3,红楼梦探佚_全量文档体系_重整版_v4.2.zip; 红楼梦探佚_截至第32步_v5.0启动前_精简过程文档体系_v2.0(2).zip,LITERARY_ECOLOGY,literary.text_inventory,data/literary_ecology/post80_texts.yaml,IMPORT_TEXT_INVENTORY,NONE,P0,REFERENCE,REFERENCE,81—100诗词/书信/榜文/文书生态。,红楼梦探佚_全量文档体系_重整版_v4.2/06_诗文情榜与文书/01_第28步诗文情榜文书专项/81—100诗词文书总表_v1.1_第28A步细目版.md | 红楼梦探佚_全量文档体系_重整版_v4.2/90_三套来源包完整快照_只读/第32步精简_v2.0/06_诗文情榜文书专项_第28步/01_保留为证据与声口基础/81—100诗词文书总表_v1.1_第28A步细目版.md | 红楼梦探佚_截至第32步_v5.0启动前_精简过程文档体系_v2.0/06_诗文情榜文书专项_第28步/01_保留为证据与声口基础/81—100诗词文书总表_v1.1_第28A步细目版.md
751c13216cf93f9aa996bbb1eb21653492e6997283ac6bfc906a9cabf2aa668f,红楼梦探佚_全量文档体系_重整版_v4.2.zip,红楼梦探佚_全量文档体系_重整版_v4.2/06_诗文情榜与文书/01_第28步诗文情榜文书专项/第28A步_81—100诗词文书现状清点_v1.0.md,第28A步_81—100诗词文书现状清点_v1.0.md,17003,3,红楼梦探佚_全量文档体系_重整版_v4.2.zip; 红楼梦探佚_截至第32步_v5.0启动前_精简过程文档体系_v2.0(2).zip,LITERARY_ECOLOGY,literary.text_inventory,data/literary_ecology/post80_texts.yaml,IMPORT_TEXT_INVENTORY,NONE,P0,REFERENCE,REFERENCE,81—100诗词/书信/榜文/文书生态。,红楼梦探佚_全量文档体系_重整版_v4.2/06_诗文情榜与文书/01_第28步诗文情榜文书专项/第28A步_81—100诗词文书现状清点_v1.0.md | 红楼梦探佚_全量文档体系_重整版_v4.2/90_三套来源包完整快照_只读/第32步精简_v2.0/06_诗文情榜文书专项_第28步/01_保留为证据与声口基础/第28A步_81—100诗词文书现状清点_v1.0.md | 红楼梦探佚_截至第32步_v5.0启动前_精简过程文档体系_v2.0/06_诗文情榜文书专项_第28步/01_保留为证据与声口基础/第28A步_81—100诗词文书现状清点_v1.0.md
c9cab8b2f2e4fd84ecd56bf0a167e9b3191820b3a4e7ee687b049de71f92314b,红楼梦探佚_全量文档体系_重整版_v4.2.zip,红楼梦探佚_全量文档体系_重整版_v4.2/06_诗文情榜与文书/01_第28步诗文情榜文书专项/第28D-T步_现实文书群总验收与跨回一致性审计_v1.0.md,第28D-T步_现实文书群总验收与跨回一致性审计_v1.0.md,8786,3,红楼梦探佚_全量文档体系_重整版_v4.2.zip; 红楼梦探佚_截至第32步_v5.0启动前_精简过程文档体系_v2.0(2).zip,LITERARY_ECOLOGY,literary.document_ecology,data/literary_ecology/documents.yaml,IMPORT_DOCUMENT_ECOLOGY,NONE,P0,REFERENCE,REFERENCE,现实文书与有意缺席；不把文书写成说明书。,红楼梦探佚_全量文档体系_重整版_v4.2/06_诗文情榜与文书/01_第28步诗文情榜文书专项/第28D-T步_现实文书群总验收与跨回一致性审计_v1.0.md | 红楼梦探佚_全量文档体系_重整版_v4.2/90_三套来源包完整快照_只读/第32步精简_v2.0/06_诗文情榜文书专项_第28步/01_保留为证据与声口基础/第28D-T步_现实文书群总验收与跨回一致性审计_v1.0.md | 红楼梦探佚_截至第32步_v5.0启动前_精简过程文档体系_v2.0/06_诗文情榜文书专项_第28步/01_保留为证据与声口基础/第28D-T步_现实文书群总验收与跨回一致性审计_v1.0.md
3502fee61b458954a6f0fd4761630c530fd33e07754ca23b74650bcbe12bed6c,红楼梦探佚_全量文档体系_重整版_v4.2.zip,红楼梦探佚_全量文档体系_重整版_v4.2/06_诗文情榜与文书/01_第28步诗文情榜文书专项/第28E步_轻文书与有意缺席专项审计_v1.0.md,第28E步_轻文书与有意缺席专项审计_v1.0.md,8773,3,红楼梦探佚_全量文档体系_重整版_v4.2.zip; 红楼梦探佚_截至第32步_v5.0启动前_精简过程文档体系_v2.0(2).zip,LITERARY_ECOLOGY,literary.document_ecology,data/literary_ecology/documents.yaml,IMPORT_DOCUMENT_ECOLOGY,NONE,P0,REFERENCE,REFERENCE,现实文书与有意缺席；不把文书写成说明书。,红楼梦探佚_全量文档体系_重整版_v4.2/06_诗文情榜与文书/01_第28步诗文情榜文书专项/第28E步_轻文书与有意缺席专项审计_v1.0.md | 红楼梦探佚_全量文档体系_重整版_v4.2/90_三套来源包完整快照_只读/第32步精简_v2.0/06_诗文情榜文书专项_第28步/02_历史缺席决策_须按v5重审/第28E步_轻文书与有意缺席专项审计_v1.0.md | 红楼梦探佚_截至第32步_v5.0启动前_精简过程文档体系_v2.0/06_诗文情榜文书专项_第28步/02_历史缺席决策_须按v5重审/第28E步_轻文书与有意缺席专项审计_v1.0.md
388d66ea8d4edcc98b03876a03b90679bbf4f541c91a65b53f475d1eaaf6248c,红楼梦探佚_全量文档体系_重整版_v4.2.zip,红楼梦探佚_全量文档体系_重整版_v4.2/06_诗文情榜与文书/01_第28步诗文情榜文书专项/第28F步_81—100诗词文书全局总审计_v1.0.md,第28F步_81—100诗词文书全局总审计_v1.0.md,9570,3,红楼梦探佚_全量文档体系_重整版_v4.2.zip; 红楼梦探佚_截至第32步_v5.0启动前_精简过程文档体系_v2.0(2).zip,ARCHIVE,archive.document,data/archive/documents.yaml,INDEX_ONLY,ARCHIVE_ONLY,P2,HISTORICAL,NO,历史/重复内容仅保留可追溯索引。,红楼梦探佚_全量文档体系_重整版_v4.2/06_诗文情榜与文书/01_第28步诗文情榜文书专项/第28F步_81—100诗词文书全局总审计_v1.0.md | 红楼梦探佚_全量文档体系_重整版_v4.2/90_三套来源包完整快照_只读/第32步精简_v2.0/06_诗文情榜文书专项_第28步/02_历史缺席决策_须按v5重审/第28F步_81—100诗词文书全局总审计_v1.0.md | 红楼梦探佚_截至第32步_v5.0启动前_精简过程文档体系_v2.0/06_诗文情榜文书专项_第28步/02_历史缺席决策_须按v5重审/第28F步_81—100诗词文书全局总审计_v1.0.md
be8e70d3b754ee03e1be8cae6929b62322df3d94edade2a2186ab4fbbadd26f2,红楼梦探佚_全量文档体系_重整版_v4.2.zip,红楼梦探佚_全量文档体系_重整版_v4.2/06_诗文情榜与文书/01_第28步诗文情榜文书专项/第28F步_第100回终篇收束三案终审_v1.0.md,第28F步_第100回终篇收束三案终审_v1.0.md,1721,3,红楼梦探佚_全量文档体系_重整版_v4.2.zip; 红楼梦探佚_截至第32步_v5.0启动前_精简过程文档体系_v2.0(2).zip,ARCHIVE,archive.document,data/archive/documents.yaml,INDEX_ONLY,ARCHIVE_ONLY,P2,HISTORICAL,NO,历史/重复内容仅保留可追溯索引。,红楼梦探佚_全量文档体系_重整版_v4.2/06_诗文情榜与文书/01_第28步诗文情榜文书专项/第28F步_第100回终篇收束三案终审_v1.0.md | 红楼梦探佚_全量文档体系_重整版_v4.2/90_三套来源包完整快照_只读/第32步精简_v2.0/06_诗文情榜文书专项_第28步/02_历史缺席决策_须按v5重审/第28F步_第100回终篇收束三案终审_v1.0.md | 红楼梦探佚_截至第32步_v5.0启动前_精简过程文档体系_v2.0/06_诗文情榜文书专项_第28步/02_历史缺席决策_须按v5重审/第28F步_第100回终篇收束三案终审_v1.0.md
534fc410a743a1900b477c46d45f185a289527381d3262834badb00688cf39e2,红楼梦探佚_全量文档体系_重整版_v4.2.zip,红楼梦探佚_全量文档体系_重整版_v4.2/06_诗文情榜与文书/01_第28步诗文情榜文书专项/第28G-A_情榜硬证与推断分层表_v1.0.md,第28G-A_情榜硬证与推断分层表_v1.0.md,2213,3,红楼梦探佚_全量文档体系_重整版_v4.2.zip; 红楼梦探佚_截至第32步_v5.0启动前_精简过程文档体系_v2.0(2).zip,LITERARY_EVIDENCE,literary.qingbang.boundary,data/literary_interfaces/qingbang.yaml + data/open_interfaces/r4_open.yaml,IMPORT_QINGBANG_BOUNDARY,PARTIAL,P0,REFERENCE,REFERENCE,硬锁末回/五层/情情情不情；总名/人数/名单开放。,红楼梦探佚_全量文档体系_重整版_v4.2/06_诗文情榜与文书/01_第28步诗文情榜文书专项/第28G-A_情榜硬证与推断分层表_v1.0.md | 红楼梦探佚_全量文档体系_重整版_v4.2/90_三套来源包完整快照_只读/第32步精简_v2.0/06_诗文情榜文书专项_第28步/01_保留为证据与声口基础/第28G-A_情榜硬证与推断分层表_v1.0.md | 红楼梦探佚_截至第32步_v5.0启动前_精简过程文档体系_v2.0/06_诗文情榜文书专项_第28步/01_保留为证据与声口基础/第28G-A_情榜硬证与推断分层表_v1.0.md
1efea6c695e077840c1e5178fd0a6d04888da32d7dcfdab7e2f039ebdf79b06d,红楼梦探佚_全量文档体系_重整版_v4.2.zip,红楼梦探佚_全量文档体系_重整版_v4.2/06_诗文情榜与文书/01_第28步诗文情榜文书专项/第28G-A_情榜证据全集_v1.0.md,第28G-A_情榜证据全集_v1.0.md,19420,3,红楼梦探佚_全量文档体系_重整版_v4.2.zip; 红楼梦探佚_截至第32步_v5.0启动前_精简过程文档体系_v2.0(2).zip,LITERARY_EVIDENCE,literary.qingbang.boundary,data/literary_interfaces/qingbang.yaml + data/open_interfaces/r4_open.yaml,IMPORT_QINGBANG_BOUNDARY,PARTIAL,P0,REFERENCE,REFERENCE,硬锁末回/五层/情情情不情；总名/人数/名单开放。,红楼梦探佚_全量文档体系_重整版_v4.2/06_诗文情榜与文书/01_第28步诗文情榜文书专项/第28G-A_情榜证据全集_v1.0.md | 红楼梦探佚_全量文档体系_重整版_v4.2/90_三套来源包完整快照_只读/第32步精简_v2.0/06_诗文情榜文书专项_第28步/01_保留为证据与声口基础/第28G-A_情榜证据全集_v1.0.md | 红楼梦探佚_截至第32步_v5.0启动前_精简过程文档体系_v2.0/06_诗文情榜文书专项_第28步/01_保留为证据与声口基础/第28G-A_情榜证据全集_v1.0.md
ad3f26a4648b71e4542effe22ccdf3afa68231286e8642cb8e7668a842596e43,红楼梦探佚_全量文档体系_重整版_v4.2.zip,红楼梦探佚_全量文档体系_重整版_v4.2/06_诗文情榜与文书/01_第28步诗文情榜文书专项/第28G-D3_情榜首选体例规范_C星_v1.0.md,第28G-D3_情榜首选体例规范_C星_v1.0.md,3172,3,红楼梦探佚_全量文档体系_重整版_v4.2.zip; 红楼梦探佚_截至第32步_v5.0启动前_精简过程文档体系_v2.0(2).zip,LITERARY_EVIDENCE,literary.qingbang.boundary,data/literary_interfaces/qingbang.yaml + data/open_interfaces/r4_open.yaml,IMPORT_QINGBANG_BOUNDARY,PARTIAL,P0,REFERENCE,REFERENCE,硬锁末回/五层/情情情不情；总名/人数/名单开放。,红楼梦探佚_全量文档体系_重整版_v4.2/06_诗文情榜与文书/01_第28步诗文情榜文书专项/第28G-D3_情榜首选体例规范_C星_v1.0.md | 红楼梦探佚_全量文档体系_重整版_v4.2/90_三套来源包完整快照_只读/第32步精简_v2.0/06_诗文情榜文书专项_第28步/01_保留为证据与声口基础/第28G-D3_情榜首选体例规范_C星_v1.0.md | 红楼梦探佚_截至第32步_v5.0启动前_精简过程文档体系_v2.0/06_诗文情榜文书专项_第28步/01_保留为证据与声口基础/第28G-D3_情榜首选体例规范_C星_v1.0.md
cac299674a8715da76fe8afafd0d0dd52122f3685e3c77f7784f16b6894d78a5,红楼梦探佚_全量文档体系_重整版_v4.2.zip,红楼梦探佚_全量文档体系_重整版_v4.2/06_诗文情榜与文书/01_第28步诗文情榜文书专项/第28G-D_前80情字语汇与人物绑定证据库_v1.0.md,第28G-D_前80情字语汇与人物绑定证据库_v1.0.md,17339,3,红楼梦探佚_全量文档体系_重整版_v4.2.zip; 红楼梦探佚_截至第32步_v5.0启动前_精简过程文档体系_v2.0(2).zip,ARCHIVE,archive.document,data/archive/documents.yaml,INDEX_ONLY,ARCHIVE_ONLY,P2,HISTORICAL,NO,历史/重复内容仅保留可追溯索引。,红楼梦探佚_全量文档体系_重整版_v4.2/06_诗文情榜与文书/01_第28步诗文情榜文书专项/第28G-D_前80情字语汇与人物绑定证据库_v1.0.md | 红楼梦探佚_全量文档体系_重整版_v4.2/90_三套来源包完整快照_只读/第32步精简_v2.0/06_诗文情榜文书专项_第28步/01_保留为证据与声口基础/第28G-D_前80情字语汇与人物绑定证据库_v1.0.md | 红楼梦探佚_截至第32步_v5.0启动前_精简过程文档体系_v2.0/06_诗文情榜文书专项_第28步/01_保留为证据与声口基础/第28G-D_前80情字语汇与人物绑定证据库_v1.0.md
f32325f074f877aa8ec2ce6b4b16d0dd9a4fce6d23ce6269d8aec3ba637e2b30,红楼梦探佚_全量文档体系_重整版_v4.2.zip,红楼梦探佚_全量文档体系_重整版_v4.2/06_诗文情榜与文书/01_第28步诗文情榜文书专项/第28G-F_五册六十芳锁版候选总表_v0.6.md,第28G-F_五册六十芳锁版候选总表_v0.6.md,3578,3,红楼梦探佚_全量文档体系_重整版_v4.2.zip; 红楼梦探佚_截至第32步_v5.0启动前_精简过程文档体系_v2.0(2).zip,ARCHIVE,archive.document,data/archive/documents.yaml,INDEX_ONLY,ARCHIVE_ONLY,P2,HISTORICAL,NO,历史/重复内容仅保留可追溯索引。,红楼梦探佚_全量文档体系_重整版_v4.2/06_诗文情榜与文书/01_第28步诗文情榜文书专项/第28G-F_五册六十芳锁版候选总表_v0.6.md | 红楼梦探佚_全量文档体系_重整版_v4.2/90_三套来源包完整快照_只读/第32步精简_v2.0/06_诗文情榜文书专项_第28步/01_保留为证据与声口基础/第28G-F_五册六十芳锁版候选总表_v0.6.md | 红楼梦探佚_截至第32步_v5.0启动前_精简过程文档体系_v2.0/06_诗文情榜文书专项_第28步/01_保留为证据与声口基础/第28G-F_五册六十芳锁版候选总表_v0.6.md
0b9da2aaea2a8881903c166dd9bc68e79ba8f92b5485bce2e9ad82bd5e3b9ccd,红楼梦探佚_全量文档体系_重整版_v4.2.zip,红楼梦探佚_全量文档体系_重整版_v4.2/06_诗文情榜与文书/01_第28步诗文情榜文书专项/第28G-G_警幻情榜完整榜面三案比较与终裁_v1.0.md,第28G-G_警幻情榜完整榜面三案比较与终裁_v1.0.md,4927,3,红楼梦探佚_全量文档体系_重整版_v4.2.zip; 红楼梦探佚_截至第32步_v5.0启动前_精简过程文档体系_v2.0(2).zip,AUDIT_ARCHIVE,literary.qingbang.superseded_candidate,data/archive/qingbang_candidates.yaml,ARCHIVE_INVALIDATED_CANDIDATE,ARCHIVE_ONLY,P2,SUPERSEDED,NO,旧五册60人/完成态已被R4 OPEN-LOCK否决，不得导入CURRENT。,红楼梦探佚_全量文档体系_重整版_v4.2/06_诗文情榜与文书/01_第28步诗文情榜文书专项/第28G-G_警幻情榜完整榜面三案比较与终裁_v1.0.md | 红楼梦探佚_全量文档体系_重整版_v4.2/90_三套来源包完整快照_只读/第32步精简_v2.0/06_诗文情榜文书专项_第28步/01_保留为证据与声口基础/第28G-G_警幻情榜完整榜面三案比较与终裁_v1.0.md | 红楼梦探佚_截至第32步_v5.0启动前_精简过程文档体系_v2.0/06_诗文情榜文书专项_第28步/01_保留为证据与声口基础/第28G-G_警幻情榜完整榜面三案比较与终裁_v1.0.md
35a04cb0ed002312ae743892a13c01db10a4584c966bbc40aa5e37b9a45f939f,红楼梦探佚_全量文档体系_重整版_v4.2.zip,红楼梦探佚_全量文档体系_重整版_v4.2/06_诗文情榜与文书/01_第28步诗文情榜文书专项/第28G-I_第100回完整情榜回填后终审报告_v1.0.md,第28G-I_第100回完整情榜回填后终审报告_v1.0.md,5454,3,红楼梦探佚_全量文档体系_重整版_v4.2.zip; 红楼梦探佚_截至第32步_v5.0启动前_精简过程文档体系_v2.0(2).zip,AUDIT_ARCHIVE,literary.qingbang.superseded_candidate,data/archive/qingbang_candidates.yaml,ARCHIVE_INVALIDATED_CANDIDATE,ARCHIVE_ONLY,P2,SUPERSEDED,NO,旧五册60人/完成态已被R4 OPEN-LOCK否决，不得导入CURRENT。,红楼梦探佚_全量文档体系_重整版_v4.2/06_诗文情榜与文书/01_第28步诗文情榜文书专项/第28G-I_第100回完整情榜回填后终审报告_v1.0.md | 红楼梦探佚_全量文档体系_重整版_v4.2/90_三套来源包完整快照_只读/第32步精简_v2.0/06_诗文情榜文书专项_第28步/01_保留为证据与声口基础/第28G-I_第100回完整情榜回填后终审报告_v1.0.md | 红楼梦探佚_截至第32步_v5.0启动前_精简过程文档体系_v2.0/06_诗文情榜文书专项_第28步/01_保留为证据与声口基础/第28G-I_第100回完整情榜回填后终审报告_v1.0.md
f6d19993e065b495a54053fb5818e564c21579c48c96a81199e8289bdebf640b,红楼梦探佚_全量文档体系_重整版_v4.2.zip,红楼梦探佚_全量文档体系_重整版_v4.2/06_诗文情榜与文书/01_第28步诗文情榜文书专项/第28G_警幻情榜完整复原专项_LOCK_v1.0.md,第28G_警幻情榜完整复原专项_LOCK_v1.0.md,1555,3,红楼梦探佚_全量文档体系_重整版_v4.2.zip; 红楼梦探佚_截至第32步_v5.0启动前_精简过程文档体系_v2.0(2).zip,AUDIT_ARCHIVE,literary.qingbang.superseded_candidate,data/archive/qingbang_candidates.yaml,ARCHIVE_INVALIDATED_CANDIDATE,ARCHIVE_ONLY,P2,SUPERSEDED,NO,旧五册60人/完成态已被R4 OPEN-LOCK否决，不得导入CURRENT。,红楼梦探佚_全量文档体系_重整版_v4.2/06_诗文情榜与文书/01_第28步诗文情榜文书专项/第28G_警幻情榜完整复原专项_LOCK_v1.0.md | 红楼梦探佚_全量文档体系_重整版_v4.2/90_三套来源包完整快照_只读/第32步精简_v2.0/06_诗文情榜文书专项_第28步/01_保留为证据与声口基础/第28G_警幻情榜完整复原专项_LOCK_v1.0.md | 红楼梦探佚_截至第32步_v5.0启动前_精简过程文档体系_v2.0/06_诗文情榜文书专项_第28步/01_保留为证据与声口基础/第28G_警幻情榜完整复原专项_LOCK_v1.0.md
df0c9b8162acdeb4679df5b7aa506fa77ce32298a1abc22e7c444657ae977e23,红楼梦探佚_全量文档体系_重整版_v4.2.zip,红楼梦探佚_全量文档体系_重整版_v4.2/06_诗文情榜与文书/02_R3诗文情榜专题/十独吟_作者形制时序专题_v1.2_R3同步版.md,十独吟_作者形制时序专题_v1.2_R3同步版.md,27028,3,红楼梦探佚_全量文档体系_重整版_v4.2.zip; 红楼梦探佚_截至R3_全量文档体系整理_v3.4(1).zip,LITERARY_EVIDENCE,literary.interface.ten_du_yin,data/literary_interfaces/ten_du_yin.yaml,IMPORT_INTERFACE_WITH_OPEN_FIELDS,PARTIAL,P0,REFERENCE,REFERENCE,锁题名/后64，作者体裁篇数对象保持OPEN。,红楼梦探佚_全量文档体系_重整版_v4.2/06_诗文情榜与文书/02_R3诗文情榜专题/十独吟_作者形制时序专题_v1.2_R3同步版.md | 红楼梦探佚_全量文档体系_重整版_v4.2/90_三套来源包完整快照_只读/R3全量_v3.4/05_诗文与情榜专题/十独吟_作者形制时序专题_v1.2_R3同步版.md | 红楼梦探佚_截至R3_全量文档体系整理_v3.4/05_诗文与情榜专题/十独吟_作者形制时序专题_v1.2_R3同步版.md
e1ec888305c5d415481f4833eeba54b27908c06f8dc17651f23558b1470763ed,红楼梦探佚_全量文档体系_重整版_v4.2.zip,红楼梦探佚_全量文档体系_重整版_v4.2/06_诗文情榜与文书/02_R3诗文情榜专题/对景悼颦儿_场景体裁竞争专题_v1.2_R3同步版.md,对景悼颦儿_场景体裁竞争专题_v1.2_R3同步版.md,3619,3,红楼梦探佚_全量文档体系_重整版_v4.2.zip; 红楼梦探佚_截至R3_全量文档体系整理_v3.4(1).zip,LITERARY_EVIDENCE,literary.interface.mourning_daiyu,data/literary_interfaces/mourning_daiyu.yaml,IMPORT_INTERFACE_WEAK_WITNESS,PARTIAL,P0,REFERENCE,REFERENCE,场景/题旨强于体裁；W2不得独立承重。,红楼梦探佚_全量文档体系_重整版_v4.2/06_诗文情榜与文书/02_R3诗文情榜专题/对景悼颦儿_场景体裁竞争专题_v1.2_R3同步版.md | 红楼梦探佚_全量文档体系_重整版_v4.2/90_三套来源包完整快照_只读/R3全量_v3.4/05_诗文与情榜专题/对景悼颦儿_场景体裁竞争专题_v1.2_R3同步版.md | 红楼梦探佚_截至R3_全量文档体系整理_v3.4/05_诗文与情榜专题/对景悼颦儿_场景体裁竞争专题_v1.2_R3同步版.md
293d5427a4506736044e7acc28ff54793342ee04480c5166aa1628bc5e32e885,红楼梦探佚_全量文档体系_重整版_v4.2.zip,红楼梦探佚_全量文档体系_重整版_v4.2/06_诗文情榜与文书/02_R3诗文情榜专题/末回情榜系统_榜式层级与生成边界专题_v1.2_R3同步版.md,末回情榜系统_榜式层级与生成边界专题_v1.2_R3同步版.md,4028,3,红楼梦探佚_全量文档体系_重整版_v4.2.zip; 红楼梦探佚_截至R3_全量文档体系整理_v3.4(1).zip,LITERARY_EVIDENCE,literary.qingbang.boundary,data/literary_interfaces/qingbang.yaml + data/open_interfaces/r4_open.yaml,IMPORT_QINGBANG_BOUNDARY,PARTIAL,P0,REFERENCE,REFERENCE,硬锁末回/五层/情情情不情；总名/人数/名单开放。,红楼梦探佚_全量文档体系_重整版_v4.2/06_诗文情榜与文书/02_R3诗文情榜专题/末回情榜系统_榜式层级与生成边界专题_v1.2_R3同步版.md | 红楼梦探佚_全量文档体系_重整版_v4.2/90_三套来源包完整快照_只读/R3全量_v3.4/05_诗文与情榜专题/末回情榜系统_榜式层级与生成边界专题_v1.2_R3同步版.md | 红楼梦探佚_截至R3_全量文档体系整理_v3.4/05_诗文与情榜专题/末回情榜系统_榜式层级与生成边界专题_v1.2_R3同步版.md
96fef3c6af65160cc2e323638e0fae615cfe118e8a82a43fbbd50efc29172be0,红楼梦探佚_全量文档体系_重整版_v4.2.zip,红楼梦探佚_全量文档体系_重整版_v4.2/06_诗文情榜与文书/02_R3诗文情榜专题/续庄子绝句_物质文本流转专题_v1.1_R3同步版.md,续庄子绝句_物质文本流转专题_v1.1_R3同步版.md,25869,3,红楼梦探佚_全量文档体系_重整版_v4.2.zip; 红楼梦探佚_截至R3_全量文档体系整理_v3.4(1).zip,WORLD_LITERARY,world.text_object.zhuangzi + literary.interface,data/object_flows/zhuangzi_text.yaml + data/literary_interfaces/zhuangzi.yaml,IMPORT_TEXT_OBJECT_FLOW,NONE,P0,REFERENCE,REFERENCE,旧作物质载体/后文余步；不锁宝玉必读。,红楼梦探佚_全量文档体系_重整版_v4.2/06_诗文情榜与文书/02_R3诗文情榜专题/续庄子绝句_物质文本流转专题_v1.1_R3同步版.md | 红楼梦探佚_全量文档体系_重整版_v4.2/90_三套来源包完整快照_只读/R3全量_v3.4/05_诗文与情榜专题/续庄子绝句_物质文本流转专题_v1.1_R3同步版.md | 红楼梦探佚_截至R3_全量文档体系整理_v3.4/05_诗文与情榜专题/续庄子绝句_物质文本流转专题_v1.1_R3同步版.md
c3333589e62f83ca33b4a82a4c060eea57b2b71e084e655fc7b372a050274531,红楼梦探佚_全量文档体系_重整版_v4.2.zip,红楼梦探佚_全量文档体系_重整版_v4.2/06_诗文情榜与文书/02_R3诗文情榜专题/黛亡诗文总接口与旧作分工专题_v1.1_R3同步版.md,黛亡诗文总接口与旧作分工专题_v1.1_R3同步版.md,29220,3,红楼梦探佚_全量文档体系_重整版_v4.2.zip; 红楼梦探佚_截至R3_全量文档体系整理_v3.4(1).zip,LITERARY_ECOLOGY,literary.daiyu_postdeath_interface,data/literary_interfaces/daiyu_postdeath.yaml,IMPORT_LITERARY_INTERFACE,PARTIAL,P0,REFERENCE,REFERENCE,旧作兑现、后文场景、生成容器分层。,红楼梦探佚_全量文档体系_重整版_v4.2/06_诗文情榜与文书/02_R3诗文情榜专题/黛亡诗文总接口与旧作分工专题_v1.1_R3同步版.md | 红楼梦探佚_全量文档体系_重整版_v4.2/90_三套来源包完整快照_只读/R3全量_v3.4/05_诗文与情榜专题/黛亡诗文总接口与旧作分工专题_v1.1_R3同步版.md | 红楼梦探佚_截至R3_全量文档体系整理_v3.4/05_诗文与情榜专题/黛亡诗文总接口与旧作分工专题_v1.1_R3同步版.md
b0bf467683ffc2e596037cb146d70aee302a87b195a9d2d94e9da1dd8d565f32,红楼梦探佚_全量文档体系_重整版_v4.2.zip,红楼梦探佚_全量文档体系_重整版_v4.2/07_语言声口章法与文学审计/01_v4文学施工关键里程碑/文学复原施工规则_v1.1_第23步修订.md,文学复原施工规则_v1.1_第23步修订.md,7078,3,红楼梦探佚_全量文档体系_重整版_v4.2.zip; 红楼梦探佚_截至第32步_v5.0启动前_精简过程文档体系_v2.0(2).zip,REVIEW,review.literary_benchmark,data/review/literary_benchmarks.yaml,IMPORT_REVIEW_BENCHMARK,PARTIAL,P1,AUDIT,NO,历史文学审计/返修规则转为评估基准与反例。,红楼梦探佚_全量文档体系_重整版_v4.2/07_语言声口章法与文学审计/01_v4文学施工关键里程碑/文学复原施工规则_v1.1_第23步修订.md | 红楼梦探佚_全量文档体系_重整版_v4.2/90_三套来源包完整快照_只读/第32步精简_v2.0/05_v4文学施工关键里程碑_历史规则/文学复原施工规则_v1.1_第23步修订.md | 红楼梦探佚_截至第32步_v5.0启动前_精简过程文档体系_v2.0/05_v4文学施工关键里程碑_历史规则/文学复原施工规则_v1.1_第23步修订.md
d4fde513b43eac5d039bb6c350afb3507e39d4489bdf81a927fed0bb57795a12,红楼梦探佚_全量文档体系_重整版_v4.2.zip,红楼梦探佚_全量文档体系_重整版_v4.2/07_语言声口章法与文学审计/01_v4文学施工关键里程碑/第23步_三回满血试金石文学审计_v1.0.md,第23步_三回满血试金石文学审计_v1.0.md,12933,3,红楼梦探佚_全量文档体系_重整版_v4.2.zip; 红楼梦探佚_截至第32步_v5.0启动前_精简过程文档体系_v2.0(2).zip,REVIEW,review.literary_benchmark,data/review/literary_benchmarks.yaml,IMPORT_REVIEW_BENCHMARK,PARTIAL,P1,AUDIT,NO,历史文学审计/返修规则转为评估基准与反例。,红楼梦探佚_全量文档体系_重整版_v4.2/07_语言声口章法与文学审计/01_v4文学施工关键里程碑/第23步_三回满血试金石文学审计_v1.0.md | 红楼梦探佚_全量文档体系_重整版_v4.2/90_三套来源包完整快照_只读/第32步精简_v2.0/05_v4文学施工关键里程碑_历史规则/第23步_三回满血试金石文学审计_v1.0.md | 红楼梦探佚_截至第32步_v5.0启动前_精简过程文档体系_v2.0/05_v4文学施工关键里程碑_历史规则/第23步_三回满血试金石文学审计_v1.0.md
b088e9074d7f6fcfcc9cc85c8c5ce57a126f286cdc905fdc4f53d794c77995b2,红楼梦探佚_全量文档体系_重整版_v4.2.zip,红楼梦探佚_全量文档体系_重整版_v4.2/07_语言声口章法与文学审计/01_v4文学施工关键里程碑/第24.5步_A组84—90返修验收_v1.0_final.md,第24.5步_A组84—90返修验收_v1.0_final.md,6132,3,红楼梦探佚_全量文档体系_重整版_v4.2.zip; 红楼梦探佚_截至第32步_v5.0启动前_精简过程文档体系_v2.0(2).zip,REVIEW,review.literary_benchmark,data/review/literary_benchmarks.yaml,IMPORT_REVIEW_BENCHMARK,PARTIAL,P1,AUDIT,NO,历史文学审计/返修规则转为评估基准与反例。,红楼梦探佚_全量文档体系_重整版_v4.2/07_语言声口章法与文学审计/01_v4文学施工关键里程碑/第24.5步_A组84—90返修验收_v1.0_final.md | 红楼梦探佚_全量文档体系_重整版_v4.2/90_三套来源包完整快照_只读/第32步精简_v2.0/05_v4文学施工关键里程碑_历史规则/第24.5步_A组84—90返修验收_v1.0_final.md | 红楼梦探佚_截至第32步_v5.0启动前_精简过程文档体系_v2.0/05_v4文学施工关键里程碑_历史规则/第24.5步_A组84—90返修验收_v1.0_final.md
676a5a287a7039661bb3f9cdfee1775c65d645a9537981e4befb735d4af7c62a,红楼梦探佚_全量文档体系_重整版_v4.2.zip,红楼梦探佚_全量文档体系_重整版_v4.2/07_语言声口章法与文学审计/01_v4文学施工关键里程碑/第24步_A组84—90连读评审_v1.0.md,第24步_A组84—90连读评审_v1.0.md,9903,3,红楼梦探佚_全量文档体系_重整版_v4.2.zip; 红楼梦探佚_截至第32步_v5.0启动前_精简过程文档体系_v2.0(2).zip,REVIEW,review.literary_benchmark,data/review/literary_benchmarks.yaml,IMPORT_REVIEW_BENCHMARK,PARTIAL,P1,AUDIT,NO,历史文学审计/返修规则转为评估基准与反例。,红楼梦探佚_全量文档体系_重整版_v4.2/07_语言声口章法与文学审计/01_v4文学施工关键里程碑/第24步_A组84—90连读评审_v1.0.md | 红楼梦探佚_全量文档体系_重整版_v4.2/90_三套来源包完整快照_只读/第32步精简_v2.0/05_v4文学施工关键里程碑_历史规则/第24步_A组84—90连读评审_v1.0.md | 红楼梦探佚_截至第32步_v5.0启动前_精简过程文档体系_v2.0/05_v4文学施工关键里程碑_历史规则/第24步_A组84—90连读评审_v1.0.md
a52f24ebf409fcf620d4c2e505637f29673d336044c3fba858677cc2f21a2dc8,红楼梦探佚_全量文档体系_重整版_v4.2.zip,红楼梦探佚_全量文档体系_重整版_v4.2/07_语言声口章法与文学审计/01_v4文学施工关键里程碑/第25.5步_B组91—96定点返修验收_v1.0.md,第25.5步_B组91—96定点返修验收_v1.0.md,8564,3,红楼梦探佚_全量文档体系_重整版_v4.2.zip; 红楼梦探佚_截至第32步_v5.0启动前_精简过程文档体系_v2.0(2).zip,REVIEW,review.literary_benchmark,data/review/literary_benchmarks.yaml,IMPORT_REVIEW_BENCHMARK,PARTIAL,P1,AUDIT,NO,历史文学审计/返修规则转为评估基准与反例。,红楼梦探佚_全量文档体系_重整版_v4.2/07_语言声口章法与文学审计/01_v4文学施工关键里程碑/第25.5步_B组91—96定点返修验收_v1.0.md | 红楼梦探佚_全量文档体系_重整版_v4.2/90_三套来源包完整快照_只读/第32步精简_v2.0/05_v4文学施工关键里程碑_历史规则/第25.5步_B组91—96定点返修验收_v1.0.md | 红楼梦探佚_截至第32步_v5.0启动前_精简过程文档体系_v2.0/05_v4文学施工关键里程碑_历史规则/第25.5步_B组91—96定点返修验收_v1.0.md
565cf989274e3abe49a8ae4d228cbf085ab662f7c2a90993acb399b1a87b03a6,红楼梦探佚_全量文档体系_重整版_v4.2.zip,红楼梦探佚_全量文档体系_重整版_v4.2/07_语言声口章法与文学审计/01_v4文学施工关键里程碑/第25步_B组91—96连读评审_v1.0.md,第25步_B组91—96连读评审_v1.0.md,13950,3,红楼梦探佚_全量文档体系_重整版_v4.2.zip; 红楼梦探佚_截至第32步_v5.0启动前_精简过程文档体系_v2.0(2).zip,REVIEW,review.literary_benchmark,data/review/literary_benchmarks.yaml,IMPORT_REVIEW_BENCHMARK,PARTIAL,P1,AUDIT,NO,历史文学审计/返修规则转为评估基准与反例。,红楼梦探佚_全量文档体系_重整版_v4.2/07_语言声口章法与文学审计/01_v4文学施工关键里程碑/第25步_B组91—96连读评审_v1.0.md | 红楼梦探佚_全量文档体系_重整版_v4.2/90_三套来源包完整快照_只读/第32步精简_v2.0/05_v4文学施工关键里程碑_历史规则/第25步_B组91—96连读评审_v1.0.md | 红楼梦探佚_截至第32步_v5.0启动前_精简过程文档体系_v2.0/05_v4文学施工关键里程碑_历史规则/第25步_B组91—96连读评审_v1.0.md
c0339d48efdb321b23564ad5c6c7624e1ea5016b2eacf27d367741254ff85c44,红楼梦探佚_全量文档体系_重整版_v4.2.zip,红楼梦探佚_全量文档体系_重整版_v4.2/07_语言声口章法与文学审计/01_v4文学施工关键里程碑/第26.5A步_C组81—83_97—98定点返修验收_v1.0.md,第26.5A步_C组81—83_97—98定点返修验收_v1.0.md,1375,3,红楼梦探佚_全量文档体系_重整版_v4.2.zip; 红楼梦探佚_截至第32步_v5.0启动前_精简过程文档体系_v2.0(2).zip,REVIEW,review.literary_benchmark,data/review/literary_benchmarks.yaml,IMPORT_REVIEW_BENCHMARK,PARTIAL,P1,AUDIT,NO,历史文学审计/返修规则转为评估基准与反例。,红楼梦探佚_全量文档体系_重整版_v4.2/07_语言声口章法与文学审计/01_v4文学施工关键里程碑/第26.5A步_C组81—83_97—98定点返修验收_v1.0.md | 红楼梦探佚_全量文档体系_重整版_v4.2/90_三套来源包完整快照_只读/第32步精简_v2.0/05_v4文学施工关键里程碑_历史规则/第26.5A步_C组81—83_97—98定点返修验收_v1.0.md | 红楼梦探佚_截至第32步_v5.0启动前_精简过程文档体系_v2.0/05_v4文学施工关键里程碑_历史规则/第26.5A步_C组81—83_97—98定点返修验收_v1.0.md
cada14f50e22e874b8cc6db0be524bce31c3eb7e979a1ccd8d325876accf34c5,红楼梦探佚_全量文档体系_重整版_v4.2.zip,红楼梦探佚_全量文档体系_重整版_v4.2/07_语言声口章法与文学审计/01_v4文学施工关键里程碑/第26.5步_C组81—83_97—98连读评审_v1.0.md,第26.5步_C组81—83_97—98连读评审_v1.0.md,13854,3,红楼梦探佚_全量文档体系_重整版_v4.2.zip; 红楼梦探佚_截至第32步_v5.0启动前_精简过程文档体系_v2.0(2).zip,REVIEW,review.literary_benchmark,data/review/literary_benchmarks.yaml,IMPORT_REVIEW_BENCHMARK,PARTIAL,P1,AUDIT,NO,历史文学审计/返修规则转为评估基准与反例。,红楼梦探佚_全量文档体系_重整版_v4.2/07_语言声口章法与文学审计/01_v4文学施工关键里程碑/第26.5步_C组81—83_97—98连读评审_v1.0.md | 红楼梦探佚_全量文档体系_重整版_v4.2/90_三套来源包完整快照_只读/第32步精简_v2.0/05_v4文学施工关键里程碑_历史规则/第26.5步_C组81—83_97—98连读评审_v1.0.md | 红楼梦探佚_截至第32步_v5.0启动前_精简过程文档体系_v2.0/05_v4文学施工关键里程碑_历史规则/第26.5步_C组81—83_97—98连读评审_v1.0.md
769493d12e4c50699e883e69871fe6d9eda0999519bc77eba874e0eb5218e1b7,红楼梦探佚_全量文档体系_重整版_v4.2.zip,红楼梦探佚_全量文档体系_重整版_v4.2/07_语言声口章法与文学审计/02_第30步全文文学与证据双审/第29-E_81—100总装锁版候选与总验收_v1.0.md,第29-E_81—100总装锁版候选与总验收_v1.0.md,3607,3,红楼梦探佚_全量文档体系_重整版_v4.2.zip; 红楼梦探佚_截至第32步_v5.0启动前_精简过程文档体系_v2.0(2).zip,ARCHIVE,archive.document,data/archive/documents.yaml,INDEX_ONLY,ARCHIVE_ONLY,P2,HISTORICAL,NO,历史/重复内容仅保留可追溯索引。,红楼梦探佚_全量文档体系_重整版_v4.2/07_语言声口章法与文学审计/02_第30步全文文学与证据双审/第29-E_81—100总装锁版候选与总验收_v1.0.md | 红楼梦探佚_全量文档体系_重整版_v4.2/90_三套来源包完整快照_只读/第32步精简_v2.0/07_全文总装与文学证据审计_第30步/00_第29步总装沿革/第29-E_81—100总装锁版候选与总验收_v1.0.md | 红楼梦探佚_截至第32步_v5.0启动前_精简过程文档体系_v2.0/07_全文总装与文学证据审计_第30步/00_第29步总装沿革/第29-E_81—100总装锁版候选与总验收_v1.0.md
708f7a5e275d38b5a0192ab84b594785f9dbef053135254a0453c46ccc8366b5,红楼梦探佚_全量文档体系_重整版_v4.2.zip,红楼梦探佚_全量文档体系_重整版_v4.2/07_语言声口章法与文学审计/02_第30步全文文学与证据双审/第29-E_第30步WATCH移交清单_v1.0.md,第29-E_第30步WATCH移交清单_v1.0.md,820,3,红楼梦探佚_全量文档体系_重整版_v4.2.zip; 红楼梦探佚_截至第32步_v5.0启动前_精简过程文档体系_v2.0(2).zip,REGISTRY,registry.document_metadata,data/registry/documents.yaml,REGISTER_DOCUMENT,NONE,P1,REFERENCE,REFERENCE,文档级元数据/说明；不直接驱动剧情。,红楼梦探佚_全量文档体系_重整版_v4.2/07_语言声口章法与文学审计/02_第30步全文文学与证据双审/第29-E_第30步WATCH移交清单_v1.0.md | 红楼梦探佚_全量文档体系_重整版_v4.2/90_三套来源包完整快照_只读/第32步精简_v2.0/07_全文总装与文学证据审计_第30步/00_第29步总装沿革/第29-E_第30步WATCH移交清单_v1.0.md | 红楼梦探佚_截至第32步_v5.0启动前_精简过程文档体系_v2.0/07_全文总装与文学证据审计_第30步/00_第29步总装沿革/第29-E_第30步WATCH移交清单_v1.0.md
1e0505a21d5eeb88c6b64eca0bcb331e264ca5e5df1c10229f4eddec7a8d907e,红楼梦探佚_全量文档体系_重整版_v4.2.zip,红楼梦探佚_全量文档体系_重整版_v4.2/07_语言声口章法与文学审计/02_第30步全文文学与证据双审/第30-A_20回500字压缩损失矩阵_v1.0.md,第30-A_20回500字压缩损失矩阵_v1.0.md,3877,3,红楼梦探佚_全量文档体系_重整版_v4.2.zip; 红楼梦探佚_截至第32步_v5.0启动前_精简过程文档体系_v2.0(2).zip,REVIEW,review.literary_benchmark,data/review/literary_benchmarks.yaml,IMPORT_REVIEW_BENCHMARK,PARTIAL,P1,AUDIT,NO,历史文学审计/返修规则转为评估基准与反例。,红楼梦探佚_全量文档体系_重整版_v4.2/07_语言声口章法与文学审计/02_第30步全文文学与证据双审/第30-A_20回500字压缩损失矩阵_v1.0.md | 红楼梦探佚_全量文档体系_重整版_v4.2/90_三套来源包完整快照_只读/第32步精简_v2.0/07_全文总装与文学证据审计_第30步/第30-A_20回500字压缩损失矩阵_v1.0.md | 红楼梦探佚_截至第32步_v5.0启动前_精简过程文档体系_v2.0/07_全文总装与文学证据审计_第30步/第30-A_20回500字压缩损失矩阵_v1.0.md
959af074cad771f243c7773d27a7fa862bcac7ffea960fb76a143d5545e4f3eb,红楼梦探佚_全量文档体系_重整版_v4.2.zip,红楼梦探佚_全量文档体系_重整版_v4.2/07_语言声口章法与文学审计/02_第30步全文文学与证据双审/第30-A_81—100梗概感文学审计_v1.0.md,第30-A_81—100梗概感文学审计_v1.0.md,6469,3,红楼梦探佚_全量文档体系_重整版_v4.2.zip; 红楼梦探佚_截至第32步_v5.0启动前_精简过程文档体系_v2.0(2).zip,REVIEW,review.literary_benchmark,data/review/literary_benchmarks.yaml,IMPORT_REVIEW_BENCHMARK,PARTIAL,P1,AUDIT,NO,历史文学审计/返修规则转为评估基准与反例。,红楼梦探佚_全量文档体系_重整版_v4.2/07_语言声口章法与文学审计/02_第30步全文文学与证据双审/第30-A_81—100梗概感文学审计_v1.0.md | 红楼梦探佚_全量文档体系_重整版_v4.2/90_三套来源包完整快照_只读/第32步精简_v2.0/07_全文总装与文学证据审计_第30步/第30-A_81—100梗概感文学审计_v1.0.md | 红楼梦探佚_截至第32步_v5.0启动前_精简过程文档体系_v2.0/07_全文总装与文学证据审计_第30步/第30-A_81—100梗概感文学审计_v1.0.md
840b663859f745e257f62bbba0d4270a45e04956ce6e7bd5829c2713269af0c1,红楼梦探佚_全量文档体系_重整版_v4.2.zip,红楼梦探佚_全量文档体系_重整版_v4.2/07_语言声口章法与文学审计/02_第30步全文文学与证据双审/第30-B_81—100群像多声部矩阵_v1.0.md,第30-B_81—100群像多声部矩阵_v1.0.md,4738,3,红楼梦探佚_全量文档体系_重整版_v4.2.zip; 红楼梦探佚_截至第32步_v5.0启动前_精简过程文档体系_v2.0(2).zip,LITERARY_ECOLOGY,literary.voice_benchmark,data/voice/character_profiles.yaml + data/review/voice_benchmarks.yaml,IMPORT_VOICE_BENCHMARK,NONE,P0,REFERENCE,REFERENCE,人物声口/多声部/去署名测试。,红楼梦探佚_全量文档体系_重整版_v4.2/07_语言声口章法与文学审计/02_第30步全文文学与证据双审/第30-B_81—100群像多声部矩阵_v1.0.md | 红楼梦探佚_全量文档体系_重整版_v4.2/90_三套来源包完整快照_只读/第32步精简_v2.0/07_全文总装与文学证据审计_第30步/第30-B_81—100群像多声部矩阵_v1.0.md | 红楼梦探佚_截至第32步_v5.0启动前_精简过程文档体系_v2.0/07_全文总装与文学证据审计_第30步/第30-B_81—100群像多声部矩阵_v1.0.md
8921c55599b805e57b5db64f50b65dc32d074b807dc0615d88ca61c50241320f,红楼梦探佚_全量文档体系_重整版_v4.2.zip,红楼梦探佚_全量文档体系_重整版_v4.2/07_语言声口章法与文学审计/02_第30步全文文学与证据双审/第30-B_81—100群像审计_v1.0.md,第30-B_81—100群像审计_v1.0.md,6311,3,红楼梦探佚_全量文档体系_重整版_v4.2.zip; 红楼梦探佚_截至第32步_v5.0启动前_精简过程文档体系_v2.0(2).zip,LITERARY_ECOLOGY,literary.voice_benchmark,data/voice/character_profiles.yaml + data/review/voice_benchmarks.yaml,IMPORT_VOICE_BENCHMARK,NONE,P0,REFERENCE,REFERENCE,人物声口/多声部/去署名测试。,红楼梦探佚_全量文档体系_重整版_v4.2/07_语言声口章法与文学审计/02_第30步全文文学与证据双审/第30-B_81—100群像审计_v1.0.md | 红楼梦探佚_全量文档体系_重整版_v4.2/90_三套来源包完整快照_只读/第32步精简_v2.0/07_全文总装与文学证据审计_第30步/第30-B_81—100群像审计_v1.0.md | 红楼梦探佚_截至第32步_v5.0启动前_精简过程文档体系_v2.0/07_全文总装与文学证据审计_第30步/第30-B_81—100群像审计_v1.0.md
281e3fed9e70f9be54db4b4d97f8d7cd5ea915aa566d91937f55771c1d3f4a50,红楼梦探佚_全量文档体系_重整版_v4.2.zip,红楼梦探佚_全量文档体系_重整版_v4.2/07_语言声口章法与文学审计/02_第30步全文文学与证据双审/第30-B_工具人风险专项清单_v1.0.md,第30-B_工具人风险专项清单_v1.0.md,4026,3,红楼梦探佚_全量文档体系_重整版_v4.2.zip; 红楼梦探佚_截至第32步_v5.0启动前_精简过程文档体系_v2.0(2).zip,REVIEW,review.literary_benchmark,data/review/literary_benchmarks.yaml,IMPORT_REVIEW_BENCHMARK,PARTIAL,P1,AUDIT,NO,历史文学审计/返修规则转为评估基准与反例。,红楼梦探佚_全量文档体系_重整版_v4.2/07_语言声口章法与文学审计/02_第30步全文文学与证据双审/第30-B_工具人风险专项清单_v1.0.md | 红楼梦探佚_全量文档体系_重整版_v4.2/90_三套来源包完整快照_只读/第32步精简_v2.0/07_全文总装与文学证据审计_第30步/第30-B_工具人风险专项清单_v1.0.md | 红楼梦探佚_截至第32步_v5.0启动前_精简过程文档体系_v2.0/07_全文总装与文学证据审计_第30步/第30-B_工具人风险专项清单_v1.0.md
7c59335f4ef3b754dde571193fe03c2f14cbc7ee4fed9c2ede044cc7abdcf662,红楼梦探佚_全量文档体系_重整版_v4.2.zip,红楼梦探佚_全量文档体系_重整版_v4.2/07_语言声口章法与文学审计/02_第30步全文文学与证据双审/第30-C_81—100人物声音审计_v1.0.md,第30-C_81—100人物声音审计_v1.0.md,7945,3,红楼梦探佚_全量文档体系_重整版_v4.2.zip; 红楼梦探佚_截至第32步_v5.0启动前_精简过程文档体系_v2.0(2).zip,LITERARY_ECOLOGY,literary.voice_benchmark,data/voice/character_profiles.yaml + data/review/voice_benchmarks.yaml,IMPORT_VOICE_BENCHMARK,NONE,P0,REFERENCE,REFERENCE,人物声口/多声部/去署名测试。,红楼梦探佚_全量文档体系_重整版_v4.2/07_语言声口章法与文学审计/02_第30步全文文学与证据双审/第30-C_81—100人物声音审计_v1.0.md | 红楼梦探佚_全量文档体系_重整版_v4.2/90_三套来源包完整快照_只读/第32步精简_v2.0/07_全文总装与文学证据审计_第30步/第30-C_81—100人物声音审计_v1.0.md | 红楼梦探佚_截至第32步_v5.0启动前_精简过程文档体系_v2.0/07_全文总装与文学证据审计_第30步/第30-C_81—100人物声音审计_v1.0.md
6f8c975c82a66f0293009ae4a448edea93b4e75352c14b06e6565d0f692e2fcd,红楼梦探佚_全量文档体系_重整版_v4.2.zip,红楼梦探佚_全量文档体系_重整版_v4.2/07_语言声口章法与文学审计/02_第30步全文文学与证据双审/第30-C_人物声音去署名测试矩阵_v1.0.md,第30-C_人物声音去署名测试矩阵_v1.0.md,3881,3,红楼梦探佚_全量文档体系_重整版_v4.2.zip; 红楼梦探佚_截至第32步_v5.0启动前_精简过程文档体系_v2.0(2).zip,LITERARY_ECOLOGY,literary.voice_benchmark,data/voice/character_profiles.yaml + data/review/voice_benchmarks.yaml,IMPORT_VOICE_BENCHMARK,NONE,P0,REFERENCE,REFERENCE,人物声口/多声部/去署名测试。,红楼梦探佚_全量文档体系_重整版_v4.2/07_语言声口章法与文学审计/02_第30步全文文学与证据双审/第30-C_人物声音去署名测试矩阵_v1.0.md | 红楼梦探佚_全量文档体系_重整版_v4.2/90_三套来源包完整快照_只读/第32步精简_v2.0/07_全文总装与文学证据审计_第30步/第30-C_人物声音去署名测试矩阵_v1.0.md | 红楼梦探佚_截至第32步_v5.0启动前_精简过程文档体系_v2.0/07_全文总装与文学证据审计_第30步/第30-C_人物声音去署名测试矩阵_v1.0.md
3c36d03764bdc99ed559c56f374bb5817083e234d854f0f2b3232cc494c64490,红楼梦探佚_全量文档体系_重整版_v4.2.zip,红楼梦探佚_全量文档体系_重整版_v4.2/07_语言声口章法与文学审计/02_第30步全文文学与证据双审/第30-D_81—100笑冷笔与闲笔审计_v1.0.md,第30-D_81—100笑冷笔与闲笔审计_v1.0.md,7330,3,红楼梦探佚_全量文档体系_重整版_v4.2.zip; 红楼梦探佚_截至第32步_v5.0启动前_精简过程文档体系_v2.0(2).zip,LITERARY_ECOLOGY,literary.idle_cold_stroke,data/literary_ecology/idle_cold_stroke.yaml,IMPORT_LITERARY_BENCHMARK,NONE,P0,REFERENCE,REFERENCE,无用有味闲笔/冷笔审计。,红楼梦探佚_全量文档体系_重整版_v4.2/07_语言声口章法与文学审计/02_第30步全文文学与证据双审/第30-D_81—100笑冷笔与闲笔审计_v1.0.md | 红楼梦探佚_全量文档体系_重整版_v4.2/90_三套来源包完整快照_只读/第32步精简_v2.0/07_全文总装与文学证据审计_第30步/第30-D_81—100笑冷笔与闲笔审计_v1.0.md | 红楼梦探佚_截至第32步_v5.0启动前_精简过程文档体系_v2.0/07_全文总装与文学证据审计_第30步/第30-D_81—100笑冷笔与闲笔审计_v1.0.md
b99e17fe0644fbc7f97b92ef91e19c01740f9dc048faf81567542abe6b4a8a28,红楼梦探佚_全量文档体系_重整版_v4.2.zip,红楼梦探佚_全量文档体系_重整版_v4.2/07_语言声口章法与文学审计/02_第30步全文文学与证据双审/第30-D_81—100闲笔与冷笔逐回矩阵_v1.0.md,第30-D_81—100闲笔与冷笔逐回矩阵_v1.0.md,4814,3,红楼梦探佚_全量文档体系_重整版_v4.2.zip; 红楼梦探佚_截至第32步_v5.0启动前_精简过程文档体系_v2.0(2).zip,LITERARY_ECOLOGY,literary.idle_cold_stroke,data/literary_ecology/idle_cold_stroke.yaml,IMPORT_LITERARY_BENCHMARK,NONE,P0,REFERENCE,REFERENCE,无用有味闲笔/冷笔审计。,红楼梦探佚_全量文档体系_重整版_v4.2/07_语言声口章法与文学审计/02_第30步全文文学与证据双审/第30-D_81—100闲笔与冷笔逐回矩阵_v1.0.md | 红楼梦探佚_全量文档体系_重整版_v4.2/90_三套来源包完整快照_只读/第32步精简_v2.0/07_全文总装与文学证据审计_第30步/第30-D_81—100闲笔与冷笔逐回矩阵_v1.0.md | 红楼梦探佚_截至第32步_v5.0启动前_精简过程文档体系_v2.0/07_全文总装与文学证据审计_第30步/第30-D_81—100闲笔与冷笔逐回矩阵_v1.0.md
019dfcbca4b0e41c405b17968efad4ff830b8a8a734c2a887e9c2beec8c28e6a,红楼梦探佚_全量文档体系_重整版_v4.2.zip,红楼梦探佚_全量文档体系_重整版_v4.2/07_语言声口章法与文学审计/02_第30步全文文学与证据双审/第30-E_81—100诗文生态审计_v1.0.md,第30-E_81—100诗文生态审计_v1.0.md,6735,3,红楼梦探佚_全量文档体系_重整版_v4.2.zip; 红楼梦探佚_截至第32步_v5.0启动前_精简过程文档体系_v2.0(2).zip,LITERARY_ECOLOGY,literary.text_inventory,data/literary_ecology/post80_texts.yaml,IMPORT_TEXT_INVENTORY,NONE,P0,REFERENCE,REFERENCE,81—100诗词/书信/榜文/文书生态。,红楼梦探佚_全量文档体系_重整版_v4.2/07_语言声口章法与文学审计/02_第30步全文文学与证据双审/第30-E_81—100诗文生态审计_v1.0.md | 红楼梦探佚_全量文档体系_重整版_v4.2/90_三套来源包完整快照_只读/第32步精简_v2.0/07_全文总装与文学证据审计_第30步/第30-E_81—100诗文生态审计_v1.0.md | 红楼梦探佚_截至第32步_v5.0启动前_精简过程文档体系_v2.0/07_全文总装与文学证据审计_第30步/第30-E_81—100诗文生态审计_v1.0.md
8ec15ed65d558c25e5e12e3e32f7267038275889658a26ebce00ffac0b1ef382,红楼梦探佚_全量文档体系_重整版_v4.2.zip,红楼梦探佚_全量文档体系_重整版_v4.2/07_语言声口章法与文学审计/02_第30步全文文学与证据双审/第30-E_诗词书信榜文文书声口功能矩阵_v1.0.md,第30-E_诗词书信榜文文书声口功能矩阵_v1.0.md,7597,3,红楼梦探佚_全量文档体系_重整版_v4.2.zip; 红楼梦探佚_截至第32步_v5.0启动前_精简过程文档体系_v2.0(2).zip,LITERARY_ECOLOGY,literary.text_inventory,data/literary_ecology/post80_texts.yaml,IMPORT_TEXT_INVENTORY,NONE,P0,REFERENCE,REFERENCE,81—100诗词/书信/榜文/文书生态。,红楼梦探佚_全量文档体系_重整版_v4.2/07_语言声口章法与文学审计/02_第30步全文文学与证据双审/第30-E_诗词书信榜文文书声口功能矩阵_v1.0.md | 红楼梦探佚_全量文档体系_重整版_v4.2/90_三套来源包完整快照_只读/第32步精简_v2.0/07_全文总装与文学证据审计_第30步/第30-E_诗词书信榜文文书声口功能矩阵_v1.0.md | 红楼梦探佚_截至第32步_v5.0启动前_精简过程文档体系_v2.0/07_全文总装与文学证据审计_第30步/第30-E_诗词书信榜文文书声口功能矩阵_v1.0.md
d5d7084210ccb0b05c53ab1544e6217c3228660827d0312534f71d37d84ccf30,红楼梦探佚_全量文档体系_重整版_v4.2.zip,红楼梦探佚_全量文档体系_重整版_v4.2/07_语言声口章法与文学审计/02_第30步全文文学与证据双审/第30-F_81—100草蛇灰线审计_v1.0.md,第30-F_81—100草蛇灰线审计_v1.0.md,4064,3,红楼梦探佚_全量文档体系_重整版_v4.2.zip; 红楼梦探佚_截至第32步_v5.0启动前_精简过程文档体系_v2.0(2).zip,LITERARY_ECOLOGY,literary.foreshadow_network,data/longlines/foreshadowing.yaml,IMPORT_FORESHADOW_BENCHMARK,NONE,P0,REFERENCE,REFERENCE,跨回灰线与回声评估基线。,红楼梦探佚_全量文档体系_重整版_v4.2/07_语言声口章法与文学审计/02_第30步全文文学与证据双审/第30-F_81—100草蛇灰线审计_v1.0.md | 红楼梦探佚_全量文档体系_重整版_v4.2/90_三套来源包完整快照_只读/第32步精简_v2.0/07_全文总装与文学证据审计_第30步/第30-F_81—100草蛇灰线审计_v1.0.md | 红楼梦探佚_截至第32步_v5.0启动前_精简过程文档体系_v2.0/07_全文总装与文学证据审计_第30步/第30-F_81—100草蛇灰线审计_v1.0.md
02dc44b0437d6381f2d16b9eb5b91d22fa6f3d28bfb22ae27d825b3cc37c59e3,红楼梦探佚_全量文档体系_重整版_v4.2.zip,红楼梦探佚_全量文档体系_重整版_v4.2/07_语言声口章法与文学审计/02_第30步全文文学与证据双审/第30-F_草蛇灰线分层抽样矩阵_v1.0.md,第30-F_草蛇灰线分层抽样矩阵_v1.0.md,10923,3,红楼梦探佚_全量文档体系_重整版_v4.2.zip; 红楼梦探佚_截至第32步_v5.0启动前_精简过程文档体系_v2.0(2).zip,LITERARY_ECOLOGY,literary.foreshadow_network,data/longlines/foreshadowing.yaml,IMPORT_FORESHADOW_BENCHMARK,NONE,P0,REFERENCE,REFERENCE,跨回灰线与回声评估基线。,红楼梦探佚_全量文档体系_重整版_v4.2/07_语言声口章法与文学审计/02_第30步全文文学与证据双审/第30-F_草蛇灰线分层抽样矩阵_v1.0.md | 红楼梦探佚_全量文档体系_重整版_v4.2/90_三套来源包完整快照_只读/第32步精简_v2.0/07_全文总装与文学证据审计_第30步/第30-F_草蛇灰线分层抽样矩阵_v1.0.md | 红楼梦探佚_截至第32步_v5.0启动前_精简过程文档体系_v2.0/07_全文总装与文学证据审计_第30步/第30-F_草蛇灰线分层抽样矩阵_v1.0.md
123f054753ce27e87da1a086021f83e4c5586b23e22862af0c45d77c7ba8bfa6,红楼梦探佚_全量文档体系_重整版_v4.2.zip,红楼梦探佚_全量文档体系_重整版_v4.2/07_语言声口章法与文学审计/02_第30步全文文学与证据双审/第30-G_81—100盲读审计_v1.0.md,第30-G_81—100盲读审计_v1.0.md,7450,3,红楼梦探佚_全量文档体系_重整版_v4.2.zip; 红楼梦探佚_截至第32步_v5.0启动前_精简过程文档体系_v2.0(2).zip,REVIEW,review.blind_read,data/review/blind_read_history.yaml,IMPORT_REVIEW_FIXTURE,PARTIAL,P1,AUDIT,NO,历史盲读可作benchmark，不直接成为CURRENT真相。,红楼梦探佚_全量文档体系_重整版_v4.2/07_语言声口章法与文学审计/02_第30步全文文学与证据双审/第30-G_81—100盲读审计_v1.0.md | 红楼梦探佚_全量文档体系_重整版_v4.2/90_三套来源包完整快照_只读/第32步精简_v2.0/07_全文总装与文学证据审计_第30步/第30-G_81—100盲读审计_v1.0.md | 红楼梦探佚_截至第32步_v5.0启动前_精简过程文档体系_v2.0/07_全文总装与文学证据审计_第30步/第30-G_81—100盲读审计_v1.0.md
a2f9055404e5618cbaf9a760c618178a9da7991c1a507c1208099a194a40ad70,红楼梦探佚_全量文档体系_重整版_v4.2.zip,红楼梦探佚_全量文档体系_重整版_v4.2/07_语言声口章法与文学审计/02_第30步全文文学与证据双审/第30-G_历次遗留WATCH盲读终裁表_v1.0.md,第30-G_历次遗留WATCH盲读终裁表_v1.0.md,2631,3,红楼梦探佚_全量文档体系_重整版_v4.2.zip; 红楼梦探佚_截至第32步_v5.0启动前_精简过程文档体系_v2.0(2).zip,REVIEW,review.blind_read,data/review/blind_read_history.yaml,IMPORT_REVIEW_FIXTURE,PARTIAL,P1,AUDIT,NO,历史盲读可作benchmark，不直接成为CURRENT真相。,红楼梦探佚_全量文档体系_重整版_v4.2/07_语言声口章法与文学审计/02_第30步全文文学与证据双审/第30-G_历次遗留WATCH盲读终裁表_v1.0.md | 红楼梦探佚_全量文档体系_重整版_v4.2/90_三套来源包完整快照_只读/第32步精简_v2.0/07_全文总装与文学证据审计_第30步/第30-G_历次遗留WATCH盲读终裁表_v1.0.md | 红楼梦探佚_截至第32步_v5.0启动前_精简过程文档体系_v2.0/07_全文总装与文学证据审计_第30步/第30-G_历次遗留WATCH盲读终裁表_v1.0.md
c98f99fedc5845e95031dc58df8b234ece2e396007ec324ef0f3a92587a9a52e,红楼梦探佚_全量文档体系_重整版_v4.2.zip,红楼梦探佚_全量文档体系_重整版_v4.2/07_语言声口章法与文学审计/02_第30步全文文学与证据双审/第30-H1_R01—R43硬证兑现回归审计_v1.0.md,第30-H1_R01—R43硬证兑现回归审计_v1.0.md,4418,3,红楼梦探佚_全量文档体系_重整版_v4.2.zip; 红楼梦探佚_截至第32步_v5.0启动前_精简过程文档体系_v2.0(2).zip,REVIEW,review.r4_audit_trace,data/review/r4_audit_trace.yaml,IMPORT_AUDIT_TRACE,PARTIAL,P1,AUDIT,NO,R4过程/回归/事故治理；运行时默认只读。,红楼梦探佚_全量文档体系_重整版_v4.2/07_语言声口章法与文学审计/02_第30步全文文学与证据双审/第30-H1_R01—R43硬证兑现回归审计_v1.0.md | 红楼梦探佚_全量文档体系_重整版_v4.2/90_三套来源包完整快照_只读/第32步精简_v2.0/07_全文总装与文学证据审计_第30步/第30-H1_R01—R43硬证兑现回归审计_v1.0.md | 红楼梦探佚_截至第32步_v5.0启动前_精简过程文档体系_v2.0/07_全文总装与文学证据审计_第30步/第30-H1_R01—R43硬证兑现回归审计_v1.0.md
6b70ef92d2734a93336cf69de8fd52feef9ad856b34f28ca93bdf278bfec5312,红楼梦探佚_全量文档体系_重整版_v4.2.zip,红楼梦探佚_全量文档体系_重整版_v4.2/07_语言声口章法与文学审计/02_第30步全文文学与证据双审/第30-H2_P01—P11硬偏序回归审计_v1.0.md,第30-H2_P01—P11硬偏序回归审计_v1.0.md,1181,3,红楼梦探佚_全量文档体系_重整版_v4.2.zip; 红楼梦探佚_截至第32步_v5.0启动前_精简过程文档体系_v2.0(2).zip,REVIEW,review.r4_audit_trace,data/review/r4_audit_trace.yaml,IMPORT_AUDIT_TRACE,PARTIAL,P1,AUDIT,NO,R4过程/回归/事故治理；运行时默认只读。,红楼梦探佚_全量文档体系_重整版_v4.2/07_语言声口章法与文学审计/02_第30步全文文学与证据双审/第30-H2_P01—P11硬偏序回归审计_v1.0.md | 红楼梦探佚_全量文档体系_重整版_v4.2/90_三套来源包完整快照_只读/第32步精简_v2.0/07_全文总装与文学证据审计_第30步/第30-H2_P01—P11硬偏序回归审计_v1.0.md | 红楼梦探佚_截至第32步_v5.0启动前_精简过程文档体系_v2.0/07_全文总装与文学证据审计_第30步/第30-H2_P01—P11硬偏序回归审计_v1.0.md
1c276f6b2b3e4b808f4c4272d0f9bfc178b58f48f53fe77cf75aac2f9b4175e0,红楼梦探佚_全量文档体系_重整版_v4.2.zip,红楼梦探佚_全量文档体系_重整版_v4.2/07_语言声口章法与文学审计/02_第30步全文文学与证据双审/第30-H3_时间与历史机制回归审计_v1.0.md,第30-H3_时间与历史机制回归审计_v1.0.md,2553,3,红楼梦探佚_全量文档体系_重整版_v4.2.zip; 红楼梦探佚_截至第32步_v5.0启动前_精简过程文档体系_v2.0(2).zip,REVIEW,review.r4_audit_trace,data/review/r4_audit_trace.yaml,IMPORT_AUDIT_TRACE,PARTIAL,P1,AUDIT,NO,R4过程/回归/事故治理；运行时默认只读。,红楼梦探佚_全量文档体系_重整版_v4.2/07_语言声口章法与文学审计/02_第30步全文文学与证据双审/第30-H3_时间与历史机制回归审计_v1.0.md | 红楼梦探佚_全量文档体系_重整版_v4.2/90_三套来源包完整快照_只读/第32步精简_v2.0/07_全文总装与文学证据审计_第30步/第30-H3_时间与历史机制回归审计_v1.0.md | 红楼梦探佚_截至第32步_v5.0启动前_精简过程文档体系_v2.0/07_全文总装与文学证据审计_第30步/第30-H3_时间与历史机制回归审计_v1.0.md
106b24146aad728e3263094d7d5f979c829d00e68dc260bb5dd01f8354758771,红楼梦探佚_全量文档体系_重整版_v4.2.zip,红楼梦探佚_全量文档体系_重整版_v4.2/07_语言声口章法与文学审计/02_第30步全文文学与证据双审/第30-H4_人物连续性与开放项回归审计_v1.0.md,第30-H4_人物连续性与开放项回归审计_v1.0.md,3096,3,红楼梦探佚_全量文档体系_重整版_v4.2.zip; 红楼梦探佚_截至第32步_v5.0启动前_精简过程文档体系_v2.0(2).zip,REVIEW,review.r4_audit_trace,data/review/r4_audit_trace.yaml,IMPORT_AUDIT_TRACE,PARTIAL,P1,AUDIT,NO,R4过程/回归/事故治理；运行时默认只读。,红楼梦探佚_全量文档体系_重整版_v4.2/07_语言声口章法与文学审计/02_第30步全文文学与证据双审/第30-H4_人物连续性与开放项回归审计_v1.0.md | 红楼梦探佚_全量文档体系_重整版_v4.2/90_三套来源包完整快照_只读/第32步精简_v2.0/07_全文总装与文学证据审计_第30步/第30-H4_人物连续性与开放项回归审计_v1.0.md | 红楼梦探佚_截至第32步_v5.0启动前_精简过程文档体系_v2.0/07_全文总装与文学证据审计_第30步/第30-H4_人物连续性与开放项回归审计_v1.0.md
028ecc76a0246722c2ebd89cc546cb914077364923bdaec7816c278f920f7d3a,红楼梦探佚_全量文档体系_重整版_v4.2.zip,红楼梦探佚_全量文档体系_重整版_v4.2/07_语言声口章法与文学审计/02_第30步全文文学与证据双审/第30-H5_传奇成本回归审计_v1.0.md,第30-H5_传奇成本回归审计_v1.0.md,2667,3,红楼梦探佚_全量文档体系_重整版_v4.2.zip; 红楼梦探佚_截至第32步_v5.0启动前_精简过程文档体系_v2.0(2).zip,REVIEW,review.r4_audit_trace,data/review/r4_audit_trace.yaml,IMPORT_AUDIT_TRACE,PARTIAL,P1,AUDIT,NO,R4过程/回归/事故治理；运行时默认只读。,红楼梦探佚_全量文档体系_重整版_v4.2/07_语言声口章法与文学审计/02_第30步全文文学与证据双审/第30-H5_传奇成本回归审计_v1.0.md | 红楼梦探佚_全量文档体系_重整版_v4.2/90_三套来源包完整快照_只读/第32步精简_v2.0/07_全文总装与文学证据审计_第30步/第30-H5_传奇成本回归审计_v1.0.md | 红楼梦探佚_截至第32步_v5.0启动前_精简过程文档体系_v2.0/07_全文总装与文学证据审计_第30步/第30-H5_传奇成本回归审计_v1.0.md
fef44566b5fdb654d86695f86be1b858aea0c4228e9941bc5260df49074c9ae6,红楼梦探佚_全量文档体系_重整版_v4.2.zip,红楼梦探佚_全量文档体系_重整版_v4.2/07_语言声口章法与文学审计/02_第30步全文文学与证据双审/第30-H_原五轮证据审计回归与第30步总验收_v1.0.md,第30-H_原五轮证据审计回归与第30步总验收_v1.0.md,3950,3,红楼梦探佚_全量文档体系_重整版_v4.2.zip; 红楼梦探佚_截至第32步_v5.0启动前_精简过程文档体系_v2.0(2).zip,REVIEW,review.r4_audit_trace,data/review/r4_audit_trace.yaml,IMPORT_AUDIT_TRACE,PARTIAL,P1,AUDIT,NO,R4过程/回归/事故治理；运行时默认只读。,红楼梦探佚_全量文档体系_重整版_v4.2/07_语言声口章法与文学审计/02_第30步全文文学与证据双审/第30-H_原五轮证据审计回归与第30步总验收_v1.0.md | 红楼梦探佚_全量文档体系_重整版_v4.2/90_三套来源包完整快照_只读/第32步精简_v2.0/07_全文总装与文学证据审计_第30步/第30-H_原五轮证据审计回归与第30步总验收_v1.0.md | 红楼梦探佚_截至第32步_v5.0启动前_精简过程文档体系_v2.0/07_全文总装与文学证据审计_第30步/第30-H_原五轮证据审计回归与第30步总验收_v1.0.md
4528daa7fd3e6344fb2cf3a5d07e831e33c826c469197c92418d71fae49039e5,红楼梦探佚_全量文档体系_重整版_v4.2.zip,红楼梦探佚_全量文档体系_重整版_v4.2/07_语言声口章法与文学审计/02_第30步全文文学与证据双审/第30步_81—100文学与证据双重审计_LOCK_v1.0.md,第30步_81—100文学与证据双重审计_LOCK_v1.0.md,1677,3,红楼梦探佚_全量文档体系_重整版_v4.2.zip; 红楼梦探佚_截至第32步_v5.0启动前_精简过程文档体系_v2.0(2).zip,RELEASE_HISTORY,release.version_lineage,data/registry/releases.yaml,IMPORT_VERSION_LINEAGE,NONE,P1,VERSION_HISTORY,NO,版本谱系/三版一致性/旧锁版记录。,红楼梦探佚_全量文档体系_重整版_v4.2/07_语言声口章法与文学审计/02_第30步全文文学与证据双审/第30步_81—100文学与证据双重审计_LOCK_v1.0.md | 红楼梦探佚_全量文档体系_重整版_v4.2/90_三套来源包完整快照_只读/第32步精简_v2.0/07_全文总装与文学证据审计_第30步/第30步_81—100文学与证据双重审计_LOCK_v1.0.md | 红楼梦探佚_截至第32步_v5.0启动前_精简过程文档体系_v2.0/07_全文总装与文学证据审计_第30步/第30步_81—100文学与证据双重审计_LOCK_v1.0.md
65e68c62d1fd1dbddab6383effe41e5e940853005af9d976c8aad03723dccb87,红楼梦探佚_全量文档体系_重整版_v4.2.zip,红楼梦探佚_全量文档体系_重整版_v4.2/07_语言声口章法与文学审计/03_第31步语言统一与版本治理/第31-A_81—100字法与称谓统一报告_v1.0.md,第31-A_81—100字法与称谓统一报告_v1.0.md,1340,3,红楼梦探佚_全量文档体系_重整版_v4.2.zip; 红楼梦探佚_截至第32步_v5.0启动前_精简过程文档体系_v2.0(2).zip,LITERARY_ECOLOGY,literary.lexicon_address,data/style/lexicon_address.yaml,IMPORT_STYLE_MATRIX,NONE,P0,REFERENCE,REFERENCE,时代语汇、称谓、字法统一。,红楼梦探佚_全量文档体系_重整版_v4.2/07_语言声口章法与文学审计/03_第31步语言统一与版本治理/第31-A_81—100字法与称谓统一报告_v1.0.md | 红楼梦探佚_全量文档体系_重整版_v4.2/90_三套来源包完整快照_只读/第32步精简_v2.0/08_第31步语言统一与版本治理/第31-A_81—100字法与称谓统一报告_v1.0.md | 红楼梦探佚_截至第32步_v5.0启动前_精简过程文档体系_v2.0/08_第31步语言统一与版本治理/第31-A_81—100字法与称谓统一报告_v1.0.md
5b450c642e0d3ea935a2240fb3726626a67adbc87da20f07cfb544fc26f56988,红楼梦探佚_全量文档体系_重整版_v4.2.zip,红楼梦探佚_全量文档体系_重整版_v4.2/07_语言声口章法与文学审计/03_第31步语言统一与版本治理/第31-B_81—100回目与章回套语统一报告_v1.0.md,第31-B_81—100回目与章回套语统一报告_v1.0.md,912,3,红楼梦探佚_全量文档体系_重整版_v4.2.zip; 红楼梦探佚_截至第32步_v5.0启动前_精简过程文档体系_v2.0(2).zip,LITERARY_ECOLOGY,literary.chapter_formula_style,data/style/chapter_formula.yaml,IMPORT_STYLE_MATRIX,NONE,P0,REFERENCE,REFERENCE,回目/章回套语统一，不作为原回目证据。,红楼梦探佚_全量文档体系_重整版_v4.2/07_语言声口章法与文学审计/03_第31步语言统一与版本治理/第31-B_81—100回目与章回套语统一报告_v1.0.md | 红楼梦探佚_全量文档体系_重整版_v4.2/90_三套来源包完整快照_只读/第32步精简_v2.0/08_第31步语言统一与版本治理/第31-B_81—100回目与章回套语统一报告_v1.0.md | 红楼梦探佚_截至第32步_v5.0启动前_精简过程文档体系_v2.0/08_第31步语言统一与版本治理/第31-B_81—100回目与章回套语统一报告_v1.0.md
d12ee5f0481cc750b1854cb8489d9ba0f8c6f7ecf87c5112b75774911e869eee,红楼梦探佚_全量文档体系_重整版_v4.2.zip,红楼梦探佚_全量文档体系_重整版_v4.2/07_语言声口章法与文学审计/03_第31步语言统一与版本治理/第31-B_回目与章回套语校定矩阵_v1.0.md,第31-B_回目与章回套语校定矩阵_v1.0.md,3211,3,红楼梦探佚_全量文档体系_重整版_v4.2.zip; 红楼梦探佚_截至第32步_v5.0启动前_精简过程文档体系_v2.0(2).zip,LITERARY_ECOLOGY,literary.chapter_formula_style,data/style/chapter_formula.yaml,IMPORT_STYLE_MATRIX,NONE,P0,REFERENCE,REFERENCE,回目/章回套语统一，不作为原回目证据。,红楼梦探佚_全量文档体系_重整版_v4.2/07_语言声口章法与文学审计/03_第31步语言统一与版本治理/第31-B_回目与章回套语校定矩阵_v1.0.md | 红楼梦探佚_全量文档体系_重整版_v4.2/90_三套来源包完整快照_只读/第32步精简_v2.0/08_第31步语言统一与版本治理/第31-B_回目与章回套语校定矩阵_v1.0.md | 红楼梦探佚_截至第32步_v5.0启动前_精简过程文档体系_v2.0/08_第31步语言统一与版本治理/第31-B_回目与章回套语校定矩阵_v1.0.md
0a7fe112483b61eb8aea41fbb9fc1c5900f2f866273a566751f64d8bcf317320,红楼梦探佚_全量文档体系_重整版_v4.2.zip,红楼梦探佚_全量文档体系_重整版_v4.2/07_语言声口章法与文学审计/03_第31步语言统一与版本治理/第31-C_81—100诗文文书排版统一报告_v1.0.md,第31-C_81—100诗文文书排版统一报告_v1.0.md,2825,3,红楼梦探佚_全量文档体系_重整版_v4.2.zip; 红楼梦探佚_截至第32步_v5.0启动前_精简过程文档体系_v2.0(2).zip,GOVERNANCE,governance.text_format,config/text_format.yaml,IMPORT_FORMAT_POLICY,NONE,P1,REFERENCE,REFERENCE,书中文本排版/文书格式规范。,红楼梦探佚_全量文档体系_重整版_v4.2/07_语言声口章法与文学审计/03_第31步语言统一与版本治理/第31-C_81—100诗文文书排版统一报告_v1.0.md | 红楼梦探佚_全量文档体系_重整版_v4.2/90_三套来源包完整快照_只读/第32步精简_v2.0/08_第31步语言统一与版本治理/第31-C_81—100诗文文书排版统一报告_v1.0.md | 红楼梦探佚_截至第32步_v5.0启动前_精简过程文档体系_v2.0/08_第31步语言统一与版本治理/第31-C_81—100诗文文书排版统一报告_v1.0.md
cc3f4fad83e31c5715fedf829ccf823411943b5d10231b53609c41e108408ff8,红楼梦探佚_全量文档体系_重整版_v4.2.zip,红楼梦探佚_全量文档体系_重整版_v4.2/07_语言声口章法与文学审计/03_第31步语言统一与版本治理/第31-D_81—100语言词法与标点终统一报告_v1.0.md,第31-D_81—100语言词法与标点终统一报告_v1.0.md,2256,3,红楼梦探佚_全量文档体系_重整版_v4.2.zip; 红楼梦探佚_截至第32步_v5.0启动前_精简过程文档体系_v2.0(2).zip,LITERARY_ECOLOGY,literary.language_style,data/style/language_punctuation.yaml,IMPORT_STYLE_MATRIX,NONE,P0,REFERENCE,REFERENCE,语言词法标点终校矩阵。,红楼梦探佚_全量文档体系_重整版_v4.2/07_语言声口章法与文学审计/03_第31步语言统一与版本治理/第31-D_81—100语言词法与标点终统一报告_v1.0.md | 红楼梦探佚_全量文档体系_重整版_v4.2/90_三套来源包完整快照_只读/第32步精简_v2.0/08_第31步语言统一与版本治理/第31-D_81—100语言词法与标点终统一报告_v1.0.md | 红楼梦探佚_截至第32步_v5.0启动前_精简过程文档体系_v2.0/08_第31步语言统一与版本治理/第31-D_81—100语言词法与标点终统一报告_v1.0.md
d7cfc96f70e9d15deb7697f3ca5913af22058a5670572fb7d36ab26ff62028e8,红楼梦探佚_全量文档体系_重整版_v4.2.zip,红楼梦探佚_全量文档体系_重整版_v4.2/07_语言声口章法与文学审计/03_第31步语言统一与版本治理/第31-E_第31步总验收与统一稿LOCK候选_v1.0.md,第31-E_第31步总验收与统一稿LOCK候选_v1.0.md,1681,3,红楼梦探佚_全量文档体系_重整版_v4.2.zip; 红楼梦探佚_截至第32步_v5.0启动前_精简过程文档体系_v2.0(2).zip,RELEASE_HISTORY,release.version_lineage,data/registry/releases.yaml,IMPORT_VERSION_LINEAGE,NONE,P1,VERSION_HISTORY,NO,版本谱系/三版一致性/旧锁版记录。,红楼梦探佚_全量文档体系_重整版_v4.2/07_语言声口章法与文学审计/03_第31步语言统一与版本治理/第31-E_第31步总验收与统一稿LOCK候选_v1.0.md | 红楼梦探佚_全量文档体系_重整版_v4.2/90_三套来源包完整快照_只读/第32步精简_v2.0/08_第31步语言统一与版本治理/第31-E_第31步总验收与统一稿LOCK候选_v1.0.md | 红楼梦探佚_截至第32步_v5.0启动前_精简过程文档体系_v2.0/08_第31步语言统一与版本治理/第31-E_第31步总验收与统一稿LOCK候选_v1.0.md
94248d147b49ca1c601a395d5e960f070f18c46c9c8ada6b4ee2e32bed0d945d,红楼梦探佚_全量文档体系_重整版_v4.2.zip,红楼梦探佚_全量文档体系_重整版_v4.2/07_语言声口章法与文学审计/03_第31步语言统一与版本治理/第31-E_第31步累计差异白名单_v1.0.md,第31-E_第31步累计差异白名单_v1.0.md,1206,3,红楼梦探佚_全量文档体系_重整版_v4.2.zip; 红楼梦探佚_截至第32步_v5.0启动前_精简过程文档体系_v2.0(2).zip,ARCHIVE,archive.document,data/archive/documents.yaml,INDEX_ONLY,ARCHIVE_ONLY,P2,HISTORICAL,NO,历史/重复内容仅保留可追溯索引。,红楼梦探佚_全量文档体系_重整版_v4.2/07_语言声口章法与文学审计/03_第31步语言统一与版本治理/第31-E_第31步累计差异白名单_v1.0.md | 红楼梦探佚_全量文档体系_重整版_v4.2/90_三套来源包完整快照_只读/第32步精简_v2.0/08_第31步语言统一与版本治理/第31-E_第31步累计差异白名单_v1.0.md | 红楼梦探佚_截至第32步_v5.0启动前_精简过程文档体系_v2.0/08_第31步语言统一与版本治理/第31-E_第31步累计差异白名单_v1.0.md
cce353337e7eba822b05e0f769cbfaaac42a8bd7f15f80daf1ea028c09bc0193,红楼梦探佚_全量文档体系_重整版_v4.2.zip,红楼梦探佚_全量文档体系_重整版_v4.2/07_语言声口章法与文学审计/03_第31步语言统一与版本治理/第31步_81—100语言回目诗文统一_LOCK_v1.0.md,第31步_81—100语言回目诗文统一_LOCK_v1.0.md,1193,3,红楼梦探佚_全量文档体系_重整版_v4.2.zip; 红楼梦探佚_截至第32步_v5.0启动前_精简过程文档体系_v2.0(2).zip,RELEASE_HISTORY,release.version_lineage,data/registry/releases.yaml,IMPORT_VERSION_LINEAGE,NONE,P1,VERSION_HISTORY,NO,版本谱系/三版一致性/旧锁版记录。,红楼梦探佚_全量文档体系_重整版_v4.2/07_语言声口章法与文学审计/03_第31步语言统一与版本治理/第31步_81—100语言回目诗文统一_LOCK_v1.0.md | 红楼梦探佚_全量文档体系_重整版_v4.2/90_三套来源包完整快照_只读/第32步精简_v2.0/08_第31步语言统一与版本治理/第31步_81—100语言回目诗文统一_LOCK_v1.0.md | 红楼梦探佚_截至第32步_v5.0启动前_精简过程文档体系_v2.0/08_第31步语言统一与版本治理/第31步_81—100语言回目诗文统一_LOCK_v1.0.md
6e626fe1f4b4464f90a2c2c2efc944f0771c64f0324b4340074ec2e20b780ab9,红楼梦探佚_全量文档体系_重整版_v4.2.zip,红楼梦探佚_全量文档体系_重整版_v4.2/08_历史机制/01_旧H01—H06与开放项机制研究/O10_第99—100回终局分工压力测试_v0.1.md,O10_第99—100回终局分工压力测试_v0.1.md,4139,3,红楼梦探佚_全量文档体系_重整版_v4.2.zip; 红楼梦探佚_截至第32步_v5.0启动前_精简过程文档体系_v2.0(2).zip,RECONSTRUCTION,reconstruction.legacy_open_interface,data/open_interfaces/legacy_mapping.yaml,MAP_TO_R4_OPEN_OR_ARCHIVE,PARTIAL,P1,HISTORICAL_REFERENCE,REFERENCE,旧O项必须映射/拆分到R4 28 OPEN，不得直接复活。,红楼梦探佚_全量文档体系_重整版_v4.2/08_历史机制/01_旧H01—H06与开放项机制研究/O10_第99—100回终局分工压力测试_v0.1.md | 红楼梦探佚_全量文档体系_重整版_v4.2/90_三套来源包完整快照_只读/第32步精简_v2.0/02_证据与结构底板_只读/04_开放接口历史研究/O10_第99—100回终局分工压力测试_v0.1.md | 红楼梦探佚_截至第32步_v5.0启动前_精简过程文档体系_v2.0/02_证据与结构底板_只读/04_开放接口历史研究/O10_第99—100回终局分工压力测试_v0.1.md
5063aa4b08c0f432ccd1ce3affe35403df6ae501e2b23ebc8656e770f3ee7b09,红楼梦探佚_全量文档体系_重整版_v4.2.zip,红楼梦探佚_全量文档体系_重整版_v4.2/08_历史机制/01_旧H01—H06与开放项机制研究/清代机制核查_H01狱神庙_v0.1.md,清代机制核查_H01狱神庙_v0.1.md,5725,3,红楼梦探佚_全量文档体系_重整版_v4.2.zip; 红楼梦探佚_截至第32步_v5.0启动前_精简过程文档体系_v2.0(2).zip,MECHANISM_RESEARCH,mechanism.research_note,data/registry/documents.yaml + data/mechanisms/research_notes.yaml,REGISTER_RESEARCH_NOTE,PARTIAL,P1,REFERENCE,REFERENCE,旧机制研究只作source/context，不能覆盖R4 FINAL。,红楼梦探佚_全量文档体系_重整版_v4.2/08_历史机制/01_旧H01—H06与开放项机制研究/清代机制核查_H01狱神庙_v0.1.md | 红楼梦探佚_全量文档体系_重整版_v4.2/90_三套来源包完整快照_只读/第32步精简_v2.0/02_证据与结构底板_只读/02_历史机制_H01-H06/清代机制核查_H01狱神庙_v0.1.md | 红楼梦探佚_截至第32步_v5.0启动前_精简过程文档体系_v2.0/02_证据与结构底板_只读/02_历史机制_H01-H06/清代机制核查_H01狱神庙_v0.1.md
f895eefe1ebb05d36b3cf2579036685b4b60283e3caa966c5654dcc0b5cd9304,红楼梦探佚_全量文档体系_重整版_v4.2.zip,红楼梦探佚_全量文档体系_重整版_v4.2/08_历史机制/01_旧H01—H06与开放项机制研究/清代机制核查_H02抄没与羁押_v0.1.md,清代机制核查_H02抄没与羁押_v0.1.md,5036,3,红楼梦探佚_全量文档体系_重整版_v4.2.zip; 红楼梦探佚_截至第32步_v5.0启动前_精简过程文档体系_v2.0(2).zip,MECHANISM_RESEARCH,mechanism.research_note,data/registry/documents.yaml + data/mechanisms/research_notes.yaml,REGISTER_RESEARCH_NOTE,PARTIAL,P1,REFERENCE,REFERENCE,旧机制研究只作source/context，不能覆盖R4 FINAL。,红楼梦探佚_全量文档体系_重整版_v4.2/08_历史机制/01_旧H01—H06与开放项机制研究/清代机制核查_H02抄没与羁押_v0.1.md | 红楼梦探佚_全量文档体系_重整版_v4.2/90_三套来源包完整快照_只读/第32步精简_v2.0/02_证据与结构底板_只读/02_历史机制_H01-H06/清代机制核查_H02抄没与羁押_v0.1.md | 红楼梦探佚_截至第32步_v5.0启动前_精简过程文档体系_v2.0/02_证据与结构底板_只读/02_历史机制_H01-H06/清代机制核查_H02抄没与羁押_v0.1.md
69c77b68cbe5f9bb6fad4bbfa57275589ec76746d9559c49ae9fa45e77c1f97e,红楼梦探佚_全量文档体系_重整版_v4.2.zip,红楼梦探佚_全量文档体系_重整版_v4.2/08_历史机制/01_旧H01—H06与开放项机制研究/清代机制核查_H03服制与婚期_v0.1.md,清代机制核查_H03服制与婚期_v0.1.md,4931,3,红楼梦探佚_全量文档体系_重整版_v4.2.zip; 红楼梦探佚_截至第32步_v5.0启动前_精简过程文档体系_v2.0(2).zip,MECHANISM_RESEARCH,mechanism.research_note,data/registry/documents.yaml + data/mechanisms/research_notes.yaml,REGISTER_RESEARCH_NOTE,PARTIAL,P1,REFERENCE,REFERENCE,旧机制研究只作source/context，不能覆盖R4 FINAL。,红楼梦探佚_全量文档体系_重整版_v4.2/08_历史机制/01_旧H01—H06与开放项机制研究/清代机制核查_H03服制与婚期_v0.1.md | 红楼梦探佚_全量文档体系_重整版_v4.2/90_三套来源包完整快照_只读/第32步精简_v2.0/02_证据与结构底板_只读/02_历史机制_H01-H06/清代机制核查_H03服制与婚期_v0.1.md | 红楼梦探佚_截至第32步_v5.0启动前_精简过程文档体系_v2.0/02_证据与结构底板_只读/02_历史机制_H01-H06/清代机制核查_H03服制与婚期_v0.1.md
8786bbf96f258a201be9deb5baa8d2cd58b12f9082b30bda52a8f76437c15ee9,红楼梦探佚_全量文档体系_重整版_v4.2.zip,红楼梦探佚_全量文档体系_重整版_v4.2/08_历史机制/01_旧H01—H06与开放项机制研究/清代机制核查_H04居所与主婚权_v0.1.md,清代机制核查_H04居所与主婚权_v0.1.md,7024,3,红楼梦探佚_全量文档体系_重整版_v4.2.zip; 红楼梦探佚_截至第32步_v5.0启动前_精简过程文档体系_v2.0(2).zip,MECHANISM_RESEARCH,mechanism.research_note,data/registry/documents.yaml + data/mechanisms/research_notes.yaml,REGISTER_RESEARCH_NOTE,PARTIAL,P1,REFERENCE,REFERENCE,旧机制研究只作source/context，不能覆盖R4 FINAL。,红楼梦探佚_全量文档体系_重整版_v4.2/08_历史机制/01_旧H01—H06与开放项机制研究/清代机制核查_H04居所与主婚权_v0.1.md | 红楼梦探佚_全量文档体系_重整版_v4.2/90_三套来源包完整快照_只读/第32步精简_v2.0/02_证据与结构底板_只读/02_历史机制_H01-H06/清代机制核查_H04居所与主婚权_v0.1.md | 红楼梦探佚_截至第32步_v5.0启动前_精简过程文档体系_v2.0/02_证据与结构底板_只读/02_历史机制_H01-H06/清代机制核查_H04居所与主婚权_v0.1.md
20cc84c24a402bffb114e0ba55be00222115c65560c3c275faf863300e9cfa40,红楼梦探佚_全量文档体系_重整版_v4.2.zip,红楼梦探佚_全量文档体系_重整版_v4.2/08_历史机制/01_旧H01—H06与开放项机制研究/清代机制核查_H05贫困状态_v0.1.md,清代机制核查_H05贫困状态_v0.1.md,5047,3,红楼梦探佚_全量文档体系_重整版_v4.2.zip; 红楼梦探佚_截至第32步_v5.0启动前_精简过程文档体系_v2.0(2).zip,MECHANISM_RESEARCH,mechanism.research_note,data/registry/documents.yaml + data/mechanisms/research_notes.yaml,REGISTER_RESEARCH_NOTE,PARTIAL,P1,REFERENCE,REFERENCE,旧机制研究只作source/context，不能覆盖R4 FINAL。,红楼梦探佚_全量文档体系_重整版_v4.2/08_历史机制/01_旧H01—H06与开放项机制研究/清代机制核查_H05贫困状态_v0.1.md | 红楼梦探佚_全量文档体系_重整版_v4.2/90_三套来源包完整快照_只读/第32步精简_v2.0/02_证据与结构底板_只读/02_历史机制_H01-H06/清代机制核查_H05贫困状态_v0.1.md | 红楼梦探佚_截至第32步_v5.0启动前_精简过程文档体系_v2.0/02_证据与结构底板_只读/02_历史机制_H01-H06/清代机制核查_H05贫困状态_v0.1.md
730031a7d958b0a48e496f1ff295e12117d2b43b61354e896d2d5348f75ce0d6,红楼梦探佚_全量文档体系_重整版_v4.2.zip,红楼梦探佚_全量文档体系_重整版_v4.2/08_历史机制/01_旧H01—H06与开放项机制研究/清代机制核查_H06薛家援助_v0.1.md,清代机制核查_H06薛家援助_v0.1.md,4587,3,红楼梦探佚_全量文档体系_重整版_v4.2.zip; 红楼梦探佚_截至第32步_v5.0启动前_精简过程文档体系_v2.0(2).zip,MECHANISM_RESEARCH,mechanism.research_note,data/registry/documents.yaml + data/mechanisms/research_notes.yaml,REGISTER_RESEARCH_NOTE,PARTIAL,P1,REFERENCE,REFERENCE,旧机制研究只作source/context，不能覆盖R4 FINAL。,红楼梦探佚_全量文档体系_重整版_v4.2/08_历史机制/01_旧H01—H06与开放项机制研究/清代机制核查_H06薛家援助_v0.1.md | 红楼梦探佚_全量文档体系_重整版_v4.2/90_三套来源包完整快照_只读/第32步精简_v2.0/02_证据与结构底板_只读/02_历史机制_H01-H06/清代机制核查_H06薛家援助_v0.1.md | 红楼梦探佚_截至第32步_v5.0启动前_精简过程文档体系_v2.0/02_证据与结构底板_只读/02_历史机制_H01-H06/清代机制核查_H06薛家援助_v0.1.md
3e1e430112b18f0915b505849a42d7dc8590bf857649aa037c861da10c06206a,红楼梦探佚_全量文档体系_重整版_v4.2.zip,红楼梦探佚_全量文档体系_重整版_v4.2/08_历史机制/01_旧H01—H06与开放项机制研究/补充机制研究_贾兰功名与李纨因子得荣_v0.1_原H07.md,补充机制研究_贾兰功名与李纨因子得荣_v0.1_原H07.md,5211,3,红楼梦探佚_全量文档体系_重整版_v4.2.zip; 红楼梦探佚_截至第32步_v5.0启动前_精简过程文档体系_v2.0(2).zip,MECHANISM_RESEARCH,mechanism.research_note,data/registry/documents.yaml + data/mechanisms/research_notes.yaml,REGISTER_RESEARCH_NOTE,PARTIAL,P1,REFERENCE,REFERENCE,旧机制研究只作source/context，不能覆盖R4 FINAL。,红楼梦探佚_全量文档体系_重整版_v4.2/08_历史机制/01_旧H01—H06与开放项机制研究/补充机制研究_贾兰功名与李纨因子得荣_v0.1_原H07.md | 红楼梦探佚_全量文档体系_重整版_v4.2/90_三套来源包完整快照_只读/第32步精简_v2.0/02_证据与结构底板_只读/03_补充机制研究_不纳入母本H编号/补充机制研究_贾兰功名与李纨因子得荣_v0.1_原H07.md | 红楼梦探佚_截至第32步_v5.0启动前_精简过程文档体系_v2.0/02_证据与结构底板_只读/03_补充机制研究_不纳入母本H编号/补充机制研究_贾兰功名与李纨因子得荣_v0.1_原H07.md
ce6afd1f772b3e6de10ae676f3da544b3502b7211acc5b9c1195ec14287170f7,红楼梦探佚_全量文档体系_重整版_v4.2.zip,红楼梦探佚_全量文档体系_重整版_v4.2/08_历史机制/02_R3历史机制只读参考/README_R3_一手史料复核状态.md,README_R3_一手史料复核状态.md,715,3,红楼梦探佚_全量文档体系_重整版_v4.2.zip; 红楼梦探佚_截至R3_全量文档体系整理_v3.4(1).zip,REGISTRY,registry.document_metadata,data/registry/documents.yaml,REGISTER_DOCUMENT,NONE,P1,REFERENCE,REFERENCE,文档级元数据/说明；不直接驱动剧情。,红楼梦探佚_全量文档体系_重整版_v4.2/08_历史机制/02_R3历史机制只读参考/README_R3_一手史料复核状态.md | 红楼梦探佚_全量文档体系_重整版_v4.2/90_三套来源包完整快照_只读/R3全量_v3.4/07_历史机制_只读参考/README_R3_一手史料复核状态.md | 红楼梦探佚_截至R3_全量文档体系整理_v3.4/07_历史机制_只读参考/README_R3_一手史料复核状态.md
79fc66b388bbfb6e4b7863b163ed5723ed46ad540a186e80fd426920bac5876f,红楼梦探佚_全量文档体系_重整版_v4.2.zip,红楼梦探佚_全量文档体系_重整版_v4.2/08_历史机制/02_R3历史机制只读参考/README_使用边界.md,README_使用边界.md,350,3,红楼梦探佚_全量文档体系_重整版_v4.2.zip; 红楼梦探佚_截至R3_全量文档体系整理_v3.4(1).zip,REGISTRY,registry.document_metadata,data/registry/documents.yaml,REGISTER_DOCUMENT,NONE,P1,REFERENCE,REFERENCE,文档级元数据/说明；不直接驱动剧情。,红楼梦探佚_全量文档体系_重整版_v4.2/08_历史机制/02_R3历史机制只读参考/README_使用边界.md | 红楼梦探佚_全量文档体系_重整版_v4.2/90_三套来源包完整快照_只读/R3全量_v3.4/07_历史机制_只读参考/README_使用边界.md | 红楼梦探佚_截至R3_全量文档体系整理_v3.4/07_历史机制_只读参考/README_使用边界.md
4cc010445af0c250f3648b8d75271299c84902f5237ce0964ace2d7ac92469fb,红楼梦探佚_全量文档体系_重整版_v4.2.zip,红楼梦探佚_全量文档体系_重整版_v4.2/09_正文基线与版本治理历史/01_第32步三版基线/第32-A_红楼梦八十回后文学复原_纯读版_v1.0.docx,第32-A_红楼梦八十回后文学复原_纯读版_v1.0.docx,271578,3,红楼梦探佚_全量文档体系_重整版_v4.2.zip; 红楼梦探佚_截至第32步_v5.0启动前_精简过程文档体系_v2.0(2).zip,IMPLEMENTATION,implementation.body,data/releases/body_registry.yaml + body artifact,REGISTER_BODY_VERSION,PARTIAL,P2,VERSION_HISTORY,NO,正文版本本体；正文不是Evidence Source。,红楼梦探佚_全量文档体系_重整版_v4.2/09_正文基线与版本治理历史/01_第32步三版基线/第32-A_红楼梦八十回后文学复原_纯读版_v1.0.docx | 红楼梦探佚_全量文档体系_重整版_v4.2/90_三套来源包完整快照_只读/第32步精简_v2.0/09_第32步三版基线_作为v5输入/第32-A_红楼梦八十回后文学复原_纯读版_v1.0.docx | 红楼梦探佚_截至第32步_v5.0启动前_精简过程文档体系_v2.0/09_第32步三版基线_作为v5输入/第32-A_红楼梦八十回后文学复原_纯读版_v1.0.docx
3dba3eac83aac149412cf91592caab5635837f38918d4d83218c352ae3241799,红楼梦探佚_全量文档体系_重整版_v4.2.zip,红楼梦探佚_全量文档体系_重整版_v4.2/09_正文基线与版本治理历史/01_第32步三版基线/第32-A_红楼梦八十回后文学复原_纯读版_v1.0.md,第32-A_红楼梦八十回后文学复原_纯读版_v1.0.md,554505,3,红楼梦探佚_全量文档体系_重整版_v4.2.zip; 红楼梦探佚_截至第32步_v5.0启动前_精简过程文档体系_v2.0(2).zip,IMPLEMENTATION,implementation.body,data/releases/body_registry.yaml + body artifact,REGISTER_BODY_VERSION,PARTIAL,P2,VERSION_HISTORY,NO,正文版本本体；正文不是Evidence Source。,红楼梦探佚_全量文档体系_重整版_v4.2/09_正文基线与版本治理历史/01_第32步三版基线/第32-A_红楼梦八十回后文学复原_纯读版_v1.0.md | 红楼梦探佚_全量文档体系_重整版_v4.2/90_三套来源包完整快照_只读/第32步精简_v2.0/09_第32步三版基线_作为v5输入/第32-A_红楼梦八十回后文学复原_纯读版_v1.0.md | 红楼梦探佚_截至第32步_v5.0启动前_精简过程文档体系_v2.0/09_第32步三版基线_作为v5输入/第32-A_红楼梦八十回后文学复原_纯读版_v1.0.md
2a0cae39b1dd2ace070efe5ac32fdb6ff25243eba7bb820825eca650d880999f,红楼梦探佚_全量文档体系_重整版_v4.2.zip,红楼梦探佚_全量文档体系_重整版_v4.2/09_正文基线与版本治理历史/01_第32步三版基线/第32-B_红楼梦八十回后文学复原_学术版_v1.0.md,第32-B_红楼梦八十回后文学复原_学术版_v1.0.md,570597,3,红楼梦探佚_全量文档体系_重整版_v4.2.zip; 红楼梦探佚_截至第32步_v5.0启动前_精简过程文档体系_v2.0(2).zip,RELEASE_HISTORY,release.version_lineage,data/registry/releases.yaml,IMPORT_VERSION_LINEAGE,NONE,P1,VERSION_HISTORY,NO,版本谱系/三版一致性/旧锁版记录。,红楼梦探佚_全量文档体系_重整版_v4.2/09_正文基线与版本治理历史/01_第32步三版基线/第32-B_红楼梦八十回后文学复原_学术版_v1.0.md | 红楼梦探佚_全量文档体系_重整版_v4.2/90_三套来源包完整快照_只读/第32步精简_v2.0/09_第32步三版基线_作为v5输入/第32-B_红楼梦八十回后文学复原_学术版_v1.0.md | 红楼梦探佚_截至第32步_v5.0启动前_精简过程文档体系_v2.0/09_第32步三版基线_作为v5输入/第32-B_红楼梦八十回后文学复原_学术版_v1.0.md
6915514403db68e92cea9b586675f374aa0d2315757fcb0975bd746d3cdb3af1,红楼梦探佚_全量文档体系_重整版_v4.2.zip,红楼梦探佚_全量文档体系_重整版_v4.2/09_正文基线与版本治理历史/01_第32步三版基线/第32-C_红楼梦八十回后文学复原_证据版_v1.0.md,第32-C_红楼梦八十回后文学复原_证据版_v1.0.md,585914,3,红楼梦探佚_全量文档体系_重整版_v4.2.zip; 红楼梦探佚_截至第32步_v5.0启动前_精简过程文档体系_v2.0(2).zip,RELEASE_HISTORY,release.version_lineage,data/registry/releases.yaml,IMPORT_VERSION_LINEAGE,NONE,P1,VERSION_HISTORY,NO,版本谱系/三版一致性/旧锁版记录。,红楼梦探佚_全量文档体系_重整版_v4.2/09_正文基线与版本治理历史/01_第32步三版基线/第32-C_红楼梦八十回后文学复原_证据版_v1.0.md | 红楼梦探佚_全量文档体系_重整版_v4.2/90_三套来源包完整快照_只读/第32步精简_v2.0/09_第32步三版基线_作为v5输入/第32-C_红楼梦八十回后文学复原_证据版_v1.0.md | 红楼梦探佚_截至第32步_v5.0启动前_精简过程文档体系_v2.0/09_第32步三版基线_作为v5输入/第32-C_红楼梦八十回后文学复原_证据版_v1.0.md
b4dcfe7ab7525340ffdac46648e06ff3aa9551ef30692f7a743c31019a1f12a9,红楼梦探佚_全量文档体系_重整版_v4.2.zip,红楼梦探佚_全量文档体系_重整版_v4.2/09_正文基线与版本治理历史/01_第32步三版基线/第32-D_三版一致性总验收_v1.0.md,第32-D_三版一致性总验收_v1.0.md,1495,3,红楼梦探佚_全量文档体系_重整版_v4.2.zip; 红楼梦探佚_截至第32步_v5.0启动前_精简过程文档体系_v2.0(2).zip,RELEASE_HISTORY,release.version_lineage,data/registry/releases.yaml,IMPORT_VERSION_LINEAGE,NONE,P1,VERSION_HISTORY,NO,版本谱系/三版一致性/旧锁版记录。,红楼梦探佚_全量文档体系_重整版_v4.2/09_正文基线与版本治理历史/01_第32步三版基线/第32-D_三版一致性总验收_v1.0.md | 红楼梦探佚_全量文档体系_重整版_v4.2/90_三套来源包完整快照_只读/第32步精简_v2.0/09_第32步三版基线_作为v5输入/第32-D_三版一致性总验收_v1.0.md | 红楼梦探佚_截至第32步_v5.0启动前_精简过程文档体系_v2.0/09_第32步三版基线_作为v5输入/第32-D_三版一致性总验收_v1.0.md
e5f38a330dde6312f100ad3e17c803681732a2ebb5985d6dc9689f8f7bd900a0,红楼梦探佚_全量文档体系_重整版_v4.2.zip,红楼梦探佚_全量文档体系_重整版_v4.2/09_正文基线与版本治理历史/01_第32步三版基线/第32-D_三版正文逐回SHA256一致性表_v1.0.md,第32-D_三版正文逐回SHA256一致性表_v1.0.md,2075,3,红楼梦探佚_全量文档体系_重整版_v4.2.zip; 红楼梦探佚_截至第32步_v5.0启动前_精简过程文档体系_v2.0(2).zip,RELEASE_HISTORY,release.version_lineage,data/registry/releases.yaml,IMPORT_VERSION_LINEAGE,NONE,P1,VERSION_HISTORY,NO,版本谱系/三版一致性/旧锁版记录。,红楼梦探佚_全量文档体系_重整版_v4.2/09_正文基线与版本治理历史/01_第32步三版基线/第32-D_三版正文逐回SHA256一致性表_v1.0.md | 红楼梦探佚_全量文档体系_重整版_v4.2/90_三套来源包完整快照_只读/第32步精简_v2.0/09_第32步三版基线_作为v5输入/第32-D_三版正文逐回SHA256一致性表_v1.0.md | 红楼梦探佚_截至第32步_v5.0启动前_精简过程文档体系_v2.0/09_第32步三版基线_作为v5输入/第32-D_三版正文逐回SHA256一致性表_v1.0.md
cf5cea537596a212b6731e7fa543cc8eaeef20a9cddd0a40a26b1c6e6e399c9f,红楼梦探佚_全量文档体系_重整版_v4.2.zip,红楼梦探佚_全量文档体系_重整版_v4.2/09_正文基线与版本治理历史/01_第32步三版基线/第32步_最终成果索引_v1.0.md,第32步_最终成果索引_v1.0.md,745,3,红楼梦探佚_全量文档体系_重整版_v4.2.zip; 红楼梦探佚_截至第32步_v5.0启动前_精简过程文档体系_v2.0(2).zip,RELEASE_HISTORY,release.version_lineage,data/registry/releases.yaml,IMPORT_VERSION_LINEAGE,NONE,P1,VERSION_HISTORY,NO,版本谱系/三版一致性/旧锁版记录。,红楼梦探佚_全量文档体系_重整版_v4.2/09_正文基线与版本治理历史/01_第32步三版基线/第32步_最终成果索引_v1.0.md | 红楼梦探佚_全量文档体系_重整版_v4.2/90_三套来源包完整快照_只读/第32步精简_v2.0/09_第32步三版基线_作为v5输入/第32步_最终成果索引_v1.0.md | 红楼梦探佚_截至第32步_v5.0启动前_精简过程文档体系_v2.0/09_第32步三版基线_作为v5输入/第32步_最终成果索引_v1.0.md
4f01cbd3929751b7aa33e62ccddec5c043f692279c4c0844d8dbb84c643c0203,红楼梦探佚_全量文档体系_重整版_v4.2.zip,红楼梦探佚_全量文档体系_重整版_v4.2/09_正文基线与版本治理历史/01_第32步三版基线/第32步_红楼梦八十回后文学复原三版定稿_LOCK_v1.0.md,第32步_红楼梦八十回后文学复原三版定稿_LOCK_v1.0.md,1091,3,红楼梦探佚_全量文档体系_重整版_v4.2.zip; 红楼梦探佚_截至第32步_v5.0启动前_精简过程文档体系_v2.0(2).zip,RELEASE_HISTORY,release.version_lineage,data/registry/releases.yaml,IMPORT_VERSION_LINEAGE,NONE,P1,VERSION_HISTORY,NO,版本谱系/三版一致性/旧锁版记录。,红楼梦探佚_全量文档体系_重整版_v4.2/09_正文基线与版本治理历史/01_第32步三版基线/第32步_红楼梦八十回后文学复原三版定稿_LOCK_v1.0.md | 红楼梦探佚_全量文档体系_重整版_v4.2/90_三套来源包完整快照_只读/第32步精简_v2.0/09_第32步三版基线_作为v5输入/第32步_红楼梦八十回后文学复原三版定稿_LOCK_v1.0.md | 红楼梦探佚_截至第32步_v5.0启动前_精简过程文档体系_v2.0/09_第32步三版基线_作为v5输入/第32步_红楼梦八十回后文学复原三版定稿_LOCK_v1.0.md
2537b13926b5b0bc4cab7a3d2a3b097c99087dcfe9deee314e05f4ba65d09f9a,红楼梦探佚_全量文档体系_重整版_v4.2.zip,红楼梦探佚_全量文档体系_重整版_v4.2/09_正文基线与版本治理历史/02_v5启动基线/81—100全幅文学补完第一轮优先级矩阵_v1.0.md,81—100全幅文学补完第一轮优先级矩阵_v1.0.md,1339,3,红楼梦探佚_全量文档体系_重整版_v4.2.zip; 红楼梦探佚_截至第32步_v5.0启动前_精简过程文档体系_v2.0(2).zip,ARCHIVE,archive.document,data/archive/documents.yaml,INDEX_ONLY,ARCHIVE_ONLY,P2,HISTORICAL,NO,历史/重复内容仅保留可追溯索引。,红楼梦探佚_全量文档体系_重整版_v4.2/09_正文基线与版本治理历史/02_v5启动基线/81—100全幅文学补完第一轮优先级矩阵_v1.0.md | 红楼梦探佚_全量文档体系_重整版_v4.2/90_三套来源包完整快照_只读/第32步精简_v2.0/10_v5.0启动基线/81—100全幅文学补完第一轮优先级矩阵_v1.0.md | 红楼梦探佚_截至第32步_v5.0启动前_精简过程文档体系_v2.0/10_v5.0启动基线/81—100全幅文学补完第一轮优先级矩阵_v1.0.md
2279e53f8a5a5e16b2a2ec716f8ed3da54ca809fab175807f1b7a9551f3cb8c1,红楼梦探佚_全量文档体系_重整版_v4.2.zip,红楼梦探佚_全量文档体系_重整版_v4.2/09_正文基线与版本治理历史/02_v5启动基线/旧禁写项重审登记_v1.0.md,旧禁写项重审登记_v1.0.md,1150,3,红楼梦探佚_全量文档体系_重整版_v4.2.zip; 红楼梦探佚_截至第32步_v5.0启动前_精简过程文档体系_v2.0(2).zip,ARCHIVE,archive.document,data/archive/documents.yaml,INDEX_ONLY,ARCHIVE_ONLY,P2,HISTORICAL,NO,历史/重复内容仅保留可追溯索引。,红楼梦探佚_全量文档体系_重整版_v4.2/09_正文基线与版本治理历史/02_v5启动基线/旧禁写项重审登记_v1.0.md | 红楼梦探佚_全量文档体系_重整版_v4.2/90_三套来源包完整快照_只读/第32步精简_v2.0/10_v5.0启动基线/旧禁写项重审登记_v1.0.md | 红楼梦探佚_截至第32步_v5.0启动前_精简过程文档体系_v2.0/10_v5.0启动基线/旧禁写项重审登记_v1.0.md
86b5a8d52407aba91e609587fd4389117694d1af3268484ea7cfb3dc30f89e5b,红楼梦探佚_全量文档体系_重整版_v4.2.zip,红楼梦探佚_全量文档体系_重整版_v4.2/09_正文基线与版本治理历史/02_v5启动基线/第33步输入资产索引.md,第33步输入资产索引.md,1564,3,红楼梦探佚_全量文档体系_重整版_v4.2.zip; 红楼梦探佚_截至第32步_v5.0启动前_精简过程文档体系_v2.0(2).zip,REGISTRY,registry.document_metadata,data/registry/documents.yaml,REGISTER_DOCUMENT,NONE,P1,REFERENCE,REFERENCE,文档级元数据/说明；不直接驱动剧情。,红楼梦探佚_全量文档体系_重整版_v4.2/09_正文基线与版本治理历史/02_v5启动基线/第33步输入资产索引.md | 红楼梦探佚_全量文档体系_重整版_v4.2/90_三套来源包完整快照_只读/第32步精简_v2.0/10_v5.0启动基线/第33步输入资产索引.md | 红楼梦探佚_截至第32步_v5.0启动前_精简过程文档体系_v2.0/10_v5.0启动基线/第33步输入资产索引.md
b80d646964bab1f04a401c55ccf9139aa3b63faf9aa224921e6a6144d7cf91ab,红楼梦探佚_全量文档体系_重整版_v4.2.zip,红楼梦探佚_全量文档体系_重整版_v4.2/09_正文基线与版本治理历史/02_v5启动基线/红楼梦八十回后全幅文学补完大工程计划_v5.0.md,红楼梦八十回后全幅文学补完大工程计划_v5.0.md,27567,7,当前工作区散件; 红楼梦探佚_全量文档体系_重整版_v4.2.zip; 红楼梦探佚_截至R3_全量文档体系整理_v3.4(1).zip; 红楼梦探佚_截至第32步_v5.0启动前_精简过程文档体系_v2.0(2).zip,GOVERNANCE,governance.project_state,data/registry/releases.yaml + config/project_state.yaml,STRUCTURE_PROJECT_STATE,PARTIAL,P2,HISTORICAL,NO,项目状态/版本纪律；只提取当前有效规则，旧版保留谱系。,红楼梦探佚_全量文档体系_重整版_v4.2/09_正文基线与版本治理历史/02_v5启动基线/红楼梦八十回后全幅文学补完大工程计划_v5.0.md | 红楼梦探佚_全量文档体系_重整版_v4.2/11_P0_R1_R2_R3审计与事故复盘/01_R3历史过程补档/红楼梦八十回后全幅文学补完大工程计划_v5.0(1).md | 红楼梦探佚_全量文档体系_重整版_v4.2/90_三套来源包完整快照_只读/R3全量_v3.4/98_历史过程补档_只读/红楼梦八十回后全幅文学补完大工程计划_v5.0(1).md | 红楼梦探佚_全量文档体系_重整版_v4.2/90_三套来源包完整快照_只读/第32步精简_v2.0/10_v5.0启动基线/红楼梦八十回后全幅文学补完大工程计划_v5.0.md | 红楼梦探佚_截至R3_全量文档体系整理_v3.4/98_历史过程补档_只读/红楼梦八十回后全幅文学补完大工程计划_v5.0(1).md | 红楼梦探佚_截至第32步_v5.0启动前_精简过程文档体系_v2.0/10_v5.0启动基线/红楼梦八十回后全幅文学补完大工程计划_v5.0.md | 红楼梦八十回后全幅文学补完大工程计划_v5.0(2).md
0292382459fbc68b12ec922d8776dbfe968c95ec93bfa301cbdc380aff83f0d0,红楼梦探佚_全量文档体系_重整版_v4.2.zip,红楼梦探佚_全量文档体系_重整版_v4.2/09_正文基线与版本治理历史/03_R3总控与正文基线/81—100_二十回全幅补完卡_v2.0_R3全量施工版.md,81—100_二十回全幅补完卡_v2.0_R3全量施工版.md,58886,3,红楼梦探佚_全量文档体系_重整版_v4.2.zip; 红楼梦探佚_截至R3_全量文档体系整理_v3.4(1).zip,RECONSTRUCTION,reconstruction.chapter_plan,data/chapter_plans/ch81_100.yaml + data/scenes/*,SPLIT_20_CHAPTER_PLANS,NONE,P0,REFERENCE,REFERENCE,拆为20回chapter contract/scene plan；不得把工作回目误当证据。,红楼梦探佚_全量文档体系_重整版_v4.2/09_正文基线与版本治理历史/03_R3总控与正文基线/81—100_二十回全幅补完卡_v2.0_R3全量施工版.md | 红楼梦探佚_全量文档体系_重整版_v4.2/90_三套来源包完整快照_只读/R3全量_v3.4/01_总控与正文基线/81—100_二十回全幅补完卡_v2.0_R3全量施工版.md | 红楼梦探佚_截至R3_全量文档体系整理_v3.4/01_总控与正文基线/81—100_二十回全幅补完卡_v2.0_R3全量施工版.md
82624776693fe92036d198341ffe5428d9dd432fc1b0cdb89148f44e60c4a8c6,红楼梦探佚_全量文档体系_重整版_v4.2.zip,红楼梦探佚_全量文档体系_重整版_v4.2/09_正文基线与版本治理历史/03_R3总控与正文基线/81—100_保护锁与不可破坏细节表_v2.0_R3全量版.md,81—100_保护锁与不可破坏细节表_v2.0_R3全量版.md,15135,3,红楼梦探佚_全量文档体系_重整版_v4.2.zip; 红楼梦探佚_截至R3_全量文档体系整理_v3.4(1).zip,LOCK,lock.literary_plock,data/plocks/ch81_100.yaml,SPLIT_PLOCKS,PARTIAL,P0,REFERENCE,REFERENCE,当前Harness仅5个高风险P-Lock，需补齐全表。,红楼梦探佚_全量文档体系_重整版_v4.2/09_正文基线与版本治理历史/03_R3总控与正文基线/81—100_保护锁与不可破坏细节表_v2.0_R3全量版.md | 红楼梦探佚_全量文档体系_重整版_v4.2/90_三套来源包完整快照_只读/R3全量_v3.4/01_总控与正文基线/81—100_保护锁与不可破坏细节表_v2.0_R3全量版.md | 红楼梦探佚_截至R3_全量文档体系整理_v3.4/01_总控与正文基线/81—100_保护锁与不可破坏细节表_v2.0_R3全量版.md
fad6de6970c6b3a8273f20f41a069cf586c725b00526954d6cd6be55909c8113,红楼梦探佚_全量文档体系_重整版_v4.2.zip,红楼梦探佚_全量文档体系_重整版_v4.2/09_正文基线与版本治理历史/03_R3总控与正文基线/81—100_正文实施事实登记表_v1.1_R3同步版.md,81—100_正文实施事实登记表_v1.1_R3同步版.md,2702,3,红楼梦探佚_全量文档体系_重整版_v4.2.zip; 红楼梦探佚_截至R3_全量文档体系整理_v3.4(1).zip,IMPLEMENTATION,implementation.register,data/implementations/ch81_100.yaml,IMPORT_IMPLEMENTATION_REGISTER,PARTIAL,P0,REFERENCE,REFERENCE,当前正文如何实现≠证据；需绑定body locator。,红楼梦探佚_全量文档体系_重整版_v4.2/09_正文基线与版本治理历史/03_R3总控与正文基线/81—100_正文实施事实登记表_v1.1_R3同步版.md | 红楼梦探佚_全量文档体系_重整版_v4.2/90_三套来源包完整快照_只读/R3全量_v3.4/01_总控与正文基线/81—100_正文实施事实登记表_v1.1_R3同步版.md | 红楼梦探佚_截至R3_全量文档体系整理_v3.4/01_总控与正文基线/81—100_正文实施事实登记表_v1.1_R3同步版.md
0231d161d17080966136b7525bd79ddecbcff131b717276b79cef543f075798c,红楼梦探佚_全量文档体系_重整版_v4.2.zip,红楼梦探佚_全量文档体系_重整版_v4.2/09_正文基线与版本治理历史/03_R3总控与正文基线/81—100_运行性前置状态总表_v1.7_R3同步版.md,81—100_运行性前置状态总表_v1.7_R3同步版.md,19778,3,红楼梦探佚_全量文档体系_重整版_v4.2.zip; 红楼梦探佚_截至R3_全量文档体系整理_v3.4(1).zip,WORLD,world.runtime_preconditions,data/world_states/preconditions.yaml,IMPORT_RUNTIME_PRECONDITIONS,NONE,P0,REFERENCE,REFERENCE,正文启动前运行性前置状态。,红楼梦探佚_全量文档体系_重整版_v4.2/09_正文基线与版本治理历史/03_R3总控与正文基线/81—100_运行性前置状态总表_v1.7_R3同步版.md | 红楼梦探佚_全量文档体系_重整版_v4.2/90_三套来源包完整快照_只读/R3全量_v3.4/01_总控与正文基线/81—100_运行性前置状态总表_v1.7_R3同步版.md | 红楼梦探佚_截至R3_全量文档体系整理_v3.4/01_总控与正文基线/81—100_运行性前置状态总表_v1.7_R3同步版.md
e2a7a33638935f53558bdd9582680862d6a883293e96341769a7418bd2e51cd3,红楼梦探佚_全量文档体系_重整版_v4.2.zip,红楼梦探佚_全量文档体系_重整版_v4.2/09_正文基线与版本治理历史/03_R3总控与正文基线/红楼梦八十回后佚稿复原_工作底稿_v2.11_R3全体系同步母本.md,红楼梦八十回后佚稿复原_工作底稿_v2.11_R3全体系同步母本.md,2563,3,红楼梦探佚_全量文档体系_重整版_v4.2.zip; 红楼梦探佚_截至R3_全量文档体系整理_v3.4(1).zip,RECONSTRUCTION,reconstruction.master_model,data/decisions/* + data/precedence/* + data/open_interfaces/legacy_map.yaml,SPLIT_MASTER_MODEL,PARTIAL,P0,REFERENCE,REFERENCE,母本含R/P/O与生成首选；拆分导入，正文方案不反升证据。,红楼梦探佚_全量文档体系_重整版_v4.2/09_正文基线与版本治理历史/03_R3总控与正文基线/红楼梦八十回后佚稿复原_工作底稿_v2.11_R3全体系同步母本.md | 红楼梦探佚_全量文档体系_重整版_v4.2/90_三套来源包完整快照_只读/R3全量_v3.4/01_总控与正文基线/红楼梦八十回后佚稿复原_工作底稿_v2.11_R3全体系同步母本.md | 红楼梦探佚_截至R3_全量文档体系整理_v3.4/01_总控与正文基线/红楼梦八十回后佚稿复原_工作底稿_v2.11_R3全体系同步母本.md
ad31389fdf0e1797e8bbacc6a60136e9453020fe1ea790acc2ae30e44799ceb5,红楼梦探佚_全量文档体系_重整版_v4.2.zip,红楼梦探佚_全量文档体系_重整版_v4.2/09_正文基线与版本治理历史/03_R3总控与正文基线/红楼梦八十回后全幅文学补完大工程计划_v5.8_截至R3总整理与R4执行版.md,红楼梦八十回后全幅文学补完大工程计划_v5.8_截至R3总整理与R4执行版.md,8821,3,红楼梦探佚_全量文档体系_重整版_v4.2.zip; 红楼梦探佚_截至R3_全量文档体系整理_v3.4(1).zip,GOVERNANCE,governance.project_state,data/registry/releases.yaml + config/project_state.yaml,STRUCTURE_PROJECT_STATE,PARTIAL,P2,HISTORICAL,NO,项目状态/版本纪律；只提取当前有效规则，旧版保留谱系。,红楼梦探佚_全量文档体系_重整版_v4.2/09_正文基线与版本治理历史/03_R3总控与正文基线/红楼梦八十回后全幅文学补完大工程计划_v5.8_截至R3总整理与R4执行版.md | 红楼梦探佚_全量文档体系_重整版_v4.2/90_三套来源包完整快照_只读/R3全量_v3.4/01_总控与正文基线/红楼梦八十回后全幅文学补完大工程计划_v5.8_截至R3总整理与R4执行版.md | 红楼梦探佚_截至R3_全量文档体系整理_v3.4/01_总控与正文基线/红楼梦八十回后全幅文学补完大工程计划_v5.8_截至R3总整理与R4执行版.md
3951814a3c23f34062f88745c8cc678742086bbce0f8360a9928876e3a4d364b,红楼梦探佚_全量文档体系_重整版_v4.2.zip,红楼梦探佚_全量文档体系_重整版_v4.2/10_R4全链审计与纠偏全过程/01_R4-A—F/R4-A_来源见证复核报告_v1.0.md,R4-A_来源见证复核报告_v1.0.md,7984,2,当前工作区散件; 红楼梦探佚_全量文档体系_重整版_v4.2.zip,REVIEW,review.r4_audit_trace,data/review/r4_audit_trace.yaml,IMPORT_AUDIT_TRACE,PARTIAL,P1,AUDIT,NO,R4过程/回归/事故治理；运行时默认只读。,红楼梦探佚_全量文档体系_重整版_v4.2/10_R4全链审计与纠偏全过程/01_R4-A—F/R4-A_来源见证复核报告_v1.0.md | R4-A_来源见证复核报告_v1.0.md
3dfbfffe2000cc65e25004f4975a2e3f43f8ea85d13c5ffbee88f0f1963c5047,红楼梦探佚_全量文档体系_重整版_v4.2.zip,红楼梦探佚_全量文档体系_重整版_v4.2/10_R4全链审计与纠偏全过程/01_R4-A—F/R4-A_来源见证复核补遗_v1.1.md,R4-A_来源见证复核补遗_v1.1.md,1494,2,当前工作区散件; 红楼梦探佚_全量文档体系_重整版_v4.2.zip,REVIEW,review.r4_audit_trace,data/review/r4_audit_trace.yaml,IMPORT_AUDIT_TRACE,PARTIAL,P1,AUDIT,NO,R4过程/回归/事故治理；运行时默认只读。,红楼梦探佚_全量文档体系_重整版_v4.2/10_R4全链审计与纠偏全过程/01_R4-A—F/R4-A_来源见证复核补遗_v1.1.md | R4-A_来源见证复核补遗_v1.1.md
23c6a1ba0addb5cd54bfaf38d65d371c153aba295acfbe2ea3d4bb85d4cb654e,红楼梦探佚_全量文档体系_重整版_v4.2.zip,红楼梦探佚_全量文档体系_重整版_v4.2/10_R4全链审计与纠偏全过程/01_R4-A—F/R4-B_证据角色与字面目标复核报告_v1.0.md,R4-B_证据角色与字面目标复核报告_v1.0.md,11261,2,当前工作区散件; 红楼梦探佚_全量文档体系_重整版_v4.2.zip,EVIDENCE,evidence.literal_target,data/literals/r4_literal_core.yaml,IMPORT_LITERAL_BOUNDARY,PARTIAL,P0,REFERENCE,REFERENCE,NOVEL/SOURCE/NAME/SEM/BOUNDARY/NEG。,红楼梦探佚_全量文档体系_重整版_v4.2/10_R4全链审计与纠偏全过程/01_R4-A—F/R4-B_证据角色与字面目标复核报告_v1.0.md | R4-B_证据角色与字面目标复核报告_v1.0.md
7588e65019db0f1bf421a27e276abd421bdaa2a4d646c2c01fe8ac1c3014d6bc,红楼梦探佚_全量文档体系_重整版_v4.2.zip,红楼梦探佚_全量文档体系_重整版_v4.2/10_R4全链审计与纠偏全过程/01_R4-A—F/R4-C_v1.0_to_v1.1_局部位置修复.patch,R4-C_v1.0_to_v1.1_局部位置修复.patch,9623,2,当前工作区散件; 红楼梦探佚_全量文档体系_重整版_v4.2.zip,REVIEW,review.r4_audit_trace,data/review/r4_audit_trace.yaml,IMPORT_AUDIT_TRACE,PARTIAL,P1,AUDIT,NO,R4过程/回归/事故治理；运行时默认只读。,红楼梦探佚_全量文档体系_重整版_v4.2/10_R4全链审计与纠偏全过程/01_R4-A—F/R4-C_v1.0_to_v1.1_局部位置修复.patch | R4-C_v1.0_to_v1.1_局部位置修复.patch
a765477efde209b609d71e2be421d02f01afd16c7a589624e19a6a5ba71529c8,红楼梦探佚_全量文档体系_重整版_v4.2.zip,红楼梦探佚_全量文档体系_重整版_v4.2/10_R4全链审计与纠偏全过程/01_R4-A—F/R4-C_回归复核报告_v1.1_PLACEMENT_PASS.md,R4-C_回归复核报告_v1.1_PLACEMENT_PASS.md,3717,2,当前工作区散件; 红楼梦探佚_全量文档体系_重整版_v4.2.zip,REVIEW,review.r4_audit_trace,data/review/r4_audit_trace.yaml,IMPORT_AUDIT_TRACE,PARTIAL,P1,AUDIT,NO,R4过程/回归/事故治理；运行时默认只读。,红楼梦探佚_全量文档体系_重整版_v4.2/10_R4全链审计与纠偏全过程/01_R4-A—F/R4-C_回归复核报告_v1.1_PLACEMENT_PASS.md | R4-C_回归复核报告_v1.1_PLACEMENT_PASS.md
584dc0ea89a5f6df71df191109a4512ff0363f36011f84ba2ba8b265273295cc,红楼梦探佚_全量文档体系_重整版_v4.2.zip,红楼梦探佚_全量文档体系_重整版_v4.2/10_R4全链审计与纠偏全过程/01_R4-A—F/R4-C_回次位置与回目证据审计_v1.0.md,R4-C_回次位置与回目证据审计_v1.0.md,6938,2,当前工作区散件; 红楼梦探佚_全量文档体系_重整版_v4.2.zip,REVIEW,review.r4_audit_trace,data/review/r4_audit_trace.yaml,IMPORT_AUDIT_TRACE,PARTIAL,P1,AUDIT,NO,R4过程/回归/事故治理；运行时默认只读。,红楼梦探佚_全量文档体系_重整版_v4.2/10_R4全链审计与纠偏全过程/01_R4-A—F/R4-C_回次位置与回目证据审计_v1.0.md | R4-C_回次位置与回目证据审计_v1.0.md
172d3eeac7bbd157fb9b58080629cb48aaf714cd626a693e515e663ab9a13b71,红楼梦探佚_全量文档体系_重整版_v4.2.zip,红楼梦探佚_全量文档体系_重整版_v4.2/10_R4全链审计与纠偏全过程/01_R4-A—F/R4-C_局部位置修复指令_v1.0.md,R4-C_局部位置修复指令_v1.0.md,1132,2,当前工作区散件; 红楼梦探佚_全量文档体系_重整版_v4.2.zip,REVIEW,review.r4_audit_trace,data/review/r4_audit_trace.yaml,IMPORT_AUDIT_TRACE,PARTIAL,P1,AUDIT,NO,R4过程/回归/事故治理；运行时默认只读。,红楼梦探佚_全量文档体系_重整版_v4.2/10_R4全链审计与纠偏全过程/01_R4-A—F/R4-C_局部位置修复指令_v1.0.md | R4-C_局部位置修复指令_v1.0.md
7facdcca6a4963b5a7617c8b08ddbf4f471934f66155322607e0623dc6d9e7f1,红楼梦探佚_全量文档体系_重整版_v4.2.zip,红楼梦探佚_全量文档体系_重整版_v4.2/10_R4全链审计与纠偏全过程/01_R4-A—F/R4-D_Implementation正文实现审计_v1.0_IMPLEMENTATION_PASS.md,R4-D_Implementation正文实现审计_v1.0_IMPLEMENTATION_PASS.md,6204,2,当前工作区散件; 红楼梦探佚_全量文档体系_重整版_v4.2.zip,REVIEW,review.r4_audit_trace,data/review/r4_audit_trace.yaml,IMPORT_AUDIT_TRACE,PARTIAL,P1,AUDIT,NO,R4过程/回归/事故治理；运行时默认只读。,红楼梦探佚_全量文档体系_重整版_v4.2/10_R4全链审计与纠偏全过程/01_R4-A—F/R4-D_Implementation正文实现审计_v1.0_IMPLEMENTATION_PASS.md | R4-D_Implementation正文实现审计_v1.0_IMPLEMENTATION_PASS.md
e2f31e0d8ab0a4c9775461c7bcda05bce44d0c64325b2b9bb10eb2247390ac3d,红楼梦探佚_全量文档体系_重整版_v4.2.zip,红楼梦探佚_全量文档体系_重整版_v4.2/10_R4全链审计与纠偏全过程/01_R4-A—F/R4-F_regression_R4G候选正文_v1.0_PASS.md,R4-F_regression_R4G候选正文_v1.0_PASS.md,277,2,当前工作区散件; 红楼梦探佚_全量文档体系_重整版_v4.2.zip,REVIEW,review.r4_audit_trace,data/review/r4_audit_trace.yaml,IMPORT_AUDIT_TRACE,PARTIAL,P1,AUDIT,NO,R4过程/回归/事故治理；运行时默认只读。,红楼梦探佚_全量文档体系_重整版_v4.2/10_R4全链审计与纠偏全过程/01_R4-A—F/R4-F_regression_R4G候选正文_v1.0_PASS.md | R4-F_regression_R4G候选正文_v1.0_PASS.md
0e6ff7bbaa86e0e4bd44196f0968a9d5303dc85ef0292b57e2bd497da2db3773,红楼梦探佚_全量文档体系_重整版_v4.2.zip,红楼梦探佚_全量文档体系_重整版_v4.2/10_R4全链审计与纠偏全过程/01_R4-A—F/R4-F_regression_R4G候选正文_v1.1_PASS.md,R4-F_regression_R4G候选正文_v1.1_PASS.md,352,2,当前工作区散件; 红楼梦探佚_全量文档体系_重整版_v4.2.zip,REVIEW,review.r4_audit_trace,data/review/r4_audit_trace.yaml,IMPORT_AUDIT_TRACE,PARTIAL,P1,AUDIT,NO,R4过程/回归/事故治理；运行时默认只读。,红楼梦探佚_全量文档体系_重整版_v4.2/10_R4全链审计与纠偏全过程/01_R4-A—F/R4-F_regression_R4G候选正文_v1.1_PASS.md | R4-F_regression_R4G候选正文_v1.1_PASS.md
5bc1ec800aa71bf44654b29d57e55c5252e2d105fda49a3dd17ac094dd0feb0a,红楼梦探佚_全量文档体系_重整版_v4.2.zip,红楼梦探佚_全量文档体系_重整版_v4.2/10_R4全链审计与纠偏全过程/01_R4-A—F/R4_证据角色审计矩阵_v1.1_R4A完成.md,R4_证据角色审计矩阵_v1.1_R4A完成.md,3303,2,当前工作区散件; 红楼梦探佚_全量文档体系_重整版_v4.2.zip,EVIDENCE,evidence.claim_role_matrix,data/sources/* + data/claims/* + data/decisions/*,SPLIT_PROVENANCE_CLAIMS_DECISIONS,PARTIAL,P0,REFERENCE,REFERENCE,需拆为Source/Claim/Decision，不能把项目矩阵当Witness。,红楼梦探佚_全量文档体系_重整版_v4.2/10_R4全链审计与纠偏全过程/01_R4-A—F/R4_证据角色审计矩阵_v1.1_R4A完成.md | R4_证据角色审计矩阵_v1.1_R4A完成.md
7460edf4c57f99214ffac510d6329865029a75e8ac5a5e4dfd182e8663806deb,红楼梦探佚_全量文档体系_重整版_v4.2.zip,红楼梦探佚_全量文档体系_重整版_v4.2/10_R4全链审计与纠偏全过程/01_R4-A—F/R4_证据角色审计矩阵_v1.2_R4B完成.md,R4_证据角色审计矩阵_v1.2_R4B完成.md,4665,2,当前工作区散件; 红楼梦探佚_全量文档体系_重整版_v4.2.zip,EVIDENCE,evidence.claim_role_matrix,data/sources/* + data/claims/* + data/decisions/*,SPLIT_PROVENANCE_CLAIMS_DECISIONS,PARTIAL,P0,REFERENCE,REFERENCE,需拆为Source/Claim/Decision，不能把项目矩阵当Witness。,红楼梦探佚_全量文档体系_重整版_v4.2/10_R4全链审计与纠偏全过程/01_R4-A—F/R4_证据角色审计矩阵_v1.2_R4B完成.md | R4_证据角色审计矩阵_v1.2_R4B完成.md
e5cf297af2d808e3109d35d48b8cfe76eb108b7c4755f07f224c8457247d8fd5,红楼梦探佚_全量文档体系_重整版_v4.2.zip,红楼梦探佚_全量文档体系_重整版_v4.2/10_R4全链审计与纠偏全过程/01_R4-A—F/R4_证据角色审计矩阵_v1.3_R4C审计.md,R4_证据角色审计矩阵_v1.3_R4C审计.md,2861,2,当前工作区散件; 红楼梦探佚_全量文档体系_重整版_v4.2.zip,EVIDENCE,evidence.claim_role_matrix,data/sources/* + data/claims/* + data/decisions/*,SPLIT_PROVENANCE_CLAIMS_DECISIONS,PARTIAL,P0,REFERENCE,REFERENCE,需拆为Source/Claim/Decision，不能把项目矩阵当Witness。,红楼梦探佚_全量文档体系_重整版_v4.2/10_R4全链审计与纠偏全过程/01_R4-A—F/R4_证据角色审计矩阵_v1.3_R4C审计.md | R4_证据角色审计矩阵_v1.3_R4C审计.md
901670c629cb989beb74919f34a0f4d33336e44a5c82a14a521a0532f0991db8,红楼梦探佚_全量文档体系_重整版_v4.2.zip,红楼梦探佚_全量文档体系_重整版_v4.2/10_R4全链审计与纠偏全过程/01_R4-A—F/R4_证据角色审计矩阵_v1.4_R4C_PASS.md,R4_证据角色审计矩阵_v1.4_R4C_PASS.md,2623,2,当前工作区散件; 红楼梦探佚_全量文档体系_重整版_v4.2.zip,EVIDENCE,evidence.claim_role_matrix,data/sources/* + data/claims/* + data/decisions/*,SPLIT_PROVENANCE_CLAIMS_DECISIONS,PARTIAL,P0,REFERENCE,REFERENCE,需拆为Source/Claim/Decision，不能把项目矩阵当Witness。,红楼梦探佚_全量文档体系_重整版_v4.2/10_R4全链审计与纠偏全过程/01_R4-A—F/R4_证据角色审计矩阵_v1.4_R4C_PASS.md | R4_证据角色审计矩阵_v1.4_R4C_PASS.md
cf1ab51af7af2f8828d30c8db1f9bbb38d04658aa2588fe1723a4ff63b553fe4,红楼梦探佚_全量文档体系_重整版_v4.2.zip,红楼梦探佚_全量文档体系_重整版_v4.2/10_R4全链审计与纠偏全过程/01_R4-A—F/R4_证据角色审计矩阵_v1.5_R4D_PASS.md,R4_证据角色审计矩阵_v1.5_R4D_PASS.md,3040,2,当前工作区散件; 红楼梦探佚_全量文档体系_重整版_v4.2.zip,EVIDENCE,evidence.claim_role_matrix,data/sources/* + data/claims/* + data/decisions/*,SPLIT_PROVENANCE_CLAIMS_DECISIONS,PARTIAL,P0,REFERENCE,REFERENCE,需拆为Source/Claim/Decision，不能把项目矩阵当Witness。,红楼梦探佚_全量文档体系_重整版_v4.2/10_R4全链审计与纠偏全过程/01_R4-A—F/R4_证据角色审计矩阵_v1.5_R4D_PASS.md | R4_证据角色审计矩阵_v1.5_R4D_PASS.md
c5d239998aa9d529ae7dc908b2a3d2b4e63e813d0be328f5e5511903a5742143,红楼梦探佚_全量文档体系_重整版_v4.2.zip,红楼梦探佚_全量文档体系_重整版_v4.2/10_R4全链审计与纠偏全过程/01_R4-A—F/R4_证据角色审计矩阵_v1.6_R4F_PASS.md,R4_证据角色审计矩阵_v1.6_R4F_PASS.md,2474,3,当前工作区散件; 红楼梦探佚_全量文档体系_重整版_v4.2.zip; 红楼梦探佚_稳定ACTIVE过程文档体系_v4.0.zip,EVIDENCE,evidence.claim_role_matrix,data/sources/* + data/claims/* + data/decisions/*,SPLIT_PROVENANCE_CLAIMS_DECISIONS,PARTIAL,P0,REFERENCE,REFERENCE,需拆为Source/Claim/Decision，不能把项目矩阵当Witness。,红楼梦探佚_全量文档体系_重整版_v4.2/10_R4全链审计与纠偏全过程/01_R4-A—F/R4_证据角色审计矩阵_v1.6_R4F_PASS.md | 红楼梦探佚_稳定ACTIVE过程文档体系_v4.0/R4_证据角色审计矩阵_v1.6_R4F_PASS.md | R4_证据角色审计矩阵_v1.6_R4F_PASS.md
0f1413d5b11abae81efe97a67d63786d2032923d00e466de7138fb8902238f6a,红楼梦探佚_全量文档体系_重整版_v4.2.zip,红楼梦探佚_全量文档体系_重整版_v4.2/10_R4全链审计与纠偏全过程/02_R4-G_文学实验/R4-G_Phase2_RG-92-01_A-B-C实验报告_v1.0_REVISE-B.md,R4-G_Phase2_RG-92-01_A-B-C实验报告_v1.0_REVISE-B.md,341,2,当前工作区散件; 红楼梦探佚_全量文档体系_重整版_v4.2.zip,REVIEW,review.r4_literary_experiment,data/review/r4_experiments.yaml + data/plocks/r4_literary.yaml,IMPORT_EXPERIMENT_FIXTURE,PARTIAL,P1,AUDIT,NO,A/B/C竞争及淘汰理由；赢家P-Lock可迁，候选正文作fixture。,红楼梦探佚_全量文档体系_重整版_v4.2/10_R4全链审计与纠偏全过程/02_R4-G_文学实验/R4-G_Phase2_RG-92-01_A-B-C实验报告_v1.0_REVISE-B.md | R4-G_Phase2_RG-92-01_A-B-C实验报告_v1.0_REVISE-B.md
871ffdb2755bb207577899d66135f36bc1d6dfd8645da0d0494c01b5e78b23e7,红楼梦探佚_全量文档体系_重整版_v4.2.zip,红楼梦探佚_全量文档体系_重整版_v4.2/10_R4全链审计与纠偏全过程/02_R4-G_文学实验/R4-G_Phase2_RG-92-01_A-B-C实验报告_v1.1_REVISE-B.md,R4-G_Phase2_RG-92-01_A-B-C实验报告_v1.1_REVISE-B.md,3922,2,当前工作区散件; 红楼梦探佚_全量文档体系_重整版_v4.2.zip,REVIEW,review.r4_literary_experiment,data/review/r4_experiments.yaml + data/plocks/r4_literary.yaml,IMPORT_EXPERIMENT_FIXTURE,PARTIAL,P1,AUDIT,NO,A/B/C竞争及淘汰理由；赢家P-Lock可迁，候选正文作fixture。,红楼梦探佚_全量文档体系_重整版_v4.2/10_R4全链审计与纠偏全过程/02_R4-G_文学实验/R4-G_Phase2_RG-92-01_A-B-C实验报告_v1.1_REVISE-B.md | R4-G_Phase2_RG-92-01_A-B-C实验报告_v1.1_REVISE-B.md
462d2fc615c560220f932189921d64b6da4f67f7cbea1761ae56c0a1f49da16d,红楼梦探佚_全量文档体系_重整版_v4.2.zip,红楼梦探佚_全量文档体系_重整版_v4.2/10_R4全链审计与纠偏全过程/02_R4-G_文学实验/R4-G_Phase2_RG-92-01_A-B-C实验报告_v1.2_FINAL_REVISE-B.md,R4-G_Phase2_RG-92-01_A-B-C实验报告_v1.2_FINAL_REVISE-B.md,3119,2,当前工作区散件; 红楼梦探佚_全量文档体系_重整版_v4.2.zip,REVIEW,review.r4_literary_experiment,data/review/r4_experiments.yaml + data/plocks/r4_literary.yaml,IMPORT_EXPERIMENT_FIXTURE,PARTIAL,P1,AUDIT,NO,A/B/C竞争及淘汰理由；赢家P-Lock可迁，候选正文作fixture。,红楼梦探佚_全量文档体系_重整版_v4.2/10_R4全链审计与纠偏全过程/02_R4-G_文学实验/R4-G_Phase2_RG-92-01_A-B-C实验报告_v1.2_FINAL_REVISE-B.md | R4-G_Phase2_RG-92-01_A-B-C实验报告_v1.2_FINAL_REVISE-B.md
e73dbcb5a249d552d58f9d0be591b56d31f3f990afbfc45acc42ee3be41607a6,红楼梦探佚_全量文档体系_重整版_v4.2.zip,红楼梦探佚_全量文档体系_重整版_v4.2/10_R4全链审计与纠偏全过程/02_R4-G_文学实验/R4-G_Phase2_第92_C_极简压缩版.md,R4-G_Phase2_第92_C_极简压缩版.md,94,2,当前工作区散件; 红楼梦探佚_全量文档体系_重整版_v4.2.zip,REVIEW,review.r4_literary_experiment,data/review/r4_experiments.yaml + data/plocks/r4_literary.yaml,IMPORT_EXPERIMENT_FIXTURE,PARTIAL,P1,AUDIT,NO,A/B/C竞争及淘汰理由；赢家P-Lock可迁，候选正文作fixture。,红楼梦探佚_全量文档体系_重整版_v4.2/10_R4全链审计与纠偏全过程/02_R4-G_文学实验/R4-G_Phase2_第92_C_极简压缩版.md | R4-G_Phase2_第92_C_极简压缩版.md
0327ba6762adc85169bd3bf1bbe79a7ba7d55bdb96f5e1966248205c88dd545e,红楼梦探佚_全量文档体系_重整版_v4.2.zip,红楼梦探佚_全量文档体系_重整版_v4.2/10_R4全链审计与纠偏全过程/02_R4-G_文学实验/R4-G_Phase2_第92候选修订说明_v1.0.md,R4-G_Phase2_第92候选修订说明_v1.0.md,618,2,当前工作区散件; 红楼梦探佚_全量文档体系_重整版_v4.2.zip,REVIEW,review.r4_literary_experiment,data/review/r4_experiments.yaml + data/plocks/r4_literary.yaml,IMPORT_EXPERIMENT_FIXTURE,PARTIAL,P1,AUDIT,NO,A/B/C竞争及淘汰理由；赢家P-Lock可迁，候选正文作fixture。,红楼梦探佚_全量文档体系_重整版_v4.2/10_R4全链审计与纠偏全过程/02_R4-G_文学实验/R4-G_Phase2_第92候选修订说明_v1.0.md | R4-G_Phase2_第92候选修订说明_v1.0.md
6b3bc8a89105b7aa83dabc1a1bbb1c49706adae250bdf1edeb2733abf4e1cb6d,红楼梦探佚_全量文档体系_重整版_v4.2.zip,红楼梦探佚_全量文档体系_重整版_v4.2/10_R4全链审计与纠偏全过程/02_R4-G_文学实验/R4-G_Phase3_RG-97-01_妙玉压缩实验_v1.0_FINAL_REVISE-B.md,R4-G_Phase3_RG-97-01_妙玉压缩实验_v1.0_FINAL_REVISE-B.md,194,2,当前工作区散件; 红楼梦探佚_全量文档体系_重整版_v4.2.zip,REVIEW,review.r4_literary_experiment,data/review/r4_experiments.yaml + data/plocks/r4_literary.yaml,IMPORT_EXPERIMENT_FIXTURE,PARTIAL,P1,AUDIT,NO,A/B/C竞争及淘汰理由；赢家P-Lock可迁，候选正文作fixture。,红楼梦探佚_全量文档体系_重整版_v4.2/10_R4全链审计与纠偏全过程/02_R4-G_文学实验/R4-G_Phase3_RG-97-01_妙玉压缩实验_v1.0_FINAL_REVISE-B.md | R4-G_Phase3_RG-97-01_妙玉压缩实验_v1.0_FINAL_REVISE-B.md
c7f08458ce03b8ea38547818b2c0096fa0674cd60b9b8a16c9e2ff3e250c045a,红楼梦探佚_全量文档体系_重整版_v4.2.zip,红楼梦探佚_全量文档体系_重整版_v4.2/10_R4全链审计与纠偏全过程/02_R4-G_文学实验/R4-G_文学保护与越界审计_v1.0_PLOCK_LITERARY_PASS.md,R4-G_文学保护与越界审计_v1.0_PLOCK_LITERARY_PASS.md,10371,3,当前工作区散件; 红楼梦探佚_全量文档体系_重整版_v4.2.zip; 红楼梦探佚_稳定ACTIVE过程文档体系_v4.0.zip,REVIEW,review.r4_audit_trace,data/review/r4_audit_trace.yaml,IMPORT_AUDIT_TRACE,PARTIAL,P1,AUDIT,NO,R4过程/回归/事故治理；运行时默认只读。,红楼梦探佚_全量文档体系_重整版_v4.2/10_R4全链审计与纠偏全过程/02_R4-G_文学实验/R4-G_文学保护与越界审计_v1.0_PLOCK_LITERARY_PASS.md | 红楼梦探佚_稳定ACTIVE过程文档体系_v4.0/R4-G_文学保护与越界审计_v1.0_PLOCK_LITERARY_PASS.md | R4-G_文学保护与越界审计_v1.0_PLOCK_LITERARY_PASS.md
331d48a3a8a774311400bfc1716e6278c8f146347d9263d10cf812e2798397ba,红楼梦探佚_全量文档体系_重整版_v4.2.zip,红楼梦探佚_全量文档体系_重整版_v4.2/10_R4全链审计与纠偏全过程/04_R4-H_最终放行/R4-H_稳定ACTIVE_v4.0放行报告_v1.0.md,R4-H_稳定ACTIVE_v4.0放行报告_v1.0.md,1501,3,当前工作区散件; 红楼梦探佚_全量文档体系_重整版_v4.2.zip; 红楼梦探佚_稳定ACTIVE过程文档体系_v4.0.zip,REVIEW,review.r4_audit_trace,data/review/r4_audit_trace.yaml,IMPORT_AUDIT_TRACE,PARTIAL,P1,AUDIT,NO,R4过程/回归/事故治理；运行时默认只读。,红楼梦探佚_全量文档体系_重整版_v4.2/10_R4全链审计与纠偏全过程/04_R4-H_最终放行/R4-H_稳定ACTIVE_v4.0放行报告_v1.0.md | 红楼梦探佚_稳定ACTIVE过程文档体系_v4.0/R4-H_稳定ACTIVE_v4.0放行报告_v1.0.md | R4-H_稳定ACTIVE_v4.0放行报告_v1.0.md
12b8682b3637c079c9219e38c0f05840653d6bc5d0f87df9e0b7246094d90f78,红楼梦探佚_全量文档体系_重整版_v4.2.zip,红楼梦探佚_全量文档体系_重整版_v4.2/10_R4全链审计与纠偏全过程/05_R4中间版本链_只读/00_当前操作链索引_v4.0.md,00_当前操作链索引_v4.0.md,746,3,当前工作区散件; 红楼梦探佚_全量文档体系_重整版_v4.2.zip; 红楼梦探佚_稳定ACTIVE过程文档体系_v4.0.zip,GOVERNANCE,governance.project_state,data/registry/releases.yaml + config/project_state.yaml,STRUCTURE_PROJECT_STATE,PARTIAL,P2,HISTORICAL,NO,项目状态/版本纪律；只提取当前有效规则，旧版保留谱系。,红楼梦探佚_全量文档体系_重整版_v4.2/10_R4全链审计与纠偏全过程/05_R4中间版本链_只读/00_当前操作链索引_v4.0.md | 红楼梦探佚_稳定ACTIVE过程文档体系_v4.0/00_当前操作链索引_v4.0.md | 00_当前操作链索引_v4.0.md
f1de52e99f65bcc86fa95910fc416dfc5332614e85cbc6bb72c2dffce8e29f2d,红楼梦探佚_全量文档体系_重整版_v4.2.zip,红楼梦探佚_全量文档体系_重整版_v4.2/10_R4全链审计与纠偏全过程/05_R4中间版本链_只读/81—100_二十回全幅补完卡_v2.2_R4C位置修复版.md,81—100_二十回全幅补完卡_v2.2_R4C位置修复版.md,59573,2,当前工作区散件; 红楼梦探佚_全量文档体系_重整版_v4.2.zip,RECONSTRUCTION,reconstruction.chapter_plan,data/chapter_plans/ch81_100.yaml + data/scenes/*,SPLIT_20_CHAPTER_PLANS,NONE,P0,REFERENCE,REFERENCE,拆为20回chapter contract/scene plan；不得把工作回目误当证据。,红楼梦探佚_全量文档体系_重整版_v4.2/10_R4全链审计与纠偏全过程/05_R4中间版本链_只读/81—100_二十回全幅补完卡_v2.2_R4C位置修复版.md | 81—100_二十回全幅补完卡_v2.2_R4C位置修复版.md
423b4dc9fb813c678b29c0d30d679bcdf475c961ca9ee5759a1aed614774c881,红楼梦探佚_全量文档体系_重整版_v4.2.zip,红楼梦探佚_全量文档体系_重整版_v4.2/10_R4全链审计与纠偏全过程/05_R4中间版本链_只读/81—100_二十回全幅补完卡_v2.3_R4D同步版.md,81—100_二十回全幅补完卡_v2.3_R4D同步版.md,59847,2,当前工作区散件; 红楼梦探佚_全量文档体系_重整版_v4.2.zip,RECONSTRUCTION,reconstruction.chapter_plan,data/chapter_plans/ch81_100.yaml + data/scenes/*,SPLIT_20_CHAPTER_PLANS,NONE,P0,REFERENCE,REFERENCE,拆为20回chapter contract/scene plan；不得把工作回目误当证据。,红楼梦探佚_全量文档体系_重整版_v4.2/10_R4全链审计与纠偏全过程/05_R4中间版本链_只读/81—100_二十回全幅补完卡_v2.3_R4D同步版.md | 81—100_二十回全幅补完卡_v2.3_R4D同步版.md
c44c2007def0bb75a6d30f072eb6fcbe02bedcb977c8c0ffc8ad89a40f76ff9c,红楼梦探佚_全量文档体系_重整版_v4.2.zip,红楼梦探佚_全量文档体系_重整版_v4.2/10_R4全链审计与纠偏全过程/05_R4中间版本链_只读/81—100_保护锁与不可破坏细节表_v2.2_R4G终审版.md,81—100_保护锁与不可破坏细节表_v2.2_R4G终审版.md,16872,3,当前工作区散件; 红楼梦探佚_全量文档体系_重整版_v4.2.zip; 红楼梦探佚_稳定ACTIVE过程文档体系_v4.0.zip,LOCK,lock.literary_plock,data/plocks/ch81_100.yaml,SPLIT_PLOCKS,PARTIAL,P0,REFERENCE,REFERENCE,当前Harness仅5个高风险P-Lock，需补齐全表。,红楼梦探佚_全量文档体系_重整版_v4.2/10_R4全链审计与纠偏全过程/05_R4中间版本链_只读/81—100_保护锁与不可破坏细节表_v2.2_R4G终审版.md | 红楼梦探佚_稳定ACTIVE过程文档体系_v4.0/81—100_保护锁与不可破坏细节表_v2.2_R4G终审版.md | 81—100_保护锁与不可破坏细节表_v2.2_R4G终审版.md
504954615f893439ab599787012a43fb4ae7f70704655f5ee4b3e668744516f8,红楼梦探佚_全量文档体系_重整版_v4.2.zip,红楼梦探佚_全量文档体系_重整版_v4.2/10_R4全链审计与纠偏全过程/05_R4中间版本链_只读/81—100_正文实施事实登记表_v1.3_R4C位置修复版.md,81—100_正文实施事实登记表_v1.3_R4C位置修复版.md,3075,2,当前工作区散件; 红楼梦探佚_全量文档体系_重整版_v4.2.zip,IMPLEMENTATION,implementation.register,data/implementations/ch81_100.yaml,IMPORT_IMPLEMENTATION_REGISTER,PARTIAL,P0,REFERENCE,REFERENCE,当前正文如何实现≠证据；需绑定body locator。,红楼梦探佚_全量文档体系_重整版_v4.2/10_R4全链审计与纠偏全过程/05_R4中间版本链_只读/81—100_正文实施事实登记表_v1.3_R4C位置修复版.md | 81—100_正文实施事实登记表_v1.3_R4C位置修复版.md
2f4e108156c34ecaab360dc161826ed3e3e21da34cbb0fa3cae76d806ac621b7,红楼梦探佚_全量文档体系_重整版_v4.2.zip,红楼梦探佚_全量文档体系_重整版_v4.2/10_R4全链审计与纠偏全过程/05_R4中间版本链_只读/81—100_正文实施事实登记表_v1.4_R4D同步版.md,81—100_正文实施事实登记表_v1.4_R4D同步版.md,4857,2,当前工作区散件; 红楼梦探佚_全量文档体系_重整版_v4.2.zip,IMPLEMENTATION,implementation.register,data/implementations/ch81_100.yaml,IMPORT_IMPLEMENTATION_REGISTER,PARTIAL,P0,REFERENCE,REFERENCE,当前正文如何实现≠证据；需绑定body locator。,红楼梦探佚_全量文档体系_重整版_v4.2/10_R4全链审计与纠偏全过程/05_R4中间版本链_只读/81—100_正文实施事实登记表_v1.4_R4D同步版.md | 81—100_正文实施事实登记表_v1.4_R4D同步版.md
bbc63c383b7abb79c6e02b64e77d810c6f61de1deb561fa5c891159c8ff0cbed,红楼梦探佚_全量文档体系_重整版_v4.2.zip,红楼梦探佚_全量文档体系_重整版_v4.2/10_R4全链审计与纠偏全过程/05_R4中间版本链_只读/81—100_正文实施事实登记表_v1.5_R4F边界同步版.md,81—100_正文实施事实登记表_v1.5_R4F边界同步版.md,5415,3,当前工作区散件; 红楼梦探佚_全量文档体系_重整版_v4.2.zip; 红楼梦探佚_稳定ACTIVE过程文档体系_v4.0.zip,IMPLEMENTATION,implementation.register,data/implementations/ch81_100.yaml,IMPORT_IMPLEMENTATION_REGISTER,PARTIAL,P0,REFERENCE,REFERENCE,当前正文如何实现≠证据；需绑定body locator。,红楼梦探佚_全量文档体系_重整版_v4.2/10_R4全链审计与纠偏全过程/05_R4中间版本链_只读/81—100_正文实施事实登记表_v1.5_R4F边界同步版.md | 红楼梦探佚_稳定ACTIVE过程文档体系_v4.0/81—100_正文实施事实登记表_v1.5_R4F边界同步版.md | 81—100_正文实施事实登记表_v1.5_R4F边界同步版.md
fc3a4375120644edf5ade936d5eae26f3ebcb303f7d25f0b220c3be8ca330035,红楼梦探佚_全量文档体系_重整版_v4.2.zip,红楼梦探佚_全量文档体系_重整版_v4.2/10_R4全链审计与纠偏全过程/05_R4中间版本链_只读/R4_活动链状态_v1.0_R4D_PASS.md,R4_活动链状态_v1.0_R4D_PASS.md,1152,2,当前工作区散件; 红楼梦探佚_全量文档体系_重整版_v4.2.zip,GOVERNANCE,governance.project_state,data/registry/releases.yaml + config/project_state.yaml,STRUCTURE_PROJECT_STATE,PARTIAL,P2,HISTORICAL,NO,项目状态/版本纪律；只提取当前有效规则，旧版保留谱系。,红楼梦探佚_全量文档体系_重整版_v4.2/10_R4全链审计与纠偏全过程/05_R4中间版本链_只读/R4_活动链状态_v1.0_R4D_PASS.md | R4_活动链状态_v1.0_R4D_PASS.md
c618926334f36d3bf9de2de1a997ca8f72c70fc41568b7e6d0a84094716a94da,红楼梦探佚_全量文档体系_重整版_v4.2.zip,红楼梦探佚_全量文档体系_重整版_v4.2/10_R4全链审计与纠偏全过程/05_R4中间版本链_只读/R4_活动链状态_v1.1_R4E_PASS.md,R4_活动链状态_v1.1_R4E_PASS.md,1010,2,当前工作区散件; 红楼梦探佚_全量文档体系_重整版_v4.2.zip,GOVERNANCE,governance.project_state,data/registry/releases.yaml + config/project_state.yaml,STRUCTURE_PROJECT_STATE,PARTIAL,P2,HISTORICAL,NO,项目状态/版本纪律；只提取当前有效规则，旧版保留谱系。,红楼梦探佚_全量文档体系_重整版_v4.2/10_R4全链审计与纠偏全过程/05_R4中间版本链_只读/R4_活动链状态_v1.1_R4E_PASS.md | R4_活动链状态_v1.1_R4E_PASS.md
cc4e7b14bc06c5361f888788fbd1d5782e4141a15be85fc909d1978a6c132b43,红楼梦探佚_全量文档体系_重整版_v4.2.zip,红楼梦探佚_全量文档体系_重整版_v4.2/10_R4全链审计与纠偏全过程/05_R4中间版本链_只读/R4_活动链状态_v1.2_R4F_PASS.md,R4_活动链状态_v1.2_R4F_PASS.md,972,2,当前工作区散件; 红楼梦探佚_全量文档体系_重整版_v4.2.zip,GOVERNANCE,governance.project_state,data/registry/releases.yaml + config/project_state.yaml,STRUCTURE_PROJECT_STATE,PARTIAL,P2,HISTORICAL,NO,项目状态/版本纪律；只提取当前有效规则，旧版保留谱系。,红楼梦探佚_全量文档体系_重整版_v4.2/10_R4全链审计与纠偏全过程/05_R4中间版本链_只读/R4_活动链状态_v1.2_R4F_PASS.md | R4_活动链状态_v1.2_R4F_PASS.md
c1bfab152ae2e95f971fa999c2f47b6c94b80a1af4cf2aa2609a43c0742bf206,红楼梦探佚_全量文档体系_重整版_v4.2.zip,红楼梦探佚_全量文档体系_重整版_v4.2/10_R4全链审计与纠偏全过程/05_R4中间版本链_只读/R4_活动链状态_v1.3_R4_COMPLETE.md,R4_活动链状态_v1.3_R4_COMPLETE.md,733,3,当前工作区散件; 红楼梦探佚_全量文档体系_重整版_v4.2.zip; 红楼梦探佚_稳定ACTIVE过程文档体系_v4.0.zip,GOVERNANCE,governance.project_state,data/registry/releases.yaml + config/project_state.yaml,STRUCTURE_PROJECT_STATE,PARTIAL,P2,HISTORICAL,NO,项目状态/版本纪律；只提取当前有效规则，旧版保留谱系。,红楼梦探佚_全量文档体系_重整版_v4.2/10_R4全链审计与纠偏全过程/05_R4中间版本链_只读/R4_活动链状态_v1.3_R4_COMPLETE.md | 红楼梦探佚_稳定ACTIVE过程文档体系_v4.0/R4_活动链状态_v1.3_R4_COMPLETE.md | R4_活动链状态_v1.3_R4_COMPLETE.md
8cc7a2a8c9aaeea62918cfcf270544160f7ac6a1169af0553d6d2041b0f34056,红楼梦探佚_全量文档体系_重整版_v4.2.zip,红楼梦探佚_全量文档体系_重整版_v4.2/10_R4全链审计与纠偏全过程/05_R4中间版本链_只读/红楼梦八十回后全幅文学补完大工程计划_v5.9_R4通过版.md,红楼梦八十回后全幅文学补完大工程计划_v5.9_R4通过版.md,9173,3,当前工作区散件; 红楼梦探佚_全量文档体系_重整版_v4.2.zip; 红楼梦探佚_稳定ACTIVE过程文档体系_v4.0.zip,GOVERNANCE,governance.project_state,data/registry/releases.yaml + config/project_state.yaml,STRUCTURE_PROJECT_STATE,PARTIAL,P2,HISTORICAL,NO,项目状态/版本纪律；只提取当前有效规则，旧版保留谱系。,红楼梦探佚_全量文档体系_重整版_v4.2/10_R4全链审计与纠偏全过程/05_R4中间版本链_只读/红楼梦八十回后全幅文学补完大工程计划_v5.9_R4通过版.md | 红楼梦探佚_稳定ACTIVE过程文档体系_v4.0/红楼梦八十回后全幅文学补完大工程计划_v5.9_R4通过版.md | 红楼梦八十回后全幅文学补完大工程计划_v5.9_R4通过版.md
8c853f6e7e43d7b1805fa306eab1ece796e23e04f8759579707a4cf81c60f5b9,红楼梦探佚_全量文档体系_重整版_v4.2.zip,红楼梦探佚_全量文档体系_重整版_v4.2/10_R4全链审计与纠偏全过程/README_使用边界.md,README_使用边界.md,206,1,红楼梦探佚_全量文档体系_重整版_v4.2.zip,REGISTRY,registry.document_metadata,data/registry/documents.yaml,REGISTER_DOCUMENT,NONE,P1,REFERENCE,REFERENCE,文档级元数据/说明；不直接驱动剧情。,红楼梦探佚_全量文档体系_重整版_v4.2/10_R4全链审计与纠偏全过程/README_使用边界.md
f2227fd0f21d5bc78825bb30e1fa450d64c2b5d45dfda0e2a916df9665c7e622,红楼梦探佚_全量文档体系_重整版_v4.2.zip,红楼梦探佚_全量文档体系_重整版_v4.2/11_P0_R1_R2_R3审计与事故复盘/01_R3历史过程补档/81—100_二十回全幅补完卡_v1.0.md,81—100_二十回全幅补完卡_v1.0.md,55490,3,红楼梦探佚_全量文档体系_重整版_v4.2.zip; 红楼梦探佚_截至R3_全量文档体系整理_v3.4(1).zip,RECONSTRUCTION,reconstruction.chapter_plan,data/chapter_plans/ch81_100.yaml + data/scenes/*,SPLIT_20_CHAPTER_PLANS,NONE,P0,REFERENCE,REFERENCE,拆为20回chapter contract/scene plan；不得把工作回目误当证据。,红楼梦探佚_全量文档体系_重整版_v4.2/11_P0_R1_R2_R3审计与事故复盘/01_R3历史过程补档/81—100_二十回全幅补完卡_v1.0.md | 红楼梦探佚_全量文档体系_重整版_v4.2/90_三套来源包完整快照_只读/R3全量_v3.4/98_历史过程补档_只读/81—100_二十回全幅补完卡_v1.0.md | 红楼梦探佚_截至R3_全量文档体系整理_v3.4/98_历史过程补档_只读/81—100_二十回全幅补完卡_v1.0.md
395773b9bc558a31ae9298e443ce24aecb2229a716253a8c1fe35d9ab78a98ab,红楼梦探佚_全量文档体系_重整版_v4.2.zip,红楼梦探佚_全量文档体系_重整版_v4.2/11_P0_R1_R2_R3审计与事故复盘/01_R3历史过程补档/81—100_二十回全幅补完卡_v1.1_P0回归版.md,81—100_二十回全幅补完卡_v1.1_P0回归版.md,56949,3,红楼梦探佚_全量文档体系_重整版_v4.2.zip; 红楼梦探佚_截至R3_全量文档体系整理_v3.4(1).zip,RECONSTRUCTION,reconstruction.chapter_plan,data/chapter_plans/ch81_100.yaml + data/scenes/*,SPLIT_20_CHAPTER_PLANS,NONE,P0,REFERENCE,REFERENCE,拆为20回chapter contract/scene plan；不得把工作回目误当证据。,红楼梦探佚_全量文档体系_重整版_v4.2/11_P0_R1_R2_R3审计与事故复盘/01_R3历史过程补档/81—100_二十回全幅补完卡_v1.1_P0回归版.md | 红楼梦探佚_全量文档体系_重整版_v4.2/90_三套来源包完整快照_只读/R3全量_v3.4/98_历史过程补档_只读/81—100_二十回全幅补完卡_v1.1_P0回归版.md | 红楼梦探佚_截至R3_全量文档体系整理_v3.4/98_历史过程补档_只读/81—100_二十回全幅补完卡_v1.1_P0回归版.md
734718533ef8ced7cd358f583f9c247f7a90510c009d77cf9fe973d62e1c926e,红楼梦探佚_全量文档体系_重整版_v4.2.zip,红楼梦探佚_全量文档体系_重整版_v4.2/11_P0_R1_R2_R3审计与事故复盘/01_R3历史过程补档/81—100_二十回全幅补完卡_v1.2_V轴全量回归版.md,81—100_二十回全幅补完卡_v1.2_V轴全量回归版.md,58803,3,红楼梦探佚_全量文档体系_重整版_v4.2.zip; 红楼梦探佚_截至R3_全量文档体系整理_v3.4(1).zip,EVIDENCE,evidence.literal_target,data/literals/r4_literal_core.yaml,IMPORT_LITERAL_BOUNDARY,PARTIAL,P0,REFERENCE,REFERENCE,NOVEL/SOURCE/NAME/SEM/BOUNDARY/NEG。,红楼梦探佚_全量文档体系_重整版_v4.2/11_P0_R1_R2_R3审计与事故复盘/01_R3历史过程补档/81—100_二十回全幅补完卡_v1.2_V轴全量回归版.md | 红楼梦探佚_全量文档体系_重整版_v4.2/90_三套来源包完整快照_只读/R3全量_v3.4/98_历史过程补档_只读/81—100_二十回全幅补完卡_v1.2_V轴全量回归版.md | 红楼梦探佚_截至R3_全量文档体系整理_v3.4/98_历史过程补档_只读/81—100_二十回全幅补完卡_v1.2_V轴全量回归版.md
b594944a56f52d919b2dc853fb7fafea698bc7e5ba8fe6c455f62845b74804c4,红楼梦探佚_全量文档体系_重整版_v4.2.zip,红楼梦探佚_全量文档体系_重整版_v4.2/11_P0_R1_R2_R3审计与事故复盘/01_R3历史过程补档/81—100_二十回全幅补完卡_v1.3_C_D1裁定版.md,81—100_二十回全幅补完卡_v1.3_C_D1裁定版.md,58727,3,红楼梦探佚_全量文档体系_重整版_v4.2.zip; 红楼梦探佚_截至R3_全量文档体系整理_v3.4(1).zip,RECONSTRUCTION,reconstruction.chapter_plan,data/chapter_plans/ch81_100.yaml + data/scenes/*,SPLIT_20_CHAPTER_PLANS,NONE,P0,REFERENCE,REFERENCE,拆为20回chapter contract/scene plan；不得把工作回目误当证据。,红楼梦探佚_全量文档体系_重整版_v4.2/11_P0_R1_R2_R3审计与事故复盘/01_R3历史过程补档/81—100_二十回全幅补完卡_v1.3_C_D1裁定版.md | 红楼梦探佚_全量文档体系_重整版_v4.2/90_三套来源包完整快照_只读/R3全量_v3.4/98_历史过程补档_只读/81—100_二十回全幅补完卡_v1.3_C_D1裁定版.md | 红楼梦探佚_截至R3_全量文档体系整理_v3.4/98_历史过程补档_只读/81—100_二十回全幅补完卡_v1.3_C_D1裁定版.md
4a51126d57efbe757accbd4306ce583ef6ff064a404be1880c3e3c689ea9ccb4,红楼梦探佚_全量文档体系_重整版_v4.2.zip,红楼梦探佚_全量文档体系_重整版_v4.2/11_P0_R1_R2_R3审计与事故复盘/01_R3历史过程补档/81—100_二十回全幅补完卡_v1.4_D2弱证裁定版.md,81—100_二十回全幅补完卡_v1.4_D2弱证裁定版.md,59093,3,红楼梦探佚_全量文档体系_重整版_v4.2.zip; 红楼梦探佚_截至R3_全量文档体系整理_v3.4(1).zip,RECONSTRUCTION,reconstruction.chapter_plan,data/chapter_plans/ch81_100.yaml + data/scenes/*,SPLIT_20_CHAPTER_PLANS,NONE,P0,REFERENCE,REFERENCE,拆为20回chapter contract/scene plan；不得把工作回目误当证据。,红楼梦探佚_全量文档体系_重整版_v4.2/11_P0_R1_R2_R3审计与事故复盘/01_R3历史过程补档/81—100_二十回全幅补完卡_v1.4_D2弱证裁定版.md | 红楼梦探佚_全量文档体系_重整版_v4.2/90_三套来源包完整快照_只读/R3全量_v3.4/98_历史过程补档_只读/81—100_二十回全幅补完卡_v1.4_D2弱证裁定版.md | 红楼梦探佚_截至R3_全量文档体系整理_v3.4/98_历史过程补档_只读/81—100_二十回全幅补完卡_v1.4_D2弱证裁定版.md
4c190c48f816381d360216986f2813d07e55fa46999ee459ccc9f3ca7f140755,红楼梦探佚_全量文档体系_重整版_v4.2.zip,红楼梦探佚_全量文档体系_重整版_v4.2/11_P0_R1_R2_R3审计与事故复盘/01_R3历史过程补档/81—100_二十回全幅补完卡_v1.5_E回灌冻结版.md,81—100_二十回全幅补完卡_v1.5_E回灌冻结版.md,59390,3,红楼梦探佚_全量文档体系_重整版_v4.2.zip; 红楼梦探佚_截至R3_全量文档体系整理_v3.4(1).zip,RECONSTRUCTION,reconstruction.chapter_plan,data/chapter_plans/ch81_100.yaml + data/scenes/*,SPLIT_20_CHAPTER_PLANS,NONE,P0,REFERENCE,REFERENCE,拆为20回chapter contract/scene plan；不得把工作回目误当证据。,红楼梦探佚_全量文档体系_重整版_v4.2/11_P0_R1_R2_R3审计与事故复盘/01_R3历史过程补档/81—100_二十回全幅补完卡_v1.5_E回灌冻结版.md | 红楼梦探佚_全量文档体系_重整版_v4.2/90_三套来源包完整快照_只读/R3全量_v3.4/98_历史过程补档_只读/81—100_二十回全幅补完卡_v1.5_E回灌冻结版.md | 红楼梦探佚_截至R3_全量文档体系整理_v3.4/98_历史过程补档_只读/81—100_二十回全幅补完卡_v1.5_E回灌冻结版.md
65098e219524248837eade26c2198a3e215e2c0f444b67919255bcf4c73fdf30,红楼梦探佚_全量文档体系_重整版_v4.2.zip,红楼梦探佚_全量文档体系_重整版_v4.2/11_P0_R1_R2_R3审计与事故复盘/01_R3历史过程补档/81—100_二十回全幅补完卡_v1.6_P0关闭施工版.md,81—100_二十回全幅补完卡_v1.6_P0关闭施工版.md,59637,3,红楼梦探佚_全量文档体系_重整版_v4.2.zip; 红楼梦探佚_截至R3_全量文档体系整理_v3.4(1).zip,RECONSTRUCTION,reconstruction.chapter_plan,data/chapter_plans/ch81_100.yaml + data/scenes/*,SPLIT_20_CHAPTER_PLANS,NONE,P0,REFERENCE,REFERENCE,拆为20回chapter contract/scene plan；不得把工作回目误当证据。,红楼梦探佚_全量文档体系_重整版_v4.2/11_P0_R1_R2_R3审计与事故复盘/01_R3历史过程补档/81—100_二十回全幅补完卡_v1.6_P0关闭施工版.md | 红楼梦探佚_全量文档体系_重整版_v4.2/90_三套来源包完整快照_只读/R3全量_v3.4/98_历史过程补档_只读/81—100_二十回全幅补完卡_v1.6_P0关闭施工版.md | 红楼梦探佚_截至R3_全量文档体系整理_v3.4/98_历史过程补档_只读/81—100_二十回全幅补完卡_v1.6_P0关闭施工版.md
7fd75a6d9b22a43a838bdbe91303337c6f402866dfd797a646ac039a20655f11,红楼梦探佚_全量文档体系_重整版_v4.2.zip,红楼梦探佚_全量文档体系_重整版_v4.2/11_P0_R1_R2_R3审计与事故复盘/01_R3历史过程补档/81—100_人物新增诗文G层竞选总表_v1.0.md,81—100_人物新增诗文G层竞选总表_v1.0.md,24926,3,红楼梦探佚_全量文档体系_重整版_v4.2.zip; 红楼梦探佚_截至R3_全量文档体系整理_v3.4(1).zip,LITERARY_ECOLOGY,literary.generation_container,data/literary_ecology/poetry_generation_slots.yaml,IMPORT_GENERATION_CANDIDATES,NONE,P0,REFERENCE,REFERENCE,G层仅创作容器，不得升Evidence。,红楼梦探佚_全量文档体系_重整版_v4.2/11_P0_R1_R2_R3审计与事故复盘/01_R3历史过程补档/81—100_人物新增诗文G层竞选总表_v1.0.md | 红楼梦探佚_全量文档体系_重整版_v4.2/90_三套来源包完整快照_只读/R3全量_v3.4/98_历史过程补档_只读/81—100_人物新增诗文G层竞选总表_v1.0.md | 红楼梦探佚_截至R3_全量文档体系整理_v3.4/98_历史过程补档_只读/81—100_人物新增诗文G层竞选总表_v1.0.md
b4dcb1fc369eab496167d237b84b7b88994b1e5652918508e0bc307d654912bc,红楼梦探佚_全量文档体系_重整版_v4.2.zip,红楼梦探佚_全量文档体系_重整版_v4.2/11_P0_R1_R2_R3审计与事故复盘/01_R3历史过程补档/81—100_作者层韵文配置与三案竞选总表_v1.0.md,81—100_作者层韵文配置与三案竞选总表_v1.0.md,24056,3,红楼梦探佚_全量文档体系_重整版_v4.2.zip; 红楼梦探佚_截至R3_全量文档体系整理_v3.4(1).zip,LITERARY_ECOLOGY,literary.author_verse_policy,data/literary_ecology/author_verse.yaml,IMPORT_AUTHOR_VERSE_OPTIONS,NONE,P0,REFERENCE,REFERENCE,回前/回末/无诗三案等。,红楼梦探佚_全量文档体系_重整版_v4.2/11_P0_R1_R2_R3审计与事故复盘/01_R3历史过程补档/81—100_作者层韵文配置与三案竞选总表_v1.0.md | 红楼梦探佚_全量文档体系_重整版_v4.2/90_三套来源包完整快照_只读/R3全量_v3.4/98_历史过程补档_只读/81—100_作者层韵文配置与三案竞选总表_v1.0.md | 红楼梦探佚_截至R3_全量文档体系整理_v3.4/98_历史过程补档_只读/81—100_作者层韵文配置与三案竞选总表_v1.0.md
52a50bd411dd2717cd47f4b82c1622b4786496e72359abb026fb02ce70d15eeb,红楼梦探佚_全量文档体系_重整版_v4.2.zip,红楼梦探佚_全量文档体系_重整版_v4.2/11_P0_R1_R2_R3审计与事故复盘/01_R3历史过程补档/81—100_作者层韵文配置与三案竞选总表_v1.1_P0回归版.md,81—100_作者层韵文配置与三案竞选总表_v1.1_P0回归版.md,24301,3,红楼梦探佚_全量文档体系_重整版_v4.2.zip; 红楼梦探佚_截至R3_全量文档体系整理_v3.4(1).zip,LITERARY_ECOLOGY,literary.author_verse_policy,data/literary_ecology/author_verse.yaml,IMPORT_AUTHOR_VERSE_OPTIONS,NONE,P0,REFERENCE,REFERENCE,回前/回末/无诗三案等。,红楼梦探佚_全量文档体系_重整版_v4.2/11_P0_R1_R2_R3审计与事故复盘/01_R3历史过程补档/81—100_作者层韵文配置与三案竞选总表_v1.1_P0回归版.md | 红楼梦探佚_全量文档体系_重整版_v4.2/90_三套来源包完整快照_只读/R3全量_v3.4/98_历史过程补档_只读/81—100_作者层韵文配置与三案竞选总表_v1.1_P0回归版.md | 红楼梦探佚_截至R3_全量文档体系整理_v3.4/98_历史过程补档_只读/81—100_作者层韵文配置与三案竞选总表_v1.1_P0回归版.md
4d56ae1bed05a212c33f8bc1dc867605a50bdf40a3f2b0953fd1f292c82a1bd9,红楼梦探佚_全量文档体系_重整版_v4.2.zip,红楼梦探佚_全量文档体系_重整版_v4.2/11_P0_R1_R2_R3审计与事故复盘/01_R3历史过程补档/81—100_作者层韵文配置与三案竞选总表_v1.2_V轴全量回归版.md,81—100_作者层韵文配置与三案竞选总表_v1.2_V轴全量回归版.md,24428,3,红楼梦探佚_全量文档体系_重整版_v4.2.zip; 红楼梦探佚_截至R3_全量文档体系整理_v3.4(1).zip,EVIDENCE,evidence.literal_target,data/literals/r4_literal_core.yaml,IMPORT_LITERAL_BOUNDARY,PARTIAL,P0,REFERENCE,REFERENCE,NOVEL/SOURCE/NAME/SEM/BOUNDARY/NEG。,红楼梦探佚_全量文档体系_重整版_v4.2/11_P0_R1_R2_R3审计与事故复盘/01_R3历史过程补档/81—100_作者层韵文配置与三案竞选总表_v1.2_V轴全量回归版.md | 红楼梦探佚_全量文档体系_重整版_v4.2/90_三套来源包完整快照_只读/R3全量_v3.4/98_历史过程补档_只读/81—100_作者层韵文配置与三案竞选总表_v1.2_V轴全量回归版.md | 红楼梦探佚_截至R3_全量文档体系整理_v3.4/98_历史过程补档_只读/81—100_作者层韵文配置与三案竞选总表_v1.2_V轴全量回归版.md
6f30417c74b89de9f1b276acb784aed76119198e9d3c30161f2d6c1552f2c14e,红楼梦探佚_全量文档体系_重整版_v4.2.zip,红楼梦探佚_全量文档体系_重整版_v4.2/11_P0_R1_R2_R3审计与事故复盘/01_R3历史过程补档/81—100_作者层韵文配置与三案竞选总表_v1.3_C_D1裁定版.md,81—100_作者层韵文配置与三案竞选总表_v1.3_C_D1裁定版.md,24521,3,红楼梦探佚_全量文档体系_重整版_v4.2.zip; 红楼梦探佚_截至R3_全量文档体系整理_v3.4(1).zip,LITERARY_ECOLOGY,literary.author_verse_policy,data/literary_ecology/author_verse.yaml,IMPORT_AUTHOR_VERSE_OPTIONS,NONE,P0,REFERENCE,REFERENCE,回前/回末/无诗三案等。,红楼梦探佚_全量文档体系_重整版_v4.2/11_P0_R1_R2_R3审计与事故复盘/01_R3历史过程补档/81—100_作者层韵文配置与三案竞选总表_v1.3_C_D1裁定版.md | 红楼梦探佚_全量文档体系_重整版_v4.2/90_三套来源包完整快照_只读/R3全量_v3.4/98_历史过程补档_只读/81—100_作者层韵文配置与三案竞选总表_v1.3_C_D1裁定版.md | 红楼梦探佚_截至R3_全量文档体系整理_v3.4/98_历史过程补档_只读/81—100_作者层韵文配置与三案竞选总表_v1.3_C_D1裁定版.md
af9e8ef905a0f3d453eff365c086d9f70c041d884cf69d13f0c77f63bad0d815,红楼梦探佚_全量文档体系_重整版_v4.2.zip,红楼梦探佚_全量文档体系_重整版_v4.2/11_P0_R1_R2_R3审计与事故复盘/01_R3历史过程补档/81—100_保护锁与不可破坏细节表_v1.0.md,81—100_保护锁与不可破坏细节表_v1.0.md,11030,3,红楼梦探佚_全量文档体系_重整版_v4.2.zip; 红楼梦探佚_截至R3_全量文档体系整理_v3.4(1).zip,LOCK,lock.literary_plock,data/plocks/ch81_100.yaml,SPLIT_PLOCKS,PARTIAL,P0,REFERENCE,REFERENCE,当前Harness仅5个高风险P-Lock，需补齐全表。,红楼梦探佚_全量文档体系_重整版_v4.2/11_P0_R1_R2_R3审计与事故复盘/01_R3历史过程补档/81—100_保护锁与不可破坏细节表_v1.0.md | 红楼梦探佚_全量文档体系_重整版_v4.2/90_三套来源包完整快照_只读/R3全量_v3.4/98_历史过程补档_只读/81—100_保护锁与不可破坏细节表_v1.0.md | 红楼梦探佚_截至R3_全量文档体系整理_v3.4/98_历史过程补档_只读/81—100_保护锁与不可破坏细节表_v1.0.md
a673fd7b2567a451e08d2c7173ab2fe0ccbe84a74cf0d93792d0583fea4d9567,红楼梦探佚_全量文档体系_重整版_v4.2.zip,红楼梦探佚_全量文档体系_重整版_v4.2/11_P0_R1_R2_R3审计与事故复盘/01_R3历史过程补档/81—100_保护锁与不可破坏细节表_v1.1_P0回归版.md,81—100_保护锁与不可破坏细节表_v1.1_P0回归版.md,11976,3,红楼梦探佚_全量文档体系_重整版_v4.2.zip; 红楼梦探佚_截至R3_全量文档体系整理_v3.4(1).zip,LOCK,lock.literary_plock,data/plocks/ch81_100.yaml,SPLIT_PLOCKS,PARTIAL,P0,REFERENCE,REFERENCE,当前Harness仅5个高风险P-Lock，需补齐全表。,红楼梦探佚_全量文档体系_重整版_v4.2/11_P0_R1_R2_R3审计与事故复盘/01_R3历史过程补档/81—100_保护锁与不可破坏细节表_v1.1_P0回归版.md | 红楼梦探佚_全量文档体系_重整版_v4.2/90_三套来源包完整快照_只读/R3全量_v3.4/98_历史过程补档_只读/81—100_保护锁与不可破坏细节表_v1.1_P0回归版.md | 红楼梦探佚_截至R3_全量文档体系整理_v3.4/98_历史过程补档_只读/81—100_保护锁与不可破坏细节表_v1.1_P0回归版.md
1840d12d25424a164d326f9bab2de1c763278002600ea9bc6396e0832baffe58,红楼梦探佚_全量文档体系_重整版_v4.2.zip,红楼梦探佚_全量文档体系_重整版_v4.2/11_P0_R1_R2_R3审计与事故复盘/01_R3历史过程补档/81—100_保护锁与不可破坏细节表_v1.2_V轴全量回归版.md,81—100_保护锁与不可破坏细节表_v1.2_V轴全量回归版.md,12403,3,红楼梦探佚_全量文档体系_重整版_v4.2.zip; 红楼梦探佚_截至R3_全量文档体系整理_v3.4(1).zip,EVIDENCE,evidence.literal_target,data/literals/r4_literal_core.yaml,IMPORT_LITERAL_BOUNDARY,PARTIAL,P0,REFERENCE,REFERENCE,NOVEL/SOURCE/NAME/SEM/BOUNDARY/NEG。,红楼梦探佚_全量文档体系_重整版_v4.2/11_P0_R1_R2_R3审计与事故复盘/01_R3历史过程补档/81—100_保护锁与不可破坏细节表_v1.2_V轴全量回归版.md | 红楼梦探佚_全量文档体系_重整版_v4.2/90_三套来源包完整快照_只读/R3全量_v3.4/98_历史过程补档_只读/81—100_保护锁与不可破坏细节表_v1.2_V轴全量回归版.md | 红楼梦探佚_截至R3_全量文档体系整理_v3.4/98_历史过程补档_只读/81—100_保护锁与不可破坏细节表_v1.2_V轴全量回归版.md
7c60c7ca5889a57412e646686bda30ecbab33189ee740d3bb8d5d7c24d63bf56,红楼梦探佚_全量文档体系_重整版_v4.2.zip,红楼梦探佚_全量文档体系_重整版_v4.2/11_P0_R1_R2_R3审计与事故复盘/01_R3历史过程补档/81—100_保护锁与不可破坏细节表_v1.3_C_D1裁定版.md,81—100_保护锁与不可破坏细节表_v1.3_C_D1裁定版.md,13007,3,红楼梦探佚_全量文档体系_重整版_v4.2.zip; 红楼梦探佚_截至R3_全量文档体系整理_v3.4(1).zip,LOCK,lock.literary_plock,data/plocks/ch81_100.yaml,SPLIT_PLOCKS,PARTIAL,P0,REFERENCE,REFERENCE,当前Harness仅5个高风险P-Lock，需补齐全表。,红楼梦探佚_全量文档体系_重整版_v4.2/11_P0_R1_R2_R3审计与事故复盘/01_R3历史过程补档/81—100_保护锁与不可破坏细节表_v1.3_C_D1裁定版.md | 红楼梦探佚_全量文档体系_重整版_v4.2/90_三套来源包完整快照_只读/R3全量_v3.4/98_历史过程补档_只读/81—100_保护锁与不可破坏细节表_v1.3_C_D1裁定版.md | 红楼梦探佚_截至R3_全量文档体系整理_v3.4/98_历史过程补档_只读/81—100_保护锁与不可破坏细节表_v1.3_C_D1裁定版.md
0ee8383bcf2cb1eeaaf50d781542e1ba772f60ea7a12828d32062b2161375046,红楼梦探佚_全量文档体系_重整版_v4.2.zip,红楼梦探佚_全量文档体系_重整版_v4.2/11_P0_R1_R2_R3审计与事故复盘/01_R3历史过程补档/81—100_保护锁与不可破坏细节表_v1.4_D2弱证裁定版.md,81—100_保护锁与不可破坏细节表_v1.4_D2弱证裁定版.md,13707,3,红楼梦探佚_全量文档体系_重整版_v4.2.zip; 红楼梦探佚_截至R3_全量文档体系整理_v3.4(1).zip,LOCK,lock.literary_plock,data/plocks/ch81_100.yaml,SPLIT_PLOCKS,PARTIAL,P0,REFERENCE,REFERENCE,当前Harness仅5个高风险P-Lock，需补齐全表。,红楼梦探佚_全量文档体系_重整版_v4.2/11_P0_R1_R2_R3审计与事故复盘/01_R3历史过程补档/81—100_保护锁与不可破坏细节表_v1.4_D2弱证裁定版.md | 红楼梦探佚_全量文档体系_重整版_v4.2/90_三套来源包完整快照_只读/R3全量_v3.4/98_历史过程补档_只读/81—100_保护锁与不可破坏细节表_v1.4_D2弱证裁定版.md | 红楼梦探佚_截至R3_全量文档体系整理_v3.4/98_历史过程补档_只读/81—100_保护锁与不可破坏细节表_v1.4_D2弱证裁定版.md
dd892bbebcb4ddb4d7bb24537b667868e5a7203b36aa2e14a94f26bc5965f499,红楼梦探佚_全量文档体系_重整版_v4.2.zip,红楼梦探佚_全量文档体系_重整版_v4.2/11_P0_R1_R2_R3审计与事故复盘/01_R3历史过程补档/81—100_保护锁与不可破坏细节表_v1.5_E回灌冻结版.md,81—100_保护锁与不可破坏细节表_v1.5_E回灌冻结版.md,14280,3,红楼梦探佚_全量文档体系_重整版_v4.2.zip; 红楼梦探佚_截至R3_全量文档体系整理_v3.4(1).zip,LOCK,lock.literary_plock,data/plocks/ch81_100.yaml,SPLIT_PLOCKS,PARTIAL,P0,REFERENCE,REFERENCE,当前Harness仅5个高风险P-Lock，需补齐全表。,红楼梦探佚_全量文档体系_重整版_v4.2/11_P0_R1_R2_R3审计与事故复盘/01_R3历史过程补档/81—100_保护锁与不可破坏细节表_v1.5_E回灌冻结版.md | 红楼梦探佚_全量文档体系_重整版_v4.2/90_三套来源包完整快照_只读/R3全量_v3.4/98_历史过程补档_只读/81—100_保护锁与不可破坏细节表_v1.5_E回灌冻结版.md | 红楼梦探佚_截至R3_全量文档体系整理_v3.4/98_历史过程补档_只读/81—100_保护锁与不可破坏细节表_v1.5_E回灌冻结版.md
12bd007a7451cd2b30a385275a0157bc5a03b113e73b3e5b4385667777109396,红楼梦探佚_全量文档体系_重整版_v4.2.zip,红楼梦探佚_全量文档体系_重整版_v4.2/11_P0_R1_R2_R3审计与事故复盘/01_R3历史过程补档/81—100_保护锁与不可破坏细节表_v1.6_P0关闭版.md,81—100_保护锁与不可破坏细节表_v1.6_P0关闭版.md,14517,3,红楼梦探佚_全量文档体系_重整版_v4.2.zip; 红楼梦探佚_截至R3_全量文档体系整理_v3.4(1).zip,LOCK,lock.literary_plock,data/plocks/ch81_100.yaml,SPLIT_PLOCKS,PARTIAL,P0,REFERENCE,REFERENCE,当前Harness仅5个高风险P-Lock，需补齐全表。,红楼梦探佚_全量文档体系_重整版_v4.2/11_P0_R1_R2_R3审计与事故复盘/01_R3历史过程补档/81—100_保护锁与不可破坏细节表_v1.6_P0关闭版.md | 红楼梦探佚_全量文档体系_重整版_v4.2/90_三套来源包完整快照_只读/R3全量_v3.4/98_历史过程补档_只读/81—100_保护锁与不可破坏细节表_v1.6_P0关闭版.md | 红楼梦探佚_截至R3_全量文档体系整理_v3.4/98_历史过程补档_只读/81—100_保护锁与不可破坏细节表_v1.6_P0关闭版.md
2371bc542fba79484859103dfb44a8e7b3fc0c231d963f983d389c75ff8f0597,红楼梦探佚_全量文档体系_重整版_v4.2.zip,红楼梦探佚_全量文档体系_重整版_v4.2/11_P0_R1_R2_R3审计与事故复盘/01_R3历史过程补档/81—100_医学身体饮食婚丧礼俗补完表_v1.0.md,81—100_医学身体饮食婚丧礼俗补完表_v1.0.md,28373,3,红楼梦探佚_全量文档体系_重整版_v4.2.zip; 红楼梦探佚_截至R3_全量文档体系整理_v3.4(1).zip,WORLD_LITERARY,world.health_ritual + literary.body,data/health/post80.yaml + data/rituals/post80.yaml,SPLIT_HEALTH_RITUAL_LITERARY,NONE,P0,REFERENCE,REFERENCE,身体/饮食/婚丧须通过劳务与人物运行。,红楼梦探佚_全量文档体系_重整版_v4.2/11_P0_R1_R2_R3审计与事故复盘/01_R3历史过程补档/81—100_医学身体饮食婚丧礼俗补完表_v1.0.md | 红楼梦探佚_全量文档体系_重整版_v4.2/90_三套来源包完整快照_只读/R3全量_v3.4/98_历史过程补档_只读/81—100_医学身体饮食婚丧礼俗补完表_v1.0.md | 红楼梦探佚_截至R3_全量文档体系整理_v3.4/98_历史过程补档_只读/81—100_医学身体饮食婚丧礼俗补完表_v1.0.md
467d7ba914bd4e3826b0f99903c5e2656cf4be3a9875eae7e54958d8fa844267,红楼梦探佚_全量文档体系_重整版_v4.2.zip,红楼梦探佚_全量文档体系_重整版_v4.2/11_P0_R1_R2_R3审计与事故复盘/01_R3历史过程补档/81—100_十二维文学文化缺口总表_v1.0.md,81—100_十二维文学文化缺口总表_v1.0.md,27818,3,红楼梦探佚_全量文档体系_重整版_v4.2.zip; 红楼梦探佚_截至R3_全量文档体系整理_v3.4(1).zip,PLANNING,planning.chapter_gap,data/planning/chapter_gaps.yaml,IMPORT_GAP_MODEL,NONE,P0,REFERENCE,REFERENCE,Step34缺口模型，文学施工环境核心。,红楼梦探佚_全量文档体系_重整版_v4.2/11_P0_R1_R2_R3审计与事故复盘/01_R3历史过程补档/81—100_十二维文学文化缺口总表_v1.0.md | 红楼梦探佚_全量文档体系_重整版_v4.2/90_三套来源包完整快照_只读/R3全量_v3.4/98_历史过程补档_只读/81—100_十二维文学文化缺口总表_v1.0.md | 红楼梦探佚_截至R3_全量文档体系整理_v3.4/98_历史过程补档_只读/81—100_十二维文学文化缺口总表_v1.0.md
96d933a21dca1898acdeea81f5e8e6c8e2c1ddbaf54a431cb1774770e4038328,红楼梦探佚_全量文档体系_重整版_v4.2.zip,红楼梦探佚_全量文档体系_重整版_v4.2/11_P0_R1_R2_R3审计与事故复盘/01_R3历史过程补档/81—100_十二维文学文化缺口总表_v1.1_P0回归版.md,81—100_十二维文学文化缺口总表_v1.1_P0回归版.md,28351,3,红楼梦探佚_全量文档体系_重整版_v4.2.zip; 红楼梦探佚_截至R3_全量文档体系整理_v3.4(1).zip,PLANNING,planning.chapter_gap,data/planning/chapter_gaps.yaml,IMPORT_GAP_MODEL,NONE,P0,REFERENCE,REFERENCE,Step34缺口模型，文学施工环境核心。,红楼梦探佚_全量文档体系_重整版_v4.2/11_P0_R1_R2_R3审计与事故复盘/01_R3历史过程补档/81—100_十二维文学文化缺口总表_v1.1_P0回归版.md | 红楼梦探佚_全量文档体系_重整版_v4.2/90_三套来源包完整快照_只读/R3全量_v3.4/98_历史过程补档_只读/81—100_十二维文学文化缺口总表_v1.1_P0回归版.md | 红楼梦探佚_截至R3_全量文档体系整理_v3.4/98_历史过程补档_只读/81—100_十二维文学文化缺口总表_v1.1_P0回归版.md
4a278878a464c882820e97d2127f3e2691bbbae09cb917f590b83511bca1ef56,红楼梦探佚_全量文档体系_重整版_v4.2.zip,红楼梦探佚_全量文档体系_重整版_v4.2/11_P0_R1_R2_R3审计与事故复盘/01_R3历史过程补档/81—100_十二维文学文化缺口总表_v1.2_V轴全量回归版.md,81—100_十二维文学文化缺口总表_v1.2_V轴全量回归版.md,28525,3,红楼梦探佚_全量文档体系_重整版_v4.2.zip; 红楼梦探佚_截至R3_全量文档体系整理_v3.4(1).zip,EVIDENCE,evidence.literal_target,data/literals/r4_literal_core.yaml,IMPORT_LITERAL_BOUNDARY,PARTIAL,P0,REFERENCE,REFERENCE,NOVEL/SOURCE/NAME/SEM/BOUNDARY/NEG。,红楼梦探佚_全量文档体系_重整版_v4.2/11_P0_R1_R2_R3审计与事故复盘/01_R3历史过程补档/81—100_十二维文学文化缺口总表_v1.2_V轴全量回归版.md | 红楼梦探佚_全量文档体系_重整版_v4.2/90_三套来源包完整快照_只读/R3全量_v3.4/98_历史过程补档_只读/81—100_十二维文学文化缺口总表_v1.2_V轴全量回归版.md | 红楼梦探佚_截至R3_全量文档体系整理_v3.4/98_历史过程补档_只读/81—100_十二维文学文化缺口总表_v1.2_V轴全量回归版.md
339ff907b75562fd97bafb891c7c4e0946199e6ff644506c3c2a4dd5acc01c01,红楼梦探佚_全量文档体系_重整版_v4.2.zip,红楼梦探佚_全量文档体系_重整版_v4.2/11_P0_R1_R2_R3审计与事故复盘/01_R3历史过程补档/81—100_十二维文学文化缺口总表_v1.3_C_D1裁定版.md,81—100_十二维文学文化缺口总表_v1.3_C_D1裁定版.md,28422,3,红楼梦探佚_全量文档体系_重整版_v4.2.zip; 红楼梦探佚_截至R3_全量文档体系整理_v3.4(1).zip,PLANNING,planning.chapter_gap,data/planning/chapter_gaps.yaml,IMPORT_GAP_MODEL,NONE,P0,REFERENCE,REFERENCE,Step34缺口模型，文学施工环境核心。,红楼梦探佚_全量文档体系_重整版_v4.2/11_P0_R1_R2_R3审计与事故复盘/01_R3历史过程补档/81—100_十二维文学文化缺口总表_v1.3_C_D1裁定版.md | 红楼梦探佚_全量文档体系_重整版_v4.2/90_三套来源包完整快照_只读/R3全量_v3.4/98_历史过程补档_只读/81—100_十二维文学文化缺口总表_v1.3_C_D1裁定版.md | 红楼梦探佚_截至R3_全量文档体系整理_v3.4/98_历史过程补档_只读/81—100_十二维文学文化缺口总表_v1.3_C_D1裁定版.md
140b0b3084d040a21f5eae2b9df8c820e74ec024b4bd319ffc8b5f3a4b1fcea1,红楼梦探佚_全量文档体系_重整版_v4.2.zip,红楼梦探佚_全量文档体系_重整版_v4.2/11_P0_R1_R2_R3审计与事故复盘/01_R3历史过程补档/81—100_哲学宗教梦境情榜太虚深化方案_v1.0.md,81—100_哲学宗教梦境情榜太虚深化方案_v1.0.md,28308,3,红楼梦探佚_全量文档体系_重整版_v4.2.zip; 红楼梦探佚_截至R3_全量文档体系整理_v3.4(1).zip,LITERARY_ECOLOGY,literary.metaphysical_runtime,data/literary_ecology/metaphysical.yaml,IMPORT_METAPHYSICAL_OPTIONS,NONE,P0,REFERENCE,REFERENCE,形而上机制必须保留讽刺/世情/含混。,红楼梦探佚_全量文档体系_重整版_v4.2/11_P0_R1_R2_R3审计与事故复盘/01_R3历史过程补档/81—100_哲学宗教梦境情榜太虚深化方案_v1.0.md | 红楼梦探佚_全量文档体系_重整版_v4.2/90_三套来源包完整快照_只读/R3全量_v3.4/98_历史过程补档_只读/81—100_哲学宗教梦境情榜太虚深化方案_v1.0.md | 红楼梦探佚_截至R3_全量文档体系整理_v3.4/98_历史过程补档_只读/81—100_哲学宗教梦境情榜太虚深化方案_v1.0.md
35c9a70cb3aadbc674d524c28fbae0d17d3cd8a9521540fdff84d47ad563992a,红楼梦探佚_全量文档体系_重整版_v4.2.zip,红楼梦探佚_全量文档体系_重整版_v4.2/11_P0_R1_R2_R3审计与事故复盘/01_R3历史过程补档/81—100_旧文化生活定向补完表_v1.0.md,81—100_旧文化生活定向补完表_v1.0.md,23058,3,红楼梦探佚_全量文档体系_重整版_v4.2.zip; 红楼梦探佚_截至R3_全量文档体系整理_v3.4(1).zip,LITERARY_ECOLOGY,literary.cultural_gap_fill,data/literary_ecology/cultural_gaps.yaml,IMPORT_CULTURAL_GAPS,NONE,P0,REFERENCE,REFERENCE,后20旧文化生活分布计划。,红楼梦探佚_全量文档体系_重整版_v4.2/11_P0_R1_R2_R3审计与事故复盘/01_R3历史过程补档/81—100_旧文化生活定向补完表_v1.0.md | 红楼梦探佚_全量文档体系_重整版_v4.2/90_三套来源包完整快照_只读/R3全量_v3.4/98_历史过程补档_只读/81—100_旧文化生活定向补完表_v1.0.md | 红楼梦探佚_截至R3_全量文档体系整理_v3.4/98_历史过程补档_只读/81—100_旧文化生活定向补完表_v1.0.md
2d711c0fa4150adef3a5af9671a5092c0f155f60e5505ef73b504e7dc1602cf7,红楼梦探佚_全量文档体系_重整版_v4.2.zip,红楼梦探佚_全量文档体系_重整版_v4.2/11_P0_R1_R2_R3审计与事故复盘/01_R3历史过程补档/81—100_社会基础设施现金流职业世界总表_v1.0.md,81—100_社会基础设施现金流职业世界总表_v1.0.md,28413,3,红楼梦探佚_全量文档体系_重整版_v4.2.zip; 红楼梦探佚_截至R3_全量文档体系整理_v3.4(1).zip,WORLD,world.social_infrastructure,data/economy/infrastructure.yaml + data/occupations/post80.yaml,IMPORT_SOCIAL_INFRA,NONE,P0,REFERENCE,REFERENCE,现金流/职业/基础设施世界模型。,红楼梦探佚_全量文档体系_重整版_v4.2/11_P0_R1_R2_R3审计与事故复盘/01_R3历史过程补档/81—100_社会基础设施现金流职业世界总表_v1.0.md | 红楼梦探佚_全量文档体系_重整版_v4.2/90_三套来源包完整快照_只读/R3全量_v3.4/98_历史过程补档_只读/81—100_社会基础设施现金流职业世界总表_v1.0.md | 红楼梦探佚_截至R3_全量文档体系整理_v3.4/98_历史过程补档_只读/81—100_社会基础设施现金流职业世界总表_v1.0.md
e0951a7671658a4d8fc4af32ee34cb682e62538352b5350172b6a83b14ee1538,红楼梦探佚_全量文档体系_重整版_v4.2.zip,红楼梦探佚_全量文档体系_重整版_v4.2/11_P0_R1_R2_R3审计与事故复盘/01_R3历史过程补档/81—100_社会基础设施现金流职业世界总表_v1.1_D2弱证回归版.md,81—100_社会基础设施现金流职业世界总表_v1.1_D2弱证回归版.md,29249,3,红楼梦探佚_全量文档体系_重整版_v4.2.zip; 红楼梦探佚_截至R3_全量文档体系整理_v3.4(1).zip,WORLD,world.social_infrastructure,data/economy/infrastructure.yaml + data/occupations/post80.yaml,IMPORT_SOCIAL_INFRA,NONE,P0,REFERENCE,REFERENCE,现金流/职业/基础设施世界模型。,红楼梦探佚_全量文档体系_重整版_v4.2/11_P0_R1_R2_R3审计与事故复盘/01_R3历史过程补档/81—100_社会基础设施现金流职业世界总表_v1.1_D2弱证回归版.md | 红楼梦探佚_全量文档体系_重整版_v4.2/90_三套来源包完整快照_只读/R3全量_v3.4/98_历史过程补档_只读/81—100_社会基础设施现金流职业世界总表_v1.1_D2弱证回归版.md | 红楼梦探佚_截至R3_全量文档体系整理_v3.4/98_历史过程补档_只读/81—100_社会基础设施现金流职业世界总表_v1.1_D2弱证回归版.md
f2ff147b1ecbc574691dac6a7c1e3f939be0b1186e48f45ebe1b756a568d95df,红楼梦探佚_全量文档体系_重整版_v4.2.zip,红楼梦探佚_全量文档体系_重整版_v4.2/11_P0_R1_R2_R3审计与事故复盘/01_R3历史过程补档/81—100_被压缩形成过程与社会过程补完总表_v1.0.md,81—100_被压缩形成过程与社会过程补完总表_v1.0.md,38398,3,红楼梦探佚_全量文档体系_重整版_v4.2.zip; 红楼梦探佚_截至R3_全量文档体系整理_v3.4(1).zip,PLANNING,planning.social_process,data/planning/social_process_gaps.yaml,IMPORT_PROCESS_GAPS,NONE,P0,REFERENCE,REFERENCE,把“结果”恢复成形成过程、误会、跑腿、社会摩擦。,红楼梦探佚_全量文档体系_重整版_v4.2/11_P0_R1_R2_R3审计与事故复盘/01_R3历史过程补档/81—100_被压缩形成过程与社会过程补完总表_v1.0.md | 红楼梦探佚_全量文档体系_重整版_v4.2/90_三套来源包完整快照_只读/R3全量_v3.4/98_历史过程补档_只读/81—100_被压缩形成过程与社会过程补完总表_v1.0.md | 红楼梦探佚_截至R3_全量文档体系整理_v3.4/98_历史过程补档_只读/81—100_被压缩形成过程与社会过程补完总表_v1.0.md
1a486c64bc0dcce84a638ee684052626b08607094c33159efeaf3123e24c7b82,红楼梦探佚_全量文档体系_重整版_v4.2.zip,红楼梦探佚_全量文档体系_重整版_v4.2/11_P0_R1_R2_R3审计与事故复盘/01_R3历史过程补档/81—100_被压缩形成过程与社会过程补完总表_v1.1_P0回归版.md,81—100_被压缩形成过程与社会过程补完总表_v1.1_P0回归版.md,38855,3,红楼梦探佚_全量文档体系_重整版_v4.2.zip; 红楼梦探佚_截至R3_全量文档体系整理_v3.4(1).zip,PLANNING,planning.social_process,data/planning/social_process_gaps.yaml,IMPORT_PROCESS_GAPS,NONE,P0,REFERENCE,REFERENCE,把“结果”恢复成形成过程、误会、跑腿、社会摩擦。,红楼梦探佚_全量文档体系_重整版_v4.2/11_P0_R1_R2_R3审计与事故复盘/01_R3历史过程补档/81—100_被压缩形成过程与社会过程补完总表_v1.1_P0回归版.md | 红楼梦探佚_全量文档体系_重整版_v4.2/90_三套来源包完整快照_只读/R3全量_v3.4/98_历史过程补档_只读/81—100_被压缩形成过程与社会过程补完总表_v1.1_P0回归版.md | 红楼梦探佚_截至R3_全量文档体系整理_v3.4/98_历史过程补档_只读/81—100_被压缩形成过程与社会过程补完总表_v1.1_P0回归版.md
88f96cc22c7debba3333afa0871fdc0547d0fc2f319325a0eac617f52de60bd2,红楼梦探佚_全量文档体系_重整版_v4.2.zip,红楼梦探佚_全量文档体系_重整版_v4.2/11_P0_R1_R2_R3审计与事故复盘/01_R3历史过程补档/81—100_被压缩形成过程与社会过程补完总表_v1.2_V轴全量回归版.md,81—100_被压缩形成过程与社会过程补完总表_v1.2_V轴全量回归版.md,39513,3,红楼梦探佚_全量文档体系_重整版_v4.2.zip; 红楼梦探佚_截至R3_全量文档体系整理_v3.4(1).zip,EVIDENCE,evidence.literal_target,data/literals/r4_literal_core.yaml,IMPORT_LITERAL_BOUNDARY,PARTIAL,P0,REFERENCE,REFERENCE,NOVEL/SOURCE/NAME/SEM/BOUNDARY/NEG。,红楼梦探佚_全量文档体系_重整版_v4.2/11_P0_R1_R2_R3审计与事故复盘/01_R3历史过程补档/81—100_被压缩形成过程与社会过程补完总表_v1.2_V轴全量回归版.md | 红楼梦探佚_全量文档体系_重整版_v4.2/90_三套来源包完整快照_只读/R3全量_v3.4/98_历史过程补档_只读/81—100_被压缩形成过程与社会过程补完总表_v1.2_V轴全量回归版.md | 红楼梦探佚_截至R3_全量文档体系整理_v3.4/98_历史过程补档_只读/81—100_被压缩形成过程与社会过程补完总表_v1.2_V轴全量回归版.md
9635dc9dad76056dc3ef1e643963b069d00680d758018349fa8908240ed20ec4,红楼梦探佚_全量文档体系_重整版_v4.2.zip,红楼梦探佚_全量文档体系_重整版_v4.2/11_P0_R1_R2_R3审计与事故复盘/01_R3历史过程补档/81—100_被压缩形成过程与社会过程补完总表_v1.3_C_D1裁定版.md,81—100_被压缩形成过程与社会过程补完总表_v1.3_C_D1裁定版.md,39428,3,红楼梦探佚_全量文档体系_重整版_v4.2.zip; 红楼梦探佚_截至R3_全量文档体系整理_v3.4(1).zip,PLANNING,planning.social_process,data/planning/social_process_gaps.yaml,IMPORT_PROCESS_GAPS,NONE,P0,REFERENCE,REFERENCE,把“结果”恢复成形成过程、误会、跑腿、社会摩擦。,红楼梦探佚_全量文档体系_重整版_v4.2/11_P0_R1_R2_R3审计与事故复盘/01_R3历史过程补档/81—100_被压缩形成过程与社会过程补完总表_v1.3_C_D1裁定版.md | 红楼梦探佚_全量文档体系_重整版_v4.2/90_三套来源包完整快照_只读/R3全量_v3.4/98_历史过程补档_只读/81—100_被压缩形成过程与社会过程补完总表_v1.3_C_D1裁定版.md | 红楼梦探佚_截至R3_全量文档体系整理_v3.4/98_历史过程补档_只读/81—100_被压缩形成过程与社会过程补完总表_v1.3_C_D1裁定版.md
9437bda004dc1030b4a3901ce0610c4ec0b865c502112934d5abfdde9b707de4,红楼梦探佚_全量文档体系_重整版_v4.2.zip,红楼梦探佚_全量文档体系_重整版_v4.2/11_P0_R1_R2_R3审计与事故复盘/01_R3历史过程补档/81—100_被压缩形成过程与社会过程补完总表_v1.4_D2弱证裁定版.md,81—100_被压缩形成过程与社会过程补完总表_v1.4_D2弱证裁定版.md,39508,3,红楼梦探佚_全量文档体系_重整版_v4.2.zip; 红楼梦探佚_截至R3_全量文档体系整理_v3.4(1).zip,PLANNING,planning.social_process,data/planning/social_process_gaps.yaml,IMPORT_PROCESS_GAPS,NONE,P0,REFERENCE,REFERENCE,把“结果”恢复成形成过程、误会、跑腿、社会摩擦。,红楼梦探佚_全量文档体系_重整版_v4.2/11_P0_R1_R2_R3审计与事故复盘/01_R3历史过程补档/81—100_被压缩形成过程与社会过程补完总表_v1.4_D2弱证裁定版.md | 红楼梦探佚_全量文档体系_重整版_v4.2/90_三套来源包完整快照_只读/R3全量_v3.4/98_历史过程补档_只读/81—100_被压缩形成过程与社会过程补完总表_v1.4_D2弱证裁定版.md | 红楼梦探佚_截至R3_全量文档体系整理_v3.4/98_历史过程补档_只读/81—100_被压缩形成过程与社会过程补完总表_v1.4_D2弱证裁定版.md
d9f57feeb7fbbbf9df56f7a23b3e3ffcf4e5ba736d3965d6b95ca30a947d91b1,红楼梦探佚_全量文档体系_重整版_v4.2.zip,红楼梦探佚_全量文档体系_重整版_v4.2/11_P0_R1_R2_R3审计与事故复盘/01_R3历史过程补档/81—100_运行性前置状态总表_v1.0.md,81—100_运行性前置状态总表_v1.0.md,18579,3,红楼梦探佚_全量文档体系_重整版_v4.2.zip; 红楼梦探佚_截至R3_全量文档体系整理_v3.4(1).zip,WORLD,world.runtime_preconditions,data/world_states/preconditions.yaml,IMPORT_RUNTIME_PRECONDITIONS,NONE,P0,REFERENCE,REFERENCE,正文启动前运行性前置状态。,红楼梦探佚_全量文档体系_重整版_v4.2/11_P0_R1_R2_R3审计与事故复盘/01_R3历史过程补档/81—100_运行性前置状态总表_v1.0.md | 红楼梦探佚_全量文档体系_重整版_v4.2/90_三套来源包完整快照_只读/R3全量_v3.4/98_历史过程补档_只读/81—100_运行性前置状态总表_v1.0.md | 红楼梦探佚_截至R3_全量文档体系整理_v3.4/98_历史过程补档_只读/81—100_运行性前置状态总表_v1.0.md
32e817a5b185ae6b7bb37329cf26a7b873510703a91d7a2f88737d213c114cc6,红楼梦探佚_全量文档体系_重整版_v4.2.zip,红楼梦探佚_全量文档体系_重整版_v4.2/11_P0_R1_R2_R3审计与事故复盘/01_R3历史过程补档/81—100_运行性前置状态总表_v1.1_P0回归版.md,81—100_运行性前置状态总表_v1.1_P0回归版.md,19175,3,红楼梦探佚_全量文档体系_重整版_v4.2.zip; 红楼梦探佚_截至R3_全量文档体系整理_v3.4(1).zip,WORLD,world.runtime_preconditions,data/world_states/preconditions.yaml,IMPORT_RUNTIME_PRECONDITIONS,NONE,P0,REFERENCE,REFERENCE,正文启动前运行性前置状态。,红楼梦探佚_全量文档体系_重整版_v4.2/11_P0_R1_R2_R3审计与事故复盘/01_R3历史过程补档/81—100_运行性前置状态总表_v1.1_P0回归版.md | 红楼梦探佚_全量文档体系_重整版_v4.2/90_三套来源包完整快照_只读/R3全量_v3.4/98_历史过程补档_只读/81—100_运行性前置状态总表_v1.1_P0回归版.md | 红楼梦探佚_截至R3_全量文档体系整理_v3.4/98_历史过程补档_只读/81—100_运行性前置状态总表_v1.1_P0回归版.md
2a4cc1b1511e503542157867d9161749ddfef97f8b393831c5ce85c9a56d3309,红楼梦探佚_全量文档体系_重整版_v4.2.zip,红楼梦探佚_全量文档体系_重整版_v4.2/11_P0_R1_R2_R3审计与事故复盘/01_R3历史过程补档/81—100_运行性前置状态总表_v1.2_V轴全量回归版.md,81—100_运行性前置状态总表_v1.2_V轴全量回归版.md,19489,3,红楼梦探佚_全量文档体系_重整版_v4.2.zip; 红楼梦探佚_截至R3_全量文档体系整理_v3.4(1).zip,EVIDENCE,evidence.literal_target,data/literals/r4_literal_core.yaml,IMPORT_LITERAL_BOUNDARY,PARTIAL,P0,REFERENCE,REFERENCE,NOVEL/SOURCE/NAME/SEM/BOUNDARY/NEG。,红楼梦探佚_全量文档体系_重整版_v4.2/11_P0_R1_R2_R3审计与事故复盘/01_R3历史过程补档/81—100_运行性前置状态总表_v1.2_V轴全量回归版.md | 红楼梦探佚_全量文档体系_重整版_v4.2/90_三套来源包完整快照_只读/R3全量_v3.4/98_历史过程补档_只读/81—100_运行性前置状态总表_v1.2_V轴全量回归版.md | 红楼梦探佚_截至R3_全量文档体系整理_v3.4/98_历史过程补档_只读/81—100_运行性前置状态总表_v1.2_V轴全量回归版.md
3e8d0581cc1007606bab32b3555b7738b1090d86990312fe41469a7bbdc93d69,红楼梦探佚_全量文档体系_重整版_v4.2.zip,红楼梦探佚_全量文档体系_重整版_v4.2/11_P0_R1_R2_R3审计与事故复盘/01_R3历史过程补档/81—100_运行性前置状态总表_v1.3_D2弱证裁定版.md,81—100_运行性前置状态总表_v1.3_D2弱证裁定版.md,19563,3,红楼梦探佚_全量文档体系_重整版_v4.2.zip; 红楼梦探佚_截至R3_全量文档体系整理_v3.4(1).zip,WORLD,world.runtime_preconditions,data/world_states/preconditions.yaml,IMPORT_RUNTIME_PRECONDITIONS,NONE,P0,REFERENCE,REFERENCE,正文启动前运行性前置状态。,红楼梦探佚_全量文档体系_重整版_v4.2/11_P0_R1_R2_R3审计与事故复盘/01_R3历史过程补档/81—100_运行性前置状态总表_v1.3_D2弱证裁定版.md | 红楼梦探佚_全量文档体系_重整版_v4.2/90_三套来源包完整快照_只读/R3全量_v3.4/98_历史过程补档_只读/81—100_运行性前置状态总表_v1.3_D2弱证裁定版.md | 红楼梦探佚_截至R3_全量文档体系整理_v3.4/98_历史过程补档_只读/81—100_运行性前置状态总表_v1.3_D2弱证裁定版.md
59075edf0684a4518d2489a2987b616deca57e57a5f04a0649b3255b589d8873,红楼梦探佚_全量文档体系_重整版_v4.2.zip,红楼梦探佚_全量文档体系_重整版_v4.2/11_P0_R1_R2_R3审计与事故复盘/01_R3历史过程补档/p0_title_source_audit_v1.py,p0_title_source_audit_v1.py,945,3,红楼梦探佚_全量文档体系_重整版_v4.2.zip; 红楼梦探佚_截至R3_全量文档体系整理_v3.4(1).zip,ARCHIVE,archive.document,data/archive/documents.yaml,INDEX_ONLY,ARCHIVE_ONLY,P2,HISTORICAL,NO,历史/重复内容仅保留可追溯索引。,红楼梦探佚_全量文档体系_重整版_v4.2/11_P0_R1_R2_R3审计与事故复盘/01_R3历史过程补档/p0_title_source_audit_v1.py | 红楼梦探佚_全量文档体系_重整版_v4.2/90_三套来源包完整快照_只读/R3全量_v3.4/98_历史过程补档_只读/p0_title_source_audit_v1.py | 红楼梦探佚_截至R3_全量文档体系整理_v3.4/98_历史过程补档_只读/p0_title_source_audit_v1.py
341ae66498aa81f252f1d1ee23507b6aeb8b738c0f13c64da57d7f0be93c200d,红楼梦探佚_全量文档体系_重整版_v4.2.zip,红楼梦探佚_全量文档体系_重整版_v4.2/11_P0_R1_R2_R3审计与事故复盘/01_R3历史过程补档/p0_vlock_audit.py,p0_vlock_audit.py,1361,3,红楼梦探佚_全量文档体系_重整版_v4.2.zip; 红楼梦探佚_截至R3_全量文档体系整理_v3.4(1).zip,RELEASE_HISTORY,release.version_lineage,data/registry/releases.yaml,IMPORT_VERSION_LINEAGE,NONE,P1,VERSION_HISTORY,NO,版本谱系/三版一致性/旧锁版记录。,红楼梦探佚_全量文档体系_重整版_v4.2/11_P0_R1_R2_R3审计与事故复盘/01_R3历史过程补档/p0_vlock_audit.py | 红楼梦探佚_全量文档体系_重整版_v4.2/90_三套来源包完整快照_只读/R3全量_v3.4/98_历史过程补档_只读/p0_vlock_audit.py | 红楼梦探佚_截至R3_全量文档体系整理_v3.4/98_历史过程补档_只读/p0_vlock_audit.py
f2912f99f6992e9b5e262e99e7ae0e7d6bbd88cef2412c1b147f99a538adfc31,红楼梦探佚_全量文档体系_重整版_v4.2.zip,红楼梦探佚_全量文档体系_重整版_v4.2/11_P0_R1_R2_R3审计与事故复盘/01_R3历史过程补档/p0_vlock_audit_v2.py,p0_vlock_audit_v2.py,1848,3,红楼梦探佚_全量文档体系_重整版_v4.2.zip; 红楼梦探佚_截至R3_全量文档体系整理_v3.4(1).zip,RELEASE_HISTORY,release.version_lineage,data/registry/releases.yaml,IMPORT_VERSION_LINEAGE,NONE,P1,VERSION_HISTORY,NO,版本谱系/三版一致性/旧锁版记录。,红楼梦探佚_全量文档体系_重整版_v4.2/11_P0_R1_R2_R3审计与事故复盘/01_R3历史过程补档/p0_vlock_audit_v2.py | 红楼梦探佚_全量文档体系_重整版_v4.2/90_三套来源包完整快照_只读/R3全量_v3.4/98_历史过程补档_只读/p0_vlock_audit_v2.py | 红楼梦探佚_截至R3_全量文档体系整理_v3.4/98_历史过程补档_只读/p0_vlock_audit_v2.py
757e5689c3bbf79bfd9e6d0cf2f13328fd497faaca12d149b4322b98d3fbfc55,红楼梦探佚_全量文档体系_重整版_v4.2.zip,红楼梦探佚_全量文档体系_重整版_v4.2/11_P0_R1_R2_R3审计与事故复盘/01_R3历史过程补档/前80_80回章回外框与回前回末韵文总表_v0.8_全量初扫.md,前80_80回章回外框与回前回末韵文总表_v0.8_全量初扫.md,35923,3,红楼梦探佚_全量文档体系_重整版_v4.2.zip; 红楼梦探佚_截至R3_全量文档体系整理_v3.4(1).zip,LITERARY_ECOLOGY,literary.chapter_frame,data/literary_ecology/chapter_frames.yaml,IMPORT_CHAPTER_FRAME_ECOLOGY,NONE,P0,REFERENCE,REFERENCE,回前/回末/静收/诗收等外框类型学。,红楼梦探佚_全量文档体系_重整版_v4.2/11_P0_R1_R2_R3审计与事故复盘/01_R3历史过程补档/前80_80回章回外框与回前回末韵文总表_v0.8_全量初扫.md | 红楼梦探佚_全量文档体系_重整版_v4.2/90_三套来源包完整快照_只读/R3全量_v3.4/98_历史过程补档_只读/前80_80回章回外框与回前回末韵文总表_v0.8_全量初扫.md | 红楼梦探佚_截至R3_全量文档体系整理_v3.4/98_历史过程补档_只读/前80_80回章回外框与回前回末韵文总表_v0.8_全量初扫.md
064ab5275606d839add73229c091d39723dc705e1fc97c49c8ad2f95594bad4e,红楼梦探佚_全量文档体系_重整版_v4.2.zip,红楼梦探佚_全量文档体系_重整版_v4.2/11_P0_R1_R2_R3审计与事故复盘/01_R3历史过程补档/历史过程补档索引_v1.0.md,历史过程补档索引_v1.0.md,11925,3,红楼梦探佚_全量文档体系_重整版_v4.2.zip; 红楼梦探佚_截至R3_全量文档体系整理_v3.4(1).zip,REGISTRY,registry.document_metadata,data/registry/documents.yaml,REGISTER_DOCUMENT,NONE,P1,REFERENCE,REFERENCE,文档级元数据/说明；不直接驱动剧情。,红楼梦探佚_全量文档体系_重整版_v4.2/11_P0_R1_R2_R3审计与事故复盘/01_R3历史过程补档/历史过程补档索引_v1.0.md | 红楼梦探佚_全量文档体系_重整版_v4.2/90_三套来源包完整快照_只读/R3全量_v3.4/98_历史过程补档_只读/历史过程补档索引_v1.0.md | 红楼梦探佚_截至R3_全量文档体系整理_v3.4/98_历史过程补档_只读/历史过程补档索引_v1.0.md
a435f49d6c130a0653b4f19ecdc70e78ef0811ee60e8fc2582398a382c75e176,红楼梦探佚_全量文档体系_重整版_v4.2.zip,红楼梦探佚_全量文档体系_重整版_v4.2/11_P0_R1_R2_R3审计与事故复盘/01_R3历史过程补档/当前ACTIVE文档体系_全量证据身份与结构一致性评审报告_v1.0.md,当前ACTIVE文档体系_全量证据身份与结构一致性评审报告_v1.0.md,29157,3,红楼梦探佚_全量文档体系_重整版_v4.2.zip; 红楼梦探佚_截至R3_全量文档体系整理_v3.4(1).zip,REGISTRY,registry.document_metadata,data/registry/documents.yaml,REGISTER_DOCUMENT,NONE,P1,REFERENCE,REFERENCE,文档级元数据/说明；不直接驱动剧情。,红楼梦探佚_全量文档体系_重整版_v4.2/11_P0_R1_R2_R3审计与事故复盘/01_R3历史过程补档/当前ACTIVE文档体系_全量证据身份与结构一致性评审报告_v1.0.md | 红楼梦探佚_全量文档体系_重整版_v4.2/90_三套来源包完整快照_只读/R3全量_v3.4/98_历史过程补档_只读/当前ACTIVE文档体系_全量证据身份与结构一致性评审报告_v1.0.md | 红楼梦探佚_截至R3_全量文档体系整理_v3.4/98_历史过程补档_只读/当前ACTIVE文档体系_全量证据身份与结构一致性评审报告_v1.0.md
71c32925d2ade93902057c7d0a5dbd7a433fe8aded9359fd9cba3d5bb3ace94a,红楼梦探佚_全量文档体系_重整版_v4.2.zip,红楼梦探佚_全量文档体系_重整版_v4.2/11_P0_R1_R2_R3审计与事故复盘/01_R3历史过程补档/第32-A_v1.0_to_v1.1_P0证据回归统一差分.patch,第32-A_v1.0_to_v1.1_P0证据回归统一差分.patch,20470,3,红楼梦探佚_全量文档体系_重整版_v4.2.zip; 红楼梦探佚_截至R3_全量文档体系整理_v3.4(1).zip,REVIEW,review.r4_audit_trace,data/review/r4_audit_trace.yaml,IMPORT_AUDIT_TRACE,PARTIAL,P1,AUDIT,NO,R4过程/回归/事故治理；运行时默认只读。,红楼梦探佚_全量文档体系_重整版_v4.2/11_P0_R1_R2_R3审计与事故复盘/01_R3历史过程补档/第32-A_v1.0_to_v1.1_P0证据回归统一差分.patch | 红楼梦探佚_全量文档体系_重整版_v4.2/90_三套来源包完整快照_只读/R3全量_v3.4/98_历史过程补档_只读/第32-A_v1.0_to_v1.1_P0证据回归统一差分.patch | 红楼梦探佚_截至R3_全量文档体系整理_v3.4/98_历史过程补档_只读/第32-A_v1.0_to_v1.1_P0证据回归统一差分.patch
3bedd1888c606e2e133fbfa4b2e33d34bb5e717c8d4f4b55b1ef3d9db53572b4,红楼梦探佚_全量文档体系_重整版_v4.2.zip,红楼梦探佚_全量文档体系_重整版_v4.2/11_P0_R1_R2_R3审计与事故复盘/01_R3历史过程补档/第32-A_v1.1_P0证据回归四审报告_v1.0.md,第32-A_v1.1_P0证据回归四审报告_v1.0.md,4570,3,红楼梦探佚_全量文档体系_重整版_v4.2.zip; 红楼梦探佚_截至R3_全量文档体系整理_v3.4(1).zip,REVIEW,review.r4_audit_trace,data/review/r4_audit_trace.yaml,IMPORT_AUDIT_TRACE,PARTIAL,P1,AUDIT,NO,R4过程/回归/事故治理；运行时默认只读。,红楼梦探佚_全量文档体系_重整版_v4.2/11_P0_R1_R2_R3审计与事故复盘/01_R3历史过程补档/第32-A_v1.1_P0证据回归四审报告_v1.0.md | 红楼梦探佚_全量文档体系_重整版_v4.2/90_三套来源包完整快照_只读/R3全量_v3.4/98_历史过程补档_只读/第32-A_v1.1_P0证据回归四审报告_v1.0.md | 红楼梦探佚_截至R3_全量文档体系整理_v3.4/98_历史过程补档_只读/第32-A_v1.1_P0证据回归四审报告_v1.0.md
1a5b41326f9b67344fceb48231a06cb9f105f25a5b91d06aff2ea4840f28562f,红楼梦探佚_全量文档体系_重整版_v4.2.zip,红楼梦探佚_全量文档体系_重整版_v4.2/11_P0_R1_R2_R3审计与事故复盘/01_R3历史过程补档/第32.5-A3_新增V锁对过程文档影响与整改清单_v1.0.md,第32.5-A3_新增V锁对过程文档影响与整改清单_v1.0.md,1304,3,红楼梦探佚_全量文档体系_重整版_v4.2.zip; 红楼梦探佚_截至R3_全量文档体系整理_v3.4(1).zip,RELEASE_HISTORY,release.version_lineage,data/registry/releases.yaml,IMPORT_VERSION_LINEAGE,NONE,P1,VERSION_HISTORY,NO,版本谱系/三版一致性/旧锁版记录。,红楼梦探佚_全量文档体系_重整版_v4.2/11_P0_R1_R2_R3审计与事故复盘/01_R3历史过程补档/第32.5-A3_新增V锁对过程文档影响与整改清单_v1.0.md | 红楼梦探佚_全量文档体系_重整版_v4.2/90_三套来源包完整快照_只读/R3全量_v3.4/98_历史过程补档_只读/第32.5-A3_新增V锁对过程文档影响与整改清单_v1.0.md | 红楼梦探佚_截至R3_全量文档体系整理_v3.4/98_历史过程补档_只读/第32.5-A3_新增V锁对过程文档影响与整改清单_v1.0.md
23ead50a315daef44853f9f71c3206b4cf4065f657f3556605fd5e0ae6c924da,红楼梦探佚_全量文档体系_重整版_v4.2.zip,红楼梦探佚_全量文档体系_重整版_v4.2/11_P0_R1_R2_R3审计与事故复盘/01_R3历史过程补档/第32.5-A_后80直引硬锁总台账_v0.1_已知项回归版.md,第32.5-A_后80直引硬锁总台账_v0.1_已知项回归版.md,4577,3,红楼梦探佚_全量文档体系_重整版_v4.2.zip; 红楼梦探佚_截至R3_全量文档体系整理_v3.4(1).zip,REVIEW,review.r4_audit_trace,data/review/r4_audit_trace.yaml,IMPORT_AUDIT_TRACE,PARTIAL,P1,AUDIT,NO,R4过程/回归/事故治理；运行时默认只读。,红楼梦探佚_全量文档体系_重整版_v4.2/11_P0_R1_R2_R3审计与事故复盘/01_R3历史过程补档/第32.5-A_后80直引硬锁总台账_v0.1_已知项回归版.md | 红楼梦探佚_全量文档体系_重整版_v4.2/90_三套来源包完整快照_只读/R3全量_v3.4/98_历史过程补档_只读/第32.5-A_后80直引硬锁总台账_v0.1_已知项回归版.md | 红楼梦探佚_截至R3_全量文档体系整理_v3.4/98_历史过程补档_只读/第32.5-A_后80直引硬锁总台账_v0.1_已知项回归版.md
d8fc5ddf64cb53c171a2a9b488203ff57adb3476412550ad3ab0afe280a750d9,红楼梦探佚_全量文档体系_重整版_v4.2.zip,红楼梦探佚_全量文档体系_重整版_v4.2/11_P0_R1_R2_R3审计与事故复盘/01_R3历史过程补档/第32.5-B_当前第32-A直引硬锁自动比对报告_v1.0.md,第32.5-B_当前第32-A直引硬锁自动比对报告_v1.0.md,1956,3,红楼梦探佚_全量文档体系_重整版_v4.2.zip; 红楼梦探佚_截至R3_全量文档体系整理_v3.4(1).zip,RELEASE_HISTORY,release.version_lineage,data/registry/releases.yaml,IMPORT_VERSION_LINEAGE,NONE,P1,VERSION_HISTORY,NO,版本谱系/三版一致性/旧锁版记录。,红楼梦探佚_全量文档体系_重整版_v4.2/11_P0_R1_R2_R3审计与事故复盘/01_R3历史过程补档/第32.5-B_当前第32-A直引硬锁自动比对报告_v1.0.md | 红楼梦探佚_全量文档体系_重整版_v4.2/90_三套来源包完整快照_只读/R3全量_v3.4/98_历史过程补档_只读/第32.5-B_当前第32-A直引硬锁自动比对报告_v1.0.md | 红楼梦探佚_截至R3_全量文档体系整理_v3.4/98_历史过程补档_只读/第32.5-B_当前第32-A直引硬锁自动比对报告_v1.0.md
04eec4c60ca769ad44f8680eef4abed16fe50b2b80d461e5bd09b184d31641a0,红楼梦探佚_全量文档体系_重整版_v4.2.zip,红楼梦探佚_全量文档体系_重整版_v4.2/11_P0_R1_R2_R3审计与事故复盘/01_R3历史过程补档/第32.5-B_当前第32-A直引硬锁自动比对报告_v1.1_V轴全量规则版.md,第32.5-B_当前第32-A直引硬锁自动比对报告_v1.1_V轴全量规则版.md,1753,3,红楼梦探佚_全量文档体系_重整版_v4.2.zip; 红楼梦探佚_截至R3_全量文档体系整理_v3.4(1).zip,EVIDENCE,evidence.literal_target,data/literals/r4_literal_core.yaml,IMPORT_LITERAL_BOUNDARY,PARTIAL,P0,REFERENCE,REFERENCE,NOVEL/SOURCE/NAME/SEM/BOUNDARY/NEG。,红楼梦探佚_全量文档体系_重整版_v4.2/11_P0_R1_R2_R3审计与事故复盘/01_R3历史过程补档/第32.5-B_当前第32-A直引硬锁自动比对报告_v1.1_V轴全量规则版.md | 红楼梦探佚_全量文档体系_重整版_v4.2/90_三套来源包完整快照_只读/R3全量_v3.4/98_历史过程补档_只读/第32.5-B_当前第32-A直引硬锁自动比对报告_v1.1_V轴全量规则版.md | 红楼梦探佚_截至R3_全量文档体系整理_v3.4/98_历史过程补档_只读/第32.5-B_当前第32-A直引硬锁自动比对报告_v1.1_V轴全量规则版.md
f89d17199daf9b63e13414063e6d230d60acdf71f4cdd33331ba01517dc47cd0,红楼梦探佚_全量文档体系_重整版_v4.2.zip,红楼梦探佚_全量文档体系_重整版_v4.2/11_P0_R1_R2_R3审计与事故复盘/01_R3历史过程补档/第32.5-C_第90回V0回目与借词知命功能修复裁定_v1.0.md,第32.5-C_第90回V0回目与借词知命功能修复裁定_v1.0.md,7009,3,红楼梦探佚_全量文档体系_重整版_v4.2.zip; 红楼梦探佚_截至R3_全量文档体系整理_v3.4(1).zip,RELEASE_HISTORY,release.version_lineage,data/registry/releases.yaml,IMPORT_VERSION_LINEAGE,NONE,P1,VERSION_HISTORY,NO,版本谱系/三版一致性/旧锁版记录。,红楼梦探佚_全量文档体系_重整版_v4.2/11_P0_R1_R2_R3审计与事故复盘/01_R3历史过程补档/第32.5-C_第90回V0回目与借词知命功能修复裁定_v1.0.md | 红楼梦探佚_全量文档体系_重整版_v4.2/90_三套来源包完整快照_只读/R3全量_v3.4/98_历史过程补档_只读/第32.5-C_第90回V0回目与借词知命功能修复裁定_v1.0.md | 红楼梦探佚_截至R3_全量文档体系整理_v3.4/98_历史过程补档_只读/第32.5-C_第90回V0回目与借词知命功能修复裁定_v1.0.md
cd3432e46f18e02cd746b79f0a6a613389b6fe626f8180b731911d86e6d913ca,红楼梦探佚_全量文档体系_重整版_v4.2.zip,红楼梦探佚_全量文档体系_重整版_v4.2/11_P0_R1_R2_R3审计与事故复盘/01_R3历史过程补档/第32.5-D1_88_91_92_95_98回目来源边界与工作标题裁定_v1.0.md,第32.5-D1_88_91_92_95_98回目来源边界与工作标题裁定_v1.0.md,7695,3,红楼梦探佚_全量文档体系_重整版_v4.2.zip; 红楼梦探佚_截至R3_全量文档体系整理_v3.4(1).zip,RELEASE_HISTORY,release.version_lineage,data/registry/releases.yaml,IMPORT_VERSION_LINEAGE,NONE,P1,VERSION_HISTORY,NO,版本谱系/三版一致性/旧锁版记录。,红楼梦探佚_全量文档体系_重整版_v4.2/11_P0_R1_R2_R3审计与事故复盘/01_R3历史过程补档/第32.5-D1_88_91_92_95_98回目来源边界与工作标题裁定_v1.0.md | 红楼梦探佚_全量文档体系_重整版_v4.2/90_三套来源包完整快照_只读/R3全量_v3.4/98_历史过程补档_只读/第32.5-D1_88_91_92_95_98回目来源边界与工作标题裁定_v1.0.md | 红楼梦探佚_截至R3_全量文档体系整理_v3.4/98_历史过程补档_只读/第32.5-D1_88_91_92_95_98回目来源边界与工作标题裁定_v1.0.md
bf971aaf32a4820fbe45aeac1619a80828f38b977c5ea5ea452d0285203f29cd,红楼梦探佚_全量文档体系_重整版_v4.2.zip,红楼梦探佚_全量文档体系_重整版_v4.2/11_P0_R1_R2_R3审计与事故复盘/01_R3历史过程补档/第32.5-D1_活跃过程文档标题来源回归审计报告_v1.0.md,第32.5-D1_活跃过程文档标题来源回归审计报告_v1.0.md,1361,3,红楼梦探佚_全量文档体系_重整版_v4.2.zip; 红楼梦探佚_截至R3_全量文档体系整理_v3.4(1).zip,REVIEW,review.r4_audit_trace,data/review/r4_audit_trace.yaml,IMPORT_AUDIT_TRACE,PARTIAL,P1,AUDIT,NO,R4过程/回归/事故治理；运行时默认只读。,红楼梦探佚_全量文档体系_重整版_v4.2/11_P0_R1_R2_R3审计与事故复盘/01_R3历史过程补档/第32.5-D1_活跃过程文档标题来源回归审计报告_v1.0.md | 红楼梦探佚_全量文档体系_重整版_v4.2/90_三套来源包完整快照_只读/R3全量_v3.4/98_历史过程补档_只读/第32.5-D1_活跃过程文档标题来源回归审计报告_v1.0.md | 红楼梦探佚_截至R3_全量文档体系整理_v3.4/98_历史过程补档_只读/第32.5-D1_活跃过程文档标题来源回归审计报告_v1.0.md
ece4234e24f60f761106f954ac7356cf9bd64daa3f8df6d8cf9f4446be79be81,红楼梦探佚_全量文档体系_重整版_v4.2.zip,红楼梦探佚_全量文档体系_重整版_v4.2/11_P0_R1_R2_R3审计与事故复盘/01_R3历史过程补档/第32.5-D2_弱证越界回归审计报告_v1.0.md,第32.5-D2_弱证越界回归审计报告_v1.0.md,907,3,红楼梦探佚_全量文档体系_重整版_v4.2.zip; 红楼梦探佚_截至R3_全量文档体系整理_v3.4(1).zip,REVIEW,review.r4_audit_trace,data/review/r4_audit_trace.yaml,IMPORT_AUDIT_TRACE,PARTIAL,P1,AUDIT,NO,R4过程/回归/事故治理；运行时默认只读。,红楼梦探佚_全量文档体系_重整版_v4.2/11_P0_R1_R2_R3审计与事故复盘/01_R3历史过程补档/第32.5-D2_弱证越界回归审计报告_v1.0.md | 红楼梦探佚_全量文档体系_重整版_v4.2/90_三套来源包完整快照_只读/R3全量_v3.4/98_历史过程补档_只读/第32.5-D2_弱证越界回归审计报告_v1.0.md | 红楼梦探佚_截至R3_全量文档体系整理_v3.4/98_历史过程补档_只读/第32.5-D2_弱证越界回归审计报告_v1.0.md
8428afe57e7f1057f7ea588b057e80c7aeab4c5d79ab4e7fa9c871a970a9c89e,红楼梦探佚_全量文档体系_重整版_v4.2.zip,红楼梦探佚_全量文档体系_重整版_v4.2/11_P0_R1_R2_R3审计与事故复盘/01_R3历史过程补档/第32.5-D2_狱庙相逢与贾芸仗义探庵_W2接口裁定_v1.0.md,第32.5-D2_狱庙相逢与贾芸仗义探庵_W2接口裁定_v1.0.md,11261,3,红楼梦探佚_全量文档体系_重整版_v4.2.zip; 红楼梦探佚_截至R3_全量文档体系整理_v3.4(1).zip,RELEASE_HISTORY,release.version_lineage,data/registry/releases.yaml,IMPORT_VERSION_LINEAGE,NONE,P1,VERSION_HISTORY,NO,版本谱系/三版一致性/旧锁版记录。,红楼梦探佚_全量文档体系_重整版_v4.2/11_P0_R1_R2_R3审计与事故复盘/01_R3历史过程补档/第32.5-D2_狱庙相逢与贾芸仗义探庵_W2接口裁定_v1.0.md | 红楼梦探佚_全量文档体系_重整版_v4.2/90_三套来源包完整快照_只读/R3全量_v3.4/98_历史过程补档_只读/第32.5-D2_狱庙相逢与贾芸仗义探庵_W2接口裁定_v1.0.md | 红楼梦探佚_截至R3_全量文档体系整理_v3.4/98_历史过程补档_只读/第32.5-D2_狱庙相逢与贾芸仗义探庵_W2接口裁定_v1.0.md
c0e426139c696bd0ac9f234136306346ad2f452a84dd47533c8b4ba31278d4c1,红楼梦探佚_全量文档体系_重整版_v4.2.zip,红楼梦探佚_全量文档体系_重整版_v4.2/11_P0_R1_R2_R3审计与事故复盘/01_R3历史过程补档/第32.5-E_回灌干跑审计报告_v1.0.md,第32.5-E_回灌干跑审计报告_v1.0.md,1378,3,红楼梦探佚_全量文档体系_重整版_v4.2.zip; 红楼梦探佚_截至R3_全量文档体系整理_v3.4(1).zip,RELEASE_HISTORY,release.version_lineage,data/registry/releases.yaml,IMPORT_VERSION_LINEAGE,NONE,P1,VERSION_HISTORY,NO,版本谱系/三版一致性/旧锁版记录。,红楼梦探佚_全量文档体系_重整版_v4.2/11_P0_R1_R2_R3审计与事故复盘/01_R3历史过程补档/第32.5-E_回灌干跑审计报告_v1.0.md | 红楼梦探佚_全量文档体系_重整版_v4.2/90_三套来源包完整快照_只读/R3全量_v3.4/98_历史过程补档_只读/第32.5-E_回灌干跑审计报告_v1.0.md | 红楼梦探佚_截至R3_全量文档体系整理_v3.4/98_历史过程补档_只读/第32.5-E_回灌干跑审计报告_v1.0.md
b8897b75c05427f6c99359fa7731bb5d83fe647d7d1435d5382ef34c0f197263,红楼梦探佚_全量文档体系_重整版_v4.2.zip,红楼梦探佚_全量文档体系_重整版_v4.2/11_P0_R1_R2_R3审计与事故复盘/01_R3历史过程补档/第32.5-E_硬接口统一回灌总表_v1.0.md,第32.5-E_硬接口统一回灌总表_v1.0.md,5840,3,红楼梦探佚_全量文档体系_重整版_v4.2.zip; 红楼梦探佚_截至R3_全量文档体系整理_v3.4(1).zip,RELEASE_HISTORY,release.version_lineage,data/registry/releases.yaml,IMPORT_VERSION_LINEAGE,NONE,P1,VERSION_HISTORY,NO,版本谱系/三版一致性/旧锁版记录。,红楼梦探佚_全量文档体系_重整版_v4.2/11_P0_R1_R2_R3审计与事故复盘/01_R3历史过程补档/第32.5-E_硬接口统一回灌总表_v1.0.md | 红楼梦探佚_全量文档体系_重整版_v4.2/90_三套来源包完整快照_只读/R3全量_v3.4/98_历史过程补档_只读/第32.5-E_硬接口统一回灌总表_v1.0.md | 红楼梦探佚_截至R3_全量文档体系整理_v3.4/98_历史过程补档_只读/第32.5-E_硬接口统一回灌总表_v1.0.md
4fd67be4b3aa97193928cc2d7405df377d31a9e336f5dfc1cc962a5692dec36c,红楼梦探佚_全量文档体系_重整版_v4.2.zip,红楼梦探佚_全量文档体系_重整版_v4.2/11_P0_R1_R2_R3审计与事故复盘/01_R3历史过程补档/第32.5-E_第32-A_v1.1最小补丁规范_v1.0.md,第32.5-E_第32-A_v1.1最小补丁规范_v1.0.md,7838,3,红楼梦探佚_全量文档体系_重整版_v4.2.zip; 红楼梦探佚_截至R3_全量文档体系整理_v3.4(1).zip,RELEASE_HISTORY,release.version_lineage,data/registry/releases.yaml,IMPORT_VERSION_LINEAGE,NONE,P1,VERSION_HISTORY,NO,版本谱系/三版一致性/旧锁版记录。,红楼梦探佚_全量文档体系_重整版_v4.2/11_P0_R1_R2_R3审计与事故复盘/01_R3历史过程补档/第32.5-E_第32-A_v1.1最小补丁规范_v1.0.md | 红楼梦探佚_全量文档体系_重整版_v4.2/90_三套来源包完整快照_只读/R3全量_v3.4/98_历史过程补档_只读/第32.5-E_第32-A_v1.1最小补丁规范_v1.0.md | 红楼梦探佚_截至R3_全量文档体系整理_v3.4/98_历史过程补档_只读/第32.5-E_第32-A_v1.1最小补丁规范_v1.0.md
11e87edd4ce1c9c09c58d25c7baa4af0762f211c6db7fd0d4422fb08fdf4450e,红楼梦探佚_全量文档体系_重整版_v4.2.zip,红楼梦探佚_全量文档体系_重整版_v4.2/11_P0_R1_R2_R3审计与事故复盘/01_R3历史过程补档/第32.5_P0证据完整性整改总路线图与过程文档回归矩阵_v1.0.md,第32.5_P0证据完整性整改总路线图与过程文档回归矩阵_v1.0.md,7965,3,红楼梦探佚_全量文档体系_重整版_v4.2.zip; 红楼梦探佚_截至R3_全量文档体系整理_v3.4(1).zip,REVIEW,review.r4_audit_trace,data/review/r4_audit_trace.yaml,IMPORT_AUDIT_TRACE,PARTIAL,P1,AUDIT,NO,R4过程/回归/事故治理；运行时默认只读。,红楼梦探佚_全量文档体系_重整版_v4.2/11_P0_R1_R2_R3审计与事故复盘/01_R3历史过程补档/第32.5_P0证据完整性整改总路线图与过程文档回归矩阵_v1.0.md | 红楼梦探佚_全量文档体系_重整版_v4.2/90_三套来源包完整快照_只读/R3全量_v3.4/98_历史过程补档_只读/第32.5_P0证据完整性整改总路线图与过程文档回归矩阵_v1.0.md | 红楼梦探佚_截至R3_全量文档体系整理_v3.4/98_历史过程补档_只读/第32.5_P0证据完整性整改总路线图与过程文档回归矩阵_v1.0.md
5fb19fca458c092ed425106e46d4da03e9544c1b704fd1030bf456910422c53f,红楼梦探佚_全量文档体系_重整版_v4.2.zip,红楼梦探佚_全量文档体系_重整版_v4.2/11_P0_R1_R2_R3审计与事故复盘/01_R3历史过程补档/第32.5_过程文档版本继承与作废清单_v1.0.md,第32.5_过程文档版本继承与作废清单_v1.0.md,1888,3,红楼梦探佚_全量文档体系_重整版_v4.2.zip; 红楼梦探佚_截至R3_全量文档体系整理_v3.4(1).zip,RELEASE_HISTORY,release.version_lineage,data/registry/releases.yaml,IMPORT_VERSION_LINEAGE,NONE,P1,VERSION_HISTORY,NO,版本谱系/三版一致性/旧锁版记录。,红楼梦探佚_全量文档体系_重整版_v4.2/11_P0_R1_R2_R3审计与事故复盘/01_R3历史过程补档/第32.5_过程文档版本继承与作废清单_v1.0.md | 红楼梦探佚_全量文档体系_重整版_v4.2/90_三套来源包完整快照_只读/R3全量_v3.4/98_历史过程补档_只读/第32.5_过程文档版本继承与作废清单_v1.0.md | 红楼梦探佚_截至R3_全量文档体系整理_v3.4/98_历史过程补档_只读/第32.5_过程文档版本继承与作废清单_v1.0.md
1fa1cd87976e75a04d36275541b29456e293b86551bf59b1c8bdb7d1993672dd,红楼梦探佚_全量文档体系_重整版_v4.2.zip,红楼梦探佚_全量文档体系_重整版_v4.2/11_P0_R1_R2_R3审计与事故复盘/01_R3历史过程补档/第32.5_过程文档版本继承与作废清单_v1.1.md,第32.5_过程文档版本继承与作废清单_v1.1.md,2584,3,红楼梦探佚_全量文档体系_重整版_v4.2.zip; 红楼梦探佚_截至R3_全量文档体系整理_v3.4(1).zip,RELEASE_HISTORY,release.version_lineage,data/registry/releases.yaml,IMPORT_VERSION_LINEAGE,NONE,P1,VERSION_HISTORY,NO,版本谱系/三版一致性/旧锁版记录。,红楼梦探佚_全量文档体系_重整版_v4.2/11_P0_R1_R2_R3审计与事故复盘/01_R3历史过程补档/第32.5_过程文档版本继承与作废清单_v1.1.md | 红楼梦探佚_全量文档体系_重整版_v4.2/90_三套来源包完整快照_只读/R3全量_v3.4/98_历史过程补档_只读/第32.5_过程文档版本继承与作废清单_v1.1.md | 红楼梦探佚_截至R3_全量文档体系整理_v3.4/98_历史过程补档_只读/第32.5_过程文档版本继承与作废清单_v1.1.md
12f76b2168f81b2996cf30a2656ef9b3e9ad1a392c9ff64db35c46fe7713f4da,红楼梦探佚_全量文档体系_重整版_v4.2.zip,红楼梦探佚_全量文档体系_重整版_v4.2/11_P0_R1_R2_R3审计与事故复盘/01_R3历史过程补档/第32.5_过程文档版本继承与作废清单_v1.2.md,第32.5_过程文档版本继承与作废清单_v1.2.md,3077,3,红楼梦探佚_全量文档体系_重整版_v4.2.zip; 红楼梦探佚_截至R3_全量文档体系整理_v3.4(1).zip,RELEASE_HISTORY,release.version_lineage,data/registry/releases.yaml,IMPORT_VERSION_LINEAGE,NONE,P1,VERSION_HISTORY,NO,版本谱系/三版一致性/旧锁版记录。,红楼梦探佚_全量文档体系_重整版_v4.2/11_P0_R1_R2_R3审计与事故复盘/01_R3历史过程补档/第32.5_过程文档版本继承与作废清单_v1.2.md | 红楼梦探佚_全量文档体系_重整版_v4.2/90_三套来源包完整快照_只读/R3全量_v3.4/98_历史过程补档_只读/第32.5_过程文档版本继承与作废清单_v1.2.md | 红楼梦探佚_截至R3_全量文档体系整理_v3.4/98_历史过程补档_只读/第32.5_过程文档版本继承与作废清单_v1.2.md
04979be1e49b621bb6277bbc5334eb551569dd6ab26a1992673f8183c22dbbdd,红楼梦探佚_全量文档体系_重整版_v4.2.zip,红楼梦探佚_全量文档体系_重整版_v4.2/11_P0_R1_R2_R3审计与事故复盘/01_R3历史过程补档/第32.5_过程文档版本继承与作废清单_v1.3.md,第32.5_过程文档版本继承与作废清单_v1.3.md,3636,3,红楼梦探佚_全量文档体系_重整版_v4.2.zip; 红楼梦探佚_截至R3_全量文档体系整理_v3.4(1).zip,RELEASE_HISTORY,release.version_lineage,data/registry/releases.yaml,IMPORT_VERSION_LINEAGE,NONE,P1,VERSION_HISTORY,NO,版本谱系/三版一致性/旧锁版记录。,红楼梦探佚_全量文档体系_重整版_v4.2/11_P0_R1_R2_R3审计与事故复盘/01_R3历史过程补档/第32.5_过程文档版本继承与作废清单_v1.3.md | 红楼梦探佚_全量文档体系_重整版_v4.2/90_三套来源包完整快照_只读/R3全量_v3.4/98_历史过程补档_只读/第32.5_过程文档版本继承与作废清单_v1.3.md | 红楼梦探佚_截至R3_全量文档体系整理_v3.4/98_历史过程补档_只读/第32.5_过程文档版本继承与作废清单_v1.3.md
57ffe3272df139418e6e41dfe1a3749c21dda0ca1080fc48c76261e30d52695d,红楼梦探佚_全量文档体系_重整版_v4.2.zip,红楼梦探佚_全量文档体系_重整版_v4.2/11_P0_R1_R2_R3审计与事故复盘/01_R3历史过程补档/第32.5_过程文档版本继承与作废清单_v1.4.md,第32.5_过程文档版本继承与作废清单_v1.4.md,4218,3,红楼梦探佚_全量文档体系_重整版_v4.2.zip; 红楼梦探佚_截至R3_全量文档体系整理_v3.4(1).zip,RELEASE_HISTORY,release.version_lineage,data/registry/releases.yaml,IMPORT_VERSION_LINEAGE,NONE,P1,VERSION_HISTORY,NO,版本谱系/三版一致性/旧锁版记录。,红楼梦探佚_全量文档体系_重整版_v4.2/11_P0_R1_R2_R3审计与事故复盘/01_R3历史过程补档/第32.5_过程文档版本继承与作废清单_v1.4.md | 红楼梦探佚_全量文档体系_重整版_v4.2/90_三套来源包完整快照_只读/R3全量_v3.4/98_历史过程补档_只读/第32.5_过程文档版本继承与作废清单_v1.4.md | 红楼梦探佚_截至R3_全量文档体系整理_v3.4/98_历史过程补档_只读/第32.5_过程文档版本继承与作废清单_v1.4.md
63e803a18f607365c9aabc59372526b915d006f508bbf856694398966b760b74,红楼梦探佚_全量文档体系_重整版_v4.2.zip,红楼梦探佚_全量文档体系_重整版_v4.2/11_P0_R1_R2_R3审计与事故复盘/01_R3历史过程补档/第32.5_过程文档版本继承与作废清单_v1.5.md,第32.5_过程文档版本继承与作废清单_v1.5.md,4753,3,红楼梦探佚_全量文档体系_重整版_v4.2.zip; 红楼梦探佚_截至R3_全量文档体系整理_v3.4(1).zip,RELEASE_HISTORY,release.version_lineage,data/registry/releases.yaml,IMPORT_VERSION_LINEAGE,NONE,P1,VERSION_HISTORY,NO,版本谱系/三版一致性/旧锁版记录。,红楼梦探佚_全量文档体系_重整版_v4.2/11_P0_R1_R2_R3审计与事故复盘/01_R3历史过程补档/第32.5_过程文档版本继承与作废清单_v1.5.md | 红楼梦探佚_全量文档体系_重整版_v4.2/90_三套来源包完整快照_只读/R3全量_v3.4/98_历史过程补档_只读/第32.5_过程文档版本继承与作废清单_v1.5.md | 红楼梦探佚_截至R3_全量文档体系整理_v3.4/98_历史过程补档_只读/第32.5_过程文档版本继承与作废清单_v1.5.md
cb0f0c6dbbc0b2cf108b300e613091f6da6e25a15f8f284a7c0af497452d684a,红楼梦探佚_全量文档体系_重整版_v4.2.zip,红楼梦探佚_全量文档体系_重整版_v4.2/11_P0_R1_R2_R3审计与事故复盘/01_R3历史过程补档/第32.5_过程文档版本继承与作废清单_v1.6_P0关闭版.md,第32.5_过程文档版本继承与作废清单_v1.6_P0关闭版.md,5477,3,红楼梦探佚_全量文档体系_重整版_v4.2.zip; 红楼梦探佚_截至R3_全量文档体系整理_v3.4(1).zip,RELEASE_HISTORY,release.version_lineage,data/registry/releases.yaml,IMPORT_VERSION_LINEAGE,NONE,P1,VERSION_HISTORY,NO,版本谱系/三版一致性/旧锁版记录。,红楼梦探佚_全量文档体系_重整版_v4.2/11_P0_R1_R2_R3审计与事故复盘/01_R3历史过程补档/第32.5_过程文档版本继承与作废清单_v1.6_P0关闭版.md | 红楼梦探佚_全量文档体系_重整版_v4.2/90_三套来源包完整快照_只读/R3全量_v3.4/98_历史过程补档_只读/第32.5_过程文档版本继承与作废清单_v1.6_P0关闭版.md | 红楼梦探佚_截至R3_全量文档体系整理_v3.4/98_历史过程补档_只读/第32.5_过程文档版本继承与作废清单_v1.6_P0关闭版.md
f68cf4db064e12960e189d32ee40f5f0a688fcb51a76e86ddb4254f25a60962d,红楼梦探佚_全量文档体系_重整版_v4.2.zip,红楼梦探佚_全量文档体系_重整版_v4.2/11_P0_R1_R2_R3审计与事故复盘/01_R3历史过程补档/第32.5前置_直引硬锁失守问题完整复盘及整改方案_v1.0(1).md,第32.5前置_直引硬锁失守问题完整复盘及整改方案_v1.0(1).md,25062,3,红楼梦探佚_全量文档体系_重整版_v4.2.zip; 红楼梦探佚_截至R3_全量文档体系整理_v3.4(1).zip,RELEASE_HISTORY,release.version_lineage,data/registry/releases.yaml,IMPORT_VERSION_LINEAGE,NONE,P1,VERSION_HISTORY,NO,版本谱系/三版一致性/旧锁版记录。,红楼梦探佚_全量文档体系_重整版_v4.2/11_P0_R1_R2_R3审计与事故复盘/01_R3历史过程补档/第32.5前置_直引硬锁失守问题完整复盘及整改方案_v1.0(1).md | 红楼梦探佚_全量文档体系_重整版_v4.2/90_三套来源包完整快照_只读/R3全量_v3.4/98_历史过程补档_只读/第32.5前置_直引硬锁失守问题完整复盘及整改方案_v1.0(1).md | 红楼梦探佚_截至R3_全量文档体系整理_v3.4/98_历史过程补档_只读/第32.5前置_直引硬锁失守问题完整复盘及整改方案_v1.0(1).md
b6c6152e1835a6f7cdc7df9a9ac71c50bab806f4b8410bd066ac45d44c1a4578,红楼梦探佚_全量文档体系_重整版_v4.2.zip,红楼梦探佚_全量文档体系_重整版_v4.2/11_P0_R1_R2_R3审计与事故复盘/01_R3历史过程补档/红楼梦八十回后佚稿复原_工作底稿_v2.2_V轴证据回归母本.md,红楼梦八十回后佚稿复原_工作底稿_v2.2_V轴证据回归母本.md,33859,3,红楼梦探佚_全量文档体系_重整版_v4.2.zip; 红楼梦探佚_截至R3_全量文档体系整理_v3.4(1).zip,EVIDENCE,evidence.literal_target,data/literals/r4_literal_core.yaml,IMPORT_LITERAL_BOUNDARY,PARTIAL,P0,REFERENCE,REFERENCE,NOVEL/SOURCE/NAME/SEM/BOUNDARY/NEG。,红楼梦探佚_全量文档体系_重整版_v4.2/11_P0_R1_R2_R3审计与事故复盘/01_R3历史过程补档/红楼梦八十回后佚稿复原_工作底稿_v2.2_V轴证据回归母本.md | 红楼梦探佚_全量文档体系_重整版_v4.2/90_三套来源包完整快照_只读/R3全量_v3.4/98_历史过程补档_只读/红楼梦八十回后佚稿复原_工作底稿_v2.2_V轴证据回归母本.md | 红楼梦探佚_截至R3_全量文档体系整理_v3.4/98_历史过程补档_只读/红楼梦八十回后佚稿复原_工作底稿_v2.2_V轴证据回归母本.md
7b561d964f9b3c3971ca26f46c2abbf613fc8853ebda68268ac6fbfc5a3c05f4,红楼梦探佚_全量文档体系_重整版_v4.2.zip,红楼梦探佚_全量文档体系_重整版_v4.2/11_P0_R1_R2_R3审计与事故复盘/01_R3历史过程补档/红楼梦八十回后佚稿复原_工作底稿_v2.3_V轴全量审计回归母本.md,红楼梦八十回后佚稿复原_工作底稿_v2.3_V轴全量审计回归母本.md,35686,3,红楼梦探佚_全量文档体系_重整版_v4.2.zip; 红楼梦探佚_截至R3_全量文档体系整理_v3.4(1).zip,EVIDENCE,evidence.literal_target,data/literals/r4_literal_core.yaml,IMPORT_LITERAL_BOUNDARY,PARTIAL,P0,REFERENCE,REFERENCE,NOVEL/SOURCE/NAME/SEM/BOUNDARY/NEG。,红楼梦探佚_全量文档体系_重整版_v4.2/11_P0_R1_R2_R3审计与事故复盘/01_R3历史过程补档/红楼梦八十回后佚稿复原_工作底稿_v2.3_V轴全量审计回归母本.md | 红楼梦探佚_全量文档体系_重整版_v4.2/90_三套来源包完整快照_只读/R3全量_v3.4/98_历史过程补档_只读/红楼梦八十回后佚稿复原_工作底稿_v2.3_V轴全量审计回归母本.md | 红楼梦探佚_截至R3_全量文档体系整理_v3.4/98_历史过程补档_只读/红楼梦八十回后佚稿复原_工作底稿_v2.3_V轴全量审计回归母本.md
290fc79c4c793b9e868827af9d41189f0f94ba127bebca3addc4f48fadcb7bb1,红楼梦探佚_全量文档体系_重整版_v4.2.zip,红楼梦探佚_全量文档体系_重整版_v4.2/11_P0_R1_R2_R3审计与事故复盘/01_R3历史过程补档/红楼梦八十回后佚稿复原_工作底稿_v2.4_C_D1裁定母本.md,红楼梦八十回后佚稿复原_工作底稿_v2.4_C_D1裁定母本.md,36574,3,红楼梦探佚_全量文档体系_重整版_v4.2.zip; 红楼梦探佚_截至R3_全量文档体系整理_v3.4(1).zip,RECONSTRUCTION,reconstruction.master_model,data/decisions/* + data/precedence/* + data/open_interfaces/legacy_map.yaml,SPLIT_MASTER_MODEL,PARTIAL,P0,REFERENCE,REFERENCE,母本含R/P/O与生成首选；拆分导入，正文方案不反升证据。,红楼梦探佚_全量文档体系_重整版_v4.2/11_P0_R1_R2_R3审计与事故复盘/01_R3历史过程补档/红楼梦八十回后佚稿复原_工作底稿_v2.4_C_D1裁定母本.md | 红楼梦探佚_全量文档体系_重整版_v4.2/90_三套来源包完整快照_只读/R3全量_v3.4/98_历史过程补档_只读/红楼梦八十回后佚稿复原_工作底稿_v2.4_C_D1裁定母本.md | 红楼梦探佚_截至R3_全量文档体系整理_v3.4/98_历史过程补档_只读/红楼梦八十回后佚稿复原_工作底稿_v2.4_C_D1裁定母本.md
aa51a3da8c68681f8f4b13d0d20f75f1e1e7f5e48f20e2f9a896bae6a15c3278,红楼梦探佚_全量文档体系_重整版_v4.2.zip,红楼梦探佚_全量文档体系_重整版_v4.2/11_P0_R1_R2_R3审计与事故复盘/01_R3历史过程补档/红楼梦八十回后佚稿复原_工作底稿_v2.5_D2弱证裁定母本.md,红楼梦八十回后佚稿复原_工作底稿_v2.5_D2弱证裁定母本.md,36690,3,红楼梦探佚_全量文档体系_重整版_v4.2.zip; 红楼梦探佚_截至R3_全量文档体系整理_v3.4(1).zip,RECONSTRUCTION,reconstruction.master_model,data/decisions/* + data/precedence/* + data/open_interfaces/legacy_map.yaml,SPLIT_MASTER_MODEL,PARTIAL,P0,REFERENCE,REFERENCE,母本含R/P/O与生成首选；拆分导入，正文方案不反升证据。,红楼梦探佚_全量文档体系_重整版_v4.2/11_P0_R1_R2_R3审计与事故复盘/01_R3历史过程补档/红楼梦八十回后佚稿复原_工作底稿_v2.5_D2弱证裁定母本.md | 红楼梦探佚_全量文档体系_重整版_v4.2/90_三套来源包完整快照_只读/R3全量_v3.4/98_历史过程补档_只读/红楼梦八十回后佚稿复原_工作底稿_v2.5_D2弱证裁定母本.md | 红楼梦探佚_截至R3_全量文档体系整理_v3.4/98_历史过程补档_只读/红楼梦八十回后佚稿复原_工作底稿_v2.5_D2弱证裁定母本.md
0a38c68d95084f9f27ae97c1ad677e8cd6b321da30e9c61871a52eb1a4090fa1,红楼梦探佚_全量文档体系_重整版_v4.2.zip,红楼梦探佚_全量文档体系_重整版_v4.2/11_P0_R1_R2_R3审计与事故复盘/01_R3历史过程补档/红楼梦八十回后佚稿复原_工作底稿_v2.6_E回灌冻结母本.md,红楼梦八十回后佚稿复原_工作底稿_v2.6_E回灌冻结母本.md,37611,3,红楼梦探佚_全量文档体系_重整版_v4.2.zip; 红楼梦探佚_截至R3_全量文档体系整理_v3.4(1).zip,RECONSTRUCTION,reconstruction.master_model,data/decisions/* + data/precedence/* + data/open_interfaces/legacy_map.yaml,SPLIT_MASTER_MODEL,PARTIAL,P0,REFERENCE,REFERENCE,母本含R/P/O与生成首选；拆分导入，正文方案不反升证据。,红楼梦探佚_全量文档体系_重整版_v4.2/11_P0_R1_R2_R3审计与事故复盘/01_R3历史过程补档/红楼梦八十回后佚稿复原_工作底稿_v2.6_E回灌冻结母本.md | 红楼梦探佚_全量文档体系_重整版_v4.2/90_三套来源包完整快照_只读/R3全量_v3.4/98_历史过程补档_只读/红楼梦八十回后佚稿复原_工作底稿_v2.6_E回灌冻结母本.md | 红楼梦探佚_截至R3_全量文档体系整理_v3.4/98_历史过程补档_只读/红楼梦八十回后佚稿复原_工作底稿_v2.6_E回灌冻结母本.md
bebb475bed84d146005010c9aaa9ff61c2647f7ccc7fe559b8db402e1f5ab071,红楼梦探佚_全量文档体系_重整版_v4.2.zip,红楼梦探佚_全量文档体系_重整版_v4.2/11_P0_R1_R2_R3审计与事故复盘/01_R3历史过程补档/红楼梦八十回后佚稿复原_工作底稿_v2.7_P0关闭母本.md,红楼梦八十回后佚稿复原_工作底稿_v2.7_P0关闭母本.md,38038,3,红楼梦探佚_全量文档体系_重整版_v4.2.zip; 红楼梦探佚_截至R3_全量文档体系整理_v3.4(1).zip,RECONSTRUCTION,reconstruction.master_model,data/decisions/* + data/precedence/* + data/open_interfaces/legacy_map.yaml,SPLIT_MASTER_MODEL,PARTIAL,P0,REFERENCE,REFERENCE,母本含R/P/O与生成首选；拆分导入，正文方案不反升证据。,红楼梦探佚_全量文档体系_重整版_v4.2/11_P0_R1_R2_R3审计与事故复盘/01_R3历史过程补档/红楼梦八十回后佚稿复原_工作底稿_v2.7_P0关闭母本.md | 红楼梦探佚_全量文档体系_重整版_v4.2/90_三套来源包完整快照_只读/R3全量_v3.4/98_历史过程补档_只读/红楼梦八十回后佚稿复原_工作底稿_v2.7_P0关闭母本.md | 红楼梦探佚_截至R3_全量文档体系整理_v3.4/98_历史过程补档_只读/红楼梦八十回后佚稿复原_工作底稿_v2.7_P0关闭母本.md
e55ad4c519d3f126b1239974ee7fdf2bd532432d9a57ce8000ab95c549657171,红楼梦探佚_全量文档体系_重整版_v4.2.zip,红楼梦探佚_全量文档体系_重整版_v4.2/11_P0_R1_R2_R3审计与事故复盘/01_R3历史过程补档/红楼梦八十回后全幅文学补完大工程计划_v5.1.md,红楼梦八十回后全幅文学补完大工程计划_v5.1.md,47426,3,红楼梦探佚_全量文档体系_重整版_v4.2.zip; 红楼梦探佚_截至R3_全量文档体系整理_v3.4(1).zip,GOVERNANCE,governance.project_state,data/registry/releases.yaml + config/project_state.yaml,STRUCTURE_PROJECT_STATE,PARTIAL,P2,HISTORICAL,NO,项目状态/版本纪律；只提取当前有效规则，旧版保留谱系。,红楼梦探佚_全量文档体系_重整版_v4.2/11_P0_R1_R2_R3审计与事故复盘/01_R3历史过程补档/红楼梦八十回后全幅文学补完大工程计划_v5.1.md | 红楼梦探佚_全量文档体系_重整版_v4.2/90_三套来源包完整快照_只读/R3全量_v3.4/98_历史过程补档_只读/红楼梦八十回后全幅文学补完大工程计划_v5.1.md | 红楼梦探佚_截至R3_全量文档体系整理_v3.4/98_历史过程补档_只读/红楼梦八十回后全幅文学补完大工程计划_v5.1.md
683b4bec045c2a37df48004b40f3ee4e8432c927ad8d129f63a4d0cf219b9932,红楼梦探佚_全量文档体系_重整版_v4.2.zip,红楼梦探佚_全量文档体系_重整版_v4.2/11_P0_R1_R2_R3审计与事故复盘/01_R3历史过程补档/红楼梦八十回后全幅文学补完大工程计划_v5.2.md,红楼梦八十回后全幅文学补完大工程计划_v5.2.md,68597,3,红楼梦探佚_全量文档体系_重整版_v4.2.zip; 红楼梦探佚_截至R3_全量文档体系整理_v3.4(1).zip,GOVERNANCE,governance.project_state,data/registry/releases.yaml + config/project_state.yaml,STRUCTURE_PROJECT_STATE,PARTIAL,P2,HISTORICAL,NO,项目状态/版本纪律；只提取当前有效规则，旧版保留谱系。,红楼梦探佚_全量文档体系_重整版_v4.2/11_P0_R1_R2_R3审计与事故复盘/01_R3历史过程补档/红楼梦八十回后全幅文学补完大工程计划_v5.2.md | 红楼梦探佚_全量文档体系_重整版_v4.2/90_三套来源包完整快照_只读/R3全量_v3.4/98_历史过程补档_只读/红楼梦八十回后全幅文学补完大工程计划_v5.2.md | 红楼梦探佚_截至R3_全量文档体系整理_v3.4/98_历史过程补档_只读/红楼梦八十回后全幅文学补完大工程计划_v5.2.md
165c6360de70e809c44c510359676d85645b3302bbdbb2b341e25f77d40a8e40,红楼梦探佚_全量文档体系_重整版_v4.2.zip,红楼梦探佚_全量文档体系_重整版_v4.2/11_P0_R1_R2_R3审计与事故复盘/01_R3历史过程补档/红楼梦八十回后全幅文学补完大工程计划_v5.3.1.md,红楼梦八十回后全幅文学补完大工程计划_v5.3.1.md,70137,3,红楼梦探佚_全量文档体系_重整版_v4.2.zip; 红楼梦探佚_截至R3_全量文档体系整理_v3.4(1).zip,GOVERNANCE,governance.project_state,data/registry/releases.yaml + config/project_state.yaml,STRUCTURE_PROJECT_STATE,PARTIAL,P2,HISTORICAL,NO,项目状态/版本纪律；只提取当前有效规则，旧版保留谱系。,红楼梦探佚_全量文档体系_重整版_v4.2/11_P0_R1_R2_R3审计与事故复盘/01_R3历史过程补档/红楼梦八十回后全幅文学补完大工程计划_v5.3.1.md | 红楼梦探佚_全量文档体系_重整版_v4.2/90_三套来源包完整快照_只读/R3全量_v3.4/98_历史过程补档_只读/红楼梦八十回后全幅文学补完大工程计划_v5.3.1.md | 红楼梦探佚_截至R3_全量文档体系整理_v3.4/98_历史过程补档_只读/红楼梦八十回后全幅文学补完大工程计划_v5.3.1.md
2a230cad94ff09fdfe17bd8bbef265a9af630d8f8acaa4609a0b86bf1f7a997c,红楼梦探佚_全量文档体系_重整版_v4.2.zip,红楼梦探佚_全量文档体系_重整版_v4.2/11_P0_R1_R2_R3审计与事故复盘/01_R3历史过程补档/红楼梦八十回后全幅文学补完大工程计划_v5.3.2.md,红楼梦八十回后全幅文学补完大工程计划_v5.3.2.md,70203,3,红楼梦探佚_全量文档体系_重整版_v4.2.zip; 红楼梦探佚_截至R3_全量文档体系整理_v3.4(1).zip,GOVERNANCE,governance.project_state,data/registry/releases.yaml + config/project_state.yaml,STRUCTURE_PROJECT_STATE,PARTIAL,P2,HISTORICAL,NO,项目状态/版本纪律；只提取当前有效规则，旧版保留谱系。,红楼梦探佚_全量文档体系_重整版_v4.2/11_P0_R1_R2_R3审计与事故复盘/01_R3历史过程补档/红楼梦八十回后全幅文学补完大工程计划_v5.3.2.md | 红楼梦探佚_全量文档体系_重整版_v4.2/90_三套来源包完整快照_只读/R3全量_v3.4/98_历史过程补档_只读/红楼梦八十回后全幅文学补完大工程计划_v5.3.2.md | 红楼梦探佚_截至R3_全量文档体系整理_v3.4/98_历史过程补档_只读/红楼梦八十回后全幅文学补完大工程计划_v5.3.2.md
9ebe27e9b4acc407f3ac6d8b0afaebd4962bec6abdb0de94c4b1ef12deee3471,红楼梦探佚_全量文档体系_重整版_v4.2.zip,红楼梦探佚_全量文档体系_重整版_v4.2/11_P0_R1_R2_R3审计与事故复盘/01_R3历史过程补档/红楼梦八十回后全幅文学补完大工程计划_v5.3.3.md,红楼梦八十回后全幅文学补完大工程计划_v5.3.3.md,70273,3,红楼梦探佚_全量文档体系_重整版_v4.2.zip; 红楼梦探佚_截至R3_全量文档体系整理_v3.4(1).zip,GOVERNANCE,governance.project_state,data/registry/releases.yaml + config/project_state.yaml,STRUCTURE_PROJECT_STATE,PARTIAL,P2,HISTORICAL,NO,项目状态/版本纪律；只提取当前有效规则，旧版保留谱系。,红楼梦探佚_全量文档体系_重整版_v4.2/11_P0_R1_R2_R3审计与事故复盘/01_R3历史过程补档/红楼梦八十回后全幅文学补完大工程计划_v5.3.3.md | 红楼梦探佚_全量文档体系_重整版_v4.2/90_三套来源包完整快照_只读/R3全量_v3.4/98_历史过程补档_只读/红楼梦八十回后全幅文学补完大工程计划_v5.3.3.md | 红楼梦探佚_截至R3_全量文档体系整理_v3.4/98_历史过程补档_只读/红楼梦八十回后全幅文学补完大工程计划_v5.3.3.md
52cd53640e6f25bc2f74cb8e84d59d8ab10a56897ac97f86472b27c6b4e3d9c3,红楼梦探佚_全量文档体系_重整版_v4.2.zip,红楼梦探佚_全量文档体系_重整版_v4.2/11_P0_R1_R2_R3审计与事故复盘/01_R3历史过程补档/红楼梦八十回后全幅文学补完大工程计划_v5.3.4.md,红楼梦八十回后全幅文学补完大工程计划_v5.3.4.md,69692,3,红楼梦探佚_全量文档体系_重整版_v4.2.zip; 红楼梦探佚_截至R3_全量文档体系整理_v3.4(1).zip,GOVERNANCE,governance.project_state,data/registry/releases.yaml + config/project_state.yaml,STRUCTURE_PROJECT_STATE,PARTIAL,P2,HISTORICAL,NO,项目状态/版本纪律；只提取当前有效规则，旧版保留谱系。,红楼梦探佚_全量文档体系_重整版_v4.2/11_P0_R1_R2_R3审计与事故复盘/01_R3历史过程补档/红楼梦八十回后全幅文学补完大工程计划_v5.3.4.md | 红楼梦探佚_全量文档体系_重整版_v4.2/90_三套来源包完整快照_只读/R3全量_v3.4/98_历史过程补档_只读/红楼梦八十回后全幅文学补完大工程计划_v5.3.4.md | 红楼梦探佚_截至R3_全量文档体系整理_v3.4/98_历史过程补档_只读/红楼梦八十回后全幅文学补完大工程计划_v5.3.4.md
c4a94fa001db5c71ab97a4f368d43e79eb38de3a228ca92edc3e6f675bfbc052,红楼梦探佚_全量文档体系_重整版_v4.2.zip,红楼梦探佚_全量文档体系_重整版_v4.2/11_P0_R1_R2_R3审计与事故复盘/01_R3历史过程补档/红楼梦八十回后全幅文学补完大工程计划_v5.3.5.md,红楼梦八十回后全幅文学补完大工程计划_v5.3.5.md,69864,3,红楼梦探佚_全量文档体系_重整版_v4.2.zip; 红楼梦探佚_截至R3_全量文档体系整理_v3.4(1).zip,GOVERNANCE,governance.project_state,data/registry/releases.yaml + config/project_state.yaml,STRUCTURE_PROJECT_STATE,PARTIAL,P2,HISTORICAL,NO,项目状态/版本纪律；只提取当前有效规则，旧版保留谱系。,红楼梦探佚_全量文档体系_重整版_v4.2/11_P0_R1_R2_R3审计与事故复盘/01_R3历史过程补档/红楼梦八十回后全幅文学补完大工程计划_v5.3.5.md | 红楼梦探佚_全量文档体系_重整版_v4.2/90_三套来源包完整快照_只读/R3全量_v3.4/98_历史过程补档_只读/红楼梦八十回后全幅文学补完大工程计划_v5.3.5.md | 红楼梦探佚_截至R3_全量文档体系整理_v3.4/98_历史过程补档_只读/红楼梦八十回后全幅文学补完大工程计划_v5.3.5.md
f53ad3158a252093913e4828b1d6d480215451f682d7b3e17654451be049ee15,红楼梦探佚_全量文档体系_重整版_v4.2.zip,红楼梦探佚_全量文档体系_重整版_v4.2/11_P0_R1_R2_R3审计与事故复盘/01_R3历史过程补档/红楼梦八十回后全幅文学补完大工程计划_v5.3.md,红楼梦八十回后全幅文学补完大工程计划_v5.3.md,69751,3,红楼梦探佚_全量文档体系_重整版_v4.2.zip; 红楼梦探佚_截至R3_全量文档体系整理_v3.4(1).zip,GOVERNANCE,governance.project_state,data/registry/releases.yaml + config/project_state.yaml,STRUCTURE_PROJECT_STATE,PARTIAL,P2,HISTORICAL,NO,项目状态/版本纪律；只提取当前有效规则，旧版保留谱系。,红楼梦探佚_全量文档体系_重整版_v4.2/11_P0_R1_R2_R3审计与事故复盘/01_R3历史过程补档/红楼梦八十回后全幅文学补完大工程计划_v5.3.md | 红楼梦探佚_全量文档体系_重整版_v4.2/90_三套来源包完整快照_只读/R3全量_v3.4/98_历史过程补档_只读/红楼梦八十回后全幅文学补完大工程计划_v5.3.md | 红楼梦探佚_截至R3_全量文档体系整理_v3.4/98_历史过程补档_只读/红楼梦八十回后全幅文学补完大工程计划_v5.3.md
29367a7cb0667140e4be33ed3d92a3d9ac70670c0b140f4eed9c2783239a3163,红楼梦探佚_全量文档体系_重整版_v4.2.zip,红楼梦探佚_全量文档体系_重整版_v4.2/11_P0_R1_R2_R3审计与事故复盘/01_R3历史过程补档/续庄子绝句_物质文本流转专题_v1.0.md,续庄子绝句_物质文本流转专题_v1.0.md,25453,3,红楼梦探佚_全量文档体系_重整版_v4.2.zip; 红楼梦探佚_截至R3_全量文档体系整理_v3.4(1).zip,WORLD_LITERARY,world.text_object.zhuangzi + literary.interface,data/object_flows/zhuangzi_text.yaml + data/literary_interfaces/zhuangzi.yaml,IMPORT_TEXT_OBJECT_FLOW,NONE,P0,REFERENCE,REFERENCE,旧作物质载体/后文余步；不锁宝玉必读。,红楼梦探佚_全量文档体系_重整版_v4.2/11_P0_R1_R2_R3审计与事故复盘/01_R3历史过程补档/续庄子绝句_物质文本流转专题_v1.0.md | 红楼梦探佚_全量文档体系_重整版_v4.2/90_三套来源包完整快照_只读/R3全量_v3.4/98_历史过程补档_只读/续庄子绝句_物质文本流转专题_v1.0.md | 红楼梦探佚_截至R3_全量文档体系整理_v3.4/98_历史过程补档_只读/续庄子绝句_物质文本流转专题_v1.0.md
40b51f2691905e5160f15343c025dc1a3f5d83c5057f75e698e2661b666fd92c,红楼梦探佚_全量文档体系_重整版_v4.2.zip,红楼梦探佚_全量文档体系_重整版_v4.2/11_P0_R1_R2_R3审计与事故复盘/01_R3历史过程补档/警幻情榜_五层芳讳候选证据矩阵_v1.0.md,警幻情榜_五层芳讳候选证据矩阵_v1.0.md,6889,3,红楼梦探佚_全量文档体系_重整版_v4.2.zip; 红楼梦探佚_截至R3_全量文档体系整理_v3.4(1).zip,LITERARY_EVIDENCE,literary.qingbang.boundary,data/literary_interfaces/qingbang.yaml + data/open_interfaces/r4_open.yaml,IMPORT_QINGBANG_BOUNDARY,PARTIAL,P0,REFERENCE,REFERENCE,硬锁末回/五层/情情情不情；总名/人数/名单开放。,红楼梦探佚_全量文档体系_重整版_v4.2/11_P0_R1_R2_R3审计与事故复盘/01_R3历史过程补档/警幻情榜_五层芳讳候选证据矩阵_v1.0.md | 红楼梦探佚_全量文档体系_重整版_v4.2/90_三套来源包完整快照_只读/R3全量_v3.4/98_历史过程补档_只读/警幻情榜_五层芳讳候选证据矩阵_v1.0.md | 红楼梦探佚_截至R3_全量文档体系整理_v3.4/98_历史过程补档_只读/警幻情榜_五层芳讳候选证据矩阵_v1.0.md
03f8395f3f255624a58c5502d01a025ab7be5cbc493601c7566de45ed6ff2eda,红楼梦探佚_全量文档体系_重整版_v4.2.zip,红楼梦探佚_全量文档体系_重整版_v4.2/11_P0_R1_R2_R3审计与事故复盘/01_R3历史过程补档/黛亡诗文总接口与旧作分工专题_v1.0.md,黛亡诗文总接口与旧作分工专题_v1.0.md,28739,3,红楼梦探佚_全量文档体系_重整版_v4.2.zip; 红楼梦探佚_截至R3_全量文档体系整理_v3.4(1).zip,LITERARY_ECOLOGY,literary.daiyu_postdeath_interface,data/literary_interfaces/daiyu_postdeath.yaml,IMPORT_LITERARY_INTERFACE,PARTIAL,P0,REFERENCE,REFERENCE,旧作兑现、后文场景、生成容器分层。,红楼梦探佚_全量文档体系_重整版_v4.2/11_P0_R1_R2_R3审计与事故复盘/01_R3历史过程补档/黛亡诗文总接口与旧作分工专题_v1.0.md | 红楼梦探佚_全量文档体系_重整版_v4.2/90_三套来源包完整快照_只读/R3全量_v3.4/98_历史过程补档_只读/黛亡诗文总接口与旧作分工专题_v1.0.md | 红楼梦探佚_截至R3_全量文档体系整理_v3.4/98_历史过程补档_只读/黛亡诗文总接口与旧作分工专题_v1.0.md
7c998459fc0c248761f9f9449ed0a4a5e6a900f4cb19482a101f4a28d1ce1f87,红楼梦探佚_全量文档体系_重整版_v4.2.zip,红楼梦探佚_全量文档体系_重整版_v4.2/11_P0_R1_R2_R3审计与事故复盘/02_R1_R2_R3审计归档/R2裁定记录/R2-A_回目竞选与裁定_v1.0.md,R2-A_回目竞选与裁定_v1.0.md,5109,3,红楼梦探佚_全量文档体系_重整版_v4.2.zip; 红楼梦探佚_截至R3_全量文档体系整理_v3.4(1).zip,ARCHIVE,archive.document,data/archive/documents.yaml,INDEX_ONLY,ARCHIVE_ONLY,P2,HISTORICAL,NO,历史/重复内容仅保留可追溯索引。,红楼梦探佚_全量文档体系_重整版_v4.2/11_P0_R1_R2_R3审计与事故复盘/02_R1_R2_R3审计归档/R2裁定记录/R2-A_回目竞选与裁定_v1.0.md | 红楼梦探佚_全量文档体系_重整版_v4.2/90_三套来源包完整快照_只读/R3全量_v3.4/99_审计归档_只读/R2裁定记录/R2-A_回目竞选与裁定_v1.0.md | 红楼梦探佚_截至R3_全量文档体系整理_v3.4/99_审计归档_只读/R2裁定记录/R2-A_回目竞选与裁定_v1.0.md
be22d10df0db4f323197b70d899578f606b2ca69482cd16a1a8c9c6291c1d62d,红楼梦探佚_全量文档体系_重整版_v4.2.zip,红楼梦探佚_全量文档体系_重整版_v4.2/11_P0_R1_R2_R3审计与事故复盘/02_R1_R2_R3审计归档/R2裁定记录/R2-B_93_94排序竞选_v1.0.md,R2-B_93_94排序竞选_v1.0.md,2221,3,红楼梦探佚_全量文档体系_重整版_v4.2.zip; 红楼梦探佚_截至R3_全量文档体系整理_v3.4(1).zip,ARCHIVE,archive.document,data/archive/documents.yaml,INDEX_ONLY,ARCHIVE_ONLY,P2,HISTORICAL,NO,历史/重复内容仅保留可追溯索引。,红楼梦探佚_全量文档体系_重整版_v4.2/11_P0_R1_R2_R3审计与事故复盘/02_R1_R2_R3审计归档/R2裁定记录/R2-B_93_94排序竞选_v1.0.md | 红楼梦探佚_全量文档体系_重整版_v4.2/90_三套来源包完整快照_只读/R3全量_v3.4/99_审计归档_只读/R2裁定记录/R2-B_93_94排序竞选_v1.0.md | 红楼梦探佚_截至R3_全量文档体系整理_v3.4/99_审计归档_只读/R2裁定记录/R2-B_93_94排序竞选_v1.0.md
2c97b9bbca8b707fed74bf2c435677be36b2820405cab8e9b8f0c4587ecfaa46,红楼梦探佚_全量文档体系_重整版_v4.2.zip,红楼梦探佚_全量文档体系_重整版_v4.2/11_P0_R1_R2_R3审计与事故复盘/02_R1_R2_R3审计归档/R2裁定记录/R2-C_史湘云卫若兰关系再审_v1.0.md,R2-C_史湘云卫若兰关系再审_v1.0.md,2968,3,红楼梦探佚_全量文档体系_重整版_v4.2.zip; 红楼梦探佚_截至R3_全量文档体系整理_v3.4(1).zip,ARCHIVE,archive.document,data/archive/documents.yaml,INDEX_ONLY,ARCHIVE_ONLY,P2,HISTORICAL,NO,历史/重复内容仅保留可追溯索引。,红楼梦探佚_全量文档体系_重整版_v4.2/11_P0_R1_R2_R3审计与事故复盘/02_R1_R2_R3审计归档/R2裁定记录/R2-C_史湘云卫若兰关系再审_v1.0.md | 红楼梦探佚_全量文档体系_重整版_v4.2/90_三套来源包完整快照_只读/R3全量_v3.4/99_审计归档_只读/R2裁定记录/R2-C_史湘云卫若兰关系再审_v1.0.md | 红楼梦探佚_截至R3_全量文档体系整理_v3.4/99_审计归档_只读/R2裁定记录/R2-C_史湘云卫若兰关系再审_v1.0.md
6bd63732a6e1f4b1dc63a2232e12fc5ab8fa40b93523a8a00b6cc2b3c569745e,红楼梦探佚_全量文档体系_重整版_v4.2.zip,红楼梦探佚_全量文档体系_重整版_v4.2/11_P0_R1_R2_R3审计与事故复盘/02_R1_R2_R3审计归档/R2裁定记录/R2-D_第一百回情榜最小证据态重构方案_v1.0.md,R2-D_第一百回情榜最小证据态重构方案_v1.0.md,2126,3,红楼梦探佚_全量文档体系_重整版_v4.2.zip; 红楼梦探佚_截至R3_全量文档体系整理_v3.4(1).zip,LITERARY_EVIDENCE,literary.qingbang.boundary,data/literary_interfaces/qingbang.yaml + data/open_interfaces/r4_open.yaml,IMPORT_QINGBANG_BOUNDARY,PARTIAL,P0,REFERENCE,REFERENCE,硬锁末回/五层/情情情不情；总名/人数/名单开放。,红楼梦探佚_全量文档体系_重整版_v4.2/11_P0_R1_R2_R3审计与事故复盘/02_R1_R2_R3审计归档/R2裁定记录/R2-D_第一百回情榜最小证据态重构方案_v1.0.md | 红楼梦探佚_全量文档体系_重整版_v4.2/90_三套来源包完整快照_只读/R3全量_v3.4/99_审计归档_只读/R2裁定记录/R2-D_第一百回情榜最小证据态重构方案_v1.0.md | 红楼梦探佚_截至R3_全量文档体系整理_v3.4/99_审计归档_只读/R2裁定记录/R2-D_第一百回情榜最小证据态重构方案_v1.0.md
2c7a874016c1bdda27a924a5b00d41c4ebab2e18fe800e8010ef32ae9bed1d12,红楼梦探佚_全量文档体系_重整版_v4.2.zip,红楼梦探佚_全量文档体系_重整版_v4.2/11_P0_R1_R2_R3审计与事故复盘/02_R1_R2_R3审计归档/R2裁定记录/R2-E_85_87保留裁定_v1.0.md,R2-E_85_87保留裁定_v1.0.md,1020,3,红楼梦探佚_全量文档体系_重整版_v4.2.zip; 红楼梦探佚_截至R3_全量文档体系整理_v3.4(1).zip,ARCHIVE,archive.document,data/archive/documents.yaml,INDEX_ONLY,ARCHIVE_ONLY,P2,HISTORICAL,NO,历史/重复内容仅保留可追溯索引。,红楼梦探佚_全量文档体系_重整版_v4.2/11_P0_R1_R2_R3审计与事故复盘/02_R1_R2_R3审计归档/R2裁定记录/R2-E_85_87保留裁定_v1.0.md | 红楼梦探佚_全量文档体系_重整版_v4.2/90_三套来源包完整快照_只读/R3全量_v3.4/99_审计归档_只读/R2裁定记录/R2-E_85_87保留裁定_v1.0.md | 红楼梦探佚_截至R3_全量文档体系整理_v3.4/99_审计归档_只读/R2裁定记录/R2-E_85_87保留裁定_v1.0.md
c372171dca4997f94d564d8755d6f36cd78d0a11170f13f35b44194cc33ae081,红楼梦探佚_全量文档体系_重整版_v4.2.zip,红楼梦探佚_全量文档体系_重整版_v4.2/11_P0_R1_R2_R3审计与事故复盘/02_R1_R2_R3审计归档/README_R1后历史状态.md,README_R1后历史状态.md,458,3,红楼梦探佚_全量文档体系_重整版_v4.2.zip; 红楼梦探佚_截至R3_全量文档体系整理_v3.4(1).zip,REGISTRY,registry.document_metadata,data/registry/documents.yaml,REGISTER_DOCUMENT,NONE,P1,REFERENCE,REFERENCE,文档级元数据/说明；不直接驱动剧情。,红楼梦探佚_全量文档体系_重整版_v4.2/11_P0_R1_R2_R3审计与事故复盘/02_R1_R2_R3审计归档/README_R1后历史状态.md | 红楼梦探佚_全量文档体系_重整版_v4.2/90_三套来源包完整快照_只读/R3全量_v3.4/99_审计归档_只读/README_R1后历史状态.md | 红楼梦探佚_截至R3_全量文档体系整理_v3.4/99_审计归档_只读/README_R1后历史状态.md
5ccf4935eabd9892d9e8020ee2f9a765d53e4ca1d8687dd7a29a808981692c16,红楼梦探佚_全量文档体系_重整版_v4.2.zip,红楼梦探佚_全量文档体系_重整版_v4.2/11_P0_R1_R2_R3审计与事故复盘/02_R1_R2_R3审计归档/正文基线隔离区/第32-A_红楼梦八十回后文学复原_纯读版_v1.1_P0证据回归基线.md,第32-A_红楼梦八十回后文学复原_纯读版_v1.1_P0证据回归基线.md,555194,3,红楼梦探佚_全量文档体系_重整版_v4.2.zip; 红楼梦探佚_截至R3_全量文档体系整理_v3.4(1).zip,REVIEW,review.r4_audit_trace,data/review/r4_audit_trace.yaml,IMPORT_AUDIT_TRACE,PARTIAL,P1,AUDIT,NO,R4过程/回归/事故治理；运行时默认只读。,红楼梦探佚_全量文档体系_重整版_v4.2/11_P0_R1_R2_R3审计与事故复盘/02_R1_R2_R3审计归档/正文基线隔离区/第32-A_红楼梦八十回后文学复原_纯读版_v1.1_P0证据回归基线.md | 红楼梦探佚_全量文档体系_重整版_v4.2/90_三套来源包完整快照_只读/R3全量_v3.4/99_审计归档_只读/正文基线隔离区/第32-A_红楼梦八十回后文学复原_纯读版_v1.1_P0证据回归基线.md | 红楼梦探佚_截至R3_全量文档体系整理_v3.4/99_审计归档_只读/正文基线隔离区/第32-A_红楼梦八十回后文学复原_纯读版_v1.1_P0证据回归基线.md
faf12917560eff8f5753abc4ff1a4a69984764526c5c16e8f6fb96378dbb36fc,红楼梦探佚_全量文档体系_重整版_v4.2.zip,红楼梦探佚_全量文档体系_重整版_v4.2/11_P0_R1_R2_R3审计与事故复盘/02_R1_R2_R3审计归档/第32-A_v1.1_P0证据回归四审报告_v1.1_更正终版.md,第32-A_v1.1_P0证据回归四审报告_v1.1_更正终版.md,4012,3,红楼梦探佚_全量文档体系_重整版_v4.2.zip; 红楼梦探佚_截至R3_全量文档体系整理_v3.4(1).zip,REVIEW,review.r4_audit_trace,data/review/r4_audit_trace.yaml,IMPORT_AUDIT_TRACE,PARTIAL,P1,AUDIT,NO,R4过程/回归/事故治理；运行时默认只读。,红楼梦探佚_全量文档体系_重整版_v4.2/11_P0_R1_R2_R3审计与事故复盘/02_R1_R2_R3审计归档/第32-A_v1.1_P0证据回归四审报告_v1.1_更正终版.md | 红楼梦探佚_全量文档体系_重整版_v4.2/90_三套来源包完整快照_只读/R3全量_v3.4/99_审计归档_只读/第32-A_v1.1_P0证据回归四审报告_v1.1_更正终版.md | 红楼梦探佚_截至R3_全量文档体系整理_v3.4/99_审计归档_只读/第32-A_v1.1_P0证据回归四审报告_v1.1_更正终版.md
78d30a29502cc0121e2d9b7b4532a7b66978583852f595e6036069dffb74702c,红楼梦探佚_全量文档体系_重整版_v4.2.zip,红楼梦探佚_全量文档体系_重整版_v4.2/11_P0_R1_R2_R3审计与事故复盘/02_R1_R2_R3审计归档/第32.5_P0证据完整性事故关闭报告_v1.0.md,第32.5_P0证据完整性事故关闭报告_v1.0.md,2972,3,红楼梦探佚_全量文档体系_重整版_v4.2.zip; 红楼梦探佚_截至R3_全量文档体系整理_v3.4(1).zip,RELEASE_HISTORY,release.version_lineage,data/registry/releases.yaml,IMPORT_VERSION_LINEAGE,NONE,P1,VERSION_HISTORY,NO,版本谱系/三版一致性/旧锁版记录。,红楼梦探佚_全量文档体系_重整版_v4.2/11_P0_R1_R2_R3审计与事故复盘/02_R1_R2_R3审计归档/第32.5_P0证据完整性事故关闭报告_v1.0.md | 红楼梦探佚_全量文档体系_重整版_v4.2/90_三套来源包完整快照_只读/R3全量_v3.4/99_审计归档_只读/第32.5_P0证据完整性事故关闭报告_v1.0.md | 红楼梦探佚_截至R3_全量文档体系整理_v3.4/99_审计归档_只读/第32.5_P0证据完整性事故关闭报告_v1.0.md
732b923ba07f0b72f0980915085eb65c5ff278d17b2f92cdb597abc6609060cd,红楼梦探佚_全量文档体系_重整版_v4.2.zip,红楼梦探佚_全量文档体系_重整版_v4.2/11_P0_R1_R2_R3审计与事故复盘/02_R1_R2_R3审计归档/被R1取代的v3.0文件/80回后佚失诗词文赋总表_v1.1_评审修订版.md,80回后佚失诗词文赋总表_v1.1_评审修订版.md,23510,4,当前工作区散件; 红楼梦探佚_全量文档体系_重整版_v4.2.zip; 红楼梦探佚_截至R3_全量文档体系整理_v3.4(1).zip,EVIDENCE_LITERARY,literary.evidence_interface,data/claims/* + data/literary_interfaces/*.yaml,SPLIT_EVIDENCE_AND_LITERARY_INTERFACE,PARTIAL,P0,REFERENCE,REFERENCE,A/B/C/Q/X/G必须分层；G不能升证据。,红楼梦探佚_全量文档体系_重整版_v4.2/11_P0_R1_R2_R3审计与事故复盘/02_R1_R2_R3审计归档/被R1取代的v3.0文件/80回后佚失诗词文赋总表_v1.1_评审修订版.md | 红楼梦探佚_全量文档体系_重整版_v4.2/90_三套来源包完整快照_只读/R3全量_v3.4/99_审计归档_只读/被R1取代的v3.0文件/80回后佚失诗词文赋总表_v1.1_评审修订版.md | 红楼梦探佚_截至R3_全量文档体系整理_v3.4/99_审计归档_只读/被R1取代的v3.0文件/80回后佚失诗词文赋总表_v1.1_评审修订版.md | 80回后佚失诗词文赋总表_v1.1_评审修订版.md
695f58218028df8cd88f3197812a7e7fce19ccff8d06657237dd3cfc7b6292aa,红楼梦探佚_全量文档体系_重整版_v4.2.zip,红楼梦探佚_全量文档体系_重整版_v4.2/11_P0_R1_R2_R3审计与事故复盘/02_R1_R2_R3审计归档/被R1取代的v3.0文件/81—100_二十回全幅补完卡_v1.7_精简施工版.md,81—100_二十回全幅补完卡_v1.7_精简施工版.md,58662,3,红楼梦探佚_全量文档体系_重整版_v4.2.zip; 红楼梦探佚_截至R3_全量文档体系整理_v3.4(1).zip,RECONSTRUCTION,reconstruction.chapter_plan,data/chapter_plans/ch81_100.yaml + data/scenes/*,SPLIT_20_CHAPTER_PLANS,NONE,P0,REFERENCE,REFERENCE,拆为20回chapter contract/scene plan；不得把工作回目误当证据。,红楼梦探佚_全量文档体系_重整版_v4.2/11_P0_R1_R2_R3审计与事故复盘/02_R1_R2_R3审计归档/被R1取代的v3.0文件/81—100_二十回全幅补完卡_v1.7_精简施工版.md | 红楼梦探佚_全量文档体系_重整版_v4.2/90_三套来源包完整快照_只读/R3全量_v3.4/99_审计归档_只读/被R1取代的v3.0文件/81—100_二十回全幅补完卡_v1.7_精简施工版.md | 红楼梦探佚_截至R3_全量文档体系整理_v3.4/99_审计归档_只读/被R1取代的v3.0文件/81—100_二十回全幅补完卡_v1.7_精简施工版.md
3b1b4dcd8aae0250b59339c2f5bda3088ba1f7087aad6108290c96f89043358b,红楼梦探佚_全量文档体系_重整版_v4.2.zip,红楼梦探佚_全量文档体系_重整版_v4.2/11_P0_R1_R2_R3审计与事故复盘/02_R1_R2_R3审计归档/被R1取代的v3.0文件/81—100_保护锁与不可破坏细节表_v1.7_精简施工版.md,81—100_保护锁与不可破坏细节表_v1.7_精简施工版.md,14465,3,红楼梦探佚_全量文档体系_重整版_v4.2.zip; 红楼梦探佚_截至R3_全量文档体系整理_v3.4(1).zip,LOCK,lock.literary_plock,data/plocks/ch81_100.yaml,SPLIT_PLOCKS,PARTIAL,P0,REFERENCE,REFERENCE,当前Harness仅5个高风险P-Lock，需补齐全表。,红楼梦探佚_全量文档体系_重整版_v4.2/11_P0_R1_R2_R3审计与事故复盘/02_R1_R2_R3审计归档/被R1取代的v3.0文件/81—100_保护锁与不可破坏细节表_v1.7_精简施工版.md | 红楼梦探佚_全量文档体系_重整版_v4.2/90_三套来源包完整快照_只读/R3全量_v3.4/99_审计归档_只读/被R1取代的v3.0文件/81—100_保护锁与不可破坏细节表_v1.7_精简施工版.md | 红楼梦探佚_截至R3_全量文档体系整理_v3.4/99_审计归档_只读/被R1取代的v3.0文件/81—100_保护锁与不可破坏细节表_v1.7_精简施工版.md
eb16a3f2b4a1f1e07f379a166bbebf5fc108a568cd586a88ba6fbd1117978d2e,红楼梦探佚_全量文档体系_重整版_v4.2.zip,红楼梦探佚_全量文档体系_重整版_v4.2/11_P0_R1_R2_R3审计与事故复盘/02_R1_R2_R3审计归档/被R1取代的v3.0文件/81—100_运行性前置状态总表_v1.4_精简施工版.md,81—100_运行性前置状态总表_v1.4_精简施工版.md,19230,3,红楼梦探佚_全量文档体系_重整版_v4.2.zip; 红楼梦探佚_截至R3_全量文档体系整理_v3.4(1).zip,WORLD,world.runtime_preconditions,data/world_states/preconditions.yaml,IMPORT_RUNTIME_PRECONDITIONS,NONE,P0,REFERENCE,REFERENCE,正文启动前运行性前置状态。,红楼梦探佚_全量文档体系_重整版_v4.2/11_P0_R1_R2_R3审计与事故复盘/02_R1_R2_R3审计归档/被R1取代的v3.0文件/81—100_运行性前置状态总表_v1.4_精简施工版.md | 红楼梦探佚_全量文档体系_重整版_v4.2/90_三套来源包完整快照_只读/R3全量_v3.4/99_审计归档_只读/被R1取代的v3.0文件/81—100_运行性前置状态总表_v1.4_精简施工版.md | 红楼梦探佚_截至R3_全量文档体系整理_v3.4/99_审计归档_只读/被R1取代的v3.0文件/81—100_运行性前置状态总表_v1.4_精简施工版.md
0d6c97dbc1d65d83d41024afe162f4658da9025b96f514b1fe84ffb592505171,红楼梦探佚_全量文档体系_重整版_v4.2.zip,红楼梦探佚_全量文档体系_重整版_v4.2/11_P0_R1_R2_R3审计与事故复盘/02_R1_R2_R3审计归档/被R1取代的v3.0文件/ACTIVE文档内部依赖审计_v3.0.md,ACTIVE文档内部依赖审计_v3.0.md,521,3,红楼梦探佚_全量文档体系_重整版_v4.2.zip; 红楼梦探佚_截至R3_全量文档体系整理_v3.4(1).zip,ARCHIVE,archive.document,data/archive/documents.yaml,INDEX_ONLY,ARCHIVE_ONLY,P2,HISTORICAL,NO,历史/重复内容仅保留可追溯索引。,红楼梦探佚_全量文档体系_重整版_v4.2/11_P0_R1_R2_R3审计与事故复盘/02_R1_R2_R3审计归档/被R1取代的v3.0文件/ACTIVE文档内部依赖审计_v3.0.md | 红楼梦探佚_全量文档体系_重整版_v4.2/90_三套来源包完整快照_只读/R3全量_v3.4/99_审计归档_只读/被R1取代的v3.0文件/ACTIVE文档内部依赖审计_v3.0.md | 红楼梦探佚_截至R3_全量文档体系整理_v3.4/99_审计归档_只读/被R1取代的v3.0文件/ACTIVE文档内部依赖审计_v3.0.md
6f223714870dc590da05056e958fd6b39e4d25ef3e9c939e92284e681a3a0b60,红楼梦探佚_全量文档体系_重整版_v4.2.zip,红楼梦探佚_全量文档体系_重整版_v4.2/11_P0_R1_R2_R3审计与事故复盘/02_R1_R2_R3审计归档/被R1取代的v3.0文件/R1_ACTIVE内部依赖审计_v1.0.md,R1_ACTIVE内部依赖审计_v1.0.md,2500,3,红楼梦探佚_全量文档体系_重整版_v4.2.zip; 红楼梦探佚_截至R3_全量文档体系整理_v3.4(1).zip,ARCHIVE,archive.document,data/archive/documents.yaml,INDEX_ONLY,ARCHIVE_ONLY,P2,HISTORICAL,NO,历史/重复内容仅保留可追溯索引。,红楼梦探佚_全量文档体系_重整版_v4.2/11_P0_R1_R2_R3审计与事故复盘/02_R1_R2_R3审计归档/被R1取代的v3.0文件/R1_ACTIVE内部依赖审计_v1.0.md | 红楼梦探佚_全量文档体系_重整版_v4.2/90_三套来源包完整快照_只读/R3全量_v3.4/99_审计归档_只读/被R1取代的v3.0文件/R1_ACTIVE内部依赖审计_v1.0.md | 红楼梦探佚_截至R3_全量文档体系整理_v3.4/99_审计归档_只读/被R1取代的v3.0文件/R1_ACTIVE内部依赖审计_v1.0.md
ddba5a18152e4122c69fd706119a6a60ecd7853d3661b455840324bc0912ff0b,红楼梦探佚_全量文档体系_重整版_v4.2.zip,红楼梦探佚_全量文档体系_重整版_v4.2/11_P0_R1_R2_R3审计与事故复盘/02_R1_R2_R3审计归档/被R1取代的v3.0文件/R1_ACTIVE内部依赖审计_v1.1.md,R1_ACTIVE内部依赖审计_v1.1.md,1869,3,红楼梦探佚_全量文档体系_重整版_v4.2.zip; 红楼梦探佚_截至R3_全量文档体系整理_v3.4(1).zip,ARCHIVE,archive.document,data/archive/documents.yaml,INDEX_ONLY,ARCHIVE_ONLY,P2,HISTORICAL,NO,历史/重复内容仅保留可追溯索引。,红楼梦探佚_全量文档体系_重整版_v4.2/11_P0_R1_R2_R3审计与事故复盘/02_R1_R2_R3审计归档/被R1取代的v3.0文件/R1_ACTIVE内部依赖审计_v1.1.md | 红楼梦探佚_全量文档体系_重整版_v4.2/90_三套来源包完整快照_只读/R3全量_v3.4/99_审计归档_只读/被R1取代的v3.0文件/R1_ACTIVE内部依赖审计_v1.1.md | 红楼梦探佚_截至R3_全量文档体系整理_v3.4/99_审计归档_只读/被R1取代的v3.0文件/R1_ACTIVE内部依赖审计_v1.1.md
d0f17d91a96a6307e43d48a03bdeb080f9f2e71265c6c15663ddc3a6bdf94d13,红楼梦探佚_全量文档体系_重整版_v4.2.zip,红楼梦探佚_全量文档体系_重整版_v4.2/11_P0_R1_R2_R3审计与事故复盘/02_R1_R2_R3审计归档/被R1取代的v3.0文件/R1_ACTIVE内部依赖审计_v1.2.md,R1_ACTIVE内部依赖审计_v1.2.md,2189,3,红楼梦探佚_全量文档体系_重整版_v4.2.zip; 红楼梦探佚_截至R3_全量文档体系整理_v3.4(1).zip,ARCHIVE,archive.document,data/archive/documents.yaml,INDEX_ONLY,ARCHIVE_ONLY,P2,HISTORICAL,NO,历史/重复内容仅保留可追溯索引。,红楼梦探佚_全量文档体系_重整版_v4.2/11_P0_R1_R2_R3审计与事故复盘/02_R1_R2_R3审计归档/被R1取代的v3.0文件/R1_ACTIVE内部依赖审计_v1.2.md | 红楼梦探佚_全量文档体系_重整版_v4.2/90_三套来源包完整快照_只读/R3全量_v3.4/99_审计归档_只读/被R1取代的v3.0文件/R1_ACTIVE内部依赖审计_v1.2.md | 红楼梦探佚_截至R3_全量文档体系整理_v3.4/99_审计归档_只读/被R1取代的v3.0文件/R1_ACTIVE内部依赖审计_v1.2.md
fda55b62fd6e1d5ac0ce3e4aab58bdb64ae5f4d56e70011d5b2a11966417834c,红楼梦探佚_全量文档体系_重整版_v4.2.zip,红楼梦探佚_全量文档体系_重整版_v4.2/11_P0_R1_R2_R3审计与事故复盘/02_R1_R2_R3审计归档/被R1取代的v3.0文件/README_从这里开始.md,README_从这里开始.md,2464,3,红楼梦探佚_全量文档体系_重整版_v4.2.zip; 红楼梦探佚_截至R3_全量文档体系整理_v3.4(1).zip,REGISTRY,registry.document_metadata,data/registry/documents.yaml,REGISTER_DOCUMENT,NONE,P1,REFERENCE,REFERENCE,文档级元数据/说明；不直接驱动剧情。,红楼梦探佚_全量文档体系_重整版_v4.2/11_P0_R1_R2_R3审计与事故复盘/02_R1_R2_R3审计归档/被R1取代的v3.0文件/README_从这里开始.md | 红楼梦探佚_全量文档体系_重整版_v4.2/90_三套来源包完整快照_只读/R3全量_v3.4/99_审计归档_只读/被R1取代的v3.0文件/README_从这里开始.md | 红楼梦探佚_截至R3_全量文档体系整理_v3.4/99_审计归档_只读/被R1取代的v3.0文件/README_从这里开始.md
d244033203766b5660ba38216aa22d868c9a7d210f61c553fe95cef118651898,红楼梦探佚_全量文档体系_重整版_v4.2.zip,红楼梦探佚_全量文档体系_重整版_v4.2/11_P0_R1_R2_R3审计与事故复盘/02_R1_R2_R3审计归档/被R1取代的v3.0文件/下一阶段施工入口_第43-0.md,下一阶段施工入口_第43-0.md,768,3,红楼梦探佚_全量文档体系_重整版_v4.2.zip; 红楼梦探佚_截至R3_全量文档体系整理_v3.4(1).zip,ARCHIVE,archive.document,data/archive/documents.yaml,INDEX_ONLY,ARCHIVE_ONLY,P2,HISTORICAL,NO,历史/重复内容仅保留可追溯索引。,红楼梦探佚_全量文档体系_重整版_v4.2/11_P0_R1_R2_R3审计与事故复盘/02_R1_R2_R3审计归档/被R1取代的v3.0文件/下一阶段施工入口_第43-0.md | 红楼梦探佚_全量文档体系_重整版_v4.2/90_三套来源包完整快照_只读/R3全量_v3.4/99_审计归档_只读/被R1取代的v3.0文件/下一阶段施工入口_第43-0.md | 红楼梦探佚_截至R3_全量文档体系整理_v3.4/99_审计归档_只读/被R1取代的v3.0文件/下一阶段施工入口_第43-0.md
d5d94544bc44f85adfe5f4f30de33329cfc4ea6cbb21d8788bbab300e29c5583,红楼梦探佚_全量文档体系_重整版_v4.2.zip,红楼梦探佚_全量文档体系_重整版_v4.2/11_P0_R1_R2_R3审计与事故复盘/02_R1_R2_R3审计归档/被R1取代的v3.0文件/冗余错误过期内容清理报告_v3.0.md,冗余错误过期内容清理报告_v3.0.md,2984,3,红楼梦探佚_全量文档体系_重整版_v4.2.zip; 红楼梦探佚_截至R3_全量文档体系整理_v3.4(1).zip,REGISTRY,registry.document_metadata,data/registry/documents.yaml,REGISTER_DOCUMENT,NONE,P1,REFERENCE,REFERENCE,文档级元数据/说明；不直接驱动剧情。,红楼梦探佚_全量文档体系_重整版_v4.2/11_P0_R1_R2_R3审计与事故复盘/02_R1_R2_R3审计归档/被R1取代的v3.0文件/冗余错误过期内容清理报告_v3.0.md | 红楼梦探佚_全量文档体系_重整版_v4.2/90_三套来源包完整快照_只读/R3全量_v3.4/99_审计归档_只读/被R1取代的v3.0文件/冗余错误过期内容清理报告_v3.0.md | 红楼梦探佚_截至R3_全量文档体系整理_v3.4/99_审计归档_只读/被R1取代的v3.0文件/冗余错误过期内容清理报告_v3.0.md
eac297db8f868701b3bf021a12a30e47048755af609b2d03ceea406a47e98198,红楼梦探佚_全量文档体系_重整版_v4.2.zip,红楼梦探佚_全量文档体系_重整版_v4.2/11_P0_R1_R2_R3审计与事故复盘/02_R1_R2_R3审计归档/被R1取代的v3.0文件/十独吟_作者形制时序专题_v1.0.md,十独吟_作者形制时序专题_v1.0.md,26415,3,红楼梦探佚_全量文档体系_重整版_v4.2.zip; 红楼梦探佚_截至R3_全量文档体系整理_v3.4(1).zip,LITERARY_EVIDENCE,literary.interface.ten_du_yin,data/literary_interfaces/ten_du_yin.yaml,IMPORT_INTERFACE_WITH_OPEN_FIELDS,PARTIAL,P0,REFERENCE,REFERENCE,锁题名/后64，作者体裁篇数对象保持OPEN。,红楼梦探佚_全量文档体系_重整版_v4.2/11_P0_R1_R2_R3审计与事故复盘/02_R1_R2_R3审计归档/被R1取代的v3.0文件/十独吟_作者形制时序专题_v1.0.md | 红楼梦探佚_全量文档体系_重整版_v4.2/90_三套来源包完整快照_只读/R3全量_v3.4/99_审计归档_只读/被R1取代的v3.0文件/十独吟_作者形制时序专题_v1.0.md | 红楼梦探佚_截至R3_全量文档体系整理_v3.4/99_审计归档_只读/被R1取代的v3.0文件/十独吟_作者形制时序专题_v1.0.md
94b37cf2be4c98f44633236f42af7989fe5243a10f52f74efe6ae266e168bd65,红楼梦探佚_全量文档体系_重整版_v4.2.zip,红楼梦探佚_全量文档体系_重整版_v4.2/11_P0_R1_R2_R3审计与事故复盘/02_R1_R2_R3审计归档/被R1取代的v3.0文件/对景悼颦儿_场景体裁竞争专题_v1.0.md,对景悼颦儿_场景体裁竞争专题_v1.0.md,22489,3,红楼梦探佚_全量文档体系_重整版_v4.2.zip; 红楼梦探佚_截至R3_全量文档体系整理_v3.4(1).zip,LITERARY_EVIDENCE,literary.interface.mourning_daiyu,data/literary_interfaces/mourning_daiyu.yaml,IMPORT_INTERFACE_WEAK_WITNESS,PARTIAL,P0,REFERENCE,REFERENCE,场景/题旨强于体裁；W2不得独立承重。,红楼梦探佚_全量文档体系_重整版_v4.2/11_P0_R1_R2_R3审计与事故复盘/02_R1_R2_R3审计归档/被R1取代的v3.0文件/对景悼颦儿_场景体裁竞争专题_v1.0.md | 红楼梦探佚_全量文档体系_重整版_v4.2/90_三套来源包完整快照_只读/R3全量_v3.4/99_审计归档_只读/被R1取代的v3.0文件/对景悼颦儿_场景体裁竞争专题_v1.0.md | 红楼梦探佚_截至R3_全量文档体系整理_v3.4/99_审计归档_只读/被R1取代的v3.0文件/对景悼颦儿_场景体裁竞争专题_v1.0.md
cb4bb14b0ad362962f72ddec3a83cc3b203f484c90419148c66a9d46a31e472b,红楼梦探佚_全量文档体系_重整版_v4.2.zip,红楼梦探佚_全量文档体系_重整版_v4.2/11_P0_R1_R2_R3审计与事故复盘/02_R1_R2_R3审计归档/被R1取代的v3.0文件/当前ACTIVE版本总表_v3.0.md,当前ACTIVE版本总表_v3.0.md,1333,3,红楼梦探佚_全量文档体系_重整版_v4.2.zip; 红楼梦探佚_截至R3_全量文档体系整理_v3.4(1).zip,RELEASE_HISTORY,release.version_lineage,data/registry/releases.yaml,IMPORT_VERSION_LINEAGE,NONE,P1,VERSION_HISTORY,NO,版本谱系/三版一致性/旧锁版记录。,红楼梦探佚_全量文档体系_重整版_v4.2/11_P0_R1_R2_R3审计与事故复盘/02_R1_R2_R3审计归档/被R1取代的v3.0文件/当前ACTIVE版本总表_v3.0.md | 红楼梦探佚_全量文档体系_重整版_v4.2/90_三套来源包完整快照_只读/R3全量_v3.4/99_审计归档_只读/被R1取代的v3.0文件/当前ACTIVE版本总表_v3.0.md | 红楼梦探佚_截至R3_全量文档体系整理_v3.4/99_审计归档_只读/被R1取代的v3.0文件/当前ACTIVE版本总表_v3.0.md
3d981a5eb223fe3ab94be5bf9533578dd06d0f0019bd329637216183d32ba07a,红楼梦探佚_全量文档体系_重整版_v4.2.zip,红楼梦探佚_全量文档体系_重整版_v4.2/11_P0_R1_R2_R3审计与事故复盘/02_R1_R2_R3审计归档/被R1取代的v3.0文件/文件清单与SHA256_v3.0.md,文件清单与SHA256_v3.0.md,9210,3,红楼梦探佚_全量文档体系_重整版_v4.2.zip; 红楼梦探佚_截至R3_全量文档体系整理_v3.4(1).zip,REGISTRY,registry.document_metadata,data/registry/documents.yaml,REGISTER_DOCUMENT,NONE,P1,REFERENCE,REFERENCE,文档级元数据/说明；不直接驱动剧情。,红楼梦探佚_全量文档体系_重整版_v4.2/11_P0_R1_R2_R3审计与事故复盘/02_R1_R2_R3审计归档/被R1取代的v3.0文件/文件清单与SHA256_v3.0.md | 红楼梦探佚_全量文档体系_重整版_v4.2/90_三套来源包完整快照_只读/R3全量_v3.4/99_审计归档_只读/被R1取代的v3.0文件/文件清单与SHA256_v3.0.md | 红楼梦探佚_截至R3_全量文档体系整理_v3.4/99_审计归档_只读/被R1取代的v3.0文件/文件清单与SHA256_v3.0.md
ac7702e1e869699d16bfb53b02dc667faebbcbd2a8780f6ef5e16b1a53bffcea,红楼梦探佚_全量文档体系_重整版_v4.2.zip,红楼梦探佚_全量文档体系_重整版_v4.2/11_P0_R1_R2_R3审计与事故复盘/02_R1_R2_R3审计归档/被R1取代的v3.0文件/第32.5-A_后80直引硬锁总台账_v1.0_全量审计版.md,第32.5-A_后80直引硬锁总台账_v1.0_全量审计版.md,12467,3,红楼梦探佚_全量文档体系_重整版_v4.2.zip; 红楼梦探佚_截至R3_全量文档体系整理_v3.4(1).zip,RELEASE_HISTORY,release.version_lineage,data/registry/releases.yaml,IMPORT_VERSION_LINEAGE,NONE,P1,VERSION_HISTORY,NO,版本谱系/三版一致性/旧锁版记录。,红楼梦探佚_全量文档体系_重整版_v4.2/11_P0_R1_R2_R3审计与事故复盘/02_R1_R2_R3审计归档/被R1取代的v3.0文件/第32.5-A_后80直引硬锁总台账_v1.0_全量审计版.md | 红楼梦探佚_全量文档体系_重整版_v4.2/90_三套来源包完整快照_只读/R3全量_v3.4/99_审计归档_只读/被R1取代的v3.0文件/第32.5-A_后80直引硬锁总台账_v1.0_全量审计版.md | 红楼梦探佚_截至R3_全量文档体系整理_v3.4/99_审计归档_只读/被R1取代的v3.0文件/第32.5-A_后80直引硬锁总台账_v1.0_全量审计版.md
b6cf4af316cf0ab2d2a453889da75ae86dbacc0f1f7ae535f203a3927af7671c,红楼梦探佚_全量文档体系_重整版_v4.2.zip,红楼梦探佚_全量文档体系_重整版_v4.2/11_P0_R1_R2_R3审计与事故复盘/02_R1_R2_R3审计归档/被R1取代的v3.0文件/红楼梦八十回后佚稿复原_工作底稿_v2.8_精简施工母本.md,红楼梦八十回后佚稿复原_工作底稿_v2.8_精简施工母本.md,37580,3,红楼梦探佚_全量文档体系_重整版_v4.2.zip; 红楼梦探佚_截至R3_全量文档体系整理_v3.4(1).zip,RECONSTRUCTION,reconstruction.master_model,data/decisions/* + data/precedence/* + data/open_interfaces/legacy_map.yaml,SPLIT_MASTER_MODEL,PARTIAL,P0,REFERENCE,REFERENCE,母本含R/P/O与生成首选；拆分导入，正文方案不反升证据。,红楼梦探佚_全量文档体系_重整版_v4.2/11_P0_R1_R2_R3审计与事故复盘/02_R1_R2_R3审计归档/被R1取代的v3.0文件/红楼梦八十回后佚稿复原_工作底稿_v2.8_精简施工母本.md | 红楼梦探佚_全量文档体系_重整版_v4.2/90_三套来源包完整快照_只读/R3全量_v3.4/99_审计归档_只读/被R1取代的v3.0文件/红楼梦八十回后佚稿复原_工作底稿_v2.8_精简施工母本.md | 红楼梦探佚_截至R3_全量文档体系整理_v3.4/99_审计归档_只读/被R1取代的v3.0文件/红楼梦八十回后佚稿复原_工作底稿_v2.8_精简施工母本.md
ca0fd3a0921e8bcf50cf4090f28f02683e83a8e02f3a04b3420fd0447e71d257,红楼梦探佚_全量文档体系_重整版_v4.2.zip,红楼梦探佚_全量文档体系_重整版_v4.2/11_P0_R1_R2_R3审计与事故复盘/02_R1_R2_R3审计归档/被R1取代的v3.0文件/红楼梦八十回后全幅文学补完大工程计划_v5.4_精简施工版.md,红楼梦八十回后全幅文学补完大工程计划_v5.4_精简施工版.md,9128,3,红楼梦探佚_全量文档体系_重整版_v4.2.zip; 红楼梦探佚_截至R3_全量文档体系整理_v3.4(1).zip,GOVERNANCE,governance.project_state,data/registry/releases.yaml + config/project_state.yaml,STRUCTURE_PROJECT_STATE,PARTIAL,P2,HISTORICAL,NO,项目状态/版本纪律；只提取当前有效规则，旧版保留谱系。,红楼梦探佚_全量文档体系_重整版_v4.2/11_P0_R1_R2_R3审计与事故复盘/02_R1_R2_R3审计归档/被R1取代的v3.0文件/红楼梦八十回后全幅文学补完大工程计划_v5.4_精简施工版.md | 红楼梦探佚_全量文档体系_重整版_v4.2/90_三套来源包完整快照_只读/R3全量_v3.4/99_审计归档_只读/被R1取代的v3.0文件/红楼梦八十回后全幅文学补完大工程计划_v5.4_精简施工版.md | 红楼梦探佚_截至R3_全量文档体系整理_v3.4/99_审计归档_只读/被R1取代的v3.0文件/红楼梦八十回后全幅文学补完大工程计划_v5.4_精简施工版.md
dde84263025133414c33a9752c806be5a979266f270f5b6c7ab40e1d30cd8571,红楼梦探佚_全量文档体系_重整版_v4.2.zip,红楼梦探佚_全量文档体系_重整版_v4.2/11_P0_R1_R2_R3审计与事故复盘/02_R1_R2_R3审计归档/被R1取代的v3.0文件/警幻情榜_五层芳讳候选证据矩阵_v1.1_P0回归版.md,警幻情榜_五层芳讳候选证据矩阵_v1.1_P0回归版.md,7462,3,红楼梦探佚_全量文档体系_重整版_v4.2.zip; 红楼梦探佚_截至R3_全量文档体系整理_v3.4(1).zip,LITERARY_EVIDENCE,literary.qingbang.boundary,data/literary_interfaces/qingbang.yaml + data/open_interfaces/r4_open.yaml,IMPORT_QINGBANG_BOUNDARY,PARTIAL,P0,REFERENCE,REFERENCE,硬锁末回/五层/情情情不情；总名/人数/名单开放。,红楼梦探佚_全量文档体系_重整版_v4.2/11_P0_R1_R2_R3审计与事故复盘/02_R1_R2_R3审计归档/被R1取代的v3.0文件/警幻情榜_五层芳讳候选证据矩阵_v1.1_P0回归版.md | 红楼梦探佚_全量文档体系_重整版_v4.2/90_三套来源包完整快照_只读/R3全量_v3.4/99_审计归档_只读/被R1取代的v3.0文件/警幻情榜_五层芳讳候选证据矩阵_v1.1_P0回归版.md | 红楼梦探佚_截至R3_全量文档体系整理_v3.4/99_审计归档_只读/被R1取代的v3.0文件/警幻情榜_五层芳讳候选证据矩阵_v1.1_P0回归版.md
1224debbccf8520488c210c0486487b99cba0344f003e6d1172a937046fc1432,红楼梦探佚_全量文档体系_重整版_v4.2.zip,红楼梦探佚_全量文档体系_重整版_v4.2/11_P0_R1_R2_R3审计与事故复盘/02_R1_R2_R3审计归档/被R1取代的v3.0文件/警幻情榜_榜式层级与生成边界专题_v1.0.md,警幻情榜_榜式层级与生成边界专题_v1.0.md,30677,3,红楼梦探佚_全量文档体系_重整版_v4.2.zip; 红楼梦探佚_截至R3_全量文档体系整理_v3.4(1).zip,LITERARY_EVIDENCE,literary.qingbang.boundary,data/literary_interfaces/qingbang.yaml + data/open_interfaces/r4_open.yaml,IMPORT_QINGBANG_BOUNDARY,PARTIAL,P0,REFERENCE,REFERENCE,硬锁末回/五层/情情情不情；总名/人数/名单开放。,红楼梦探佚_全量文档体系_重整版_v4.2/11_P0_R1_R2_R3审计与事故复盘/02_R1_R2_R3审计归档/被R1取代的v3.0文件/警幻情榜_榜式层级与生成边界专题_v1.0.md | 红楼梦探佚_全量文档体系_重整版_v4.2/90_三套来源包完整快照_只读/R3全量_v3.4/99_审计归档_只读/被R1取代的v3.0文件/警幻情榜_榜式层级与生成边界专题_v1.0.md | 红楼梦探佚_截至R3_全量文档体系整理_v3.4/99_审计归档_只读/被R1取代的v3.0文件/警幻情榜_榜式层级与生成边界专题_v1.0.md
2f9a628db061e13563e670c5e663c154ccf5b57557c038b6fbb797649c865e95,红楼梦探佚_全量文档体系_重整版_v4.2.zip,红楼梦探佚_全量文档体系_重整版_v4.2/11_P0_R1_R2_R3审计与事故复盘/02_R1_R2_R3审计归档/被R1取代的v3.0文件/诗文B类非作品硬约束收口表_v1.0.md,诗文B类非作品硬约束收口表_v1.0.md,20268,3,红楼梦探佚_全量文档体系_重整版_v4.2.zip; 红楼梦探佚_截至R3_全量文档体系整理_v3.4(1).zip,ARCHIVE,archive.document,data/archive/documents.yaml,INDEX_ONLY,ARCHIVE_ONLY,P2,HISTORICAL,NO,历史/重复内容仅保留可追溯索引。,红楼梦探佚_全量文档体系_重整版_v4.2/11_P0_R1_R2_R3审计与事故复盘/02_R1_R2_R3审计归档/被R1取代的v3.0文件/诗文B类非作品硬约束收口表_v1.0.md | 红楼梦探佚_全量文档体系_重整版_v4.2/90_三套来源包完整快照_只读/R3全量_v3.4/99_审计归档_只读/被R1取代的v3.0文件/诗文B类非作品硬约束收口表_v1.0.md | 红楼梦探佚_截至R3_全量文档体系整理_v3.4/99_审计归档_只读/被R1取代的v3.0文件/诗文B类非作品硬约束收口表_v1.0.md
3378c7484243085098101b0c0917d7f47c7ab6128c146f2e9833f7115ce3711e,红楼梦探佚_全量文档体系_重整版_v4.2.zip,红楼梦探佚_全量文档体系_重整版_v4.2/11_P0_R1_R2_R3审计与事故复盘/02_R1_R2_R3审计归档/被R2取代的R1文件/81—100_二十回全幅补完卡_v1.8_R1证据角色回归版.md,81—100_二十回全幅补完卡_v1.8_R1证据角色回归版.md,3157,3,红楼梦探佚_全量文档体系_重整版_v4.2.zip; 红楼梦探佚_截至R3_全量文档体系整理_v3.4(1).zip,RECONSTRUCTION,reconstruction.chapter_plan,data/chapter_plans/ch81_100.yaml + data/scenes/*,SPLIT_20_CHAPTER_PLANS,NONE,P0,REFERENCE,REFERENCE,拆为20回chapter contract/scene plan；不得把工作回目误当证据。,红楼梦探佚_全量文档体系_重整版_v4.2/11_P0_R1_R2_R3审计与事故复盘/02_R1_R2_R3审计归档/被R2取代的R1文件/81—100_二十回全幅补完卡_v1.8_R1证据角色回归版.md | 红楼梦探佚_全量文档体系_重整版_v4.2/90_三套来源包完整快照_只读/R3全量_v3.4/99_审计归档_只读/被R2取代的R1文件/81—100_二十回全幅补完卡_v1.8_R1证据角色回归版.md | 红楼梦探佚_截至R3_全量文档体系整理_v3.4/99_审计归档_只读/被R2取代的R1文件/81—100_二十回全幅补完卡_v1.8_R1证据角色回归版.md
1ecdc787708c47ac20fae13c2235a2319e5dd917431936100bdcca9332fe0ac6,红楼梦探佚_全量文档体系_重整版_v4.2.zip,红楼梦探佚_全量文档体系_重整版_v4.2/11_P0_R1_R2_R3审计与事故复盘/02_R1_R2_R3审计归档/被R2取代的R1文件/81—100_保护锁与不可破坏细节表_v1.8_R1证据角色回归版.md,81—100_保护锁与不可破坏细节表_v1.8_R1证据角色回归版.md,2004,3,红楼梦探佚_全量文档体系_重整版_v4.2.zip; 红楼梦探佚_截至R3_全量文档体系整理_v3.4(1).zip,LOCK,lock.literary_plock,data/plocks/ch81_100.yaml,SPLIT_PLOCKS,PARTIAL,P0,REFERENCE,REFERENCE,当前Harness仅5个高风险P-Lock，需补齐全表。,红楼梦探佚_全量文档体系_重整版_v4.2/11_P0_R1_R2_R3审计与事故复盘/02_R1_R2_R3审计归档/被R2取代的R1文件/81—100_保护锁与不可破坏细节表_v1.8_R1证据角色回归版.md | 红楼梦探佚_全量文档体系_重整版_v4.2/90_三套来源包完整快照_只读/R3全量_v3.4/99_审计归档_只读/被R2取代的R1文件/81—100_保护锁与不可破坏细节表_v1.8_R1证据角色回归版.md | 红楼梦探佚_截至R3_全量文档体系整理_v3.4/99_审计归档_只读/被R2取代的R1文件/81—100_保护锁与不可破坏细节表_v1.8_R1证据角色回归版.md
c3187c20a89f2203e1c8f437f73670bc5abb7330198b39957a8c599b93147d20,红楼梦探佚_全量文档体系_重整版_v4.2.zip,红楼梦探佚_全量文档体系_重整版_v4.2/11_P0_R1_R2_R3审计与事故复盘/02_R1_R2_R3审计归档/被R2取代的R1文件/81—100_运行性前置状态总表_v1.5_R1暂停版.md,81—100_运行性前置状态总表_v1.5_R1暂停版.md,1348,3,红楼梦探佚_全量文档体系_重整版_v4.2.zip; 红楼梦探佚_截至R3_全量文档体系整理_v3.4(1).zip,WORLD,world.runtime_preconditions,data/world_states/preconditions.yaml,IMPORT_RUNTIME_PRECONDITIONS,NONE,P0,REFERENCE,REFERENCE,正文启动前运行性前置状态。,红楼梦探佚_全量文档体系_重整版_v4.2/11_P0_R1_R2_R3审计与事故复盘/02_R1_R2_R3审计归档/被R2取代的R1文件/81—100_运行性前置状态总表_v1.5_R1暂停版.md | 红楼梦探佚_全量文档体系_重整版_v4.2/90_三套来源包完整快照_只读/R3全量_v3.4/99_审计归档_只读/被R2取代的R1文件/81—100_运行性前置状态总表_v1.5_R1暂停版.md | 红楼梦探佚_截至R3_全量文档体系整理_v3.4/99_审计归档_只读/被R2取代的R1文件/81—100_运行性前置状态总表_v1.5_R1暂停版.md
a792cbfac1c55d22a9e7201621081a2dee3468a07ce7d4e543558ae355476c86,红楼梦探佚_全量文档体系_重整版_v4.2.zip,红楼梦探佚_全量文档体系_重整版_v4.2/11_P0_R1_R2_R3审计与事故复盘/02_R1_R2_R3审计归档/被R2取代的R1文件/R1_ACTIVE内部依赖审计_v1.3.md,R1_ACTIVE内部依赖审计_v1.3.md,660,3,红楼梦探佚_全量文档体系_重整版_v4.2.zip; 红楼梦探佚_截至R3_全量文档体系整理_v3.4(1).zip,ARCHIVE,archive.document,data/archive/documents.yaml,INDEX_ONLY,ARCHIVE_ONLY,P2,HISTORICAL,NO,历史/重复内容仅保留可追溯索引。,红楼梦探佚_全量文档体系_重整版_v4.2/11_P0_R1_R2_R3审计与事故复盘/02_R1_R2_R3审计归档/被R2取代的R1文件/R1_ACTIVE内部依赖审计_v1.3.md | 红楼梦探佚_全量文档体系_重整版_v4.2/90_三套来源包完整快照_只读/R3全量_v3.4/99_审计归档_只读/被R2取代的R1文件/R1_ACTIVE内部依赖审计_v1.3.md | 红楼梦探佚_截至R3_全量文档体系整理_v3.4/99_审计归档_只读/被R2取代的R1文件/R1_ACTIVE内部依赖审计_v1.3.md
5f458d52cc6dbe39965969e73b89f62284283b375de7dc5830dcb15b48fadb0a,红楼梦探佚_全量文档体系_重整版_v4.2.zip,红楼梦探佚_全量文档体系_重整版_v4.2/11_P0_R1_R2_R3审计与事故复盘/02_R1_R2_R3审计归档/被R2取代的R1文件/R1文件清单与SHA256_v1.3.md,R1文件清单与SHA256_v1.3.md,13390,3,红楼梦探佚_全量文档体系_重整版_v4.2.zip; 红楼梦探佚_截至R3_全量文档体系整理_v3.4(1).zip,REGISTRY,registry.document_metadata,data/registry/documents.yaml,REGISTER_DOCUMENT,NONE,P1,REFERENCE,REFERENCE,文档级元数据/说明；不直接驱动剧情。,红楼梦探佚_全量文档体系_重整版_v4.2/11_P0_R1_R2_R3审计与事故复盘/02_R1_R2_R3审计归档/被R2取代的R1文件/R1文件清单与SHA256_v1.3.md | 红楼梦探佚_全量文档体系_重整版_v4.2/90_三套来源包完整快照_只读/R3全量_v3.4/99_审计归档_只读/被R2取代的R1文件/R1文件清单与SHA256_v1.3.md | 红楼梦探佚_截至R3_全量文档体系整理_v3.4/99_审计归档_只读/被R2取代的R1文件/R1文件清单与SHA256_v1.3.md
ff8490f755b9cbe5c13c1ebc5060d08213a5564a58b73dbe922e274825f396e9,红楼梦探佚_全量文档体系_重整版_v4.2.zip,红楼梦探佚_全量文档体系_重整版_v4.2/11_P0_R1_R2_R3审计与事故复盘/02_R1_R2_R3审计归档/被R2取代的R1文件/当前修复状态_R1.md,当前修复状态_R1.md,851,3,红楼梦探佚_全量文档体系_重整版_v4.2.zip; 红楼梦探佚_截至R3_全量文档体系整理_v3.4(1).zip,ARCHIVE,archive.document,data/archive/documents.yaml,INDEX_ONLY,ARCHIVE_ONLY,P2,HISTORICAL,NO,历史/重复内容仅保留可追溯索引。,红楼梦探佚_全量文档体系_重整版_v4.2/11_P0_R1_R2_R3审计与事故复盘/02_R1_R2_R3审计归档/被R2取代的R1文件/当前修复状态_R1.md | 红楼梦探佚_全量文档体系_重整版_v4.2/90_三套来源包完整快照_只读/R3全量_v3.4/99_审计归档_只读/被R2取代的R1文件/当前修复状态_R1.md | 红楼梦探佚_截至R3_全量文档体系整理_v3.4/99_审计归档_只读/被R2取代的R1文件/当前修复状态_R1.md
75738aae840a4a2eaf75c331c2276914ef3054550ad99aa43aae854c20288b01,红楼梦探佚_全量文档体系_重整版_v4.2.zip,红楼梦探佚_全量文档体系_重整版_v4.2/11_P0_R1_R2_R3审计与事故复盘/02_R1_R2_R3审计归档/被R2取代的R1文件/正文基线状态_R1_等待v1.2.md,正文基线状态_R1_等待v1.2.md,590,3,红楼梦探佚_全量文档体系_重整版_v4.2.zip; 红楼梦探佚_截至R3_全量文档体系整理_v3.4(1).zip,ARCHIVE,archive.document,data/archive/documents.yaml,INDEX_ONLY,ARCHIVE_ONLY,P2,HISTORICAL,NO,历史/重复内容仅保留可追溯索引。,红楼梦探佚_全量文档体系_重整版_v4.2/11_P0_R1_R2_R3审计与事故复盘/02_R1_R2_R3审计归档/被R2取代的R1文件/正文基线状态_R1_等待v1.2.md | 红楼梦探佚_全量文档体系_重整版_v4.2/90_三套来源包完整快照_只读/R3全量_v3.4/99_审计归档_只读/被R2取代的R1文件/正文基线状态_R1_等待v1.2.md | 红楼梦探佚_截至R3_全量文档体系整理_v3.4/99_审计归档_只读/被R2取代的R1文件/正文基线状态_R1_等待v1.2.md
b0918128c39775fbce3f905c1c287be11f1d44a4ab1146b68ed4aa363da62e7a,红楼梦探佚_全量文档体系_重整版_v4.2.zip,红楼梦探佚_全量文档体系_重整版_v4.2/11_P0_R1_R2_R3审计与事故复盘/02_R1_R2_R3审计归档/被R2取代的R1文件/红楼梦八十回后佚稿复原_工作底稿_v2.9_R1证据角色回归母本.md,红楼梦八十回后佚稿复原_工作底稿_v2.9_R1证据角色回归母本.md,3315,3,红楼梦探佚_全量文档体系_重整版_v4.2.zip; 红楼梦探佚_截至R3_全量文档体系整理_v3.4(1).zip,RECONSTRUCTION,reconstruction.master_model,data/decisions/* + data/precedence/* + data/open_interfaces/legacy_map.yaml,SPLIT_MASTER_MODEL,PARTIAL,P0,REFERENCE,REFERENCE,母本含R/P/O与生成首选；拆分导入，正文方案不反升证据。,红楼梦探佚_全量文档体系_重整版_v4.2/11_P0_R1_R2_R3审计与事故复盘/02_R1_R2_R3审计归档/被R2取代的R1文件/红楼梦八十回后佚稿复原_工作底稿_v2.9_R1证据角色回归母本.md | 红楼梦探佚_全量文档体系_重整版_v4.2/90_三套来源包完整快照_只读/R3全量_v3.4/99_审计归档_只读/被R2取代的R1文件/红楼梦八十回后佚稿复原_工作底稿_v2.9_R1证据角色回归母本.md | 红楼梦探佚_截至R3_全量文档体系整理_v3.4/99_审计归档_只读/被R2取代的R1文件/红楼梦八十回后佚稿复原_工作底稿_v2.9_R1证据角色回归母本.md
82d451d2e866607c03a972f3097d734fe9b65f88fae0cd0b67a9edd4f7ca9589,红楼梦探佚_全量文档体系_重整版_v4.2.zip,红楼梦探佚_全量文档体系_重整版_v4.2/11_P0_R1_R2_R3审计与事故复盘/02_R1_R2_R3审计归档/被R2取代的R1文件/红楼梦八十回后全幅文学补完大工程计划_v5.5_证据角色回归计划.md,红楼梦八十回后全幅文学补完大工程计划_v5.5_证据角色回归计划.md,2667,3,红楼梦探佚_全量文档体系_重整版_v4.2.zip; 红楼梦探佚_截至R3_全量文档体系整理_v3.4(1).zip,GOVERNANCE,governance.project_state,data/registry/releases.yaml + config/project_state.yaml,STRUCTURE_PROJECT_STATE,PARTIAL,P2,HISTORICAL,NO,项目状态/版本纪律；只提取当前有效规则，旧版保留谱系。,红楼梦探佚_全量文档体系_重整版_v4.2/11_P0_R1_R2_R3审计与事故复盘/02_R1_R2_R3审计归档/被R2取代的R1文件/红楼梦八十回后全幅文学补完大工程计划_v5.5_证据角色回归计划.md | 红楼梦探佚_全量文档体系_重整版_v4.2/90_三套来源包完整快照_只读/R3全量_v3.4/99_审计归档_只读/被R2取代的R1文件/红楼梦八十回后全幅文学补完大工程计划_v5.5_证据角色回归计划.md | 红楼梦探佚_截至R3_全量文档体系整理_v3.4/99_审计归档_只读/被R2取代的R1文件/红楼梦八十回后全幅文学补完大工程计划_v5.5_证据角色回归计划.md
14d6520e3960682ab39942a81e37244ea69d988e54280292ad12c3b64f2a1e6b,红楼梦探佚_全量文档体系_重整版_v4.2.zip,红楼梦探佚_全量文档体系_重整版_v4.2/11_P0_R1_R2_R3审计与事故复盘/02_R1_R2_R3审计归档/被R3取代的R2文件/80回后佚失诗词文赋总表_v1.2_来源与角色回归版.md,80回后佚失诗词文赋总表_v1.2_来源与角色回归版.md,4354,3,红楼梦探佚_全量文档体系_重整版_v4.2.zip; 红楼梦探佚_截至R3_全量文档体系整理_v3.4(1).zip,EVIDENCE_LITERARY,literary.evidence_interface,data/claims/* + data/literary_interfaces/*.yaml,SPLIT_EVIDENCE_AND_LITERARY_INTERFACE,PARTIAL,P0,REFERENCE,REFERENCE,A/B/C/Q/X/G必须分层；G不能升证据。,红楼梦探佚_全量文档体系_重整版_v4.2/11_P0_R1_R2_R3审计与事故复盘/02_R1_R2_R3审计归档/被R3取代的R2文件/80回后佚失诗词文赋总表_v1.2_来源与角色回归版.md | 红楼梦探佚_全量文档体系_重整版_v4.2/90_三套来源包完整快照_只读/R3全量_v3.4/99_审计归档_只读/被R3取代的R2文件/80回后佚失诗词文赋总表_v1.2_来源与角色回归版.md | 红楼梦探佚_截至R3_全量文档体系整理_v3.4/99_审计归档_只读/被R3取代的R2文件/80回后佚失诗词文赋总表_v1.2_来源与角色回归版.md
4009c7e4e7a390335e5f43401d2a3a228672bbfd815875557ca3eba6564c5991,红楼梦探佚_全量文档体系_重整版_v4.2.zip,红楼梦探佚_全量文档体系_重整版_v4.2/11_P0_R1_R2_R3审计与事故复盘/02_R1_R2_R3审计归档/被R3取代的R2文件/81—100_二十回全幅补完卡_v1.9_R2正文回归版.md,81—100_二十回全幅补完卡_v1.9_R2正文回归版.md,789,3,红楼梦探佚_全量文档体系_重整版_v4.2.zip; 红楼梦探佚_截至R3_全量文档体系整理_v3.4(1).zip,RECONSTRUCTION,reconstruction.chapter_plan,data/chapter_plans/ch81_100.yaml + data/scenes/*,SPLIT_20_CHAPTER_PLANS,NONE,P0,REFERENCE,REFERENCE,拆为20回chapter contract/scene plan；不得把工作回目误当证据。,红楼梦探佚_全量文档体系_重整版_v4.2/11_P0_R1_R2_R3审计与事故复盘/02_R1_R2_R3审计归档/被R3取代的R2文件/81—100_二十回全幅补完卡_v1.9_R2正文回归版.md | 红楼梦探佚_全量文档体系_重整版_v4.2/90_三套来源包完整快照_只读/R3全量_v3.4/99_审计归档_只读/被R3取代的R2文件/81—100_二十回全幅补完卡_v1.9_R2正文回归版.md | 红楼梦探佚_截至R3_全量文档体系整理_v3.4/99_审计归档_只读/被R3取代的R2文件/81—100_二十回全幅补完卡_v1.9_R2正文回归版.md
0fdd1014c1f261bc26ae339f6f480ce1c24a0d646ad741594c9cc9c7deb04ba9,红楼梦探佚_全量文档体系_重整版_v4.2.zip,红楼梦探佚_全量文档体系_重整版_v4.2/11_P0_R1_R2_R3审计与事故复盘/02_R1_R2_R3审计归档/被R3取代的R2文件/81—100_人物新增诗文G层竞选总表_v1.1_精简施工版.md,81—100_人物新增诗文G层竞选总表_v1.1_精简施工版.md,24575,3,红楼梦探佚_全量文档体系_重整版_v4.2.zip; 红楼梦探佚_截至R3_全量文档体系整理_v3.4(1).zip,LITERARY_ECOLOGY,literary.generation_container,data/literary_ecology/poetry_generation_slots.yaml,IMPORT_GENERATION_CANDIDATES,NONE,P0,REFERENCE,REFERENCE,G层仅创作容器，不得升Evidence。,红楼梦探佚_全量文档体系_重整版_v4.2/11_P0_R1_R2_R3审计与事故复盘/02_R1_R2_R3审计归档/被R3取代的R2文件/81—100_人物新增诗文G层竞选总表_v1.1_精简施工版.md | 红楼梦探佚_全量文档体系_重整版_v4.2/90_三套来源包完整快照_只读/R3全量_v3.4/99_审计归档_只读/被R3取代的R2文件/81—100_人物新增诗文G层竞选总表_v1.1_精简施工版.md | 红楼梦探佚_截至R3_全量文档体系整理_v3.4/99_审计归档_只读/被R3取代的R2文件/81—100_人物新增诗文G层竞选总表_v1.1_精简施工版.md
d0d0681cc461d0d342e3907b0dd6b399e7928cd1e3008157d1a11e698b79cd63,红楼梦探佚_全量文档体系_重整版_v4.2.zip,红楼梦探佚_全量文档体系_重整版_v4.2/11_P0_R1_R2_R3审计与事故复盘/02_R1_R2_R3审计归档/被R3取代的R2文件/81—100_作者层韵文配置与三案竞选总表_v1.4_精简施工版.md,81—100_作者层韵文配置与三案竞选总表_v1.4_精简施工版.md,23987,3,红楼梦探佚_全量文档体系_重整版_v4.2.zip; 红楼梦探佚_截至R3_全量文档体系整理_v3.4(1).zip,LITERARY_ECOLOGY,literary.author_verse_policy,data/literary_ecology/author_verse.yaml,IMPORT_AUTHOR_VERSE_OPTIONS,NONE,P0,REFERENCE,REFERENCE,回前/回末/无诗三案等。,红楼梦探佚_全量文档体系_重整版_v4.2/11_P0_R1_R2_R3审计与事故复盘/02_R1_R2_R3审计归档/被R3取代的R2文件/81—100_作者层韵文配置与三案竞选总表_v1.4_精简施工版.md | 红楼梦探佚_全量文档体系_重整版_v4.2/90_三套来源包完整快照_只读/R3全量_v3.4/99_审计归档_只读/被R3取代的R2文件/81—100_作者层韵文配置与三案竞选总表_v1.4_精简施工版.md | 红楼梦探佚_截至R3_全量文档体系整理_v3.4/99_审计归档_只读/被R3取代的R2文件/81—100_作者层韵文配置与三案竞选总表_v1.4_精简施工版.md
36084e9efa816e0c3869b732e9e06dcdf34e42498960d0da41499bfe1ea8101a,红楼梦探佚_全量文档体系_重整版_v4.2.zip,红楼梦探佚_全量文档体系_重整版_v4.2/11_P0_R1_R2_R3审计与事故复盘/02_R1_R2_R3审计归档/被R3取代的R2文件/81—100_保护锁与不可破坏细节表_v1.9_R2版.md,81—100_保护锁与不可破坏细节表_v1.9_R2版.md,675,3,红楼梦探佚_全量文档体系_重整版_v4.2.zip; 红楼梦探佚_截至R3_全量文档体系整理_v3.4(1).zip,LOCK,lock.literary_plock,data/plocks/ch81_100.yaml,SPLIT_PLOCKS,PARTIAL,P0,REFERENCE,REFERENCE,当前Harness仅5个高风险P-Lock，需补齐全表。,红楼梦探佚_全量文档体系_重整版_v4.2/11_P0_R1_R2_R3审计与事故复盘/02_R1_R2_R3审计归档/被R3取代的R2文件/81—100_保护锁与不可破坏细节表_v1.9_R2版.md | 红楼梦探佚_全量文档体系_重整版_v4.2/90_三套来源包完整快照_只读/R3全量_v3.4/99_审计归档_只读/被R3取代的R2文件/81—100_保护锁与不可破坏细节表_v1.9_R2版.md | 红楼梦探佚_截至R3_全量文档体系整理_v3.4/99_审计归档_只读/被R3取代的R2文件/81—100_保护锁与不可破坏细节表_v1.9_R2版.md
223580dbc0b8d5a6bda3248c54c27e52d1d772dded948c17cf29ad788900f124,红楼梦探佚_全量文档体系_重整版_v4.2.zip,红楼梦探佚_全量文档体系_重整版_v4.2/11_P0_R1_R2_R3审计与事故复盘/02_R1_R2_R3审计归档/被R3取代的R2文件/81—100_医学身体饮食婚丧礼俗补完表_v1.1_精简施工版.md,81—100_医学身体饮食婚丧礼俗补完表_v1.1_精简施工版.md,28080,3,红楼梦探佚_全量文档体系_重整版_v4.2.zip; 红楼梦探佚_截至R3_全量文档体系整理_v3.4(1).zip,WORLD_LITERARY,world.health_ritual + literary.body,data/health/post80.yaml + data/rituals/post80.yaml,SPLIT_HEALTH_RITUAL_LITERARY,NONE,P0,REFERENCE,REFERENCE,身体/饮食/婚丧须通过劳务与人物运行。,红楼梦探佚_全量文档体系_重整版_v4.2/11_P0_R1_R2_R3审计与事故复盘/02_R1_R2_R3审计归档/被R3取代的R2文件/81—100_医学身体饮食婚丧礼俗补完表_v1.1_精简施工版.md | 红楼梦探佚_全量文档体系_重整版_v4.2/90_三套来源包完整快照_只读/R3全量_v3.4/99_审计归档_只读/被R3取代的R2文件/81—100_医学身体饮食婚丧礼俗补完表_v1.1_精简施工版.md | 红楼梦探佚_截至R3_全量文档体系整理_v3.4/99_审计归档_只读/被R3取代的R2文件/81—100_医学身体饮食婚丧礼俗补完表_v1.1_精简施工版.md
647b552f70d39fbe71c27d559ec5eddeda126487e9661c4f2ac6c0efe16a3e7a,红楼梦探佚_全量文档体系_重整版_v4.2.zip,红楼梦探佚_全量文档体系_重整版_v4.2/11_P0_R1_R2_R3审计与事故复盘/02_R1_R2_R3审计归档/被R3取代的R2文件/81—100_十二维文学文化缺口总表_v1.4_精简施工版.md,81—100_十二维文学文化缺口总表_v1.4_精简施工版.md,28607,3,红楼梦探佚_全量文档体系_重整版_v4.2.zip; 红楼梦探佚_截至R3_全量文档体系整理_v3.4(1).zip,PLANNING,planning.chapter_gap,data/planning/chapter_gaps.yaml,IMPORT_GAP_MODEL,NONE,P0,REFERENCE,REFERENCE,Step34缺口模型，文学施工环境核心。,红楼梦探佚_全量文档体系_重整版_v4.2/11_P0_R1_R2_R3审计与事故复盘/02_R1_R2_R3审计归档/被R3取代的R2文件/81—100_十二维文学文化缺口总表_v1.4_精简施工版.md | 红楼梦探佚_全量文档体系_重整版_v4.2/90_三套来源包完整快照_只读/R3全量_v3.4/99_审计归档_只读/被R3取代的R2文件/81—100_十二维文学文化缺口总表_v1.4_精简施工版.md | 红楼梦探佚_截至R3_全量文档体系整理_v3.4/99_审计归档_只读/被R3取代的R2文件/81—100_十二维文学文化缺口总表_v1.4_精简施工版.md
0dd9e1e8d10b89f1ac618db1176f3cb38b0d850ac3d2a1d3c0e0c56f31e1a819,红楼梦探佚_全量文档体系_重整版_v4.2.zip,红楼梦探佚_全量文档体系_重整版_v4.2/11_P0_R1_R2_R3审计与事故复盘/02_R1_R2_R3审计归档/被R3取代的R2文件/81—100_哲学宗教梦境情榜太虚深化方案_v1.1_精简施工版.md,81—100_哲学宗教梦境情榜太虚深化方案_v1.1_精简施工版.md,28195,3,红楼梦探佚_全量文档体系_重整版_v4.2.zip; 红楼梦探佚_截至R3_全量文档体系整理_v3.4(1).zip,LITERARY_ECOLOGY,literary.metaphysical_runtime,data/literary_ecology/metaphysical.yaml,IMPORT_METAPHYSICAL_OPTIONS,NONE,P0,REFERENCE,REFERENCE,形而上机制必须保留讽刺/世情/含混。,红楼梦探佚_全量文档体系_重整版_v4.2/11_P0_R1_R2_R3审计与事故复盘/02_R1_R2_R3审计归档/被R3取代的R2文件/81—100_哲学宗教梦境情榜太虚深化方案_v1.1_精简施工版.md | 红楼梦探佚_全量文档体系_重整版_v4.2/90_三套来源包完整快照_只读/R3全量_v3.4/99_审计归档_只读/被R3取代的R2文件/81—100_哲学宗教梦境情榜太虚深化方案_v1.1_精简施工版.md | 红楼梦探佚_截至R3_全量文档体系整理_v3.4/99_审计归档_只读/被R3取代的R2文件/81—100_哲学宗教梦境情榜太虚深化方案_v1.1_精简施工版.md
1f8ff4c6177c1e21303d8a51da3f9d2303d1cbb659d255f71db2e942b424b9f1,红楼梦探佚_全量文档体系_重整版_v4.2.zip,红楼梦探佚_全量文档体系_重整版_v4.2/11_P0_R1_R2_R3审计与事故复盘/02_R1_R2_R3审计归档/被R3取代的R2文件/81—100_回目T轴全量审计与重拟准入表_v1.0.md,81—100_回目T轴全量审计与重拟准入表_v1.0.md,4801,3,红楼梦探佚_全量文档体系_重整版_v4.2.zip; 红楼梦探佚_截至R3_全量文档体系整理_v3.4(1).zip,EVIDENCE,evidence.title_axis,data/axes/title_axis.yaml,IMPORT_TITLE_AXIS,FULL,P0,REFERENCE,REFERENCE,T0/T1/T2/T2-W2/T3/TG；与Placement分离。,红楼梦探佚_全量文档体系_重整版_v4.2/11_P0_R1_R2_R3审计与事故复盘/02_R1_R2_R3审计归档/被R3取代的R2文件/81—100_回目T轴全量审计与重拟准入表_v1.0.md | 红楼梦探佚_全量文档体系_重整版_v4.2/90_三套来源包完整快照_只读/R3全量_v3.4/99_审计归档_只读/被R3取代的R2文件/81—100_回目T轴全量审计与重拟准入表_v1.0.md | 红楼梦探佚_截至R3_全量文档体系整理_v3.4/99_审计归档_只读/被R3取代的R2文件/81—100_回目T轴全量审计与重拟准入表_v1.0.md
ffaeeabeea1e97fce36bb3453d5c8d50ce0cfcf71ebcd3fe9e8afd56406ed0e9,红楼梦探佚_全量文档体系_重整版_v4.2.zip,红楼梦探佚_全量文档体系_重整版_v4.2/11_P0_R1_R2_R3审计与事故复盘/02_R1_R2_R3审计归档/被R3取代的R2文件/81—100_旧文化生活定向补完表_v1.1_精简施工版.md,81—100_旧文化生活定向补完表_v1.1_精简施工版.md,22614,3,红楼梦探佚_全量文档体系_重整版_v4.2.zip; 红楼梦探佚_截至R3_全量文档体系整理_v3.4(1).zip,LITERARY_ECOLOGY,literary.cultural_gap_fill,data/literary_ecology/cultural_gaps.yaml,IMPORT_CULTURAL_GAPS,NONE,P0,REFERENCE,REFERENCE,后20旧文化生活分布计划。,红楼梦探佚_全量文档体系_重整版_v4.2/11_P0_R1_R2_R3审计与事故复盘/02_R1_R2_R3审计归档/被R3取代的R2文件/81—100_旧文化生活定向补完表_v1.1_精简施工版.md | 红楼梦探佚_全量文档体系_重整版_v4.2/90_三套来源包完整快照_只读/R3全量_v3.4/99_审计归档_只读/被R3取代的R2文件/81—100_旧文化生活定向补完表_v1.1_精简施工版.md | 红楼梦探佚_截至R3_全量文档体系整理_v3.4/99_审计归档_只读/被R3取代的R2文件/81—100_旧文化生活定向补完表_v1.1_精简施工版.md
88abd48eff28d8d1d8bfc71e7fb0496e85fc3a7c28a2ab45f339e911d27d12b8,红楼梦探佚_全量文档体系_重整版_v4.2.zip,红楼梦探佚_全量文档体系_重整版_v4.2/11_P0_R1_R2_R3审计与事故复盘/02_R1_R2_R3审计归档/被R3取代的R2文件/81—100_正文实施事实登记表_v1.0.md,81—100_正文实施事实登记表_v1.0.md,2268,3,红楼梦探佚_全量文档体系_重整版_v4.2.zip; 红楼梦探佚_截至R3_全量文档体系整理_v3.4(1).zip,IMPLEMENTATION,implementation.register,data/implementations/ch81_100.yaml,IMPORT_IMPLEMENTATION_REGISTER,PARTIAL,P0,REFERENCE,REFERENCE,当前正文如何实现≠证据；需绑定body locator。,红楼梦探佚_全量文档体系_重整版_v4.2/11_P0_R1_R2_R3审计与事故复盘/02_R1_R2_R3审计归档/被R3取代的R2文件/81—100_正文实施事实登记表_v1.0.md | 红楼梦探佚_全量文档体系_重整版_v4.2/90_三套来源包完整快照_只读/R3全量_v3.4/99_审计归档_只读/被R3取代的R2文件/81—100_正文实施事实登记表_v1.0.md | 红楼梦探佚_截至R3_全量文档体系整理_v3.4/99_审计归档_只读/被R3取代的R2文件/81—100_正文实施事实登记表_v1.0.md
df6265fa797fd1b80b9b11f63d91e6ebce93aa20735bf5631ff36ebabbc4c928,红楼梦探佚_全量文档体系_重整版_v4.2.zip,红楼梦探佚_全量文档体系_重整版_v4.2/11_P0_R1_R2_R3审计与事故复盘/02_R1_R2_R3审计归档/被R3取代的R2文件/81—100_社会基础设施现金流职业世界总表_v1.2_精简施工版.md,81—100_社会基础设施现金流职业世界总表_v1.2_精简施工版.md,28214,3,红楼梦探佚_全量文档体系_重整版_v4.2.zip; 红楼梦探佚_截至R3_全量文档体系整理_v3.4(1).zip,WORLD,world.social_infrastructure,data/economy/infrastructure.yaml + data/occupations/post80.yaml,IMPORT_SOCIAL_INFRA,NONE,P0,REFERENCE,REFERENCE,现金流/职业/基础设施世界模型。,红楼梦探佚_全量文档体系_重整版_v4.2/11_P0_R1_R2_R3审计与事故复盘/02_R1_R2_R3审计归档/被R3取代的R2文件/81—100_社会基础设施现金流职业世界总表_v1.2_精简施工版.md | 红楼梦探佚_全量文档体系_重整版_v4.2/90_三套来源包完整快照_只读/R3全量_v3.4/99_审计归档_只读/被R3取代的R2文件/81—100_社会基础设施现金流职业世界总表_v1.2_精简施工版.md | 红楼梦探佚_截至R3_全量文档体系整理_v3.4/99_审计归档_只读/被R3取代的R2文件/81—100_社会基础设施现金流职业世界总表_v1.2_精简施工版.md
0f7eb60caaffcb49d042c423bc4e738326b74f5adc344ca12053b2f2dbc8349f,红楼梦探佚_全量文档体系_重整版_v4.2.zip,红楼梦探佚_全量文档体系_重整版_v4.2/11_P0_R1_R2_R3审计与事故复盘/02_R1_R2_R3审计归档/被R3取代的R2文件/81—100_被压缩形成过程与社会过程补完总表_v1.5_精简施工版.md,81—100_被压缩形成过程与社会过程补完总表_v1.5_精简施工版.md,39203,3,红楼梦探佚_全量文档体系_重整版_v4.2.zip; 红楼梦探佚_截至R3_全量文档体系整理_v3.4(1).zip,PLANNING,planning.social_process,data/planning/social_process_gaps.yaml,IMPORT_PROCESS_GAPS,NONE,P0,REFERENCE,REFERENCE,把“结果”恢复成形成过程、误会、跑腿、社会摩擦。,红楼梦探佚_全量文档体系_重整版_v4.2/11_P0_R1_R2_R3审计与事故复盘/02_R1_R2_R3审计归档/被R3取代的R2文件/81—100_被压缩形成过程与社会过程补完总表_v1.5_精简施工版.md | 红楼梦探佚_全量文档体系_重整版_v4.2/90_三套来源包完整快照_只读/R3全量_v3.4/99_审计归档_只读/被R3取代的R2文件/81—100_被压缩形成过程与社会过程补完总表_v1.5_精简施工版.md | 红楼梦探佚_截至R3_全量文档体系整理_v3.4/99_审计归档_只读/被R3取代的R2文件/81—100_被压缩形成过程与社会过程补完总表_v1.5_精简施工版.md
5cf54fd9e8a9a16534605f5db1836ce57406d0c80e008d821b0ed66e646048ee,红楼梦探佚_全量文档体系_重整版_v4.2.zip,红楼梦探佚_全量文档体系_重整版_v4.2/11_P0_R1_R2_R3审计与事故复盘/02_R1_R2_R3审计归档/被R3取代的R2文件/81—100_运行性前置状态总表_v1.6_R2版.md,81—100_运行性前置状态总表_v1.6_R2版.md,481,3,红楼梦探佚_全量文档体系_重整版_v4.2.zip; 红楼梦探佚_截至R3_全量文档体系整理_v3.4(1).zip,WORLD,world.runtime_preconditions,data/world_states/preconditions.yaml,IMPORT_RUNTIME_PRECONDITIONS,NONE,P0,REFERENCE,REFERENCE,正文启动前运行性前置状态。,红楼梦探佚_全量文档体系_重整版_v4.2/11_P0_R1_R2_R3审计与事故复盘/02_R1_R2_R3审计归档/被R3取代的R2文件/81—100_运行性前置状态总表_v1.6_R2版.md | 红楼梦探佚_全量文档体系_重整版_v4.2/90_三套来源包完整快照_只读/R3全量_v3.4/99_审计归档_只读/被R3取代的R2文件/81—100_运行性前置状态总表_v1.6_R2版.md | 红楼梦探佚_截至R3_全量文档体系整理_v3.4/99_审计归档_只读/被R3取代的R2文件/81—100_运行性前置状态总表_v1.6_R2版.md
957b40d6d53c3cc5e3bc39eed3a8adf058ea05a6686a7ef841b521b51aa9cb71,红楼梦探佚_全量文档体系_重整版_v4.2.zip,红楼梦探佚_全量文档体系_重整版_v4.2/11_P0_R1_R2_R3审计与事故复盘/02_R1_R2_R3审计归档/被R3取代的R2文件/R3文件清单与SHA256_v1.3.md,R3文件清单与SHA256_v1.3.md,21910,3,红楼梦探佚_全量文档体系_重整版_v4.2.zip; 红楼梦探佚_截至R3_全量文档体系整理_v3.4(1).zip,REGISTRY,registry.document_metadata,data/registry/documents.yaml,REGISTER_DOCUMENT,NONE,P1,REFERENCE,REFERENCE,文档级元数据/说明；不直接驱动剧情。,红楼梦探佚_全量文档体系_重整版_v4.2/11_P0_R1_R2_R3审计与事故复盘/02_R1_R2_R3审计归档/被R3取代的R2文件/R3文件清单与SHA256_v1.3.md | 红楼梦探佚_全量文档体系_重整版_v4.2/90_三套来源包完整快照_只读/R3全量_v3.4/99_审计归档_只读/被R3取代的R2文件/R3文件清单与SHA256_v1.3.md | 红楼梦探佚_截至R3_全量文档体系整理_v3.4/99_审计归档_只读/被R3取代的R2文件/R3文件清单与SHA256_v1.3.md
279da27322e4f0c4b05efd1f1b4c6990bb2db138db058178dd04450219385f5d,红楼梦探佚_全量文档体系_重整版_v4.2.zip,红楼梦探佚_全量文档体系_重整版_v4.2/11_P0_R1_R2_R3审计与事故复盘/02_R1_R2_R3审计归档/被R3取代的R2文件/R3过程文档同步审计_v1.0_初审.md,R3过程文档同步审计_v1.0_初审.md,854,3,红楼梦探佚_全量文档体系_重整版_v4.2.zip; 红楼梦探佚_截至R3_全量文档体系整理_v3.4(1).zip,ARCHIVE,archive.document,data/archive/documents.yaml,INDEX_ONLY,ARCHIVE_ONLY,P2,HISTORICAL,NO,历史/重复内容仅保留可追溯索引。,红楼梦探佚_全量文档体系_重整版_v4.2/11_P0_R1_R2_R3审计与事故复盘/02_R1_R2_R3审计归档/被R3取代的R2文件/R3过程文档同步审计_v1.0_初审.md | 红楼梦探佚_全量文档体系_重整版_v4.2/90_三套来源包完整快照_只读/R3全量_v3.4/99_审计归档_只读/被R3取代的R2文件/R3过程文档同步审计_v1.0_初审.md | 红楼梦探佚_截至R3_全量文档体系整理_v3.4/99_审计归档_只读/被R3取代的R2文件/R3过程文档同步审计_v1.0_初审.md
ed0e9d74b395b527615a997d0a57774a3a8f413166a94da01e38dbc36bec1a22,红楼梦探佚_全量文档体系_重整版_v4.2.zip,红楼梦探佚_全量文档体系_重整版_v4.2/11_P0_R1_R2_R3审计与事故复盘/02_R1_R2_R3审计归档/被R3取代的R2文件/R3过程文档同步审计_v1.1_复核前版.md,R3过程文档同步审计_v1.1_复核前版.md,1439,3,红楼梦探佚_全量文档体系_重整版_v4.2.zip; 红楼梦探佚_截至R3_全量文档体系整理_v3.4(1).zip,ARCHIVE,archive.document,data/archive/documents.yaml,INDEX_ONLY,ARCHIVE_ONLY,P2,HISTORICAL,NO,历史/重复内容仅保留可追溯索引。,红楼梦探佚_全量文档体系_重整版_v4.2/11_P0_R1_R2_R3审计与事故复盘/02_R1_R2_R3审计归档/被R3取代的R2文件/R3过程文档同步审计_v1.1_复核前版.md | 红楼梦探佚_全量文档体系_重整版_v4.2/90_三套来源包完整快照_只读/R3全量_v3.4/99_审计归档_只读/被R3取代的R2文件/R3过程文档同步审计_v1.1_复核前版.md | 红楼梦探佚_截至R3_全量文档体系整理_v3.4/99_审计归档_只读/被R3取代的R2文件/R3过程文档同步审计_v1.1_复核前版.md
8ccb91489b4457ae745529ef5b962b007ffd3d45faf862318a35d6a7980dd6e5,红楼梦探佚_全量文档体系_重整版_v4.2.zip,红楼梦探佚_全量文档体系_重整版_v4.2/11_P0_R1_R2_R3审计与事故复盘/02_R1_R2_R3审计归档/被R3取代的R2文件/R3过程文档同步审计_v1.2_复核前版.md,R3过程文档同步审计_v1.2_复核前版.md,700,3,红楼梦探佚_全量文档体系_重整版_v4.2.zip; 红楼梦探佚_截至R3_全量文档体系整理_v3.4(1).zip,ARCHIVE,archive.document,data/archive/documents.yaml,INDEX_ONLY,ARCHIVE_ONLY,P2,HISTORICAL,NO,历史/重复内容仅保留可追溯索引。,红楼梦探佚_全量文档体系_重整版_v4.2/11_P0_R1_R2_R3审计与事故复盘/02_R1_R2_R3审计归档/被R3取代的R2文件/R3过程文档同步审计_v1.2_复核前版.md | 红楼梦探佚_全量文档体系_重整版_v4.2/90_三套来源包完整快照_只读/R3全量_v3.4/99_审计归档_只读/被R3取代的R2文件/R3过程文档同步审计_v1.2_复核前版.md | 红楼梦探佚_截至R3_全量文档体系整理_v3.4/99_审计归档_只读/被R3取代的R2文件/R3过程文档同步审计_v1.2_复核前版.md
f6a874ef36cb8b7a4a1bd540f265cd20e2008a36f29ab12fc4f5e77ec0973e37,红楼梦探佚_全量文档体系_重整版_v4.2.zip,红楼梦探佚_全量文档体系_重整版_v4.2/11_P0_R1_R2_R3审计与事故复盘/02_R1_R2_R3审计归档/被R3取代的R2文件/R3过程文档同步审计_v1.3_最终定稿.md,R3过程文档同步审计_v1.3_最终定稿.md,1184,3,红楼梦探佚_全量文档体系_重整版_v4.2.zip; 红楼梦探佚_截至R3_全量文档体系整理_v3.4(1).zip,ARCHIVE,archive.document,data/archive/documents.yaml,INDEX_ONLY,ARCHIVE_ONLY,P2,HISTORICAL,NO,历史/重复内容仅保留可追溯索引。,红楼梦探佚_全量文档体系_重整版_v4.2/11_P0_R1_R2_R3审计与事故复盘/02_R1_R2_R3审计归档/被R3取代的R2文件/R3过程文档同步审计_v1.3_最终定稿.md | 红楼梦探佚_全量文档体系_重整版_v4.2/90_三套来源包完整快照_只读/R3全量_v3.4/99_审计归档_只读/被R3取代的R2文件/R3过程文档同步审计_v1.3_最终定稿.md | 红楼梦探佚_截至R3_全量文档体系整理_v3.4/99_审计归档_只读/被R3取代的R2文件/R3过程文档同步审计_v1.3_最终定稿.md
9d4bf975bb9260c7960aae1771d2bb1d7f9c7f26871113ab14767dd9546266ab,红楼梦探佚_全量文档体系_重整版_v4.2.zip,红楼梦探佚_全量文档体系_重整版_v4.2/11_P0_R1_R2_R3审计与事故复盘/02_R1_R2_R3审计归档/被R3取代的R2文件/README_R1_从这里开始.md,README_R1_从这里开始.md,1312,3,红楼梦探佚_全量文档体系_重整版_v4.2.zip; 红楼梦探佚_截至R3_全量文档体系整理_v3.4(1).zip,REGISTRY,registry.document_metadata,data/registry/documents.yaml,REGISTER_DOCUMENT,NONE,P1,REFERENCE,REFERENCE,文档级元数据/说明；不直接驱动剧情。,红楼梦探佚_全量文档体系_重整版_v4.2/11_P0_R1_R2_R3审计与事故复盘/02_R1_R2_R3审计归档/被R3取代的R2文件/README_R1_从这里开始.md | 红楼梦探佚_全量文档体系_重整版_v4.2/90_三套来源包完整快照_只读/R3全量_v3.4/99_审计归档_只读/被R3取代的R2文件/README_R1_从这里开始.md | 红楼梦探佚_截至R3_全量文档体系整理_v3.4/99_审计归档_只读/被R3取代的R2文件/README_R1_从这里开始.md
a0289f6323891e97d1e1a3df039eea9415544621cfbc44d044df3a345844faf8,红楼梦探佚_全量文档体系_重整版_v4.2.zip,红楼梦探佚_全量文档体系_重整版_v4.2/11_P0_R1_R2_R3审计与事故复盘/02_R1_R2_R3审计归档/被R3取代的R2文件/下一轮修复_R1治理层完成报告_v1.0.md,下一轮修复_R1治理层完成报告_v1.0.md,1461,3,红楼梦探佚_全量文档体系_重整版_v4.2.zip; 红楼梦探佚_截至R3_全量文档体系整理_v3.4(1).zip,REGISTRY,registry.document_metadata,data/registry/documents.yaml,REGISTER_DOCUMENT,NONE,P1,REFERENCE,REFERENCE,文档级元数据/说明；不直接驱动剧情。,红楼梦探佚_全量文档体系_重整版_v4.2/11_P0_R1_R2_R3审计与事故复盘/02_R1_R2_R3审计归档/被R3取代的R2文件/下一轮修复_R1治理层完成报告_v1.0.md | 红楼梦探佚_全量文档体系_重整版_v4.2/90_三套来源包完整快照_只读/R3全量_v3.4/99_审计归档_只读/被R3取代的R2文件/下一轮修复_R1治理层完成报告_v1.0.md | 红楼梦探佚_截至R3_全量文档体系整理_v3.4/99_审计归档_只读/被R3取代的R2文件/下一轮修复_R1治理层完成报告_v1.0.md
a5a6b42d861b469f90879272d5a1ca305c2e58248cfac48f7c4e9367c77a669e,红楼梦探佚_全量文档体系_重整版_v4.2.zip,红楼梦探佚_全量文档体系_重整版_v4.2/11_P0_R1_R2_R3审计与事故复盘/02_R1_R2_R3审计归档/被R3取代的R2文件/十独吟_作者形制时序专题_v1.1_证据角色回归版.md,十独吟_作者形制时序专题_v1.1_证据角色回归版.md,26779,3,红楼梦探佚_全量文档体系_重整版_v4.2.zip; 红楼梦探佚_截至R3_全量文档体系整理_v3.4(1).zip,LITERARY_EVIDENCE,literary.interface.ten_du_yin,data/literary_interfaces/ten_du_yin.yaml,IMPORT_INTERFACE_WITH_OPEN_FIELDS,PARTIAL,P0,REFERENCE,REFERENCE,锁题名/后64，作者体裁篇数对象保持OPEN。,红楼梦探佚_全量文档体系_重整版_v4.2/11_P0_R1_R2_R3审计与事故复盘/02_R1_R2_R3审计归档/被R3取代的R2文件/十独吟_作者形制时序专题_v1.1_证据角色回归版.md | 红楼梦探佚_全量文档体系_重整版_v4.2/90_三套来源包完整快照_只读/R3全量_v3.4/99_审计归档_只读/被R3取代的R2文件/十独吟_作者形制时序专题_v1.1_证据角色回归版.md | 红楼梦探佚_截至R3_全量文档体系整理_v3.4/99_审计归档_只读/被R3取代的R2文件/十独吟_作者形制时序专题_v1.1_证据角色回归版.md
961ab50f967ac6404f2f29c5f6812db3a1980cb6fb36eb66deec49badd89ccbb,红楼梦探佚_全量文档体系_重整版_v4.2.zip,红楼梦探佚_全量文档体系_重整版_v4.2/11_P0_R1_R2_R3审计与事故复盘/02_R1_R2_R3审计归档/被R3取代的R2文件/对景悼颦儿_场景体裁竞争专题_v1.1_W2来源回归版.md,对景悼颦儿_场景体裁竞争专题_v1.1_W2来源回归版.md,3364,3,红楼梦探佚_全量文档体系_重整版_v4.2.zip; 红楼梦探佚_截至R3_全量文档体系整理_v3.4(1).zip,LITERARY_EVIDENCE,literary.interface.mourning_daiyu,data/literary_interfaces/mourning_daiyu.yaml,IMPORT_INTERFACE_WEAK_WITNESS,PARTIAL,P0,REFERENCE,REFERENCE,场景/题旨强于体裁；W2不得独立承重。,红楼梦探佚_全量文档体系_重整版_v4.2/11_P0_R1_R2_R3审计与事故复盘/02_R1_R2_R3审计归档/被R3取代的R2文件/对景悼颦儿_场景体裁竞争专题_v1.1_W2来源回归版.md | 红楼梦探佚_全量文档体系_重整版_v4.2/90_三套来源包完整快照_只读/R3全量_v3.4/99_审计归档_只读/被R3取代的R2文件/对景悼颦儿_场景体裁竞争专题_v1.1_W2来源回归版.md | 红楼梦探佚_截至R3_全量文档体系整理_v3.4/99_审计归档_只读/被R3取代的R2文件/对景悼颦儿_场景体裁竞争专题_v1.1_W2来源回归版.md
ff7f8c9380d13e6cef34d7dc99bd9488535ee2703f00a7c677cb97e2667d43ed,红楼梦探佚_全量文档体系_重整版_v4.2.zip,红楼梦探佚_全量文档体系_重整版_v4.2/11_P0_R1_R2_R3审计与事故复盘/02_R1_R2_R3审计归档/被R3取代的R2文件/当前修复状态_R2.md,当前修复状态_R2.md,674,3,红楼梦探佚_全量文档体系_重整版_v4.2.zip; 红楼梦探佚_截至R3_全量文档体系整理_v3.4(1).zip,ARCHIVE,archive.document,data/archive/documents.yaml,INDEX_ONLY,ARCHIVE_ONLY,P2,HISTORICAL,NO,历史/重复内容仅保留可追溯索引。,红楼梦探佚_全量文档体系_重整版_v4.2/11_P0_R1_R2_R3审计与事故复盘/02_R1_R2_R3审计归档/被R3取代的R2文件/当前修复状态_R2.md | 红楼梦探佚_全量文档体系_重整版_v4.2/90_三套来源包完整快照_只读/R3全量_v3.4/99_审计归档_只读/被R3取代的R2文件/当前修复状态_R2.md | 红楼梦探佚_截至R3_全量文档体系整理_v3.4/99_审计归档_只读/被R3取代的R2文件/当前修复状态_R2.md
2fdae4e6bc833549ad5d056c5bd7b953bce6b1012a3e23cb802b0f9acd2189d8,红楼梦探佚_全量文档体系_重整版_v4.2.zip,红楼梦探佚_全量文档体系_重整版_v4.2/11_P0_R1_R2_R3审计与事故复盘/02_R1_R2_R3审计归档/被R3取代的R2文件/末回情榜系统_五层芳讳候选证据矩阵_v1.2_证据角色回归版.md,末回情榜系统_五层芳讳候选证据矩阵_v1.2_证据角色回归版.md,7833,3,红楼梦探佚_全量文档体系_重整版_v4.2.zip; 红楼梦探佚_截至R3_全量文档体系整理_v3.4(1).zip,LITERARY_EVIDENCE,literary.qingbang.boundary,data/literary_interfaces/qingbang.yaml + data/open_interfaces/r4_open.yaml,IMPORT_QINGBANG_BOUNDARY,PARTIAL,P0,REFERENCE,REFERENCE,硬锁末回/五层/情情情不情；总名/人数/名单开放。,红楼梦探佚_全量文档体系_重整版_v4.2/11_P0_R1_R2_R3审计与事故复盘/02_R1_R2_R3审计归档/被R3取代的R2文件/末回情榜系统_五层芳讳候选证据矩阵_v1.2_证据角色回归版.md | 红楼梦探佚_全量文档体系_重整版_v4.2/90_三套来源包完整快照_只读/R3全量_v3.4/99_审计归档_只读/被R3取代的R2文件/末回情榜系统_五层芳讳候选证据矩阵_v1.2_证据角色回归版.md | 红楼梦探佚_截至R3_全量文档体系整理_v3.4/99_审计归档_只读/被R3取代的R2文件/末回情榜系统_五层芳讳候选证据矩阵_v1.2_证据角色回归版.md
171aa104e26bcca7b46a6e816f070ed91b98079df3aa70cbb755f6cb23d05ff1,红楼梦探佚_全量文档体系_重整版_v4.2.zip,红楼梦探佚_全量文档体系_重整版_v4.2/11_P0_R1_R2_R3审计与事故复盘/02_R1_R2_R3审计归档/被R3取代的R2文件/末回情榜系统_榜式层级与生成边界专题_v1.1_榜名降级版.md,末回情榜系统_榜式层级与生成边界专题_v1.1_榜名降级版.md,3749,3,红楼梦探佚_全量文档体系_重整版_v4.2.zip; 红楼梦探佚_截至R3_全量文档体系整理_v3.4(1).zip,LITERARY_EVIDENCE,literary.qingbang.boundary,data/literary_interfaces/qingbang.yaml + data/open_interfaces/r4_open.yaml,IMPORT_QINGBANG_BOUNDARY,PARTIAL,P0,REFERENCE,REFERENCE,硬锁末回/五层/情情情不情；总名/人数/名单开放。,红楼梦探佚_全量文档体系_重整版_v4.2/11_P0_R1_R2_R3审计与事故复盘/02_R1_R2_R3审计归档/被R3取代的R2文件/末回情榜系统_榜式层级与生成边界专题_v1.1_榜名降级版.md | 红楼梦探佚_全量文档体系_重整版_v4.2/90_三套来源包完整快照_只读/R3全量_v3.4/99_审计归档_只读/被R3取代的R2文件/末回情榜系统_榜式层级与生成边界专题_v1.1_榜名降级版.md | 红楼梦探佚_截至R3_全量文档体系整理_v3.4/99_审计归档_只读/被R3取代的R2文件/末回情榜系统_榜式层级与生成边界专题_v1.1_榜名降级版.md
8d6452d4fbfa0cd84a0f93b33e963a780d16ffcd95cda214c232a042505532a5,红楼梦探佚_全量文档体系_重整版_v4.2.zip,红楼梦探佚_全量文档体系_重整版_v4.2/11_P0_R1_R2_R3审计与事故复盘/02_R1_R2_R3审计归档/被R3取代的R2文件/第32.5-A_后80直引硬锁总台账_v1.1_证据角色回归版.md,第32.5-A_后80直引硬锁总台账_v1.1_证据角色回归版.md,7023,3,红楼梦探佚_全量文档体系_重整版_v4.2.zip; 红楼梦探佚_截至R3_全量文档体系整理_v3.4(1).zip,REVIEW,review.r4_audit_trace,data/review/r4_audit_trace.yaml,IMPORT_AUDIT_TRACE,PARTIAL,P1,AUDIT,NO,R4过程/回归/事故治理；运行时默认只读。,红楼梦探佚_全量文档体系_重整版_v4.2/11_P0_R1_R2_R3审计与事故复盘/02_R1_R2_R3审计归档/被R3取代的R2文件/第32.5-A_后80直引硬锁总台账_v1.1_证据角色回归版.md | 红楼梦探佚_全量文档体系_重整版_v4.2/90_三套来源包完整快照_只读/R3全量_v3.4/99_审计归档_只读/被R3取代的R2文件/第32.5-A_后80直引硬锁总台账_v1.1_证据角色回归版.md | 红楼梦探佚_截至R3_全量文档体系整理_v3.4/99_审计归档_只读/被R3取代的R2文件/第32.5-A_后80直引硬锁总台账_v1.1_证据角色回归版.md
365166499d79995564064d15ad6283cf7a00a44f590ae2a6a6d3f9c8160a4b30,红楼梦探佚_全量文档体系_重整版_v4.2.zip,红楼梦探佚_全量文档体系_重整版_v4.2/11_P0_R1_R2_R3审计与事故复盘/02_R1_R2_R3审计归档/被R3取代的R2文件/红楼梦八十回后佚稿复原_工作底稿_v2.10_R2正文回归母本.md,红楼梦八十回后佚稿复原_工作底稿_v2.10_R2正文回归母本.md,2109,3,红楼梦探佚_全量文档体系_重整版_v4.2.zip; 红楼梦探佚_截至R3_全量文档体系整理_v3.4(1).zip,RECONSTRUCTION,reconstruction.master_model,data/decisions/* + data/precedence/* + data/open_interfaces/legacy_map.yaml,SPLIT_MASTER_MODEL,PARTIAL,P0,REFERENCE,REFERENCE,母本含R/P/O与生成首选；拆分导入，正文方案不反升证据。,红楼梦探佚_全量文档体系_重整版_v4.2/11_P0_R1_R2_R3审计与事故复盘/02_R1_R2_R3审计归档/被R3取代的R2文件/红楼梦八十回后佚稿复原_工作底稿_v2.10_R2正文回归母本.md | 红楼梦探佚_全量文档体系_重整版_v4.2/90_三套来源包完整快照_只读/R3全量_v3.4/99_审计归档_只读/被R3取代的R2文件/红楼梦八十回后佚稿复原_工作底稿_v2.10_R2正文回归母本.md | 红楼梦探佚_截至R3_全量文档体系整理_v3.4/99_审计归档_只读/被R3取代的R2文件/红楼梦八十回后佚稿复原_工作底稿_v2.10_R2正文回归母本.md
30cbd916f34c11d5ec71ff8f29b43d4e753a1876cf14ab15af132a6eb4a56a61,红楼梦探佚_全量文档体系_重整版_v4.2.zip,红楼梦探佚_全量文档体系_重整版_v4.2/11_P0_R1_R2_R3审计与事故复盘/02_R1_R2_R3审计归档/被R3取代的R2文件/红楼梦八十回后全幅文学补完大工程计划_v5.6_R2完成版.md,红楼梦八十回后全幅文学补完大工程计划_v5.6_R2完成版.md,1227,3,红楼梦探佚_全量文档体系_重整版_v4.2.zip; 红楼梦探佚_截至R3_全量文档体系整理_v3.4(1).zip,GOVERNANCE,governance.project_state,data/registry/releases.yaml + config/project_state.yaml,STRUCTURE_PROJECT_STATE,PARTIAL,P2,HISTORICAL,NO,项目状态/版本纪律；只提取当前有效规则，旧版保留谱系。,红楼梦探佚_全量文档体系_重整版_v4.2/11_P0_R1_R2_R3审计与事故复盘/02_R1_R2_R3审计归档/被R3取代的R2文件/红楼梦八十回后全幅文学补完大工程计划_v5.6_R2完成版.md | 红楼梦探佚_全量文档体系_重整版_v4.2/90_三套来源包完整快照_只读/R3全量_v3.4/99_审计归档_只读/被R3取代的R2文件/红楼梦八十回后全幅文学补完大工程计划_v5.6_R2完成版.md | 红楼梦探佚_截至R3_全量文档体系整理_v3.4/99_审计归档_只读/被R3取代的R2文件/红楼梦八十回后全幅文学补完大工程计划_v5.6_R2完成版.md
a6d636d36fef7ec3a46289ebf693d53ebb43e3e8eab2c5e67ae9d0db3ae685d5,红楼梦探佚_全量文档体系_重整版_v4.2.zip,红楼梦探佚_全量文档体系_重整版_v4.2/11_P0_R1_R2_R3审计与事故复盘/02_R1_R2_R3审计归档/被R3取代的R2文件/续庄子绝句_物质文本流转专题_v1.0.md,续庄子绝句_物质文本流转专题_v1.0.md,25584,3,红楼梦探佚_全量文档体系_重整版_v4.2.zip; 红楼梦探佚_截至R3_全量文档体系整理_v3.4(1).zip,WORLD_LITERARY,world.text_object.zhuangzi + literary.interface,data/object_flows/zhuangzi_text.yaml + data/literary_interfaces/zhuangzi.yaml,IMPORT_TEXT_OBJECT_FLOW,NONE,P0,REFERENCE,REFERENCE,旧作物质载体/后文余步；不锁宝玉必读。,红楼梦探佚_全量文档体系_重整版_v4.2/11_P0_R1_R2_R3审计与事故复盘/02_R1_R2_R3审计归档/被R3取代的R2文件/续庄子绝句_物质文本流转专题_v1.0.md | 红楼梦探佚_全量文档体系_重整版_v4.2/90_三套来源包完整快照_只读/R3全量_v3.4/99_审计归档_只读/被R3取代的R2文件/续庄子绝句_物质文本流转专题_v1.0.md | 红楼梦探佚_截至R3_全量文档体系整理_v3.4/99_审计归档_只读/被R3取代的R2文件/续庄子绝句_物质文本流转专题_v1.0.md
d86b5d325c10d0aec0c48a6c6b46fe300d293e8644debff4214ec1898ee0b4b6,红楼梦探佚_全量文档体系_重整版_v4.2.zip,红楼梦探佚_全量文档体系_重整版_v4.2/11_P0_R1_R2_R3审计与事故复盘/02_R1_R2_R3审计归档/被R3取代的R2文件/诗文B类非作品约束收口表_v1.1_证据角色回归版.md,诗文B类非作品约束收口表_v1.1_证据角色回归版.md,2513,3,红楼梦探佚_全量文档体系_重整版_v4.2.zip; 红楼梦探佚_截至R3_全量文档体系整理_v3.4(1).zip,EVIDENCE_LITERARY,literary.evidence_interface,data/claims/* + data/literary_interfaces/*.yaml,SPLIT_EVIDENCE_AND_LITERARY_INTERFACE,PARTIAL,P0,REFERENCE,REFERENCE,A/B/C/Q/X/G必须分层；G不能升证据。,红楼梦探佚_全量文档体系_重整版_v4.2/11_P0_R1_R2_R3审计与事故复盘/02_R1_R2_R3审计归档/被R3取代的R2文件/诗文B类非作品约束收口表_v1.1_证据角色回归版.md | 红楼梦探佚_全量文档体系_重整版_v4.2/90_三套来源包完整快照_只读/R3全量_v3.4/99_审计归档_只读/被R3取代的R2文件/诗文B类非作品约束收口表_v1.1_证据角色回归版.md | 红楼梦探佚_截至R3_全量文档体系整理_v3.4/99_审计归档_只读/被R3取代的R2文件/诗文B类非作品约束收口表_v1.1_证据角色回归版.md
d483c5063f3b0a281adc29bbb81c7fe6157cb4f298f02b6c83f86be001b2cc42,红楼梦探佚_全量文档体系_重整版_v4.2.zip,红楼梦探佚_全量文档体系_重整版_v4.2/11_P0_R1_R2_R3审计与事故复盘/02_R1_R2_R3审计归档/被R3取代的R2文件/黛亡诗文总接口与旧作分工专题_v1.0.md,黛亡诗文总接口与旧作分工专题_v1.0.md,28870,3,红楼梦探佚_全量文档体系_重整版_v4.2.zip; 红楼梦探佚_截至R3_全量文档体系整理_v3.4(1).zip,LITERARY_ECOLOGY,literary.daiyu_postdeath_interface,data/literary_interfaces/daiyu_postdeath.yaml,IMPORT_LITERARY_INTERFACE,PARTIAL,P0,REFERENCE,REFERENCE,旧作兑现、后文场景、生成容器分层。,红楼梦探佚_全量文档体系_重整版_v4.2/11_P0_R1_R2_R3审计与事故复盘/02_R1_R2_R3审计归档/被R3取代的R2文件/黛亡诗文总接口与旧作分工专题_v1.0.md | 红楼梦探佚_全量文档体系_重整版_v4.2/90_三套来源包完整快照_只读/R3全量_v3.4/99_审计归档_只读/被R3取代的R2文件/黛亡诗文总接口与旧作分工专题_v1.0.md | 红楼梦探佚_截至R3_全量文档体系整理_v3.4/99_审计归档_只读/被R3取代的R2文件/黛亡诗文总接口与旧作分工专题_v1.0.md
2828be8d2293b6ab40f1dbfcd229a51ce5fdee68cdcdf07e53da5ca4c74bd334,红楼梦探佚_全量文档体系_重整版_v4.2.zip,红楼梦探佚_全量文档体系_重整版_v4.2/11_P0_R1_R2_R3审计与事故复盘/02_R1_R2_R3审计归档/被v3.4整理取代的当前文件/README_R3_从这里开始.md,README_R3_从这里开始.md,1021,3,红楼梦探佚_全量文档体系_重整版_v4.2.zip; 红楼梦探佚_截至R3_全量文档体系整理_v3.4(1).zip,REGISTRY,registry.document_metadata,data/registry/documents.yaml,REGISTER_DOCUMENT,NONE,P1,REFERENCE,REFERENCE,文档级元数据/说明；不直接驱动剧情。,红楼梦探佚_全量文档体系_重整版_v4.2/11_P0_R1_R2_R3审计与事故复盘/02_R1_R2_R3审计归档/被v3.4整理取代的当前文件/README_R3_从这里开始.md | 红楼梦探佚_全量文档体系_重整版_v4.2/90_三套来源包完整快照_只读/R3全量_v3.4/99_审计归档_只读/被v3.4整理取代的当前文件/README_R3_从这里开始.md | 红楼梦探佚_截至R3_全量文档体系整理_v3.4/99_审计归档_只读/被v3.4整理取代的当前文件/README_R3_从这里开始.md
acf2a22b76ca56680cc8f6adc63cbbf88cff2a55fc411119cda0c31b8c65ddec,红楼梦探佚_全量文档体系_重整版_v4.2.zip,红楼梦探佚_全量文档体系_重整版_v4.2/11_P0_R1_R2_R3审计与事故复盘/02_R1_R2_R3审计归档/被v3.4整理取代的当前文件/当前修复状态_R3.md,当前修复状态_R3.md,1021,3,红楼梦探佚_全量文档体系_重整版_v4.2.zip; 红楼梦探佚_截至R3_全量文档体系整理_v3.4(1).zip,ARCHIVE,archive.document,data/archive/documents.yaml,INDEX_ONLY,ARCHIVE_ONLY,P2,HISTORICAL,NO,历史/重复内容仅保留可追溯索引。,红楼梦探佚_全量文档体系_重整版_v4.2/11_P0_R1_R2_R3审计与事故复盘/02_R1_R2_R3审计归档/被v3.4整理取代的当前文件/当前修复状态_R3.md | 红楼梦探佚_全量文档体系_重整版_v4.2/90_三套来源包完整快照_只读/R3全量_v3.4/99_审计归档_只读/被v3.4整理取代的当前文件/当前修复状态_R3.md | 红楼梦探佚_截至R3_全量文档体系整理_v3.4/99_审计归档_只读/被v3.4整理取代的当前文件/当前修复状态_R3.md
db9e7ae7b19bf82745daf72da0865e16e6bc752115ad106dfbcf2c5021939c7d,红楼梦探佚_全量文档体系_重整版_v4.2.zip,红楼梦探佚_全量文档体系_重整版_v4.2/11_P0_R1_R2_R3审计与事故复盘/02_R1_R2_R3审计归档/被v3.4整理取代的当前文件/当前操作链索引_v3.3.md,当前操作链索引_v3.3.md,1128,3,红楼梦探佚_全量文档体系_重整版_v4.2.zip; 红楼梦探佚_截至R3_全量文档体系整理_v3.4(1).zip,GOVERNANCE,governance.project_state,data/registry/releases.yaml + config/project_state.yaml,STRUCTURE_PROJECT_STATE,PARTIAL,P2,HISTORICAL,NO,项目状态/版本纪律；只提取当前有效规则，旧版保留谱系。,红楼梦探佚_全量文档体系_重整版_v4.2/11_P0_R1_R2_R3审计与事故复盘/02_R1_R2_R3审计归档/被v3.4整理取代的当前文件/当前操作链索引_v3.3.md | 红楼梦探佚_全量文档体系_重整版_v4.2/90_三套来源包完整快照_只读/R3全量_v3.4/99_审计归档_只读/被v3.4整理取代的当前文件/当前操作链索引_v3.3.md | 红楼梦探佚_截至R3_全量文档体系整理_v3.4/99_审计归档_只读/被v3.4整理取代的当前文件/当前操作链索引_v3.3.md
c3acca352db43d44b9338ca8583ded6dcdb704dd4823959d9a674dc0061ec6e1,红楼梦探佚_全量文档体系_重整版_v4.2.zip,红楼梦探佚_全量文档体系_重整版_v4.2/11_P0_R1_R2_R3审计与事故复盘/02_R1_R2_R3审计归档/被v3.4整理取代的当前文件/红楼梦八十回后全幅文学补完大工程计划_v5.7_R3全体系同步版.md,红楼梦八十回后全幅文学补完大工程计划_v5.7_R3全体系同步版.md,2133,3,红楼梦探佚_全量文档体系_重整版_v4.2.zip; 红楼梦探佚_截至R3_全量文档体系整理_v3.4(1).zip,GOVERNANCE,governance.project_state,data/registry/releases.yaml + config/project_state.yaml,STRUCTURE_PROJECT_STATE,PARTIAL,P2,HISTORICAL,NO,项目状态/版本纪律；只提取当前有效规则，旧版保留谱系。,红楼梦探佚_全量文档体系_重整版_v4.2/11_P0_R1_R2_R3审计与事故复盘/02_R1_R2_R3审计归档/被v3.4整理取代的当前文件/红楼梦八十回后全幅文学补完大工程计划_v5.7_R3全体系同步版.md | 红楼梦探佚_全量文档体系_重整版_v4.2/90_三套来源包完整快照_只读/R3全量_v3.4/99_审计归档_只读/被v3.4整理取代的当前文件/红楼梦八十回后全幅文学补完大工程计划_v5.7_R3全体系同步版.md | 红楼梦探佚_截至R3_全量文档体系整理_v3.4/99_审计归档_只读/被v3.4整理取代的当前文件/红楼梦八十回后全幅文学补完大工程计划_v5.7_R3全体系同步版.md
2c62c34a18b4d95f43a414baef068abcdf0624d1378912c9dfa1ccb8989f9264,红楼梦探佚_全量文档体系_重整版_v4.2.zip,红楼梦探佚_全量文档体系_重整版_v4.2/11_P0_R1_R2_R3审计与事故复盘/README_只读.md,README_只读.md,157,1,红楼梦探佚_全量文档体系_重整版_v4.2.zip,REGISTRY,registry.document_metadata,data/registry/documents.yaml,REGISTER_DOCUMENT,NONE,P1,REFERENCE,REFERENCE,文档级元数据/说明；不直接驱动剧情。,红楼梦探佚_全量文档体系_重整版_v4.2/11_P0_R1_R2_R3审计与事故复盘/README_只读.md
ba014f12f2349f33490885f1a82bdc52d8234526a2387122a4a295393cdfecdb,红楼梦探佚_截至R3_全量文档体系整理_v3.4(1).zip,红楼梦探佚_截至R3_全量文档体系整理_v3.4/00_从这里开始/R3_过程文档全同步完成报告_v1.0.md,R3_过程文档全同步完成报告_v1.0.md,1069,2,红楼梦探佚_全量文档体系_重整版_v4.2.zip; 红楼梦探佚_截至R3_全量文档体系整理_v3.4(1).zip,REGISTRY,registry.document_metadata,data/registry/documents.yaml,REGISTER_DOCUMENT,NONE,P1,REFERENCE,REFERENCE,文档级元数据/说明；不直接驱动剧情。,红楼梦探佚_全量文档体系_重整版_v4.2/90_三套来源包完整快照_只读/R3全量_v3.4/00_从这里开始/R3_过程文档全同步完成报告_v1.0.md | 红楼梦探佚_截至R3_全量文档体系整理_v3.4/00_从这里开始/R3_过程文档全同步完成报告_v1.0.md
860f66ee9c5e3d370ee373fcc214e2961ad23109e5517f77561fa21ddb613a0e,红楼梦探佚_截至R3_全量文档体系整理_v3.4(1).zip,红楼梦探佚_截至R3_全量文档体系整理_v3.4/00_从这里开始/R3文件清单与SHA256_v1.4.md,R3文件清单与SHA256_v1.4.md,22232,2,红楼梦探佚_全量文档体系_重整版_v4.2.zip; 红楼梦探佚_截至R3_全量文档体系整理_v3.4(1).zip,REGISTRY,registry.document_metadata,data/registry/documents.yaml,REGISTER_DOCUMENT,NONE,P1,REFERENCE,REFERENCE,文档级元数据/说明；不直接驱动剧情。,红楼梦探佚_全量文档体系_重整版_v4.2/90_三套来源包完整快照_只读/R3全量_v3.4/00_从这里开始/R3文件清单与SHA256_v1.4.md | 红楼梦探佚_截至R3_全量文档体系整理_v3.4/00_从这里开始/R3文件清单与SHA256_v1.4.md
76741567b01d4acdf2691f8f54cb096cec79ef386f13e23bce9944d591c11668,红楼梦探佚_截至R3_全量文档体系整理_v3.4(1).zip,红楼梦探佚_截至R3_全量文档体系整理_v3.4/00_从这里开始/README_v3.4_从这里开始.md,README_v3.4_从这里开始.md,1403,2,红楼梦探佚_全量文档体系_重整版_v4.2.zip; 红楼梦探佚_截至R3_全量文档体系整理_v3.4(1).zip,REGISTRY,registry.document_metadata,data/registry/documents.yaml,REGISTER_DOCUMENT,NONE,P1,REFERENCE,REFERENCE,文档级元数据/说明；不直接驱动剧情。,红楼梦探佚_全量文档体系_重整版_v4.2/90_三套来源包完整快照_只读/R3全量_v3.4/00_从这里开始/README_v3.4_从这里开始.md | 红楼梦探佚_截至R3_全量文档体系整理_v3.4/00_从这里开始/README_v3.4_从这里开始.md
5f62753156b990ec50b58bb1f1b413907b92da13a1f6d1192abb841d476a9569,红楼梦探佚_截至R3_全量文档体系整理_v3.4(1).zip,红楼梦探佚_截至R3_全量文档体系整理_v3.4/00_从这里开始/v3.4当前操作链依赖审计.md,v3.4当前操作链依赖审计.md,90,2,红楼梦探佚_全量文档体系_重整版_v4.2.zip; 红楼梦探佚_截至R3_全量文档体系整理_v3.4(1).zip,ARCHIVE,archive.document,data/archive/documents.yaml,INDEX_ONLY,ARCHIVE_ONLY,P2,HISTORICAL,NO,历史/重复内容仅保留可追溯索引。,红楼梦探佚_全量文档体系_重整版_v4.2/90_三套来源包完整快照_只读/R3全量_v3.4/00_从这里开始/v3.4当前操作链依赖审计.md | 红楼梦探佚_截至R3_全量文档体系整理_v3.4/00_从这里开始/v3.4当前操作链依赖审计.md
e145357d6867f23346e9e04e3c8797430bb450253da51fd3cf6fd5e1766c302d,红楼梦探佚_截至R3_全量文档体系整理_v3.4(1).zip,红楼梦探佚_截至R3_全量文档体系整理_v3.4/00_从这里开始/全量文件清单与SHA256_v3.4.md,全量文件清单与SHA256_v3.4.md,37848,2,红楼梦探佚_全量文档体系_重整版_v4.2.zip; 红楼梦探佚_截至R3_全量文档体系整理_v3.4(1).zip,REGISTRY,registry.document_metadata,data/registry/documents.yaml,REGISTER_DOCUMENT,NONE,P1,REFERENCE,REFERENCE,文档级元数据/说明；不直接驱动剧情。,红楼梦探佚_全量文档体系_重整版_v4.2/90_三套来源包完整快照_只读/R3全量_v3.4/00_从这里开始/全量文件清单与SHA256_v3.4.md | 红楼梦探佚_截至R3_全量文档体系整理_v3.4/00_从这里开始/全量文件清单与SHA256_v3.4.md
566eb16323342c3517105289a25ac8d09170bc0ee62e34ff65f09e5d86fbab94,红楼梦探佚_截至R3_全量文档体系整理_v3.4(1).zip,红楼梦探佚_截至R3_全量文档体系整理_v3.4/00_从这里开始/工程版本谱系_v1.0.md,工程版本谱系_v1.0.md,618,2,红楼梦探佚_全量文档体系_重整版_v4.2.zip; 红楼梦探佚_截至R3_全量文档体系整理_v3.4(1).zip,RELEASE_HISTORY,release.version_lineage,data/registry/releases.yaml,IMPORT_VERSION_LINEAGE,NONE,P1,VERSION_HISTORY,NO,版本谱系/三版一致性/旧锁版记录。,红楼梦探佚_全量文档体系_重整版_v4.2/90_三套来源包完整快照_只读/R3全量_v3.4/00_从这里开始/工程版本谱系_v1.0.md | 红楼梦探佚_截至R3_全量文档体系整理_v3.4/00_从这里开始/工程版本谱系_v1.0.md
41c410c02eb2b9ea461a22b3a32842aef41c5f391a32dc5c2da7f5409bbee140,红楼梦探佚_截至R3_全量文档体系整理_v3.4(1).zip,红楼梦探佚_截至R3_全量文档体系整理_v3.4/00_从这里开始/当前工程状态与下一步_v3.4.md,当前工程状态与下一步_v3.4.md,854,2,红楼梦探佚_全量文档体系_重整版_v4.2.zip; 红楼梦探佚_截至R3_全量文档体系整理_v3.4(1).zip,ARCHIVE,archive.document,data/archive/documents.yaml,INDEX_ONLY,ARCHIVE_ONLY,P2,HISTORICAL,NO,历史/重复内容仅保留可追溯索引。,红楼梦探佚_全量文档体系_重整版_v4.2/90_三套来源包完整快照_只读/R3全量_v3.4/00_从这里开始/当前工程状态与下一步_v3.4.md | 红楼梦探佚_截至R3_全量文档体系整理_v3.4/00_从这里开始/当前工程状态与下一步_v3.4.md
3b291baa8426b8ccc2761b9af0c99a52823cdf41a884863d45e31676da09fabc,红楼梦探佚_截至R3_全量文档体系整理_v3.4(1).zip,红楼梦探佚_截至R3_全量文档体系整理_v3.4/00_从这里开始/文档体系地图与权威链_v3.4.md,文档体系地图与权威链_v3.4.md,1912,2,红楼梦探佚_全量文档体系_重整版_v4.2.zip; 红楼梦探佚_截至R3_全量文档体系整理_v3.4(1).zip,REGISTRY,registry.document_metadata,data/registry/documents.yaml,REGISTER_DOCUMENT,NONE,P1,REFERENCE,REFERENCE,文档级元数据/说明；不直接驱动剧情。,红楼梦探佚_全量文档体系_重整版_v4.2/90_三套来源包完整快照_只读/R3全量_v3.4/00_从这里开始/文档体系地图与权威链_v3.4.md | 红楼梦探佚_截至R3_全量文档体系整理_v3.4/00_从这里开始/文档体系地图与权威链_v3.4.md
088a9e7e3adfb430eedec7aa15b307d9d3c4c23f5aa33874134aad567a8be272,红楼梦探佚_截至R3_全量文档体系整理_v3.4(1).zip,红楼梦探佚_截至R3_全量文档体系整理_v3.4/00_从这里开始/文档去重与归档说明_v3.4.md,文档去重与归档说明_v3.4.md,410,2,红楼梦探佚_全量文档体系_重整版_v4.2.zip; 红楼梦探佚_截至R3_全量文档体系整理_v3.4(1).zip,ARCHIVE,archive.document,data/archive/documents.yaml,INDEX_ONLY,ARCHIVE_ONLY,P2,HISTORICAL,NO,历史/重复内容仅保留可追溯索引。,红楼梦探佚_全量文档体系_重整版_v4.2/90_三套来源包完整快照_只读/R3全量_v3.4/00_从这里开始/文档去重与归档说明_v3.4.md | 红楼梦探佚_截至R3_全量文档体系整理_v3.4/00_从这里开始/文档去重与归档说明_v3.4.md
dd3e5560df8e63fa1554014fbeddb12c6f11665274c920d1a8579d436f55237d,红楼梦探佚_截至R3_全量文档体系整理_v3.4(1).zip,红楼梦探佚_截至R3_全量文档体系整理_v3.4/08_R4审计准备/R4全链审计执行清单_v1.0.md,R4全链审计执行清单_v1.0.md,1082,2,红楼梦探佚_全量文档体系_重整版_v4.2.zip; 红楼梦探佚_截至R3_全量文档体系整理_v3.4(1).zip,REGISTRY,registry.document_metadata,data/registry/documents.yaml,REGISTER_DOCUMENT,NONE,P1,REFERENCE,REFERENCE,文档级元数据/说明；不直接驱动剧情。,红楼梦探佚_全量文档体系_重整版_v4.2/90_三套来源包完整快照_只读/R3全量_v3.4/08_R4审计准备/R4全链审计执行清单_v1.0.md | 红楼梦探佚_截至R3_全量文档体系整理_v3.4/08_R4审计准备/R4全链审计执行清单_v1.0.md
60d34dc058b3a7712eb11996c2b6e71761c08ba0ffed8a74e9eebfd4d05be2ac,红楼梦探佚_截至R3_全量文档体系整理_v3.4(1).zip,红楼梦探佚_截至R3_全量文档体系整理_v3.4/08_R4审计准备/R4审计结果矩阵模板_v1.0.md,R4审计结果矩阵模板_v1.0.md,406,2,红楼梦探佚_全量文档体系_重整版_v4.2.zip; 红楼梦探佚_截至R3_全量文档体系整理_v3.4(1).zip,ARCHIVE,archive.document,data/archive/documents.yaml,INDEX_ONLY,ARCHIVE_ONLY,P2,HISTORICAL,NO,历史/重复内容仅保留可追溯索引。,红楼梦探佚_全量文档体系_重整版_v4.2/90_三套来源包完整快照_只读/R3全量_v3.4/08_R4审计准备/R4审计结果矩阵模板_v1.0.md | 红楼梦探佚_截至R3_全量文档体系整理_v3.4/08_R4审计准备/R4审计结果矩阵模板_v1.0.md
7d82d26ccada1cca9659ac5b893bb28e4100dee7d9fb86726c984b76c8df0077,红楼梦探佚_截至第32步_v5.0启动前_精简过程文档体系_v2.0(2).zip,红楼梦探佚_截至第32步_v5.0启动前_精简过程文档体系_v2.0/00_从这里开始/README_从这里开始.md,README_从这里开始.md,2303,2,红楼梦探佚_全量文档体系_重整版_v4.2.zip; 红楼梦探佚_截至第32步_v5.0启动前_精简过程文档体系_v2.0(2).zip,REGISTRY,registry.document_metadata,data/registry/documents.yaml,REGISTER_DOCUMENT,NONE,P1,REFERENCE,REFERENCE,文档级元数据/说明；不直接驱动剧情。,红楼梦探佚_全量文档体系_重整版_v4.2/90_三套来源包完整快照_只读/第32步精简_v2.0/00_从这里开始/README_从这里开始.md | 红楼梦探佚_截至第32步_v5.0启动前_精简过程文档体系_v2.0/00_从这里开始/README_从这里开始.md
4fae62f7ee05a4b9c03bb40673241bb64d1464446c4223ed05458a48ca79fbc7,红楼梦探佚_截至第32步_v5.0启动前_精简过程文档体系_v2.0(2).zip,红楼梦探佚_截至第32步_v5.0启动前_精简过程文档体系_v2.0/00_从这里开始/SHA256SUMS.txt,SHA256SUMS.txt,22607,2,红楼梦探佚_全量文档体系_重整版_v4.2.zip; 红楼梦探佚_截至第32步_v5.0启动前_精简过程文档体系_v2.0(2).zip,ARCHIVE,archive.document,data/archive/documents.yaml,INDEX_ONLY,ARCHIVE_ONLY,P2,HISTORICAL,NO,历史/重复内容仅保留可追溯索引。,红楼梦探佚_全量文档体系_重整版_v4.2/90_三套来源包完整快照_只读/第32步精简_v2.0/00_从这里开始/SHA256SUMS.txt | 红楼梦探佚_截至第32步_v5.0启动前_精简过程文档体系_v2.0/00_从这里开始/SHA256SUMS.txt
53c8058a5e72781ef8f4d8f75c8b6ac192de3266ccb7a84ebc86d4d9e0d89239,红楼梦探佚_截至第32步_v5.0启动前_精简过程文档体系_v2.0(2).zip,红楼梦探佚_截至第32步_v5.0启动前_精简过程文档体系_v2.0/00_从这里开始/v5可继承的旧阶段方法论摘要.md,v5可继承的旧阶段方法论摘要.md,1071,2,红楼梦探佚_全量文档体系_重整版_v4.2.zip; 红楼梦探佚_截至第32步_v5.0启动前_精简过程文档体系_v2.0(2).zip,ARCHIVE,archive.document,data/archive/documents.yaml,INDEX_ONLY,ARCHIVE_ONLY,P2,HISTORICAL,NO,历史/重复内容仅保留可追溯索引。,红楼梦探佚_全量文档体系_重整版_v4.2/90_三套来源包完整快照_只读/第32步精简_v2.0/00_从这里开始/v5可继承的旧阶段方法论摘要.md | 红楼梦探佚_截至第32步_v5.0启动前_精简过程文档体系_v2.0/00_从这里开始/v5可继承的旧阶段方法论摘要.md
9c5dca7af4f14410feb909e7e601a843b07ad24e5ef4aed12a9153a3823dbd88,红楼梦探佚_截至第32步_v5.0启动前_精简过程文档体系_v2.0(2).zip,红楼梦探佚_截至第32步_v5.0启动前_精简过程文档体系_v2.0/00_从这里开始/冗余错误过期内容清理报告_v2.0.md,冗余错误过期内容清理报告_v2.0.md,2682,2,红楼梦探佚_全量文档体系_重整版_v4.2.zip; 红楼梦探佚_截至第32步_v5.0启动前_精简过程文档体系_v2.0(2).zip,REGISTRY,registry.document_metadata,data/registry/documents.yaml,REGISTER_DOCUMENT,NONE,P1,REFERENCE,REFERENCE,文档级元数据/说明；不直接驱动剧情。,红楼梦探佚_全量文档体系_重整版_v4.2/90_三套来源包完整快照_只读/第32步精简_v2.0/00_从这里开始/冗余错误过期内容清理报告_v2.0.md | 红楼梦探佚_截至第32步_v5.0启动前_精简过程文档体系_v2.0/00_从这里开始/冗余错误过期内容清理报告_v2.0.md
327b2d0a31f1d71a10e2234c6f20b6b48c206e5c6178b058eab71a8178cc4783,红楼梦探佚_截至第32步_v5.0启动前_精简过程文档体系_v2.0(2).zip,红楼梦探佚_截至第32步_v5.0启动前_精简过程文档体系_v2.0/00_从这里开始/原工作区文件去留登记.md,原工作区文件去留登记.md,41931,2,红楼梦探佚_全量文档体系_重整版_v4.2.zip; 红楼梦探佚_截至第32步_v5.0启动前_精简过程文档体系_v2.0(2).zip,ARCHIVE,archive.document,data/archive/documents.yaml,INDEX_ONLY,ARCHIVE_ONLY,P2,HISTORICAL,NO,历史/重复内容仅保留可追溯索引。,红楼梦探佚_全量文档体系_重整版_v4.2/90_三套来源包完整快照_只读/第32步精简_v2.0/00_从这里开始/原工作区文件去留登记.md | 红楼梦探佚_截至第32步_v5.0启动前_精简过程文档体系_v2.0/00_从这里开始/原工作区文件去留登记.md
a96bbf10d7d45bd5d1225facf5c03e5e639b2e1304db472b75c59f578f3a2587,红楼梦探佚_截至第32步_v5.0启动前_精简过程文档体系_v2.0(2).zip,红楼梦探佚_截至第32步_v5.0启动前_精简过程文档体系_v2.0/00_从这里开始/当前有效规则与版本状态_v5.0.md,当前有效规则与版本状态_v5.0.md,1406,2,红楼梦探佚_全量文档体系_重整版_v4.2.zip; 红楼梦探佚_截至第32步_v5.0启动前_精简过程文档体系_v2.0(2).zip,RELEASE_HISTORY,release.version_lineage,data/registry/releases.yaml,IMPORT_VERSION_LINEAGE,NONE,P1,VERSION_HISTORY,NO,版本谱系/三版一致性/旧锁版记录。,红楼梦探佚_全量文档体系_重整版_v4.2/90_三套来源包完整快照_只读/第32步精简_v2.0/00_从这里开始/当前有效规则与版本状态_v5.0.md | 红楼梦探佚_截至第32步_v5.0启动前_精简过程文档体系_v2.0/00_从这里开始/当前有效规则与版本状态_v5.0.md
f857731106249b2560ec39694c1e43586a4af34119ed838e54ee9938169d0775,红楼梦探佚_截至第32步_v5.0启动前_精简过程文档体系_v2.0(2).zip,红楼梦探佚_截至第32步_v5.0启动前_精简过程文档体系_v2.0/00_从这里开始/文件清单.md,文件清单.md,14300,2,红楼梦探佚_全量文档体系_重整版_v4.2.zip; 红楼梦探佚_截至第32步_v5.0启动前_精简过程文档体系_v2.0(2).zip,REGISTRY,registry.document_metadata,data/registry/documents.yaml,REGISTER_DOCUMENT,NONE,P1,REFERENCE,REFERENCE,文档级元数据/说明；不直接驱动剧情。,红楼梦探佚_全量文档体系_重整版_v4.2/90_三套来源包完整快照_只读/第32步精简_v2.0/00_从这里开始/文件清单.md | 红楼梦探佚_截至第32步_v5.0启动前_精简过程文档体系_v2.0/00_从这里开始/文件清单.md
3c394373cec3417735037bdc9495c75b9e9d653356a8535e1491f7cad448de29,红楼梦探佚_截至第32步_v5.0启动前_精简过程文档体系_v2.0(2).zip,红楼梦探佚_截至第32步_v5.0启动前_精简过程文档体系_v2.0/02_证据与结构底板_只读/05_结构复原历史基线/81—100回全20回场次卡总装_v1.5.md,81—100回全20回场次卡总装_v1.5.md,171105,2,红楼梦探佚_全量文档体系_重整版_v4.2.zip; 红楼梦探佚_截至第32步_v5.0启动前_精简过程文档体系_v2.0(2).zip,ARCHIVE,archive.document,data/archive/documents.yaml,INDEX_ONLY,ARCHIVE_ONLY,P2,HISTORICAL,NO,历史/重复内容仅保留可追溯索引。,红楼梦探佚_全量文档体系_重整版_v4.2/90_三套来源包完整快照_只读/第32步精简_v2.0/02_证据与结构底板_只读/05_结构复原历史基线/81—100回全20回场次卡总装_v1.5.md | 红楼梦探佚_截至第32步_v5.0启动前_精简过程文档体系_v2.0/02_证据与结构底板_只读/05_结构复原历史基线/81—100回全20回场次卡总装_v1.5.md
e22c7eb49ceccf8d33f1ebb6eb79ba6c0f7850e960835d4b918471049c760282,红楼梦探佚_截至第32步_v5.0启动前_精简过程文档体系_v2.0(2).zip,红楼梦探佚_截至第32步_v5.0启动前_精简过程文档体系_v2.0/02_证据与结构底板_只读/05_结构复原历史基线/81—100结构复原基线正文_v1.0_非文学终稿.md,81—100结构复原基线正文_v1.0_非文学终稿.md,53622,2,红楼梦探佚_全量文档体系_重整版_v4.2.zip; 红楼梦探佚_截至第32步_v5.0启动前_精简过程文档体系_v2.0(2).zip,ARCHIVE,archive.document,data/archive/documents.yaml,INDEX_ONLY,ARCHIVE_ONLY,P2,HISTORICAL,NO,历史/重复内容仅保留可追溯索引。,红楼梦探佚_全量文档体系_重整版_v4.2/90_三套来源包完整快照_只读/第32步精简_v2.0/02_证据与结构底板_只读/05_结构复原历史基线/81—100结构复原基线正文_v1.0_非文学终稿.md | 红楼梦探佚_截至第32步_v5.0启动前_精简过程文档体系_v2.0/02_证据与结构底板_只读/05_结构复原历史基线/81—100结构复原基线正文_v1.0_非文学终稿.md
9d30076090d9880f099fa73e3364e43079b6cd8c982a13aea71444a8aab01c1f,红楼梦探佚_全量文档体系_重整版_v4.2.zip,红楼梦探佚_全量文档体系_重整版_v4.2/99_索引与校验/SHA256SUMS_v4.2.txt,SHA256SUMS_v4.2.txt,177772,1,红楼梦探佚_全量文档体系_重整版_v4.2.zip,REGISTRY,registry.inventory_index,data/registry/imports.yaml,IMPORT_INDEX_METADATA,NONE,P1,REFERENCE,REFERENCE,索引/哈希/来源映射，用于导入可追溯性。,红楼梦探佚_全量文档体系_重整版_v4.2/99_索引与校验/SHA256SUMS_v4.2.txt
2db90c5e0a25baacae5325616e2e87f70e82827f2758e6d8743acfc65eaba2f3,红楼梦探佚_全量文档体系_重整版_v4.2.zip,红楼梦探佚_全量文档体系_重整版_v4.2/99_索引与校验/三套来源包文件清单.csv,三套来源包文件清单.csv,114578,1,红楼梦探佚_全量文档体系_重整版_v4.2.zip,REGISTRY,registry.inventory_index,data/registry/imports.yaml,IMPORT_INDEX_METADATA,NONE,P1,REFERENCE,REFERENCE,索引/哈希/来源映射，用于导入可追溯性。,红楼梦探佚_全量文档体系_重整版_v4.2/99_索引与校验/三套来源包文件清单.csv
25e4fcea81f28bd7bff1124d57230e24d5703125166daefaf312906e21a76b38,红楼梦探佚_全量文档体系_重整版_v4.2.zip,红楼梦探佚_全量文档体系_重整版_v4.2/99_索引与校验/丢失风险与恢复说明_v1.0.md,丢失风险与恢复说明_v1.0.md,618,1,红楼梦探佚_全量文档体系_重整版_v4.2.zip,REGISTRY,registry.inventory_index,data/registry/imports.yaml,IMPORT_INDEX_METADATA,NONE,P1,REFERENCE,REFERENCE,索引/哈希/来源映射，用于导入可追溯性。,红楼梦探佚_全量文档体系_重整版_v4.2/99_索引与校验/丢失风险与恢复说明_v1.0.md
887d0e06d9ecfe852b57de482cc8bae2a81cfd9b3b94c2d57137c28ba6fa0657,红楼梦探佚_全量文档体系_重整版_v4.2.zip,红楼梦探佚_全量文档体系_重整版_v4.2/99_索引与校验/主题整理来源映射.csv,主题整理来源映射.csv,338916,1,红楼梦探佚_全量文档体系_重整版_v4.2.zip,REGISTRY,registry.inventory_index,data/registry/imports.yaml,IMPORT_INDEX_METADATA,NONE,P1,REFERENCE,REFERENCE,索引/哈希/来源映射，用于导入可追溯性。,红楼梦探佚_全量文档体系_重整版_v4.2/99_索引与校验/主题整理来源映射.csv
37f7d828946844b2e351971981532bab5fd9431963ecad9e74ad021c215b5fab,红楼梦探佚_全量文档体系_重整版_v4.2.zip,红楼梦探佚_全量文档体系_重整版_v4.2/99_索引与校验/全量文件索引.csv,全量文件索引.csv,186249,1,红楼梦探佚_全量文档体系_重整版_v4.2.zip,REGISTRY,registry.inventory_index,data/registry/imports.yaml,IMPORT_INDEX_METADATA,NONE,P1,REFERENCE,REFERENCE,索引/哈希/来源映射，用于导入可追溯性。,红楼梦探佚_全量文档体系_重整版_v4.2/99_索引与校验/全量文件索引.csv
42b4f11246217d4def67ca6ac479170942ee5583ec2e45198aec4ca981907a0f,红楼梦探佚_全量文档体系_重整版_v4.2.zip,红楼梦探佚_全量文档体系_重整版_v4.2/99_索引与校验/全量来源覆盖审计_v1.0.md,全量来源覆盖审计_v1.0.md,811,1,红楼梦探佚_全量文档体系_重整版_v4.2.zip,REGISTRY,registry.inventory_index,data/registry/imports.yaml,IMPORT_INDEX_METADATA,NONE,P1,REFERENCE,REFERENCE,索引/哈希/来源映射，用于导入可追溯性。,红楼梦探佚_全量文档体系_重整版_v4.2/99_索引与校验/全量来源覆盖审计_v1.0.md
8fca1840d60e51c231960f1b0c5fa4a5d75e97ad3a625a84f61350e93f59b179,红楼梦探佚_全量文档体系_重整版_v4.2.zip,红楼梦探佚_全量文档体系_重整版_v4.2/99_索引与校验/重复内容组.csv,重复内容组.csv,6880,1,红楼梦探佚_全量文档体系_重整版_v4.2.zip,REGISTRY,registry.inventory_index,data/registry/imports.yaml,IMPORT_INDEX_METADATA,NONE,P1,REFERENCE,REFERENCE,索引/哈希/来源映射，用于导入可追溯性。,红楼梦探佚_全量文档体系_重整版_v4.2/99_索引与校验/重复内容组.csv
b65320cdd262c05b4e621328fad80d59b78cc3db0c047d0f2c2d2c58160da350,当前工作区散件,README_稳定ACTIVE_v4.0.md,README_稳定ACTIVE_v4.0.md,989,2,当前工作区散件; 红楼梦探佚_稳定ACTIVE过程文档体系_v4.0.zip,REGISTRY,registry.document_metadata,data/registry/documents.yaml,REGISTER_DOCUMENT,NONE,P1,REFERENCE,REFERENCE,文档级元数据/说明；不直接驱动剧情。,红楼梦探佚_稳定ACTIVE过程文档体系_v4.0/README_稳定ACTIVE_v4.0.md | README_稳定ACTIVE_v4.0.md
1aa4b27216f46875e28f2a78473f0fb37fa9c9f4bb3a31c6106b07a28235571a,红楼梦探佚_稳定ACTIVE过程文档体系_v4.0.zip,红楼梦探佚_稳定ACTIVE过程文档体系_v4.0/SHA256_稳定ACTIVE_v4.0.md,SHA256_稳定ACTIVE_v4.0.md,1668,1,红楼梦探佚_稳定ACTIVE过程文档体系_v4.0.zip,AUDIT_ARCHIVE,review.negative_fixture,data/archive/negative_fixtures.yaml,ARCHIVE_NEGATIVE_FIXTURE,ARCHIVE_ONLY,P2,SUPERSEDED,NO,被后续版本明确取代/撤销；只用于回归反例。,红楼梦探佚_稳定ACTIVE过程文档体系_v4.0/SHA256_稳定ACTIVE_v4.0.md
508d9cc44cc9b84afeb6222b6a1680aff98d9e7c8b34824b0709944be4d4f48a,当前工作区散件,RCWH_v0.2_证据可追溯极简架构与实施计划.md,RCWH_v0.2_证据可追溯极简架构与实施计划.md,20036,1,当前工作区散件,ARCHIVE,archive.document,data/archive/documents.yaml,INDEX_ONLY,ARCHIVE_ONLY,P2,HISTORICAL,NO,历史/重复内容仅保留可追溯索引。,RCWH_v0.2_证据可追溯极简架构与实施计划.md
47ce0e4b1a09065526a4eccd13738e781457f654805454a1e74d9d7abe58d608,当前工作区散件,RCWH_现有压缩包材料盘点_manifest_v1.0.json,RCWH_现有压缩包材料盘点_manifest_v1.0.json,21198,1,当前工作区散件,ARCHIVE,archive.document,data/archive/documents.yaml,INDEX_ONLY,ARCHIVE_ONLY,P2,HISTORICAL,NO,历史/重复内容仅保留可追溯索引。,RCWH_现有压缩包材料盘点_manifest_v1.0.json
e1593847a17f4ad38e6d59704824829c29b669596e635f400ce97daf0f333ccc,当前工作区散件,RCWH_现有材料盘点与机器层导入总计划_v1.0.md,RCWH_现有材料盘点与机器层导入总计划_v1.0.md,20351,1,当前工作区散件,GOVERNANCE,governance.project_state,data/registry/releases.yaml + config/project_state.yaml,STRUCTURE_PROJECT_STATE,PARTIAL,P2,HISTORICAL,NO,项目状态/版本纪律；只提取当前有效规则，旧版保留谱系。,RCWH_现有材料盘点与机器层导入总计划_v1.0.md
