retained_path,sha256,bytes,origin_type,origin_container,original_path,status
01_CURRENT_REPOSITORY/.github/ISSUE_TEMPLATE/data.md,5f9f92678b699faf62ea227c9bafb4010b8d13596b7fb580457ae15a642c2a2f,217,CURRENT_REPOSITORY,GitHub main snapshot f9ff4c23a47b0bf5981b9b3b93b9d964b261f2f7,01_CURRENT_REPOSITORY/.github/ISSUE_TEMPLATE/data.md,RETAINED
01_CURRENT_REPOSITORY/.github/ISSUE_TEMPLATE/feature.md,d2f5b0ae8ddeb3c68274e8a9d4a2875eafdd661e53ad3e329732eecbac82bb21,308,CURRENT_REPOSITORY,GitHub main snapshot f9ff4c23a47b0bf5981b9b3b93b9d964b261f2f7,01_CURRENT_REPOSITORY/.github/ISSUE_TEMPLATE/feature.md,RETAINED
01_CURRENT_REPOSITORY/.github/workflows/validate.yml,abb96771c4012b2b526a7ae91b983e034a6ba128cf7ff1b6715cd611cfe3fb52,4648,CURRENT_REPOSITORY,GitHub main snapshot f9ff4c23a47b0bf5981b9b3b93b9d964b261f2f7,01_CURRENT_REPOSITORY/.github/workflows/validate.yml,RETAINED
01_CURRENT_REPOSITORY/.gitignore,88c6f82f042b637c13ff0ac35c6e36285c555d4bbc2def3356f98e2bf2118dbf,93,CURRENT_REPOSITORY,GitHub main snapshot f9ff4c23a47b0bf5981b9b3b93b9d964b261f2f7,01_CURRENT_REPOSITORY/.gitignore,RETAINED
01_CURRENT_REPOSITORY/CHANGELOG.md,97b955e9084ef8a1a7f0dcd6df1d94fe424a4ae0a6976534d097088739901d5c,9400,CURRENT_REPOSITORY,GitHub main snapshot f9ff4c23a47b0bf5981b9b3b93b9d964b261f2f7,01_CURRENT_REPOSITORY/CHANGELOG.md,RETAINED
01_CURRENT_REPOSITORY/CONTRIBUTING.md,807380565b3dbdba50ca2cb3072aa81f96cf9e7b28c72e463614c39646081e64,625,CURRENT_REPOSITORY,GitHub main snapshot f9ff4c23a47b0bf5981b9b3b93b9d964b261f2f7,01_CURRENT_REPOSITORY/CONTRIBUTING.md,RETAINED
01_CURRENT_REPOSITORY/README.md,321535598f1dc9595e4b7179b5cf8a943df2eb8384d0ce25514035ce29a5a4f7,3821,CURRENT_REPOSITORY,GitHub main snapshot f9ff4c23a47b0bf5981b9b3b93b9d964b261f2f7,01_CURRENT_REPOSITORY/README.md,RETAINED
01_CURRENT_REPOSITORY/artifacts/43-0/ch86/ADJUDICATION.md,28b0ae7c00426e8a3e4938d451c1e4d188ee242dc144190183a056b50417f748,1862,CURRENT_REPOSITORY,GitHub main snapshot f9ff4c23a47b0bf5981b9b3b93b9d964b261f2f7,01_CURRENT_REPOSITORY/artifacts/43-0/ch86/ADJUDICATION.md,RETAINED
01_CURRENT_REPOSITORY/artifacts/43-0/ch86/A_baseline_excerpt.md,433838a3ed6285c8ca1f293937efc69472e665a4defb90e9e70c892c74d7dba3,11935,CURRENT_REPOSITORY,GitHub main snapshot f9ff4c23a47b0bf5981b9b3b93b9d964b261f2f7,01_CURRENT_REPOSITORY/artifacts/43-0/ch86/A_baseline_excerpt.md,RETAINED
01_CURRENT_REPOSITORY/artifacts/43-0/ch86/BLIND_READ_RESULT.md,d8f0ddc901b26710177508768e9d351bd4403ef4d31fe0b6cc3113139a3dab64,1500,CURRENT_REPOSITORY,GitHub main snapshot f9ff4c23a47b0bf5981b9b3b93b9d964b261f2f7,01_CURRENT_REPOSITORY/artifacts/43-0/ch86/BLIND_READ_RESULT.md,RETAINED
01_CURRENT_REPOSITORY/artifacts/43-0/ch86/BLIND_READ_STATUS.md,1d9c4ca1666d4d5b11a2776ce52fbbc764ea63c7f708acdb05999d7442b3555c,790,CURRENT_REPOSITORY,GitHub main snapshot f9ff4c23a47b0bf5981b9b3b93b9d964b261f2f7,01_CURRENT_REPOSITORY/artifacts/43-0/ch86/BLIND_READ_STATUS.md,RETAINED
01_CURRENT_REPOSITORY/artifacts/43-0/ch86/B_light_compression.md,bf7ad7747d8994f538fba4961265a4568e82a6acd5fb412fef5b61ef2dd98e42,10130,CURRENT_REPOSITORY,GitHub main snapshot f9ff4c23a47b0bf5981b9b3b93b9d964b261f2f7,01_CURRENT_REPOSITORY/artifacts/43-0/ch86/B_light_compression.md,RETAINED
01_CURRENT_REPOSITORY/artifacts/43-0/ch86/C_strong_compression.md,c2ccaf3bbe029c91cb0de3ae3dbd36b72022d70991b40332460a6fb2af7de862,7321,CURRENT_REPOSITORY,GitHub main snapshot f9ff4c23a47b0bf5981b9b3b93b9d964b261f2f7,01_CURRENT_REPOSITORY/artifacts/43-0/ch86/C_strong_compression.md,RETAINED
01_CURRENT_REPOSITORY/artifacts/43-0/ch86/PHASE1_REPORT.md,c1816ffa8a56459802f82cbf69449d89b188235ae89241a331f598313fa88e68,1137,CURRENT_REPOSITORY,GitHub main snapshot f9ff4c23a47b0bf5981b9b3b93b9d964b261f2f7,01_CURRENT_REPOSITORY/artifacts/43-0/ch86/PHASE1_REPORT.md,RETAINED
01_CURRENT_REPOSITORY/artifacts/43-0/ch86/PLOCK_REGRESSION.md,8f8cc96cb86f196c5961f4ffa67054a8e22d7a5882c6b6a325c47977cf44d014,1873,CURRENT_REPOSITORY,GitHub main snapshot f9ff4c23a47b0bf5981b9b3b93b9d964b261f2f7,01_CURRENT_REPOSITORY/artifacts/43-0/ch86/PLOCK_REGRESSION.md,RETAINED
01_CURRENT_REPOSITORY/artifacts/43-0/ch86/SIX_FIELD_REGRESSION.md,e7d6010b69acebbba9d447313fdda593a5b4c5c06a4ddac8989560f59481e1a4,1757,CURRENT_REPOSITORY,GitHub main snapshot f9ff4c23a47b0bf5981b9b3b93b9d964b261f2f7,01_CURRENT_REPOSITORY/artifacts/43-0/ch86/SIX_FIELD_REGRESSION.md,RETAINED
01_CURRENT_REPOSITORY/artifacts/43-0/ch86/blind/BR-26.md,88905ccc1e9baa9d7008e915dcd07a5d10d4a8eb59843cb136a2cc83b6a8872a,25399,CURRENT_REPOSITORY,GitHub main snapshot f9ff4c23a47b0bf5981b9b3b93b9d964b261f2f7,01_CURRENT_REPOSITORY/artifacts/43-0/ch86/blind/BR-26.md,RETAINED
01_CURRENT_REPOSITORY/artifacts/43-0/ch86/blind/BR-41.md,9ba667a766bbb7840af91ea8d96855332351c2f410f71405290e7280ce84330b,29936,CURRENT_REPOSITORY,GitHub main snapshot f9ff4c23a47b0bf5981b9b3b93b9d964b261f2f7,01_CURRENT_REPOSITORY/artifacts/43-0/ch86/blind/BR-41.md,RETAINED
01_CURRENT_REPOSITORY/artifacts/43-0/ch86/blind/BR-73.md,387aaed3a5b714707dee63ef71000458c7d03cbdce81868b71242b9a6671caa5,28172,CURRENT_REPOSITORY,GitHub main snapshot f9ff4c23a47b0bf5981b9b3b93b9d964b261f2f7,01_CURRENT_REPOSITORY/artifacts/43-0/ch86/blind/BR-73.md,RETAINED
01_CURRENT_REPOSITORY/artifacts/43-0/ch86/blind/README.md,95c9b804a38c68a55a78b7ead0c8a69ea7ae61e7e99a37406e90517be610fe07,763,CURRENT_REPOSITORY,GitHub main snapshot f9ff4c23a47b0bf5981b9b3b93b9d964b261f2f7,01_CURRENT_REPOSITORY/artifacts/43-0/ch86/blind/README.md,RETAINED
01_CURRENT_REPOSITORY/artifacts/43-0/ch86/candidates/ch86_A_stable_full.md,9ba667a766bbb7840af91ea8d96855332351c2f410f71405290e7280ce84330b,29936,CURRENT_REPOSITORY,GitHub main snapshot f9ff4c23a47b0bf5981b9b3b93b9d964b261f2f7,01_CURRENT_REPOSITORY/artifacts/43-0/ch86/candidates/ch86_A_stable_full.md,RETAINED
01_CURRENT_REPOSITORY/artifacts/43-0/ch86/candidates/ch86_B_light_full.md,387aaed3a5b714707dee63ef71000458c7d03cbdce81868b71242b9a6671caa5,28172,CURRENT_REPOSITORY,GitHub main snapshot f9ff4c23a47b0bf5981b9b3b93b9d964b261f2f7,01_CURRENT_REPOSITORY/artifacts/43-0/ch86/candidates/ch86_B_light_full.md,RETAINED
01_CURRENT_REPOSITORY/artifacts/43-0/ch86/candidates/ch86_C_strong_full.md,88905ccc1e9baa9d7008e915dcd07a5d10d4a8eb59843cb136a2cc83b6a8872a,25399,CURRENT_REPOSITORY,GitHub main snapshot f9ff4c23a47b0bf5981b9b3b93b9d964b261f2f7,01_CURRENT_REPOSITORY/artifacts/43-0/ch86/candidates/ch86_C_strong_full.md,RETAINED
01_CURRENT_REPOSITORY/artifacts/43-0/ch86/promotion/PROMOTION_REGRESSION.md,dd097521f7e65617eacd97181a80ee922804278e8aea8d2df865a02780cc3dbe,2103,CURRENT_REPOSITORY,GitHub main snapshot f9ff4c23a47b0bf5981b9b3b93b9d964b261f2f7,01_CURRENT_REPOSITORY/artifacts/43-0/ch86/promotion/PROMOTION_REGRESSION.md,RETAINED
01_CURRENT_REPOSITORY/artifacts/43-0/ch86/promotion/ch86_B_promotion_candidate.md,d368bb35576a08c08fbcfcca81e5af60603c2e846a954e616155acc5fe5f0f3f,28602,CURRENT_REPOSITORY,GitHub main snapshot f9ff4c23a47b0bf5981b9b3b93b9d964b261f2f7,01_CURRENT_REPOSITORY/artifacts/43-0/ch86/promotion/ch86_B_promotion_candidate.md,RETAINED
01_CURRENT_REPOSITORY/artifacts/43-0/ch86/promotion/full_body_v1.5_candidate.md,473eaf28f43a1418e4783e14af40c1a6ab3b7062c6eb0ace89d8a54f45082da9,543569,CURRENT_REPOSITORY,GitHub main snapshot f9ff4c23a47b0bf5981b9b3b93b9d964b261f2f7,01_CURRENT_REPOSITORY/artifacts/43-0/ch86/promotion/full_body_v1.5_candidate.md,RETAINED
01_CURRENT_REPOSITORY/artifacts/43-0/ch86/structure_map.md,58ad10820feebf5e5025d306419e1344b10d0312a35e04e412fdd321d96e358d,3961,CURRENT_REPOSITORY,GitHub main snapshot f9ff4c23a47b0bf5981b9b3b93b9d964b261f2f7,01_CURRENT_REPOSITORY/artifacts/43-0/ch86/structure_map.md,RETAINED
01_CURRENT_REPOSITORY/artifacts/43-0/ch89/A_baseline_excerpt.md,814c91ea9ab8871d7b7d2df5692fb8ddf87d8ae0b0d5428cc3695319ea69f523,8043,CURRENT_REPOSITORY,GitHub main snapshot f9ff4c23a47b0bf5981b9b3b93b9d964b261f2f7,01_CURRENT_REPOSITORY/artifacts/43-0/ch89/A_baseline_excerpt.md,RETAINED
01_CURRENT_REPOSITORY/artifacts/43-0/ch89/B_light_compression.md,953c2dbd3517a18f69149d1de87d3a6ee6eabe6e729880684cbb48a4f2a8819d,4918,CURRENT_REPOSITORY,GitHub main snapshot f9ff4c23a47b0bf5981b9b3b93b9d964b261f2f7,01_CURRENT_REPOSITORY/artifacts/43-0/ch89/B_light_compression.md,RETAINED
01_CURRENT_REPOSITORY/artifacts/43-0/ch89/C_strong_compression.md,26ffdc2dc38fa822551d8f5795a57b47c0ab07bba06f65801842576a429aca6c,2339,CURRENT_REPOSITORY,GitHub main snapshot f9ff4c23a47b0bf5981b9b3b93b9d964b261f2f7,01_CURRENT_REPOSITORY/artifacts/43-0/ch89/C_strong_compression.md,RETAINED
01_CURRENT_REPOSITORY/artifacts/43-0/ch89/PHASE1_REPORT.md,267ca34fb297cb24ab1c87cc6cf5171c1601daa6ab4ba4faa9db243e14f6f900,1470,CURRENT_REPOSITORY,GitHub main snapshot f9ff4c23a47b0bf5981b9b3b93b9d964b261f2f7,01_CURRENT_REPOSITORY/artifacts/43-0/ch89/PHASE1_REPORT.md,RETAINED
01_CURRENT_REPOSITORY/artifacts/43-0/ch89/PHASE2_MACHINE_REPORT.md,1bb1ad9d4a1d48806a90c2d23cff5aa51a6ffe5755cb04e9faadd673b441b22f,2918,CURRENT_REPOSITORY,GitHub main snapshot f9ff4c23a47b0bf5981b9b3b93b9d964b261f2f7,01_CURRENT_REPOSITORY/artifacts/43-0/ch89/PHASE2_MACHINE_REPORT.md,RETAINED
01_CURRENT_REPOSITORY/artifacts/43-0/ch89/blind/BR-14.md,3c51053781d7c60a1870ef604ca1f7bc4ac6ef206cc44de7ed45fc666cad6fa9,23114,CURRENT_REPOSITORY,GitHub main snapshot f9ff4c23a47b0bf5981b9b3b93b9d964b261f2f7,01_CURRENT_REPOSITORY/artifacts/43-0/ch89/blind/BR-14.md,RETAINED
01_CURRENT_REPOSITORY/artifacts/43-0/ch89/blind/BR-58.md,e56f1a767314ae852c8d4fdb0e06db32b0512f44eff3eb93406e10c0c848d256,33661,CURRENT_REPOSITORY,GitHub main snapshot f9ff4c23a47b0bf5981b9b3b93b9d964b261f2f7,01_CURRENT_REPOSITORY/artifacts/43-0/ch89/blind/BR-58.md,RETAINED
01_CURRENT_REPOSITORY/artifacts/43-0/ch89/blind/BR-91.md,418135b858286d928102c8c82264a43bea74cd2b54ba6e082f78d98e8c3c4311,20541,CURRENT_REPOSITORY,GitHub main snapshot f9ff4c23a47b0bf5981b9b3b93b9d964b261f2f7,01_CURRENT_REPOSITORY/artifacts/43-0/ch89/blind/BR-91.md,RETAINED
01_CURRENT_REPOSITORY/artifacts/43-0/ch89/blind/MAPPING.json,50ca74b83f3cc40b20c340a06b787e10998666781276a6f3c36c0fe731b51b05,104,CURRENT_REPOSITORY,GitHub main snapshot f9ff4c23a47b0bf5981b9b3b93b9d964b261f2f7,01_CURRENT_REPOSITORY/artifacts/43-0/ch89/blind/MAPPING.json,RETAINED
01_CURRENT_REPOSITORY/artifacts/43-0/ch89/blind/REVIEWER_INSTRUCTIONS.md,8efadcb6dacae51c20d5fbc5fcfffea1f46124a408426e8b541545d0d6050e7e,1667,CURRENT_REPOSITORY,GitHub main snapshot f9ff4c23a47b0bf5981b9b3b93b9d964b261f2f7,01_CURRENT_REPOSITORY/artifacts/43-0/ch89/blind/REVIEWER_INSTRUCTIONS.md,RETAINED
01_CURRENT_REPOSITORY/artifacts/43-0/ch89/candidates/ch89_A_full.md,e56f1a767314ae852c8d4fdb0e06db32b0512f44eff3eb93406e10c0c848d256,33661,CURRENT_REPOSITORY,GitHub main snapshot f9ff4c23a47b0bf5981b9b3b93b9d964b261f2f7,01_CURRENT_REPOSITORY/artifacts/43-0/ch89/candidates/ch89_A_full.md,RETAINED
01_CURRENT_REPOSITORY/artifacts/43-0/ch89/candidates/ch89_B_full.md,3c51053781d7c60a1870ef604ca1f7bc4ac6ef206cc44de7ed45fc666cad6fa9,23114,CURRENT_REPOSITORY,GitHub main snapshot f9ff4c23a47b0bf5981b9b3b93b9d964b261f2f7,01_CURRENT_REPOSITORY/artifacts/43-0/ch89/candidates/ch89_B_full.md,RETAINED
01_CURRENT_REPOSITORY/artifacts/43-0/ch89/candidates/ch89_C_full.md,418135b858286d928102c8c82264a43bea74cd2b54ba6e082f78d98e8c3c4311,20541,CURRENT_REPOSITORY,GitHub main snapshot f9ff4c23a47b0bf5981b9b3b93b9d964b261f2f7,01_CURRENT_REPOSITORY/artifacts/43-0/ch89/candidates/ch89_C_full.md,RETAINED
01_CURRENT_REPOSITORY/artifacts/43-0/ch89/structure_map.md,84b5ed5037177211ebf201f27f30e4467012ca3b790cdf33d779ce9c8803f987,4343,CURRENT_REPOSITORY,GitHub main snapshot f9ff4c23a47b0bf5981b9b3b93b9d964b261f2f7,01_CURRENT_REPOSITORY/artifacts/43-0/ch89/structure_map.md,RETAINED
01_CURRENT_REPOSITORY/artifacts/p6_microdraft/MAPPING.json,89656f072e286b6c654c7f34a75cb370e684440c77ce7870e837fe7d0fa3b93c,2118,CURRENT_REPOSITORY,GitHub main snapshot f9ff4c23a47b0bf5981b9b3b93b9d964b261f2f7,01_CURRENT_REPOSITORY/artifacts/p6_microdraft/MAPPING.json,RETAINED
01_CURRENT_REPOSITORY/artifacts/p6_microdraft/blind/REVIEWER_INSTRUCTIONS.md,86a3c4593ecd821195b2fb6716f1b331c50b470af3982b7565118426b80b6a63,915,CURRENT_REPOSITORY,GitHub main snapshot f9ff4c23a47b0bf5981b9b3b93b9d964b261f2f7,01_CURRENT_REPOSITORY/artifacts/p6_microdraft/blind/REVIEWER_INSTRUCTIONS.md,RETAINED
01_CURRENT_REPOSITORY/artifacts/p6_microdraft/blind/W1/MD-W1-12.md,ab7b4e828700f6846158f87091c00375480387f461035b01288dd3845262d2e9,715,CURRENT_REPOSITORY,GitHub main snapshot f9ff4c23a47b0bf5981b9b3b93b9d964b261f2f7,01_CURRENT_REPOSITORY/artifacts/p6_microdraft/blind/W1/MD-W1-12.md,RETAINED
01_CURRENT_REPOSITORY/artifacts/p6_microdraft/blind/W1/MD-W1-29.md,6ef869d3d72f5b727fbccd1178c72439b58b67499870eb1fa96177769895d690,655,CURRENT_REPOSITORY,GitHub main snapshot f9ff4c23a47b0bf5981b9b3b93b9d964b261f2f7,01_CURRENT_REPOSITORY/artifacts/p6_microdraft/blind/W1/MD-W1-29.md,RETAINED
01_CURRENT_REPOSITORY/artifacts/p6_microdraft/blind/W1/MD-W1-47.md,f689905837d3ac5112e35650a9a99869e9a229497aa911ed8228510ed87c4db8,661,CURRENT_REPOSITORY,GitHub main snapshot f9ff4c23a47b0bf5981b9b3b93b9d964b261f2f7,01_CURRENT_REPOSITORY/artifacts/p6_microdraft/blind/W1/MD-W1-47.md,RETAINED
01_CURRENT_REPOSITORY/artifacts/p6_microdraft/blind/W1/MD-W1-83.md,e3912a95dae952e3b1f1cf85bfd52c06e066afd24893cbfee52e827b307f5f66,649,CURRENT_REPOSITORY,GitHub main snapshot f9ff4c23a47b0bf5981b9b3b93b9d964b261f2f7,01_CURRENT_REPOSITORY/artifacts/p6_microdraft/blind/W1/MD-W1-83.md,RETAINED
01_CURRENT_REPOSITORY/artifacts/p6_microdraft/blind/W2/MD-W2-21.md,3bd894b15f8304fb59079d171367c8a4c6278199f02511a7c2a0a9592af0fa3e,718,CURRENT_REPOSITORY,GitHub main snapshot f9ff4c23a47b0bf5981b9b3b93b9d964b261f2f7,01_CURRENT_REPOSITORY/artifacts/p6_microdraft/blind/W2/MD-W2-21.md,RETAINED
01_CURRENT_REPOSITORY/artifacts/p6_microdraft/blind/W2/MD-W2-38.md,c5e5e71a36c86be74544abd51c13b7172ffba5e758767cabadc0a2ce08d2ff43,655,CURRENT_REPOSITORY,GitHub main snapshot f9ff4c23a47b0bf5981b9b3b93b9d964b261f2f7,01_CURRENT_REPOSITORY/artifacts/p6_microdraft/blind/W2/MD-W2-38.md,RETAINED
01_CURRENT_REPOSITORY/artifacts/p6_microdraft/blind/W2/MD-W2-64.md,8b5e82e8650b1d7817ea8f48f0519f7d863424c142ead9c57190117f47c40a27,751,CURRENT_REPOSITORY,GitHub main snapshot f9ff4c23a47b0bf5981b9b3b93b9d964b261f2f7,01_CURRENT_REPOSITORY/artifacts/p6_microdraft/blind/W2/MD-W2-64.md,RETAINED
01_CURRENT_REPOSITORY/artifacts/p6_microdraft/blind/W2/MD-W2-75.md,21b82c4f53a518c428478ff80eca6734c731bf3b4abe20c981dbf6f31bab3840,670,CURRENT_REPOSITORY,GitHub main snapshot f9ff4c23a47b0bf5981b9b3b93b9d964b261f2f7,01_CURRENT_REPOSITORY/artifacts/p6_microdraft/blind/W2/MD-W2-75.md,RETAINED
01_CURRENT_REPOSITORY/artifacts/p6_microdraft/blind/W3/MD-W3-14.md,bad6910ed1b283e5965a5d6908b401f4fb7425bb77e7870ce0d8ea3b9036f432,646,CURRENT_REPOSITORY,GitHub main snapshot f9ff4c23a47b0bf5981b9b3b93b9d964b261f2f7,01_CURRENT_REPOSITORY/artifacts/p6_microdraft/blind/W3/MD-W3-14.md,RETAINED
01_CURRENT_REPOSITORY/artifacts/p6_microdraft/blind/W3/MD-W3-31.md,973c4c31c4de9652e593b599349805ab34ac0e7cf400a9fd61b5c7be7afcc339,649,CURRENT_REPOSITORY,GitHub main snapshot f9ff4c23a47b0bf5981b9b3b93b9d964b261f2f7,01_CURRENT_REPOSITORY/artifacts/p6_microdraft/blind/W3/MD-W3-31.md,RETAINED
01_CURRENT_REPOSITORY/artifacts/p6_microdraft/blind/W3/MD-W3-56.md,f75992db99270c1fb1d5f4caf5064bbe263bd49e662018404fba0e4c17b423a8,661,CURRENT_REPOSITORY,GitHub main snapshot f9ff4c23a47b0bf5981b9b3b93b9d964b261f2f7,01_CURRENT_REPOSITORY/artifacts/p6_microdraft/blind/W3/MD-W3-56.md,RETAINED
01_CURRENT_REPOSITORY/artifacts/p6_microdraft/blind/W3/MD-W3-92.md,566d932c52bad8399b59c2d41813c9199de7971d1929ce319e210dd7ac0d6c9b,661,CURRENT_REPOSITORY,GitHub main snapshot f9ff4c23a47b0bf5981b9b3b93b9d964b261f2f7,01_CURRENT_REPOSITORY/artifacts/p6_microdraft/blind/W3/MD-W3-92.md,RETAINED
01_CURRENT_REPOSITORY/artifacts/p6_microdraft/blind/W4/MD-W4-25.md,f5ff1a63541d0c5622c8dd7758f954c49e5886d752be48943ad24d341dae4284,658,CURRENT_REPOSITORY,GitHub main snapshot f9ff4c23a47b0bf5981b9b3b93b9d964b261f2f7,01_CURRENT_REPOSITORY/artifacts/p6_microdraft/blind/W4/MD-W4-25.md,RETAINED
01_CURRENT_REPOSITORY/artifacts/p6_microdraft/blind/W4/MD-W4-43.md,e17510fcbfbeeb5ea25d78bb93027b3486f6ad570548ac6d80baefce6ff00763,649,CURRENT_REPOSITORY,GitHub main snapshot f9ff4c23a47b0bf5981b9b3b93b9d964b261f2f7,01_CURRENT_REPOSITORY/artifacts/p6_microdraft/blind/W4/MD-W4-43.md,RETAINED
01_CURRENT_REPOSITORY/artifacts/p6_microdraft/blind/W4/MD-W4-68.md,c4a265eb8af02f990add9408cc6d1f18df6b6f326ca65d099f24fbd99e7d6d51,715,CURRENT_REPOSITORY,GitHub main snapshot f9ff4c23a47b0bf5981b9b3b93b9d964b261f2f7,01_CURRENT_REPOSITORY/artifacts/p6_microdraft/blind/W4/MD-W4-68.md,RETAINED
01_CURRENT_REPOSITORY/artifacts/p6_microdraft/blind/W4/MD-W4-81.md,2a026738201378a43167cb357226cff4ee51e78d15405ab368d5c4e152b3cb47,676,CURRENT_REPOSITORY,GitHub main snapshot f9ff4c23a47b0bf5981b9b3b93b9d964b261f2f7,01_CURRENT_REPOSITORY/artifacts/p6_microdraft/blind/W4/MD-W4-81.md,RETAINED
01_CURRENT_REPOSITORY/artifacts/p6_microdraft/blind/W5/MD-W5-19.md,35cdf1386ec8854910869f9028fa55f29e5677e2961a8f78be488cf344f6c923,601,CURRENT_REPOSITORY,GitHub main snapshot f9ff4c23a47b0bf5981b9b3b93b9d964b261f2f7,01_CURRENT_REPOSITORY/artifacts/p6_microdraft/blind/W5/MD-W5-19.md,RETAINED
01_CURRENT_REPOSITORY/artifacts/p6_microdraft/blind/W5/MD-W5-36.md,f77c2f36fe2f4b6c3e158c7f0b20493e76adcff63de89fe2d39387ca8da736dc,622,CURRENT_REPOSITORY,GitHub main snapshot f9ff4c23a47b0bf5981b9b3b93b9d964b261f2f7,01_CURRENT_REPOSITORY/artifacts/p6_microdraft/blind/W5/MD-W5-36.md,RETAINED
01_CURRENT_REPOSITORY/artifacts/p6_microdraft/blind/W5/MD-W5-73.md,121105ceeab9ecbe80cdc8588fb1d0e0f242168374a487ef35fac0f61aa95c74,637,CURRENT_REPOSITORY,GitHub main snapshot f9ff4c23a47b0bf5981b9b3b93b9d964b261f2f7,01_CURRENT_REPOSITORY/artifacts/p6_microdraft/blind/W5/MD-W5-73.md,RETAINED
01_CURRENT_REPOSITORY/artifacts/p6_microdraft/blind/W5/MD-W5-84.md,1f1a2312db80555e9629effcdb72745377cdcdaddd84a28449a192ffbd1bac1b,622,CURRENT_REPOSITORY,GitHub main snapshot f9ff4c23a47b0bf5981b9b3b93b9d964b261f2f7,01_CURRENT_REPOSITORY/artifacts/p6_microdraft/blind/W5/MD-W5-84.md,RETAINED
01_CURRENT_REPOSITORY/artifacts/p7_blind_microdraft/INDEPENDENT_REVIEW.md,287e092a8ba622e116c698b7fe0ba89339fe651fbfdd878421f64aaf2eb0294c,10732,CURRENT_REPOSITORY,GitHub main snapshot f9ff4c23a47b0bf5981b9b3b93b9d964b261f2f7,01_CURRENT_REPOSITORY/artifacts/p7_blind_microdraft/INDEPENDENT_REVIEW.md,RETAINED
01_CURRENT_REPOSITORY/artifacts/p8_revision_ablation/revised/W1/RV-W1-12.md,af1f372d9f5aea1fc36537c80f4e002784515e7efdef6d1b467039f0fe412a35,529,CURRENT_REPOSITORY,GitHub main snapshot f9ff4c23a47b0bf5981b9b3b93b9d964b261f2f7,01_CURRENT_REPOSITORY/artifacts/p8_revision_ablation/revised/W1/RV-W1-12.md,RETAINED
01_CURRENT_REPOSITORY/artifacts/p8_revision_ablation/revised/W1/RV-W1-29.md,effcb6ec498940758aa3d8b934085f634b0440b74898872b12868873c7a82cac,568,CURRENT_REPOSITORY,GitHub main snapshot f9ff4c23a47b0bf5981b9b3b93b9d964b261f2f7,01_CURRENT_REPOSITORY/artifacts/p8_revision_ablation/revised/W1/RV-W1-29.md,RETAINED
01_CURRENT_REPOSITORY/artifacts/p8_revision_ablation/revised/W1/RV-W1-47.md,b002c09e9b62141b8c07c7c45d4072b0e5ef03b09de7f0fb6e658e5e6ce82344,565,CURRENT_REPOSITORY,GitHub main snapshot f9ff4c23a47b0bf5981b9b3b93b9d964b261f2f7,01_CURRENT_REPOSITORY/artifacts/p8_revision_ablation/revised/W1/RV-W1-47.md,RETAINED
01_CURRENT_REPOSITORY/artifacts/p8_revision_ablation/revised/W1/RV-W1-83.md,db7d66a374ac09763a291971b7ce1bf717713b47fff2eb87ac9d1635062ee36d,565,CURRENT_REPOSITORY,GitHub main snapshot f9ff4c23a47b0bf5981b9b3b93b9d964b261f2f7,01_CURRENT_REPOSITORY/artifacts/p8_revision_ablation/revised/W1/RV-W1-83.md,RETAINED
01_CURRENT_REPOSITORY/artifacts/p8_revision_ablation/revised/W2/RV-W2-21.md,dd378b465455c7a64a3ebe1af861ff75f58237ea5300272b0c88cb0417000e66,607,CURRENT_REPOSITORY,GitHub main snapshot f9ff4c23a47b0bf5981b9b3b93b9d964b261f2f7,01_CURRENT_REPOSITORY/artifacts/p8_revision_ablation/revised/W2/RV-W2-21.md,RETAINED
01_CURRENT_REPOSITORY/artifacts/p8_revision_ablation/revised/W2/RV-W2-38.md,a61e85ae9966564e661d455a9a7ee371879542c60ebd633a5bd42a6a755b17e2,571,CURRENT_REPOSITORY,GitHub main snapshot f9ff4c23a47b0bf5981b9b3b93b9d964b261f2f7,01_CURRENT_REPOSITORY/artifacts/p8_revision_ablation/revised/W2/RV-W2-38.md,RETAINED
01_CURRENT_REPOSITORY/artifacts/p8_revision_ablation/revised/W2/RV-W2-64.md,926398776eb86630dafcc51eda817d85bb85a5b5fe6a68f82f0ae339a84bdc8e,607,CURRENT_REPOSITORY,GitHub main snapshot f9ff4c23a47b0bf5981b9b3b93b9d964b261f2f7,01_CURRENT_REPOSITORY/artifacts/p8_revision_ablation/revised/W2/RV-W2-64.md,RETAINED
01_CURRENT_REPOSITORY/artifacts/p8_revision_ablation/revised/W2/RV-W2-75.md,5836f32bf399c5b2341ac53ae65ddb7912d18ad15e1c9f7ed0bc6907c4843737,565,CURRENT_REPOSITORY,GitHub main snapshot f9ff4c23a47b0bf5981b9b3b93b9d964b261f2f7,01_CURRENT_REPOSITORY/artifacts/p8_revision_ablation/revised/W2/RV-W2-75.md,RETAINED
01_CURRENT_REPOSITORY/artifacts/p8_revision_ablation/revised/W3/RV-W3-14.md,044a5ee2defb896bb32a74fd34f662dc7ce80d9e99deb5f5035a3b7223ebadcd,550,CURRENT_REPOSITORY,GitHub main snapshot f9ff4c23a47b0bf5981b9b3b93b9d964b261f2f7,01_CURRENT_REPOSITORY/artifacts/p8_revision_ablation/revised/W3/RV-W3-14.md,RETAINED
01_CURRENT_REPOSITORY/artifacts/p8_revision_ablation/revised/W3/RV-W3-31.md,84db96b9b8d9283b4923b7db0b5b9382218f9ee569d1ccee86b60834e922ed29,598,CURRENT_REPOSITORY,GitHub main snapshot f9ff4c23a47b0bf5981b9b3b93b9d964b261f2f7,01_CURRENT_REPOSITORY/artifacts/p8_revision_ablation/revised/W3/RV-W3-31.md,RETAINED
01_CURRENT_REPOSITORY/artifacts/p8_revision_ablation/revised/W3/RV-W3-56.md,f7b42c22144b506fc119b4de635e168c2524fb990d8c2714cea899576a77647f,547,CURRENT_REPOSITORY,GitHub main snapshot f9ff4c23a47b0bf5981b9b3b93b9d964b261f2f7,01_CURRENT_REPOSITORY/artifacts/p8_revision_ablation/revised/W3/RV-W3-56.md,RETAINED
01_CURRENT_REPOSITORY/artifacts/p8_revision_ablation/revised/W3/RV-W3-92.md,e1bb0053d5618d47de85cb7354a6c1c260911c5d697bafaece92df1babbdf3d5,553,CURRENT_REPOSITORY,GitHub main snapshot f9ff4c23a47b0bf5981b9b3b93b9d964b261f2f7,01_CURRENT_REPOSITORY/artifacts/p8_revision_ablation/revised/W3/RV-W3-92.md,RETAINED
01_CURRENT_REPOSITORY/artifacts/p8_revision_ablation/revised/W4/RV-W4-25.md,6d16b50e5fd9d16ad0b9e89207d72ef57c39814366dc83f0929df4a4c48dd64c,568,CURRENT_REPOSITORY,GitHub main snapshot f9ff4c23a47b0bf5981b9b3b93b9d964b261f2f7,01_CURRENT_REPOSITORY/artifacts/p8_revision_ablation/revised/W4/RV-W4-25.md,RETAINED
01_CURRENT_REPOSITORY/artifacts/p8_revision_ablation/revised/W4/RV-W4-43.md,170ca05381e7d8fa565247d374bcbfa6e2a424d5f9053094ac06cd7356c7196d,601,CURRENT_REPOSITORY,GitHub main snapshot f9ff4c23a47b0bf5981b9b3b93b9d964b261f2f7,01_CURRENT_REPOSITORY/artifacts/p8_revision_ablation/revised/W4/RV-W4-43.md,RETAINED
01_CURRENT_REPOSITORY/artifacts/p8_revision_ablation/revised/W4/RV-W4-68.md,bfd59c44ad6e279cef44a19cf8d8ff47d34d9d484c09a5a9275193346297106e,547,CURRENT_REPOSITORY,GitHub main snapshot f9ff4c23a47b0bf5981b9b3b93b9d964b261f2f7,01_CURRENT_REPOSITORY/artifacts/p8_revision_ablation/revised/W4/RV-W4-68.md,RETAINED
01_CURRENT_REPOSITORY/artifacts/p8_revision_ablation/revised/W4/RV-W4-81.md,87ded1e72f870fcea8c5d3068860dca0e110f2c52b0e4d3a4418ee694ca551be,598,CURRENT_REPOSITORY,GitHub main snapshot f9ff4c23a47b0bf5981b9b3b93b9d964b261f2f7,01_CURRENT_REPOSITORY/artifacts/p8_revision_ablation/revised/W4/RV-W4-81.md,RETAINED
01_CURRENT_REPOSITORY/artifacts/p8_revision_ablation/revised/W5/RV-W5-19.md,2e7f339d236d4bf9d9d126cbc3755dd9d9218249359cf1a3e8c3acf39a45c30b,523,CURRENT_REPOSITORY,GitHub main snapshot f9ff4c23a47b0bf5981b9b3b93b9d964b261f2f7,01_CURRENT_REPOSITORY/artifacts/p8_revision_ablation/revised/W5/RV-W5-19.md,RETAINED
01_CURRENT_REPOSITORY/artifacts/p8_revision_ablation/revised/W5/RV-W5-36.md,42794b66b4e01ee8ca4db04c64c4f2959ad573e8dbae5d11042b0eb05b9193bf,544,CURRENT_REPOSITORY,GitHub main snapshot f9ff4c23a47b0bf5981b9b3b93b9d964b261f2f7,01_CURRENT_REPOSITORY/artifacts/p8_revision_ablation/revised/W5/RV-W5-36.md,RETAINED
01_CURRENT_REPOSITORY/artifacts/p8_revision_ablation/revised/W5/RV-W5-73.md,231c02ab9efed2e0cf91a3174a6bb5cfb9c73ccfe782f20a6daa68fea6ca2d2d,520,CURRENT_REPOSITORY,GitHub main snapshot f9ff4c23a47b0bf5981b9b3b93b9d964b261f2f7,01_CURRENT_REPOSITORY/artifacts/p8_revision_ablation/revised/W5/RV-W5-73.md,RETAINED
01_CURRENT_REPOSITORY/artifacts/p8_revision_ablation/revised/W5/RV-W5-84.md,2e9f954e611583cbb4537b5a88c379c3feea3b48f287b274a6f0d5523c326796,514,CURRENT_REPOSITORY,GitHub main snapshot f9ff4c23a47b0bf5981b9b3b93b9d964b261f2f7,01_CURRENT_REPOSITORY/artifacts/p8_revision_ablation/revised/W5/RV-W5-84.md,RETAINED
01_CURRENT_REPOSITORY/config/world_law.yaml,2192d136d465421b9339c2ae026a35960cbefaf52c30e85e9632715f0c1d21c4,1171,CURRENT_REPOSITORY,GitHub main snapshot f9ff4c23a47b0bf5981b9b3b93b9d964b261f2f7,01_CURRENT_REPOSITORY/config/world_law.yaml,RETAINED
01_CURRENT_REPOSITORY/data/axes/title_axis.yaml,b1e49569d12dddb4309557f1941a22da21535b3a954315e54ad8a72abd0526b8,4408,CURRENT_REPOSITORY,GitHub main snapshot f9ff4c23a47b0bf5981b9b3b93b9d964b261f2f7,01_CURRENT_REPOSITORY/data/axes/title_axis.yaml,RETAINED
01_CURRENT_REPOSITORY/data/axes/title_axis_w2.yaml,59e29cef35ae50648a3e94e868fbb1dcf3ddb53d45049814aea64bb245f778a1,371,CURRENT_REPOSITORY,GitHub main snapshot f9ff4c23a47b0bf5981b9b3b93b9d964b261f2f7,01_CURRENT_REPOSITORY/data/axes/title_axis_w2.yaml,RETAINED
01_CURRENT_REPOSITORY/data/blind_review/v013.json,55764c732fc869d8768d9c19a94be811fb8e7940c2f112cb33c8246503d7816c,11864,CURRENT_REPOSITORY,GitHub main snapshot f9ff4c23a47b0bf5981b9b3b93b9d964b261f2f7,01_CURRENT_REPOSITORY/data/blind_review/v013.json,RETAINED
01_CURRENT_REPOSITORY/data/characters/baoyu.yaml,38b7b5f460bc7cc1499097dfda6db6210d0c11e2f5245abf4fe57f2dea146625,641,CURRENT_REPOSITORY,GitHub main snapshot f9ff4c23a47b0bf5981b9b3b93b9d964b261f2f7,01_CURRENT_REPOSITORY/data/characters/baoyu.yaml,RETAINED
01_CURRENT_REPOSITORY/data/characters/daiyu.yaml,a253eafd480dbc6094c6acf1526ebf6a9f49762497e64c594247089a528da97d,765,CURRENT_REPOSITORY,GitHub main snapshot f9ff4c23a47b0bf5981b9b3b93b9d964b261f2f7,01_CURRENT_REPOSITORY/data/characters/daiyu.yaml,RETAINED
01_CURRENT_REPOSITORY/data/claims/canary.yaml,ff47aef5d39282b461bb950d59f21af10473241c10ffb96e61143b0c7577220e,7160,CURRENT_REPOSITORY,GitHub main snapshot f9ff4c23a47b0bf5981b9b3b93b9d964b261f2f7,01_CURRENT_REPOSITORY/data/claims/canary.yaml,RETAINED
01_CURRENT_REPOSITORY/data/claims/r4_core_completion.yaml,64001ee05657e0601239a7517986e265e9741a740ae9d15c28e29ad85aa2f22d,1060,CURRENT_REPOSITORY,GitHub main snapshot f9ff4c23a47b0bf5981b9b3b93b9d964b261f2f7,01_CURRENT_REPOSITORY/data/claims/r4_core_completion.yaml,RETAINED
01_CURRENT_REPOSITORY/data/claims/r4_historical.yaml,0c8c6f044067bc4b5fca55ac210d71d13263d7c5f85b49f20a1e4b7f54e92548,5155,CURRENT_REPOSITORY,GitHub main snapshot f9ff4c23a47b0bf5981b9b3b93b9d964b261f2f7,01_CURRENT_REPOSITORY/data/claims/r4_historical.yaml,RETAINED
01_CURRENT_REPOSITORY/data/claims/r4_literal_core.yaml,0416db9a19cade2d2ce6099410cc0edc65222028c1cb810a0b1c6bc1d74739b2,1361,CURRENT_REPOSITORY,GitHub main snapshot f9ff4c23a47b0bf5981b9b3b93b9d964b261f2f7,01_CURRENT_REPOSITORY/data/claims/r4_literal_core.yaml,RETAINED
01_CURRENT_REPOSITORY/data/claims/r4_title_axis.yaml,4011c953e864a3bffd28c400aa295f4b106cb642564fae6b61330adf23731fd7,3565,CURRENT_REPOSITORY,GitHub main snapshot f9ff4c23a47b0bf5981b9b3b93b9d964b261f2f7,01_CURRENT_REPOSITORY/data/claims/r4_title_axis.yaml,RETAINED
01_CURRENT_REPOSITORY/data/claims/r4_w2.yaml,addfec76f8f494c122545fe3fb07b0f085c841bed0bed9a46d564ef1b30e7cc3,2437,CURRENT_REPOSITORY,GitHub main snapshot f9ff4c23a47b0bf5981b9b3b93b9d964b261f2f7,01_CURRENT_REPOSITORY/data/claims/r4_w2.yaml,RETAINED
01_CURRENT_REPOSITORY/data/competitions/43_0.yaml,4586092847beadcb7d8945a827789fa47d253f160a7dd4a04bf12c7f226d3140,11146,CURRENT_REPOSITORY,GitHub main snapshot f9ff4c23a47b0bf5981b9b3b93b9d964b261f2f7,01_CURRENT_REPOSITORY/data/competitions/43_0.yaml,RETAINED
01_CURRENT_REPOSITORY/data/coverage/negative_archive.json,069151ab8439847f1eff9a64401ff097cec7510540118c2833ae35f0f0945413,2408,CURRENT_REPOSITORY,GitHub main snapshot f9ff4c23a47b0bf5981b9b3b93b9d964b261f2f7,01_CURRENT_REPOSITORY/data/coverage/negative_archive.json,RETAINED
01_CURRENT_REPOSITORY/data/coverage/p0_inventory.part1.b64,4bfb8bfba8c06e5576a02f8f1eda8e4d0a1e9190cccbf3fa1bcb6df5fb7f5809,5501,CURRENT_REPOSITORY,GitHub main snapshot f9ff4c23a47b0bf5981b9b3b93b9d964b261f2f7,01_CURRENT_REPOSITORY/data/coverage/p0_inventory.part1.b64,RETAINED
01_CURRENT_REPOSITORY/data/coverage/p0_inventory.part2.b64,c6e573356930f8f54a6d06d0175c562896393f0297b80289d1f51de846196475,5501,CURRENT_REPOSITORY,GitHub main snapshot f9ff4c23a47b0bf5981b9b3b93b9d964b261f2f7,01_CURRENT_REPOSITORY/data/coverage/p0_inventory.part2.b64,RETAINED
01_CURRENT_REPOSITORY/data/coverage/p0_inventory.part3.b64,d0d69d92607a3598f5c79d360d656c1599fdb80582f01ba228ff1dede2ef563f,5501,CURRENT_REPOSITORY,GitHub main snapshot f9ff4c23a47b0bf5981b9b3b93b9d964b261f2f7,01_CURRENT_REPOSITORY/data/coverage/p0_inventory.part3.b64,RETAINED
01_CURRENT_REPOSITORY/data/coverage/p0_inventory.part4.b64,38aac906e677069528250ea069e7439e80d761319711b1f15b2e330cc12c607d,5469,CURRENT_REPOSITORY,GitHub main snapshot f9ff4c23a47b0bf5981b9b3b93b9d964b261f2f7,01_CURRENT_REPOSITORY/data/coverage/p0_inventory.part4.b64,RETAINED
01_CURRENT_REPOSITORY/data/decisions/canary.yaml,e8b6b7673b874553f2bff30d6723b845babae580e8fc22d37d51bfd2a96802f3,7726,CURRENT_REPOSITORY,GitHub main snapshot f9ff4c23a47b0bf5981b9b3b93b9d964b261f2f7,01_CURRENT_REPOSITORY/data/decisions/canary.yaml,RETAINED
01_CURRENT_REPOSITORY/data/decisions/r4_core_completion.yaml,283ad7baba1aa6dbaac89f9c8ae752e2bae557df8691a2ddc06bc2c545744392,1397,CURRENT_REPOSITORY,GitHub main snapshot f9ff4c23a47b0bf5981b9b3b93b9d964b261f2f7,01_CURRENT_REPOSITORY/data/decisions/r4_core_completion.yaml,RETAINED
01_CURRENT_REPOSITORY/data/decisions/r4_literal_core.yaml,a2d408e237088fd7c44dd06c77f4ddf25c7825edd22289ccef214312f0ebb881,1614,CURRENT_REPOSITORY,GitHub main snapshot f9ff4c23a47b0bf5981b9b3b93b9d964b261f2f7,01_CURRENT_REPOSITORY/data/decisions/r4_literal_core.yaml,RETAINED
01_CURRENT_REPOSITORY/data/decisions/r4_title_axis.yaml,f2b9d31bc38353a5657d45b2b300d968ff0f433fc91d30ac3c684e672920947b,4117,CURRENT_REPOSITORY,GitHub main snapshot f9ff4c23a47b0bf5981b9b3b93b9d964b261f2f7,01_CURRENT_REPOSITORY/data/decisions/r4_title_axis.yaml,RETAINED
01_CURRENT_REPOSITORY/data/decisions/r4_w2.yaml,daac0a7c92d3e156ed6d806cf452a307fb092c682c318d1b5a19f2e1438f03ef,1768,CURRENT_REPOSITORY,GitHub main snapshot f9ff4c23a47b0bf5981b9b3b93b9d964b261f2f7,01_CURRENT_REPOSITORY/data/decisions/r4_w2.yaml,RETAINED
01_CURRENT_REPOSITORY/data/events/ch86.yaml,0b85d3a0f25b2acc631f845981afaba28f5eb341a803ea2c1f156686befb5b81,728,CURRENT_REPOSITORY,GitHub main snapshot f9ff4c23a47b0bf5981b9b3b93b9d964b261f2f7,01_CURRENT_REPOSITORY/data/events/ch86.yaml,RETAINED
01_CURRENT_REPOSITORY/data/evidence/ch86.yaml,d60a57e0204a440b3392af17aeeaebe689226b5e06bfeca1ca1a8b7101fa128d,664,CURRENT_REPOSITORY,GitHub main snapshot f9ff4c23a47b0bf5981b9b3b93b9d964b261f2f7,01_CURRENT_REPOSITORY/data/evidence/ch86.yaml,RETAINED
01_CURRENT_REPOSITORY/data/fidelity/audit_registry.json,7db9617e048f339ff016df57adde4a219e66f39144dd74db6044118cbf495860,4015,CURRENT_REPOSITORY,GitHub main snapshot f9ff4c23a47b0bf5981b9b3b93b9d964b261f2f7,01_CURRENT_REPOSITORY/data/fidelity/audit_registry.json,RETAINED
01_CURRENT_REPOSITORY/data/fidelity/hypothesis_source_backfill.json,8f7fa8442a5c408dadbb9db8712936e114707b96a5870c22835d0f270d0cf90c,5268,CURRENT_REPOSITORY,GitHub main snapshot f9ff4c23a47b0bf5981b9b3b93b9d964b261f2f7,01_CURRENT_REPOSITORY/data/fidelity/hypothesis_source_backfill.json,RETAINED
01_CURRENT_REPOSITORY/data/hypotheses/compatibility.json,abfa833a94a4b887c66ab4a4019b35f4f040c0e1649a3074fb16affc27aff453,1968,CURRENT_REPOSITORY,GitHub main snapshot f9ff4c23a47b0bf5981b9b3b93b9d964b261f2f7,01_CURRENT_REPOSITORY/data/hypotheses/compatibility.json,RETAINED
01_CURRENT_REPOSITORY/data/hypotheses/core_v07.json,2f6f660b70bee3a0dc1cbcff163ebb0167b2b7d9418d36e6f4bb507ebfca6963,31320,CURRENT_REPOSITORY,GitHub main snapshot f9ff4c23a47b0bf5981b9b3b93b9d964b261f2f7,01_CURRENT_REPOSITORY/data/hypotheses/core_v07.json,RETAINED
01_CURRENT_REPOSITORY/data/hypotheses/h04_v07.json,5d5c3cc20a7785402374d4b4f6806c31a1b93256fed66eb9e82b55cc8d26cb58,8082,CURRENT_REPOSITORY,GitHub main snapshot f9ff4c23a47b0bf5981b9b3b93b9d964b261f2f7,01_CURRENT_REPOSITORY/data/hypotheses/h04_v07.json,RETAINED
01_CURRENT_REPOSITORY/data/implementation_alignment/m6.json,f4d6cbcae97157d4bac09818e6df8d42a4d249a17413179826fecca8fb81217b,54302,CURRENT_REPOSITORY,GitHub main snapshot f9ff4c23a47b0bf5981b9b3b93b9d964b261f2f7,01_CURRENT_REPOSITORY/data/implementation_alignment/m6.json,RETAINED
01_CURRENT_REPOSITORY/data/implementations/canary.yaml,ff534dcd6f54a205128eae6bcce4b10990e4fc3291396926a04548f0e9efaee6,3099,CURRENT_REPOSITORY,GitHub main snapshot f9ff4c23a47b0bf5981b9b3b93b9d964b261f2f7,01_CURRENT_REPOSITORY/data/implementations/canary.yaml,RETAINED
01_CURRENT_REPOSITORY/data/implementations/r4_core_completion.yaml,0389873396b4b7c760ca3e377aaf56abc24df374cb6d995aea32df056265418a,1087,CURRENT_REPOSITORY,GitHub main snapshot f9ff4c23a47b0bf5981b9b3b93b9d964b261f2f7,01_CURRENT_REPOSITORY/data/implementations/r4_core_completion.yaml,RETAINED
01_CURRENT_REPOSITORY/data/implementations/r4_historical.yaml,ce0d5dddc7710e67361d4e8777a4417dbb23ad0c76d6847f823255b11003e54b,3322,CURRENT_REPOSITORY,GitHub main snapshot f9ff4c23a47b0bf5981b9b3b93b9d964b261f2f7,01_CURRENT_REPOSITORY/data/implementations/r4_historical.yaml,RETAINED
01_CURRENT_REPOSITORY/data/implementations/r4_literal_core.yaml,f7889f9502e259c587a2362fdde94513e036e02ab0a6ac462c0afb49b7294fb0,1094,CURRENT_REPOSITORY,GitHub main snapshot f9ff4c23a47b0bf5981b9b3b93b9d964b261f2f7,01_CURRENT_REPOSITORY/data/implementations/r4_literal_core.yaml,RETAINED
01_CURRENT_REPOSITORY/data/implementations/r4_open.yaml,206ec1def3b2da87c87a11e8ee69e907af8d2613cd0c1cb6d845f089e04867ac,2383,CURRENT_REPOSITORY,GitHub main snapshot f9ff4c23a47b0bf5981b9b3b93b9d964b261f2f7,01_CURRENT_REPOSITORY/data/implementations/r4_open.yaml,RETAINED
01_CURRENT_REPOSITORY/data/implementations/r4_title_axis.yaml,9171e1107c17ba106b78ebbb7f81b789de437bbd3643e1564c96bb4f71ab8781,3549,CURRENT_REPOSITORY,GitHub main snapshot f9ff4c23a47b0bf5981b9b3b93b9d964b261f2f7,01_CURRENT_REPOSITORY/data/implementations/r4_title_axis.yaml,RETAINED
01_CURRENT_REPOSITORY/data/knowledge/v03_slice1.json,0e9529b0dcb9eb7c67eba7b2d6b3b2fae54cbc852a6137534a58c20b0cbecd9f,16933,CURRENT_REPOSITORY,GitHub main snapshot f9ff4c23a47b0bf5981b9b3b93b9d964b261f2f7,01_CURRENT_REPOSITORY/data/knowledge/v03_slice1.json,RETAINED
01_CURRENT_REPOSITORY/data/literals/r4_literal_core.yaml,915d6ca0a9d5c44e957596457f6ca6b1731d634643b557acfcfb639ed85cf30d,2606,CURRENT_REPOSITORY,GitHub main snapshot f9ff4c23a47b0bf5981b9b3b93b9d964b261f2f7,01_CURRENT_REPOSITORY/data/literals/r4_literal_core.yaml,RETAINED
01_CURRENT_REPOSITORY/data/literary_ecology/m5.json,fb6c58257fd031cdcb6615e9d7376de452e0e2cf15aa8785a579e445577ab09c,53662,CURRENT_REPOSITORY,GitHub main snapshot f9ff4c23a47b0bf5981b9b3b93b9d964b261f2f7,01_CURRENT_REPOSITORY/data/literary_ecology/m5.json,RETAINED
01_CURRENT_REPOSITORY/data/literary_eval/r4_high_risk.yaml,7803e8e006b9189bf8e63b6070dce58140985bbb63eb191a1e4040b62218829d,4762,CURRENT_REPOSITORY,GitHub main snapshot f9ff4c23a47b0bf5981b9b3b93b9d964b261f2f7,01_CURRENT_REPOSITORY/data/literary_eval/r4_high_risk.yaml,RETAINED
01_CURRENT_REPOSITORY/data/literary_eval/v05_suite.json,e158f1b945a5ef31f3a19877866b548efc50c6232d9ba3ce6d7301b6a0617405,6808,CURRENT_REPOSITORY,GitHub main snapshot f9ff4c23a47b0bf5981b9b3b93b9d964b261f2f7,01_CURRENT_REPOSITORY/data/literary_eval/v05_suite.json,RETAINED
01_CURRENT_REPOSITORY/data/literary_stress/v010.json,b7df737417b0440d813684ade9011a748bae1ed7abcb29bdb8334ac89eaaf1d5,40149,CURRENT_REPOSITORY,GitHub main snapshot f9ff4c23a47b0bf5981b9b3b93b9d964b261f2f7,01_CURRENT_REPOSITORY/data/literary_stress/v010.json,RETAINED
01_CURRENT_REPOSITORY/data/mechanism_adapters/v04.json,0c5191a7c3e4e3232ba91641f5b9f5127ee61794c8af1e5522bbbc747a7b0e58,7257,CURRENT_REPOSITORY,GitHub main snapshot f9ff4c23a47b0bf5981b9b3b93b9d964b261f2f7,01_CURRENT_REPOSITORY/data/mechanism_adapters/v04.json,RETAINED
01_CURRENT_REPOSITORY/data/mechanisms/r4_historical.yaml,a3d065d18d6e5ca1f81fd332e3ad8a402a1877fdc5d8c35eaf58ea2c383de23c,7328,CURRENT_REPOSITORY,GitHub main snapshot f9ff4c23a47b0bf5981b9b3b93b9d964b261f2f7,01_CURRENT_REPOSITORY/data/mechanisms/r4_historical.yaml,RETAINED
01_CURRENT_REPOSITORY/data/microdraft/v012.json,a2870b79fd4bf806b71939d30e467c9b917e33e3097b2a74629a0326722d74d0,11717,CURRENT_REPOSITORY,GitHub main snapshot f9ff4c23a47b0bf5981b9b3b93b9d964b261f2f7,01_CURRENT_REPOSITORY/data/microdraft/v012.json,RETAINED
01_CURRENT_REPOSITORY/data/migration/m0_baseline.json,6ec8003ec1cca9dd5cfb74800ada18b9916650fb9f120a98ef885e7848d6d545,2545,CURRENT_REPOSITORY,GitHub main snapshot f9ff4c23a47b0bf5981b9b3b93b9d964b261f2f7,01_CURRENT_REPOSITORY/data/migration/m0_baseline.json,RETAINED
01_CURRENT_REPOSITORY/data/narrative_discourse/v011.json,7cbe2f29b557a918ba0c50c9afb7358c8e15bc32b40493ba258d46a818e27c1b,11322,CURRENT_REPOSITORY,GitHub main snapshot f9ff4c23a47b0bf5981b9b3b93b9d964b261f2f7,01_CURRENT_REPOSITORY/data/narrative_discourse/v011.json,RETAINED
01_CURRENT_REPOSITORY/data/objects/m4.json,f39412630982b1bbca162c356a3c235092bdf84e6c14c939b554f6c271dce736,30479,CURRENT_REPOSITORY,GitHub main snapshot f9ff4c23a47b0bf5981b9b3b93b9d964b261f2f7,01_CURRENT_REPOSITORY/data/objects/m4.json,RETAINED
01_CURRENT_REPOSITORY/data/objects/medicine_bowl.yaml,ad304b16d955e904b6de156bf88c38f51f0d552698bb7f2ff6ba07bb5572d361,220,CURRENT_REPOSITORY,GitHub main snapshot f9ff4c23a47b0bf5981b9b3b93b9d964b261f2f7,01_CURRENT_REPOSITORY/data/objects/medicine_bowl.yaml,RETAINED
01_CURRENT_REPOSITORY/data/open_interfaces/r4_open.yaml,44cbfcc47f5f3bf4bdd88691020172f1bea9e3d86e1a3acc3e2c332b515e7fae,19721,CURRENT_REPOSITORY,GitHub main snapshot f9ff4c23a47b0bf5981b9b3b93b9d964b261f2f7,01_CURRENT_REPOSITORY/data/open_interfaces/r4_open.yaml,RETAINED
01_CURRENT_REPOSITORY/data/pareto/v09.json,d9d12bf552891bd35097b03841548c1491262a3b2be6387e4bdad5e29852fa39,20066,CURRENT_REPOSITORY,GitHub main snapshot f9ff4c23a47b0bf5981b9b3b93b9d964b261f2f7,01_CURRENT_REPOSITORY/data/pareto/v09.json,RETAINED
01_CURRENT_REPOSITORY/data/plocks/r4_literary.yaml,77f7af5716b33648dcf60d4f6a1902629384b890b90d9ae7e6fd0572a27b9e66,10392,CURRENT_REPOSITORY,GitHub main snapshot f9ff4c23a47b0bf5981b9b3b93b9d964b261f2f7,01_CURRENT_REPOSITORY/data/plocks/r4_literary.yaml,RETAINED
01_CURRENT_REPOSITORY/data/prewrite/v06.json,6c3d6fc893514aa6666a1f2bc4473a9ba8fab90594505e12c0558e7514ee12e9,40813,CURRENT_REPOSITORY,GitHub main snapshot f9ff4c23a47b0bf5981b9b3b93b9d964b261f2f7,01_CURRENT_REPOSITORY/data/prewrite/v06.json,RETAINED
01_CURRENT_REPOSITORY/data/project_state/blind_microdraft_review_v013.json,9935ed1c37425de447113bcc55fe6e0cd2c86926d3fc2bcda74e3d0e8bb46f72,1087,CURRENT_REPOSITORY,GitHub main snapshot f9ff4c23a47b0bf5981b9b3b93b9d964b261f2f7,01_CURRENT_REPOSITORY/data/project_state/blind_microdraft_review_v013.json,RETAINED
01_CURRENT_REPOSITORY/data/project_state/controlled_microdraft_v012.json,59b5457eb946c5841bfe7eee1bdbb965f169f75bb48801fc4c08787b493c5dfb,1097,CURRENT_REPOSITORY,GitHub main snapshot f9ff4c23a47b0bf5981b9b3b93b9d964b261f2f7,01_CURRENT_REPOSITORY/data/project_state/controlled_microdraft_v012.json,RETAINED
01_CURRENT_REPOSITORY/data/project_state/hypothesis_runtime_v07.json,07acec020e044d60497b335eaa04dab7d1e3faeee6bb1277619bcc0236054b2b,1074,CURRENT_REPOSITORY,GitHub main snapshot f9ff4c23a47b0bf5981b9b3b93b9d964b261f2f7,01_CURRENT_REPOSITORY/data/project_state/hypothesis_runtime_v07.json,RETAINED
01_CURRENT_REPOSITORY/data/project_state/literary_43_0_resume.json,64f318e14c28ec2fe0459a74f93052baba46a82610dc049ec382ae32eb8d8b82,1495,CURRENT_REPOSITORY,GitHub main snapshot f9ff4c23a47b0bf5981b9b3b93b9d964b261f2f7,01_CURRENT_REPOSITORY/data/project_state/literary_43_0_resume.json,RETAINED
01_CURRENT_REPOSITORY/data/project_state/m7.json,8ce91625e7cfd73ab8dc583d235e6f62567d5c7b13ec9a4164a6c54eac0f4f8b,1614,CURRENT_REPOSITORY,GitHub main snapshot f9ff4c23a47b0bf5981b9b3b93b9d964b261f2f7,01_CURRENT_REPOSITORY/data/project_state/m7.json,RETAINED
01_CURRENT_REPOSITORY/data/project_state/m8.json,7d698f578b9c3a80d05c9305a0c52bdf61bd99f83ceb0451f3f7f9a34832029e,2374,CURRENT_REPOSITORY,GitHub main snapshot f9ff4c23a47b0bf5981b9b3b93b9d964b261f2f7,01_CURRENT_REPOSITORY/data/project_state/m8.json,RETAINED
01_CURRENT_REPOSITORY/data/project_state/narrative_discourse_v011.json,7d3c77a403842caf0a34c57f76e2c42aa12bad439642b22b3235db8cbfc9290d,1092,CURRENT_REPOSITORY,GitHub main snapshot f9ff4c23a47b0bf5981b9b3b93b9d964b261f2f7,01_CURRENT_REPOSITORY/data/project_state/narrative_discourse_v011.json,RETAINED
01_CURRENT_REPOSITORY/data/project_state/pareto_evaluation_v09.json,cbf3db3cf39e233ef02f35b541b184849902edc57f70224740eccb614a58f2fb,1033,CURRENT_REPOSITORY,GitHub main snapshot f9ff4c23a47b0bf5981b9b3b93b9d964b261f2f7,01_CURRENT_REPOSITORY/data/project_state/pareto_evaluation_v09.json,RETAINED
01_CURRENT_REPOSITORY/data/project_state/repository_governance_20261007.json,419a65cb632e41b2a495906d6261e2e2047df25dced2ccbbfe901ac9ab07c2d1,3061,CURRENT_REPOSITORY,GitHub main snapshot f9ff4c23a47b0bf5981b9b3b93b9d964b261f2f7,01_CURRENT_REPOSITORY/data/project_state/repository_governance_20261007.json,RETAINED
01_CURRENT_REPOSITORY/data/project_state/revision_ablation_v014.json,9cd1bf33e26888e9cf7299c4d35b6fa3b783b3def5a74ebf2a8fabf6c58bda17,1028,CURRENT_REPOSITORY,GitHub main snapshot f9ff4c23a47b0bf5981b9b3b93b9d964b261f2f7,01_CURRENT_REPOSITORY/data/project_state/revision_ablation_v014.json,RETAINED
01_CURRENT_REPOSITORY/data/project_state/scenario_literary_stress_v010.json,b54e7b0ac1e4ba8cdf86903a72be1cedcb447a76c4fc88d743fa4adbc937d792,1127,CURRENT_REPOSITORY,GitHub main snapshot f9ff4c23a47b0bf5981b9b3b93b9d964b261f2f7,01_CURRENT_REPOSITORY/data/project_state/scenario_literary_stress_v010.json,RETAINED
01_CURRENT_REPOSITORY/data/project_state/scenario_replay_v08.json,2ce92d675b7948585bcf32754b29eba06a95e4319b59a75a032900a233fdfead,1081,CURRENT_REPOSITORY,GitHub main snapshot f9ff4c23a47b0bf5981b9b3b93b9d964b261f2f7,01_CURRENT_REPOSITORY/data/project_state/scenario_replay_v08.json,RETAINED
01_CURRENT_REPOSITORY/data/promotions/ch86.yaml,d49e0672734306507e4bbdbc59a349da870a8a25d29b9cff681364fce3972835,2711,CURRENT_REPOSITORY,GitHub main snapshot f9ff4c23a47b0bf5981b9b3b93b9d964b261f2f7,01_CURRENT_REPOSITORY/data/promotions/ch86.yaml,RETAINED
01_CURRENT_REPOSITORY/data/reconstruction/m2.json,08b57d939c4c4fd63c2e81a89ad6cff48c306c1d2e97eb04a6d4dc2d5f3c52ee,65976,CURRENT_REPOSITORY,GitHub main snapshot f9ff4c23a47b0bf5981b9b3b93b9d964b261f2f7,01_CURRENT_REPOSITORY/data/reconstruction/m2.json,RETAINED
01_CURRENT_REPOSITORY/data/registry/m1.json,48fc71c3cac8cb41c0ba013c01ef1321602093502f3162d91d0626c6e38d0e6e,45839,CURRENT_REPOSITORY,GitHub main snapshot f9ff4c23a47b0bf5981b9b3b93b9d964b261f2f7,01_CURRENT_REPOSITORY/data/registry/m1.json,RETAINED
01_CURRENT_REPOSITORY/data/registry/m2.json,e8ab4f6e2b0eca4b8aa5620619c588ffa5324e9c7645f26b8b0d4471a26e7886,11067,CURRENT_REPOSITORY,GitHub main snapshot f9ff4c23a47b0bf5981b9b3b93b9d964b261f2f7,01_CURRENT_REPOSITORY/data/registry/m2.json,RETAINED
01_CURRENT_REPOSITORY/data/registry/m3.json,4b5372dfcb9eea2a0f91c177c01da9f5bed9671aa87c56cd7a754bcad0a34c9a,8094,CURRENT_REPOSITORY,GitHub main snapshot f9ff4c23a47b0bf5981b9b3b93b9d964b261f2f7,01_CURRENT_REPOSITORY/data/registry/m3.json,RETAINED
01_CURRENT_REPOSITORY/data/registry/m4.json,2758fb0b458c898c2530245cd3621802104ce47a088caa7626fc78305fe1487a,281,CURRENT_REPOSITORY,GitHub main snapshot f9ff4c23a47b0bf5981b9b3b93b9d964b261f2f7,01_CURRENT_REPOSITORY/data/registry/m4.json,RETAINED
01_CURRENT_REPOSITORY/data/registry/m5.json,ad3cb7d8536f1e233a91dfd8867c90c0612a728365384c783fd5895ef102ccbd,36324,CURRENT_REPOSITORY,GitHub main snapshot f9ff4c23a47b0bf5981b9b3b93b9d964b261f2f7,01_CURRENT_REPOSITORY/data/registry/m5.json,RETAINED
01_CURRENT_REPOSITORY/data/registry/m6.json,cc1ca563608e4e409a91549c4285febbb7c5db903a4dffd967ee47fe2e514b69,1931,CURRENT_REPOSITORY,GitHub main snapshot f9ff4c23a47b0bf5981b9b3b93b9d964b261f2f7,01_CURRENT_REPOSITORY/data/registry/m6.json,RETAINED
01_CURRENT_REPOSITORY/data/registry/m7.json,ed3a40a16974ca5f692de84157ec363365af2d5df6d0b9c11338221a132dfb28,2182,CURRENT_REPOSITORY,GitHub main snapshot f9ff4c23a47b0bf5981b9b3b93b9d964b261f2f7,01_CURRENT_REPOSITORY/data/registry/m7.json,RETAINED
01_CURRENT_REPOSITORY/data/registry/m8.json,71fddfd5094d7010b3ff3e788b56f9aa9b9985404f90d1c3232a3e4db8eb91b7,865,CURRENT_REPOSITORY,GitHub main snapshot f9ff4c23a47b0bf5981b9b3b93b9d964b261f2f7,01_CURRENT_REPOSITORY/data/registry/m8.json,RETAINED
01_CURRENT_REPOSITORY/data/regression/r4_evidence_core.yaml,822195e6e5121948c03a4a866431f747988a87dda4cef478c887971bf4076870,4110,CURRENT_REPOSITORY,GitHub main snapshot f9ff4c23a47b0bf5981b9b3b93b9d964b261f2f7,01_CURRENT_REPOSITORY/data/regression/r4_evidence_core.yaml,RETAINED
01_CURRENT_REPOSITORY/data/revision_ablation/v014.json,b1b457867ce85f54e2c11eb33e021ff2fabaf98d346be86d46d9152d0d9b074b,10628,CURRENT_REPOSITORY,GitHub main snapshot f9ff4c23a47b0bf5981b9b3b93b9d964b261f2f7,01_CURRENT_REPOSITORY/data/revision_ablation/v014.json,RETAINED
01_CURRENT_REPOSITORY/data/scenario_replay/v08.json,646c2decbd7e7fea6e2139f8eea89e2e1c101316adc1e3ad3424abe2b76339ee,48967,CURRENT_REPOSITORY,GitHub main snapshot f9ff4c23a47b0bf5981b9b3b93b9d964b261f2f7,01_CURRENT_REPOSITORY/data/scenario_replay/v08.json,RETAINED
01_CURRENT_REPOSITORY/data/scenarios/seed_v07.json,c29580e76aacd858da3d706fb5c41dfda9b65101c6652af0ef2d56e06e06c126,15518,CURRENT_REPOSITORY,GitHub main snapshot f9ff4c23a47b0bf5981b9b3b93b9d964b261f2f7,01_CURRENT_REPOSITORY/data/scenarios/seed_v07.json,RETAINED
01_CURRENT_REPOSITORY/data/scenes/ch86_last_night.yaml,40fb18968675ffde826bd91e287342bc4461ee9f1affd53e0af92a4de16c064b,2333,CURRENT_REPOSITORY,GitHub main snapshot f9ff4c23a47b0bf5981b9b3b93b9d964b261f2f7,01_CURRENT_REPOSITORY/data/scenes/ch86_last_night.yaml,RETAINED
01_CURRENT_REPOSITORY/data/scenes/ch89_confiscation_message.yaml,d1d036880b30b64d0315791fc881cc0f3da927698e69d18f341bbcf29487edcf,1440,CURRENT_REPOSITORY,GitHub main snapshot f9ff4c23a47b0bf5981b9b3b93b9d964b261f2f7,01_CURRENT_REPOSITORY/data/scenes/ch89_confiscation_message.yaml,RETAINED
01_CURRENT_REPOSITORY/data/scenes/ch92_delivery_gate.yaml,65233cf826b5bb37b1fec5e6be0b11db55a04a3568bdb1000faba2ed0b981ecc,1647,CURRENT_REPOSITORY,GitHub main snapshot f9ff4c23a47b0bf5981b9b3b93b9d964b261f2f7,01_CURRENT_REPOSITORY/data/scenes/ch92_delivery_gate.yaml,RETAINED
01_CURRENT_REPOSITORY/data/sources/canary.yaml,9a75a2d2768f02c303a646899b4991fa57a2466ff3cbf315add606a8ca90ba13,4597,CURRENT_REPOSITORY,GitHub main snapshot f9ff4c23a47b0bf5981b9b3b93b9d964b261f2f7,01_CURRENT_REPOSITORY/data/sources/canary.yaml,RETAINED
01_CURRENT_REPOSITORY/data/sources/r4_core_completion.yaml,14c5b0b4bdf5ac1f7a94cab3c15afd5c2e70fbf242ce4a2e26a3eabeffc106a2,1583,CURRENT_REPOSITORY,GitHub main snapshot f9ff4c23a47b0bf5981b9b3b93b9d964b261f2f7,01_CURRENT_REPOSITORY/data/sources/r4_core_completion.yaml,RETAINED
01_CURRENT_REPOSITORY/data/sources/r4_historical.yaml,328b835c5d49ad04de1a13055130861396375aab66e11829a33a3f1c69dc1618,11398,CURRENT_REPOSITORY,GitHub main snapshot f9ff4c23a47b0bf5981b9b3b93b9d964b261f2f7,01_CURRENT_REPOSITORY/data/sources/r4_historical.yaml,RETAINED
01_CURRENT_REPOSITORY/data/sources/r4_literal_core.yaml,087a343139bf5befbca5e681c7235d07a37e2f5122280901d96912af999631c0,1459,CURRENT_REPOSITORY,GitHub main snapshot f9ff4c23a47b0bf5981b9b3b93b9d964b261f2f7,01_CURRENT_REPOSITORY/data/sources/r4_literal_core.yaml,RETAINED
01_CURRENT_REPOSITORY/data/sources/r4_title_axis.yaml,0c69adea065ce8ba33f11e39e03a13064d97faf850b43c7ddefd4c4d8048b744,3317,CURRENT_REPOSITORY,GitHub main snapshot f9ff4c23a47b0bf5981b9b3b93b9d964b261f2f7,01_CURRENT_REPOSITORY/data/sources/r4_title_axis.yaml,RETAINED
01_CURRENT_REPOSITORY/data/sources/r4_w2.yaml,f7a3bb4da7114d61f27d628be0be1543e814bb347faebb663f5a05d5dbb0e233,6044,CURRENT_REPOSITORY,GitHub main snapshot f9ff4c23a47b0bf5981b9b3b93b9d964b261f2f7,01_CURRENT_REPOSITORY/data/sources/r4_w2.yaml,RETAINED
01_CURRENT_REPOSITORY/data/world/m3_body.json,29916a93424db663f41a12dc2e4b819f966429c6e1c6237bd0477ee5b4f1a9f8,5547,CURRENT_REPOSITORY,GitHub main snapshot f9ff4c23a47b0bf5981b9b3b93b9d964b261f2f7,01_CURRENT_REPOSITORY/data/world/m3_body.json,RETAINED
01_CURRENT_REPOSITORY/data/world/m3_core.json,a1cc75b66739b6cd2b46845b7ee501f48499f8497d13a358f34335f54624953f,38161,CURRENT_REPOSITORY,GitHub main snapshot f9ff4c23a47b0bf5981b9b3b93b9d964b261f2f7,01_CURRENT_REPOSITORY/data/world/m3_core.json,RETAINED
01_CURRENT_REPOSITORY/data/world/m3_knowledge.json,24cdab13136b5febe0d6c05be8db46cd3d46d0fae62be6023a5848b8ec36532d,6352,CURRENT_REPOSITORY,GitHub main snapshot f9ff4c23a47b0bf5981b9b3b93b9d964b261f2f7,01_CURRENT_REPOSITORY/data/world/m3_knowledge.json,RETAINED
01_CURRENT_REPOSITORY/data/world/m3_locations.json,b3562c10f513fee607de70074b7db4feaf99c37753b39280fe67e6b3a5d39210,5565,CURRENT_REPOSITORY,GitHub main snapshot f9ff4c23a47b0bf5981b9b3b93b9d964b261f2f7,01_CURRENT_REPOSITORY/data/world/m3_locations.json,RETAINED
01_CURRENT_REPOSITORY/data/world/m3_presence.json,d7c368ffd930ab932e15abc93a32bd471290c6e4a91bc152488841ca53bd0074,7813,CURRENT_REPOSITORY,GitHub main snapshot f9ff4c23a47b0bf5981b9b3b93b9d964b261f2f7,01_CURRENT_REPOSITORY/data/world/m3_presence.json,RETAINED
01_CURRENT_REPOSITORY/data/world/m3_resources.json,43ac9608faec80544e1f4f9104a55342b129cb55b95e693622c6343bc0c1ba8a,9951,CURRENT_REPOSITORY,GitHub main snapshot f9ff4c23a47b0bf5981b9b3b93b9d964b261f2f7,01_CURRENT_REPOSITORY/data/world/m3_resources.json,RETAINED
01_CURRENT_REPOSITORY/docs/ARCHITECTURE.md,e0f114dd079c934a2ee9e5ba8259bcd2de775a2294fbda78d3c4fc09efb799cf,2310,CURRENT_REPOSITORY,GitHub main snapshot f9ff4c23a47b0bf5981b9b3b93b9d964b261f2f7,01_CURRENT_REPOSITORY/docs/ARCHITECTURE.md,RETAINED
01_CURRENT_REPOSITORY/docs/BLIND_MICRODRAFT_REVIEW_V013_PHASE7.md,4c65c2e7579aeca64ad2e481d8e2a820b15452e6a694d0ea64c1aa534468d7b0,3460,CURRENT_REPOSITORY,GitHub main snapshot f9ff4c23a47b0bf5981b9b3b93b9d964b261f2f7,01_CURRENT_REPOSITORY/docs/BLIND_MICRODRAFT_REVIEW_V013_PHASE7.md,RETAINED
01_CURRENT_REPOSITORY/docs/CANARY_CASES.md,6c088d4e323e33674810720ca4ac8bb9af9be1229e130be1610f9b8ed47bdd99,2382,CURRENT_REPOSITORY,GitHub main snapshot f9ff4c23a47b0bf5981b9b3b93b9d964b261f2f7,01_CURRENT_REPOSITORY/docs/CANARY_CASES.md,RETAINED
01_CURRENT_REPOSITORY/docs/CONTROLLED_MICRODRAFT_V012_PHASE6.md,8c4cb31de7456e3bdb569a03097988dae7612b4a9013a6a9f383d1070e368171,2465,CURRENT_REPOSITORY,GitHub main snapshot f9ff4c23a47b0bf5981b9b3b93b9d964b261f2f7,01_CURRENT_REPOSITORY/docs/CONTROLLED_MICRODRAFT_V012_PHASE6.md,RETAINED
01_CURRENT_REPOSITORY/docs/DECISIONS.md,83b4d6e91a36f5712164d7579889bfa1cd56cb878edbff6ad499c532edf3f9c0,969,CURRENT_REPOSITORY,GitHub main snapshot f9ff4c23a47b0bf5981b9b3b93b9d964b261f2f7,01_CURRENT_REPOSITORY/docs/DECISIONS.md,RETAINED
01_CURRENT_REPOSITORY/docs/FULL_MIGRATION_M0_BASELINE.md,a40af3fb384e3bb44725ab0b54ba5ec32fb37efb05d0b27d7726f4b76bdb31be,3415,CURRENT_REPOSITORY,GitHub main snapshot f9ff4c23a47b0bf5981b9b3b93b9d964b261f2f7,01_CURRENT_REPOSITORY/docs/FULL_MIGRATION_M0_BASELINE.md,RETAINED
01_CURRENT_REPOSITORY/docs/FULL_MIGRATION_M2_RECONSTRUCTION.md,208bb0bd1d3d3de289e121478fa8d3d396a0f8e16f68a6c7eb7f0ee6cab5a06d,1319,CURRENT_REPOSITORY,GitHub main snapshot f9ff4c23a47b0bf5981b9b3b93b9d964b261f2f7,01_CURRENT_REPOSITORY/docs/FULL_MIGRATION_M2_RECONSTRUCTION.md,RETAINED
01_CURRENT_REPOSITORY/docs/FULL_MIGRATION_M3_WORLD.md,e60e3106fe2fe010c7a485d8dd88b3b8622b7fd712266f452d04250d57f33634,2305,CURRENT_REPOSITORY,GitHub main snapshot f9ff4c23a47b0bf5981b9b3b93b9d964b261f2f7,01_CURRENT_REPOSITORY/docs/FULL_MIGRATION_M3_WORLD.md,RETAINED
01_CURRENT_REPOSITORY/docs/FULL_MIGRATION_M4_OBJECTS.md,e592273ff9a9b3a64c7e8cc64b3ed6d43d6bdc90f1db89d37f2370ba0f6eaa84,3037,CURRENT_REPOSITORY,GitHub main snapshot f9ff4c23a47b0bf5981b9b3b93b9d964b261f2f7,01_CURRENT_REPOSITORY/docs/FULL_MIGRATION_M4_OBJECTS.md,RETAINED
01_CURRENT_REPOSITORY/docs/FULL_MIGRATION_M5_LITERARY_ECOLOGY.md,2c46c6e711f26b218488b02bbaad99e0ad185d7e9bd5233b613cf89d4bef8197,5187,CURRENT_REPOSITORY,GitHub main snapshot f9ff4c23a47b0bf5981b9b3b93b9d964b261f2f7,01_CURRENT_REPOSITORY/docs/FULL_MIGRATION_M5_LITERARY_ECOLOGY.md,RETAINED
01_CURRENT_REPOSITORY/docs/FULL_MIGRATION_M6_IMPLEMENTATION_ALIGNMENT.md,887c48c7f2ff637ebe33e9db921b268ead9cbb6a9c2c938fe80ed54662006b24,3947,CURRENT_REPOSITORY,GitHub main snapshot f9ff4c23a47b0bf5981b9b3b93b9d964b261f2f7,01_CURRENT_REPOSITORY/docs/FULL_MIGRATION_M6_IMPLEMENTATION_ALIGNMENT.md,RETAINED
01_CURRENT_REPOSITORY/docs/FULL_MIGRATION_M7_COVERAGE_AUDIT.md,082ac771d9d995018b607b9c78c260243571e1184bd8a1b63046e1d83f18fda3,5799,CURRENT_REPOSITORY,GitHub main snapshot f9ff4c23a47b0bf5981b9b3b93b9d964b261f2f7,01_CURRENT_REPOSITORY/docs/FULL_MIGRATION_M7_COVERAGE_AUDIT.md,RETAINED
01_CURRENT_REPOSITORY/docs/FULL_MIGRATION_M8_COMPLETION_GATE.md,433ffe806302f11309f181bd425cec472c761a2fe939ead96fc8af9ffdd1ab19,5061,CURRENT_REPOSITORY,GitHub main snapshot f9ff4c23a47b0bf5981b9b3b93b9d964b261f2f7,01_CURRENT_REPOSITORY/docs/FULL_MIGRATION_M8_COMPLETION_GATE.md,RETAINED
01_CURRENT_REPOSITORY/docs/FULL_MIGRATION_POST_MERGE_SIGNOFF.md,dd0b703df2cfda0be62ef2cc7d922846cd0ec0fc33c2f42c1b0224ed86161884,2455,CURRENT_REPOSITORY,GitHub main snapshot f9ff4c23a47b0bf5981b9b3b93b9d964b261f2f7,01_CURRENT_REPOSITORY/docs/FULL_MIGRATION_POST_MERGE_SIGNOFF.md,RETAINED
01_CURRENT_REPOSITORY/docs/HISTORICAL_FEASIBILITY.md,268a4ec99037f268a74ed6668c4525b77ef448d93888f1d38f8978ea456b4674,3903,CURRENT_REPOSITORY,GitHub main snapshot f9ff4c23a47b0bf5981b9b3b93b9d964b261f2f7,01_CURRENT_REPOSITORY/docs/HISTORICAL_FEASIBILITY.md,RETAINED
01_CURRENT_REPOSITORY/docs/HYPOTHESIS_RUNTIME_V07_PHASE0.md,ee252fe0ace7c3cf90972327075b235751291315d9e66bd9fd9fdc9b3058e04a,1683,CURRENT_REPOSITORY,GitHub main snapshot f9ff4c23a47b0bf5981b9b3b93b9d964b261f2f7,01_CURRENT_REPOSITORY/docs/HYPOTHESIS_RUNTIME_V07_PHASE0.md,RETAINED
01_CURRENT_REPOSITORY/docs/HYPOTHESIS_RUNTIME_V07_PHASE1.md,630e08bc0c270e36ba6b3d8e59e02904ddb0085fbd94a5c7907005b37dec6d06,2399,CURRENT_REPOSITORY,GitHub main snapshot f9ff4c23a47b0bf5981b9b3b93b9d964b261f2f7,01_CURRENT_REPOSITORY/docs/HYPOTHESIS_RUNTIME_V07_PHASE1.md,RETAINED
01_CURRENT_REPOSITORY/docs/ISSUE3_CHARACTER_KNOWLEDGE_V03.md,78932cf15c2001c134150155c34efe7bf9896a2c66a4d6e40d4fd30b28254c65,3314,CURRENT_REPOSITORY,GitHub main snapshot f9ff4c23a47b0bf5981b9b3b93b9d964b261f2f7,01_CURRENT_REPOSITORY/docs/ISSUE3_CHARACTER_KNOWLEDGE_V03.md,RETAINED
01_CURRENT_REPOSITORY/docs/ISSUE4_HISTORICAL_ADAPTERS_V04.md,465c12a7748e149c328dfa185f53557a2e808ebc32c271d46e6b613df1b734d4,5139,CURRENT_REPOSITORY,GitHub main snapshot f9ff4c23a47b0bf5981b9b3b93b9d964b261f2f7,01_CURRENT_REPOSITORY/docs/ISSUE4_HISTORICAL_ADAPTERS_V04.md,RETAINED
01_CURRENT_REPOSITORY/docs/ISSUE5_LITERARY_EVALUATOR_V05.md,07d4bb127feb047bc537e633f0ab024068428b1a4c2d271e69b3360059270574,5752,CURRENT_REPOSITORY,GitHub main snapshot f9ff4c23a47b0bf5981b9b3b93b9d964b261f2f7,01_CURRENT_REPOSITORY/docs/ISSUE5_LITERARY_EVALUATOR_V05.md,RETAINED
01_CURRENT_REPOSITORY/docs/ISSUE6_V5_PREWRITE_V06.md,210578f6d261afad61a09b528d7f4dc6a314e4bc5fb630eb551611a1d55b0259,7523,CURRENT_REPOSITORY,GitHub main snapshot f9ff4c23a47b0bf5981b9b3b93b9d964b261f2f7,01_CURRENT_REPOSITORY/docs/ISSUE6_V5_PREWRITE_V06.md,RETAINED
01_CURRENT_REPOSITORY/docs/NARRATIVE_DISCOURSE_V011_PHASE5.md,ae532e26ce634b15ba0d7680e352275c2e142f62b25c0d3f865326ede2b46d37,3945,CURRENT_REPOSITORY,GitHub main snapshot f9ff4c23a47b0bf5981b9b3b93b9d964b261f2f7,01_CURRENT_REPOSITORY/docs/NARRATIVE_DISCOURSE_V011_PHASE5.md,RETAINED
01_CURRENT_REPOSITORY/docs/OPEN_LOCK.md,5bfe45a4c28221042aecd26ed9a9a7adb5e9efc489d779428762a5800c94cdd3,3097,CURRENT_REPOSITORY,GitHub main snapshot f9ff4c23a47b0bf5981b9b3b93b9d964b261f2f7,01_CURRENT_REPOSITORY/docs/OPEN_LOCK.md,RETAINED
01_CURRENT_REPOSITORY/docs/PARETO_EVALUATION_V09_PHASE3.md,40dba393fe6215d03150350153ef22da7e1e87af9e21d7c412d58684742a1f9e,2592,CURRENT_REPOSITORY,GitHub main snapshot f9ff4c23a47b0bf5981b9b3b93b9d964b261f2f7,01_CURRENT_REPOSITORY/docs/PARETO_EVALUATION_V09_PHASE3.md,RETAINED
01_CURRENT_REPOSITORY/docs/PLOCK_LITERARY.md,ec3a90d0b6dc1733754baafabb9e1f6b39a85cb6a87e6ca004e13572d069a268,3652,CURRENT_REPOSITORY,GitHub main snapshot f9ff4c23a47b0bf5981b9b3b93b9d964b261f2f7,01_CURRENT_REPOSITORY/docs/PLOCK_LITERARY.md,RETAINED
01_CURRENT_REPOSITORY/docs/POST_M8_REPOSITORY_GOVERNANCE_20261007.md,80c538c88ac9a9846e133f243d429b865570ded994050ba9c64296a77c1c24f1,4071,CURRENT_REPOSITORY,GitHub main snapshot f9ff4c23a47b0bf5981b9b3b93b9d964b261f2f7,01_CURRENT_REPOSITORY/docs/POST_M8_REPOSITORY_GOVERNANCE_20261007.md,RETAINED
01_CURRENT_REPOSITORY/docs/PROVENANCE_MODEL.md,a6729504e2e680917650f9d803d2a1f3ef9836c5ae29dc749a4953dced973125,4055,CURRENT_REPOSITORY,GitHub main snapshot f9ff4c23a47b0bf5981b9b3b93b9d964b261f2f7,01_CURRENT_REPOSITORY/docs/PROVENANCE_MODEL.md,RETAINED
01_CURRENT_REPOSITORY/docs/PROVENANCE_REVIEW_v0.2-alpha.md,0ab923c70bac81f24e6226dbdd1c13dca744bb6886cf81878c0acb1aeefb48cd,3669,CURRENT_REPOSITORY,GitHub main snapshot f9ff4c23a47b0bf5981b9b3b93b9d964b261f2f7,01_CURRENT_REPOSITORY/docs/PROVENANCE_REVIEW_v0.2-alpha.md,RETAINED
01_CURRENT_REPOSITORY/docs/R4_EVIDENCE_CORE_REGRESSION.md,cab9c4da43720696b32c9df8d899d2212ffb2a6baf36583a67429a26158b463e,3898,CURRENT_REPOSITORY,GitHub main snapshot f9ff4c23a47b0bf5981b9b3b93b9d964b261f2f7,01_CURRENT_REPOSITORY/docs/R4_EVIDENCE_CORE_REGRESSION.md,RETAINED
01_CURRENT_REPOSITORY/docs/R4_EVIDENCE_CORE_v0.2-beta.md,ad74038729ebc92ff6a5dfc4d80b4dde16b9003a553bac2bd35e21bd91b1eee6,2105,CURRENT_REPOSITORY,GitHub main snapshot f9ff4c23a47b0bf5981b9b3b93b9d964b261f2f7,01_CURRENT_REPOSITORY/docs/R4_EVIDENCE_CORE_v0.2-beta.md,RETAINED
01_CURRENT_REPOSITORY/docs/REVISION_ABLATION_V014_PHASE8.md,66e0668830effe5fa104df830c11d8a954efcbcfbb47769b42c7cdb48e347645,2647,CURRENT_REPOSITORY,GitHub main snapshot f9ff4c23a47b0bf5981b9b3b93b9d964b261f2f7,01_CURRENT_REPOSITORY/docs/REVISION_ABLATION_V014_PHASE8.md,RETAINED
01_CURRENT_REPOSITORY/docs/SCENARIO_LITERARY_STRESS_V010_PHASE4.md,31086753e0e9dee5fc7b03fa98f16d17c6bce92fe68891dd2720534cb7a67ddc,3090,CURRENT_REPOSITORY,GitHub main snapshot f9ff4c23a47b0bf5981b9b3b93b9d964b261f2f7,01_CURRENT_REPOSITORY/docs/SCENARIO_LITERARY_STRESS_V010_PHASE4.md,RETAINED
01_CURRENT_REPOSITORY/docs/SCENARIO_REPLAY_V08_PHASE2.md,f3c85044416df4d3ba8a42a5b282db603271eb062ec0a89351977ad4e7e7508f,2428,CURRENT_REPOSITORY,GitHub main snapshot f9ff4c23a47b0bf5981b9b3b93b9d964b261f2f7,01_CURRENT_REPOSITORY/docs/SCENARIO_REPLAY_V08_PHASE2.md,RETAINED
01_CURRENT_REPOSITORY/docs/T_AXIS.md,ddac21bda860dd013891d52c027f7f64a7c0fe84bb77005bbb3667d59fd8b2bb,1913,CURRENT_REPOSITORY,GitHub main snapshot f9ff4c23a47b0bf5981b9b3b93b9d964b261f2f7,01_CURRENT_REPOSITORY/docs/T_AXIS.md,RETAINED
01_CURRENT_REPOSITORY/docs/V5_PLAN_MAPPING.md,b6ba552f8f7a585cfb31c95ee6262cd1b51152d6f04f597712719aa04fb84ae6,1835,CURRENT_REPOSITORY,GitHub main snapshot f9ff4c23a47b0bf5981b9b3b93b9d964b261f2f7,01_CURRENT_REPOSITORY/docs/V5_PLAN_MAPPING.md,RETAINED
01_CURRENT_REPOSITORY/docs/V_LITERAL_TARGETS.md,e6afc7f725709234bccf2b66addb32d329663ee4e0089d02f74f83e4ccf2b568,2012,CURRENT_REPOSITORY,GitHub main snapshot f9ff4c23a47b0bf5981b9b3b93b9d964b261f2f7,01_CURRENT_REPOSITORY/docs/V_LITERAL_TARGETS.md,RETAINED
01_CURRENT_REPOSITORY/docs/W2_WEAK_WITNESSES.md,9a8720366874042df3e5ff91878a7e79b314f78f7ae73d117652530aaa733795,2596,CURRENT_REPOSITORY,GitHub main snapshot f9ff4c23a47b0bf5981b9b3b93b9d964b261f2f7,01_CURRENT_REPOSITORY/docs/W2_WEAK_WITNESSES.md,RETAINED
01_CURRENT_REPOSITORY/evaluators/README.md,b675c3087551aa4103e77e276109c4adeee3f3483c8eb4479e36750ea8cc2792,847,CURRENT_REPOSITORY,GitHub main snapshot f9ff4c23a47b0bf5981b9b3b93b9d964b261f2f7,01_CURRENT_REPOSITORY/evaluators/README.md,RETAINED
01_CURRENT_REPOSITORY/examples/ch86_candidate_stub.txt,1901cea177c83b21a993468989dbd392a53133e3725f9199ffd9b0d34e89229b,262,CURRENT_REPOSITORY,GitHub main snapshot f9ff4c23a47b0bf5981b9b3b93b9d964b261f2f7,01_CURRENT_REPOSITORY/examples/ch86_candidate_stub.txt,RETAINED
01_CURRENT_REPOSITORY/examples/competitions/ch86_evaluator_demo.yaml,850336cafc5f8f1787c3e28247ba5146f60dca52f1b6598da0debbcd2dbd152c,2691,CURRENT_REPOSITORY,GitHub main snapshot f9ff4c23a47b0bf5981b9b3b93b9d964b261f2f7,01_CURRENT_REPOSITORY/examples/competitions/ch86_evaluator_demo.yaml,RETAINED
01_CURRENT_REPOSITORY/examples/literary/ch86_blocked.txt,621eae4e427391b5848b5d4a992346755444d19f6fa3326ffe72553a71da3143,168,CURRENT_REPOSITORY,GitHub main snapshot f9ff4c23a47b0bf5981b9b3b93b9d964b261f2f7,01_CURRENT_REPOSITORY/examples/literary/ch86_blocked.txt,RETAINED
01_CURRENT_REPOSITORY/examples/literary/ch86_preserved.txt,89c9b6d6e0be77d7d3837f23c5713a3fb62f192bc8af5b969ae572cdf0d2275e,541,CURRENT_REPOSITORY,GitHub main snapshot f9ff4c23a47b0bf5981b9b3b93b9d964b261f2f7,01_CURRENT_REPOSITORY/examples/literary/ch86_preserved.txt,RETAINED
01_CURRENT_REPOSITORY/examples/literary/ch86_replacement_case.txt,667463d6615e1b4a6ab729ab1e9dbd5caae7a5e7cae1baaf896f28f818396e5c,266,CURRENT_REPOSITORY,GitHub main snapshot f9ff4c23a47b0bf5981b9b3b93b9d964b261f2f7,01_CURRENT_REPOSITORY/examples/literary/ch86_replacement_case.txt,RETAINED
01_CURRENT_REPOSITORY/examples/literary/poetry_lane_A.txt,34295235550e4fb2911da28dfa33ee29079e764da662c92207fa5cc06cf8c2c5,64,CURRENT_REPOSITORY,GitHub main snapshot f9ff4c23a47b0bf5981b9b3b93b9d964b261f2f7,01_CURRENT_REPOSITORY/examples/literary/poetry_lane_A.txt,RETAINED
01_CURRENT_REPOSITORY/examples/literary/poetry_lane_B.txt,45dd33ca56efa35178b7d6ea9ccd7655125ecae05bdb5897b120927c56a27061,64,CURRENT_REPOSITORY,GitHub main snapshot f9ff4c23a47b0bf5981b9b3b93b9d964b261f2f7,01_CURRENT_REPOSITORY/examples/literary/poetry_lane_B.txt,RETAINED
01_CURRENT_REPOSITORY/examples/literary/poetry_lane_C.txt,f750106c60d4f25160b6b21da8c350815dace94396e26a797ff4255c1b6ad2d0,64,CURRENT_REPOSITORY,GitHub main snapshot f9ff4c23a47b0bf5981b9b3b93b9d964b261f2f7,01_CURRENT_REPOSITORY/examples/literary/poetry_lane_C.txt,RETAINED
01_CURRENT_REPOSITORY/policy/literary_policy.yaml,4f1a5203ed7324cb3efa583763f2b29e0480c1866e7fee07d3528664410b88fb,1223,CURRENT_REPOSITORY,GitHub main snapshot f9ff4c23a47b0bf5981b9b3b93b9d964b261f2f7,01_CURRENT_REPOSITORY/policy/literary_policy.yaml,RETAINED
01_CURRENT_REPOSITORY/pyproject.toml,05b572bc7bdffbf82af611f538f076640a6345bfb292f49d97b8b92a9555f12d,555,CURRENT_REPOSITORY,GitHub main snapshot f9ff4c23a47b0bf5981b9b3b93b9d964b261f2f7,01_CURRENT_REPOSITORY/pyproject.toml,RETAINED
01_CURRENT_REPOSITORY/schemas/blind_microdraft_review.schema.json,9dd5b437d188c23d361d6683be4e3d17d7c080ec5ebb6d4613a1bcd96707f5a4,5335,CURRENT_REPOSITORY,GitHub main snapshot f9ff4c23a47b0bf5981b9b3b93b9d964b261f2f7,01_CURRENT_REPOSITORY/schemas/blind_microdraft_review.schema.json,RETAINED
01_CURRENT_REPOSITORY/schemas/blind_microdraft_review_state.schema.json,f4200f87ffb887ffa53b4a230971bbc25234725685ebe70e496c10bc27c05c6b,2652,CURRENT_REPOSITORY,GitHub main snapshot f9ff4c23a47b0bf5981b9b3b93b9d964b261f2f7,01_CURRENT_REPOSITORY/schemas/blind_microdraft_review_state.schema.json,RETAINED
01_CURRENT_REPOSITORY/schemas/character.schema.json,e1b5ee5ba07549a2523c350e738a6792e2748260dd411ca121e3dcfcb92af310,918,CURRENT_REPOSITORY,GitHub main snapshot f9ff4c23a47b0bf5981b9b3b93b9d964b261f2f7,01_CURRENT_REPOSITORY/schemas/character.schema.json,RETAINED
01_CURRENT_REPOSITORY/schemas/character_knowledge_graph.schema.json,d2af20a1e8b1382d42fd69a5dd8213d47f228f577d55b456e54556eb02ea75b5,1555,CURRENT_REPOSITORY,GitHub main snapshot f9ff4c23a47b0bf5981b9b3b93b9d964b261f2f7,01_CURRENT_REPOSITORY/schemas/character_knowledge_graph.schema.json,RETAINED
01_CURRENT_REPOSITORY/schemas/claim.schema.json,d5efc95f6d3a2c2cac3bdebf59a0031c13db4b6b28b95948903057b9c52aaf74,1455,CURRENT_REPOSITORY,GitHub main snapshot f9ff4c23a47b0bf5981b9b3b93b9d964b261f2f7,01_CURRENT_REPOSITORY/schemas/claim.schema.json,RETAINED
01_CURRENT_REPOSITORY/schemas/competition.schema.json,e668399015835e256200ac5b8718270e0d22a891abe5340d9e943333629114a9,4035,CURRENT_REPOSITORY,GitHub main snapshot f9ff4c23a47b0bf5981b9b3b93b9d964b261f2f7,01_CURRENT_REPOSITORY/schemas/competition.schema.json,RETAINED
01_CURRENT_REPOSITORY/schemas/controlled_microdraft.schema.json,19b721e60709c3e6b76a7ac5ed030155035cd6b964edcd53e0f6a81614e6e2d9,7003,CURRENT_REPOSITORY,GitHub main snapshot f9ff4c23a47b0bf5981b9b3b93b9d964b261f2f7,01_CURRENT_REPOSITORY/schemas/controlled_microdraft.schema.json,RETAINED
01_CURRENT_REPOSITORY/schemas/controlled_microdraft_state.schema.json,291ef416d8d05e1da1db84df8d8ff5b1cd4d9bb672e59e5b34d6658f2369c3e6,2650,CURRENT_REPOSITORY,GitHub main snapshot f9ff4c23a47b0bf5981b9b3b93b9d964b261f2f7,01_CURRENT_REPOSITORY/schemas/controlled_microdraft_state.schema.json,RETAINED
01_CURRENT_REPOSITORY/schemas/decision.schema.json,dc6765d8385eae9d074cfdcc5c69cd3fb0ef2546f56bdb6a1f976ccaf2e9d80e,930,CURRENT_REPOSITORY,GitHub main snapshot f9ff4c23a47b0bf5981b9b3b93b9d964b261f2f7,01_CURRENT_REPOSITORY/schemas/decision.schema.json,RETAINED
01_CURRENT_REPOSITORY/schemas/evaluator_result.schema.json,b3c1e4d28e7114bf10f2c2e89887df2d054ac2a1db2cd2d74e0802f09f900d84,371,CURRENT_REPOSITORY,GitHub main snapshot f9ff4c23a47b0bf5981b9b3b93b9d964b261f2f7,01_CURRENT_REPOSITORY/schemas/evaluator_result.schema.json,RETAINED
01_CURRENT_REPOSITORY/schemas/event.schema.json,7270333e9ba47677b870535f3ad41858d52a6a429d86067945df4cc1dc127bb1,665,CURRENT_REPOSITORY,GitHub main snapshot f9ff4c23a47b0bf5981b9b3b93b9d964b261f2f7,01_CURRENT_REPOSITORY/schemas/event.schema.json,RETAINED
01_CURRENT_REPOSITORY/schemas/evidence.schema.json,2633ab951bee4d0eec1c82f0476d506c3b4102e82e740715dbea1fdc0158162b,816,CURRENT_REPOSITORY,GitHub main snapshot f9ff4c23a47b0bf5981b9b3b93b9d964b261f2f7,01_CURRENT_REPOSITORY/schemas/evidence.schema.json,RETAINED
01_CURRENT_REPOSITORY/schemas/fidelity_audit.schema.json,d65c6fcda9af349d45bb75a9c3179f053c4bfecf7f909d64519c27d77657ec8b,2558,CURRENT_REPOSITORY,GitHub main snapshot f9ff4c23a47b0bf5981b9b3b93b9d964b261f2f7,01_CURRENT_REPOSITORY/schemas/fidelity_audit.schema.json,RETAINED
01_CURRENT_REPOSITORY/schemas/historical_mechanism.schema.json,2593bf3c20438abaaff29686342e8d1bd732b7b880eecf1f2e3826f445c6adfb,1396,CURRENT_REPOSITORY,GitHub main snapshot f9ff4c23a47b0bf5981b9b3b93b9d964b261f2f7,01_CURRENT_REPOSITORY/schemas/historical_mechanism.schema.json,RETAINED
01_CURRENT_REPOSITORY/schemas/historical_mechanism_adapter.schema.json,9107ff343964c9ba310658790875bf975d4d052bf828e47cceeca40a5418ccfd,2645,CURRENT_REPOSITORY,GitHub main snapshot f9ff4c23a47b0bf5981b9b3b93b9d964b261f2f7,01_CURRENT_REPOSITORY/schemas/historical_mechanism_adapter.schema.json,RETAINED
01_CURRENT_REPOSITORY/schemas/hypothesis.schema.json,2411038cdc0d8563db7f7357e1a30b05cf4ea23d451e8b9bd550faa4018d3114,3243,CURRENT_REPOSITORY,GitHub main snapshot f9ff4c23a47b0bf5981b9b3b93b9d964b261f2f7,01_CURRENT_REPOSITORY/schemas/hypothesis.schema.json,RETAINED
01_CURRENT_REPOSITORY/schemas/hypothesis_compatibility.schema.json,ce0e161217cd7d875b3d4b5a0d7ff9fa4ee53511b6906ff071330efb93d26f23,1026,CURRENT_REPOSITORY,GitHub main snapshot f9ff4c23a47b0bf5981b9b3b93b9d964b261f2f7,01_CURRENT_REPOSITORY/schemas/hypothesis_compatibility.schema.json,RETAINED
01_CURRENT_REPOSITORY/schemas/hypothesis_runtime_state.schema.json,c97938617ffb511ac003dba0db57517e1c7102edd8b13e84badd12d54160e1d3,2164,CURRENT_REPOSITORY,GitHub main snapshot f9ff4c23a47b0bf5981b9b3b93b9d964b261f2f7,01_CURRENT_REPOSITORY/schemas/hypothesis_runtime_state.schema.json,RETAINED
01_CURRENT_REPOSITORY/schemas/hypothesis_source_backfill.schema.json,849813ff850afbaf6d4313a2cf7a50d848c7df64249c7eb09d31c18b594a6391,1657,CURRENT_REPOSITORY,GitHub main snapshot f9ff4c23a47b0bf5981b9b3b93b9d964b261f2f7,01_CURRENT_REPOSITORY/schemas/hypothesis_source_backfill.schema.json,RETAINED
01_CURRENT_REPOSITORY/schemas/implementation.schema.json,32074833bb52cc35804a4fa322be56ea689a349971b026bff09376c99c20c4b7,977,CURRENT_REPOSITORY,GitHub main snapshot f9ff4c23a47b0bf5981b9b3b93b9d964b261f2f7,01_CURRENT_REPOSITORY/schemas/implementation.schema.json,RETAINED
01_CURRENT_REPOSITORY/schemas/implementation_alignment.schema.json,4600307dbc6136b41838bd24c552842a4c5d138ccd787bf8e9ee78af2cc871ca,4042,CURRENT_REPOSITORY,GitHub main snapshot f9ff4c23a47b0bf5981b9b3b93b9d964b261f2f7,01_CURRENT_REPOSITORY/schemas/implementation_alignment.schema.json,RETAINED
01_CURRENT_REPOSITORY/schemas/literal_constraint.schema.json,6c0b8b24354cbe24a2834da43e502623efc74091add0002867808331f72b5cdd,1161,CURRENT_REPOSITORY,GitHub main snapshot f9ff4c23a47b0bf5981b9b3b93b9d964b261f2f7,01_CURRENT_REPOSITORY/schemas/literal_constraint.schema.json,RETAINED
01_CURRENT_REPOSITORY/schemas/literary_ecology.schema.json,1152bcb6726066782e4043038a27b072fab5ffbe026e4b5788c2554c695b8835,3114,CURRENT_REPOSITORY,GitHub main snapshot f9ff4c23a47b0bf5981b9b3b93b9d964b261f2f7,01_CURRENT_REPOSITORY/schemas/literary_ecology.schema.json,RETAINED
01_CURRENT_REPOSITORY/schemas/literary_evaluation_profile.schema.json,564d53ce54850375b9f4f96fae7551e332c5725317a650294e189e8c47f54179,2023,CURRENT_REPOSITORY,GitHub main snapshot f9ff4c23a47b0bf5981b9b3b93b9d964b261f2f7,01_CURRENT_REPOSITORY/schemas/literary_evaluation_profile.schema.json,RETAINED
01_CURRENT_REPOSITORY/schemas/literary_evaluator_suite.schema.json,9d00f04ce420500bb4bce7d4ef64430e47bc6b2f4f5613dfd09e267d38d54c84,1891,CURRENT_REPOSITORY,GitHub main snapshot f9ff4c23a47b0bf5981b9b3b93b9d964b261f2f7,01_CURRENT_REPOSITORY/schemas/literary_evaluator_suite.schema.json,RETAINED
01_CURRENT_REPOSITORY/schemas/literary_resume_state.schema.json,edd5a167bd241b1a465251d9461e28047915e01171a292514c5bce5fde28ae3a,2279,CURRENT_REPOSITORY,GitHub main snapshot f9ff4c23a47b0bf5981b9b3b93b9d964b261f2f7,01_CURRENT_REPOSITORY/schemas/literary_resume_state.schema.json,RETAINED
01_CURRENT_REPOSITORY/schemas/migration_registry.schema.json,aeea65eabfad4f7c95745fbac125cf1f53646fc5e9598312c636985adee5637a,1727,CURRENT_REPOSITORY,GitHub main snapshot f9ff4c23a47b0bf5981b9b3b93b9d964b261f2f7,01_CURRENT_REPOSITORY/schemas/migration_registry.schema.json,RETAINED
01_CURRENT_REPOSITORY/schemas/migration_registry_extension.schema.json,acad092716aec3fbc0ba5ab3fcfbb3a61a36432f85cf9d7f4713d8e7db9cb3df,738,CURRENT_REPOSITORY,GitHub main snapshot f9ff4c23a47b0bf5981b9b3b93b9d964b261f2f7,01_CURRENT_REPOSITORY/schemas/migration_registry_extension.schema.json,RETAINED
01_CURRENT_REPOSITORY/schemas/migration_registry_extension_m3.schema.json,cc5a20b39e243a215c99d43f7f99172ab755bb69e9a0102a182fa898d68f713d,705,CURRENT_REPOSITORY,GitHub main snapshot f9ff4c23a47b0bf5981b9b3b93b9d964b261f2f7,01_CURRENT_REPOSITORY/schemas/migration_registry_extension_m3.schema.json,RETAINED
01_CURRENT_REPOSITORY/schemas/migration_registry_extension_m4.schema.json,2cdce2dba060318b46806a8e23afd0104d7abf8771b5975adcd5c9e6b588bece,1152,CURRENT_REPOSITORY,GitHub main snapshot f9ff4c23a47b0bf5981b9b3b93b9d964b261f2f7,01_CURRENT_REPOSITORY/schemas/migration_registry_extension_m4.schema.json,RETAINED
01_CURRENT_REPOSITORY/schemas/migration_registry_extension_m5.schema.json,e2b17fde2649e584ade7cd15705505cd23ba726e0148040e5eaef2cb21eee159,1415,CURRENT_REPOSITORY,GitHub main snapshot f9ff4c23a47b0bf5981b9b3b93b9d964b261f2f7,01_CURRENT_REPOSITORY/schemas/migration_registry_extension_m5.schema.json,RETAINED
01_CURRENT_REPOSITORY/schemas/migration_registry_extension_m6.schema.json,38b8267f8f6a64176ee4c8a0222d4e61afd95606ddc039a36621133d124776c9,1534,CURRENT_REPOSITORY,GitHub main snapshot f9ff4c23a47b0bf5981b9b3b93b9d964b261f2f7,01_CURRENT_REPOSITORY/schemas/migration_registry_extension_m6.schema.json,RETAINED
01_CURRENT_REPOSITORY/schemas/migration_registry_extension_m7.schema.json,35e52a720079ee45f19f9aa6f3a8c6aab1fb832efdf901cc622a29e5c0df1c03,1761,CURRENT_REPOSITORY,GitHub main snapshot f9ff4c23a47b0bf5981b9b3b93b9d964b261f2f7,01_CURRENT_REPOSITORY/schemas/migration_registry_extension_m7.schema.json,RETAINED
01_CURRENT_REPOSITORY/schemas/migration_registry_extension_m8.schema.json,58cef835c3417aeffb6193da274718fee29839f47363da942f7fc781421389af,2452,CURRENT_REPOSITORY,GitHub main snapshot f9ff4c23a47b0bf5981b9b3b93b9d964b261f2f7,01_CURRENT_REPOSITORY/schemas/migration_registry_extension_m8.schema.json,RETAINED
01_CURRENT_REPOSITORY/schemas/narrative_discourse.schema.json,9e5dcf59ccdf15ad754a03c6b88403448ed6d26796ae5164062e27ad368edac6,7514,CURRENT_REPOSITORY,GitHub main snapshot f9ff4c23a47b0bf5981b9b3b93b9d964b261f2f7,01_CURRENT_REPOSITORY/schemas/narrative_discourse.schema.json,RETAINED
01_CURRENT_REPOSITORY/schemas/narrative_discourse_state.schema.json,8ee6b7956ad53c82125fbae025837259706eda62c99c8bd28243abb774f6d9db,2648,CURRENT_REPOSITORY,GitHub main snapshot f9ff4c23a47b0bf5981b9b3b93b9d964b261f2f7,01_CURRENT_REPOSITORY/schemas/narrative_discourse_state.schema.json,RETAINED
01_CURRENT_REPOSITORY/schemas/negative_archive_m7.schema.json,2ab1e18c5d475c6074bd2bb09085419b244ac2c04f15c02334e5ec71284bf4ea,733,CURRENT_REPOSITORY,GitHub main snapshot f9ff4c23a47b0bf5981b9b3b93b9d964b261f2f7,01_CURRENT_REPOSITORY/schemas/negative_archive_m7.schema.json,RETAINED
01_CURRENT_REPOSITORY/schemas/object.schema.json,14b31ac53dbffa18702855c022f094111d8d736a3bc833b7892f9872715befba,707,CURRENT_REPOSITORY,GitHub main snapshot f9ff4c23a47b0bf5981b9b3b93b9d964b261f2f7,01_CURRENT_REPOSITORY/schemas/object.schema.json,RETAINED
01_CURRENT_REPOSITORY/schemas/object_network.schema.json,030ceab94a6f5b840554c5dbfcdd177fbecf4502f878b595f70f938eefb8a43e,4362,CURRENT_REPOSITORY,GitHub main snapshot f9ff4c23a47b0bf5981b9b3b93b9d964b261f2f7,01_CURRENT_REPOSITORY/schemas/object_network.schema.json,RETAINED
01_CURRENT_REPOSITORY/schemas/open_interface.schema.json,56802551d3cc4db70d205a1e4ca8cbe7d31c0a5d779f18747fd6f3fc97b87a68,2473,CURRENT_REPOSITORY,GitHub main snapshot f9ff4c23a47b0bf5981b9b3b93b9d964b261f2f7,01_CURRENT_REPOSITORY/schemas/open_interface.schema.json,RETAINED
01_CURRENT_REPOSITORY/schemas/pareto_evaluation.schema.json,400219dea5d6d105c17f664b4d1717855adc8519f83a486b66d6d0dd1e891600,3902,CURRENT_REPOSITORY,GitHub main snapshot f9ff4c23a47b0bf5981b9b3b93b9d964b261f2f7,01_CURRENT_REPOSITORY/schemas/pareto_evaluation.schema.json,RETAINED
01_CURRENT_REPOSITORY/schemas/pareto_evaluation_state.schema.json,00fff4ea606cfc5a7cc9216579955ba2e4202a9ee52199f9435cefe6369ea08d,2633,CURRENT_REPOSITORY,GitHub main snapshot f9ff4c23a47b0bf5981b9b3b93b9d964b261f2f7,01_CURRENT_REPOSITORY/schemas/pareto_evaluation_state.schema.json,RETAINED
01_CURRENT_REPOSITORY/schemas/plock.schema.json,541e044466946124fcb3fbf31b4ba980ca3cc520b3b7a311427fcf647f84d418,3010,CURRENT_REPOSITORY,GitHub main snapshot f9ff4c23a47b0bf5981b9b3b93b9d964b261f2f7,01_CURRENT_REPOSITORY/schemas/plock.schema.json,RETAINED
01_CURRENT_REPOSITORY/schemas/project_state_m7.schema.json,16b69feeaf6b687b9c65e8b501463071d442b40909f5fd2d30d38a0194de5957,1538,CURRENT_REPOSITORY,GitHub main snapshot f9ff4c23a47b0bf5981b9b3b93b9d964b261f2f7,01_CURRENT_REPOSITORY/schemas/project_state_m7.schema.json,RETAINED
01_CURRENT_REPOSITORY/schemas/project_state_m8.schema.json,f9ec36ae13e9f6a234baa6c39d9f6e08ae8a007950061d27d3ac49c189394d5c,1980,CURRENT_REPOSITORY,GitHub main snapshot f9ff4c23a47b0bf5981b9b3b93b9d964b261f2f7,01_CURRENT_REPOSITORY/schemas/project_state_m8.schema.json,RETAINED
01_CURRENT_REPOSITORY/schemas/promotion.schema.json,7f26e6a18e4ab9b3754019f813574be533916e2891164f99725ade57836c28cb,1341,CURRENT_REPOSITORY,GitHub main snapshot f9ff4c23a47b0bf5981b9b3b93b9d964b261f2f7,01_CURRENT_REPOSITORY/schemas/promotion.schema.json,RETAINED
01_CURRENT_REPOSITORY/schemas/reconstruction.schema.json,82462c4567ecd3aea532a688637e7022ba2f7dfa5693e66940b276b58fecc83d,2312,CURRENT_REPOSITORY,GitHub main snapshot f9ff4c23a47b0bf5981b9b3b93b9d964b261f2f7,01_CURRENT_REPOSITORY/schemas/reconstruction.schema.json,RETAINED
01_CURRENT_REPOSITORY/schemas/regression_manifest.schema.json,6bfe83f9cf51346f6c04154dea08b67ff13327161dcd9d0a7f28ec272f1a0d47,2536,CURRENT_REPOSITORY,GitHub main snapshot f9ff4c23a47b0bf5981b9b3b93b9d964b261f2f7,01_CURRENT_REPOSITORY/schemas/regression_manifest.schema.json,RETAINED
01_CURRENT_REPOSITORY/schemas/repository_governance.schema.json,f778ff5bd55793dae15de7ee9f18c3b1d0e725e5229ad221b84d2042df1de3d6,2170,CURRENT_REPOSITORY,GitHub main snapshot f9ff4c23a47b0bf5981b9b3b93b9d964b261f2f7,01_CURRENT_REPOSITORY/schemas/repository_governance.schema.json,RETAINED
01_CURRENT_REPOSITORY/schemas/revision_ablation.schema.json,c2e6e7e7192d10fbb0adbdbb8f142456b674a61eb44803747ccee32cab84763e,3006,CURRENT_REPOSITORY,GitHub main snapshot f9ff4c23a47b0bf5981b9b3b93b9d964b261f2f7,01_CURRENT_REPOSITORY/schemas/revision_ablation.schema.json,RETAINED
01_CURRENT_REPOSITORY/schemas/revision_ablation_state.schema.json,90a71ab38983c05608c015f204d5d9114d1c73dec81d2b36b0d7fa32d4284157,2537,CURRENT_REPOSITORY,GitHub main snapshot f9ff4c23a47b0bf5981b9b3b93b9d964b261f2f7,01_CURRENT_REPOSITORY/schemas/revision_ablation_state.schema.json,RETAINED
01_CURRENT_REPOSITORY/schemas/scenario_bundle.schema.json,c9e99f4a10257a8923a7d56f13d7c49c119b53fb15f68fc04a296a29ffc74219,3935,CURRENT_REPOSITORY,GitHub main snapshot f9ff4c23a47b0bf5981b9b3b93b9d964b261f2f7,01_CURRENT_REPOSITORY/schemas/scenario_bundle.schema.json,RETAINED
01_CURRENT_REPOSITORY/schemas/scenario_literary_stress.schema.json,5db2bf780ec22ab544d5cc137222f1b51768645d25470896c036261edc2d4f61,5163,CURRENT_REPOSITORY,GitHub main snapshot f9ff4c23a47b0bf5981b9b3b93b9d964b261f2f7,01_CURRENT_REPOSITORY/schemas/scenario_literary_stress.schema.json,RETAINED
01_CURRENT_REPOSITORY/schemas/scenario_literary_stress_state.schema.json,53588562a9ac37e0c94d2f2e703c043a75dd36ff3264f217afbc242172ea879e,2667,CURRENT_REPOSITORY,GitHub main snapshot f9ff4c23a47b0bf5981b9b3b93b9d964b261f2f7,01_CURRENT_REPOSITORY/schemas/scenario_literary_stress_state.schema.json,RETAINED
01_CURRENT_REPOSITORY/schemas/scenario_replay.schema.json,657303446f9c8f933f5ad491f0fdc9e45a8ad3a462c8c2d9a34fb1e9ea22aac7,2621,CURRENT_REPOSITORY,GitHub main snapshot f9ff4c23a47b0bf5981b9b3b93b9d964b261f2f7,01_CURRENT_REPOSITORY/schemas/scenario_replay.schema.json,RETAINED
01_CURRENT_REPOSITORY/schemas/scenario_replay_state.schema.json,5b0bfc4e7e477f88b09aa035a40d3d5ae38939e9478deeed9c7918c3b73bef27,2723,CURRENT_REPOSITORY,GitHub main snapshot f9ff4c23a47b0bf5981b9b3b93b9d964b261f2f7,01_CURRENT_REPOSITORY/schemas/scenario_replay_state.schema.json,RETAINED
01_CURRENT_REPOSITORY/schemas/scene_contract.schema.json,c6196474cb9ce53cc9f678dc2b2ee78f6770eb4da988c87cd39a8b2c0867dcb7,3191,CURRENT_REPOSITORY,GitHub main snapshot f9ff4c23a47b0bf5981b9b3b93b9d964b261f2f7,01_CURRENT_REPOSITORY/schemas/scene_contract.schema.json,RETAINED
01_CURRENT_REPOSITORY/schemas/source.schema.json,99043082a8a3c496c3da3f37de1dc55bb4639dce86cb6a5f3cbb23f574ac6197,1759,CURRENT_REPOSITORY,GitHub main snapshot f9ff4c23a47b0bf5981b9b3b93b9d964b261f2f7,01_CURRENT_REPOSITORY/schemas/source.schema.json,RETAINED
01_CURRENT_REPOSITORY/schemas/title_axis.schema.json,253c99b46dd91a5430893aed12ea36bdf40522d51044d442a3f5111d61b36db8,937,CURRENT_REPOSITORY,GitHub main snapshot f9ff4c23a47b0bf5981b9b3b93b9d964b261f2f7,01_CURRENT_REPOSITORY/schemas/title_axis.schema.json,RETAINED
01_CURRENT_REPOSITORY/schemas/v5_prewrite.schema.json,8519f2842dc5c3c3a297c18287d4a95ff06262309f63dbc49c69f3390e8c2cde,2887,CURRENT_REPOSITORY,GitHub main snapshot f9ff4c23a47b0bf5981b9b3b93b9d964b261f2f7,01_CURRENT_REPOSITORY/schemas/v5_prewrite.schema.json,RETAINED
01_CURRENT_REPOSITORY/schemas/world_runtime.schema.json,9100a0e935cb21fe1e530a5aeda13b071e8b66d8afa1e0b6696b2c18c3c15500,2208,CURRENT_REPOSITORY,GitHub main snapshot f9ff4c23a47b0bf5981b9b3b93b9d964b261f2f7,01_CURRENT_REPOSITORY/schemas/world_runtime.schema.json,RETAINED
01_CURRENT_REPOSITORY/src/rcwh/__init__.py,91447944015cec709e8aa7655f7e9d64e1e4508e7023a57fe3746911c0fc6fed,22,CURRENT_REPOSITORY,GitHub main snapshot f9ff4c23a47b0bf5981b9b3b93b9d964b261f2f7,01_CURRENT_REPOSITORY/src/rcwh/__init__.py,RETAINED
01_CURRENT_REPOSITORY/src/rcwh/blind_microdraft_review.py,7b54608be8874c3a36403152fe22a66d4baed7824a43da1ec31437df051d17ad,5285,CURRENT_REPOSITORY,GitHub main snapshot f9ff4c23a47b0bf5981b9b3b93b9d964b261f2f7,01_CURRENT_REPOSITORY/src/rcwh/blind_microdraft_review.py,RETAINED
01_CURRENT_REPOSITORY/src/rcwh/cli.py,3b5fbfa9b7f7e4386e5da97058a7a2d605d18ed467dbb3db67e69bef340be1ae,56134,CURRENT_REPOSITORY,GitHub main snapshot f9ff4c23a47b0bf5981b9b3b93b9d964b261f2f7,01_CURRENT_REPOSITORY/src/rcwh/cli.py,RETAINED
01_CURRENT_REPOSITORY/src/rcwh/competition.py,fb1641e3d0788973ceb6cae90b4e186b363ad6792b1830e7355b7813d45d09d7,12946,CURRENT_REPOSITORY,GitHub main snapshot f9ff4c23a47b0bf5981b9b3b93b9d964b261f2f7,01_CURRENT_REPOSITORY/src/rcwh/competition.py,RETAINED
01_CURRENT_REPOSITORY/src/rcwh/completion.py,935dcde3469a7088b6e16050c094a66449d69c9dea0875e1e83b23b7fa2aae7d,13057,CURRENT_REPOSITORY,GitHub main snapshot f9ff4c23a47b0bf5981b9b3b93b9d964b261f2f7,01_CURRENT_REPOSITORY/src/rcwh/completion.py,RETAINED
01_CURRENT_REPOSITORY/src/rcwh/coverage.py,5a41a825978c303aab07e812e38fd8bc22659f0d14bf27a44473471348e60fa0,20182,CURRENT_REPOSITORY,GitHub main snapshot f9ff4c23a47b0bf5981b9b3b93b9d964b261f2f7,01_CURRENT_REPOSITORY/src/rcwh/coverage.py,RETAINED
01_CURRENT_REPOSITORY/src/rcwh/evaluate.py,f3e4bacb35c49574b6f981e12e9f729d59b2efbee9131900eb0996c5ea454dc7,3614,CURRENT_REPOSITORY,GitHub main snapshot f9ff4c23a47b0bf5981b9b3b93b9d964b261f2f7,01_CURRENT_REPOSITORY/src/rcwh/evaluate.py,RETAINED
01_CURRENT_REPOSITORY/src/rcwh/graph.py,0f807940fd05246b5507da278958bac8f4214a8a01dd67384b05fc2095251814,18634,CURRENT_REPOSITORY,GitHub main snapshot f9ff4c23a47b0bf5981b9b3b93b9d964b261f2f7,01_CURRENT_REPOSITORY/src/rcwh/graph.py,RETAINED
01_CURRENT_REPOSITORY/src/rcwh/history.py,2fc79c5b17ed6c120fef8b3bfd1cc294b2b65b1f2645699d9710318f32a302ea,6434,CURRENT_REPOSITORY,GitHub main snapshot f9ff4c23a47b0bf5981b9b3b93b9d964b261f2f7,01_CURRENT_REPOSITORY/src/rcwh/history.py,RETAINED
01_CURRENT_REPOSITORY/src/rcwh/hypotheses.py,5c591411a6bfd77c5b161077dce2f1d58337111592a7acc38108ca9417d01496,6460,CURRENT_REPOSITORY,GitHub main snapshot f9ff4c23a47b0bf5981b9b3b93b9d964b261f2f7,01_CURRENT_REPOSITORY/src/rcwh/hypotheses.py,RETAINED
01_CURRENT_REPOSITORY/src/rcwh/implementation_alignment.py,132989b6cdce04748a70e59182a518dc2d970719033a67f3f2ea180c8eaa40f2,16183,CURRENT_REPOSITORY,GitHub main snapshot f9ff4c23a47b0bf5981b9b3b93b9d964b261f2f7,01_CURRENT_REPOSITORY/src/rcwh/implementation_alignment.py,RETAINED
01_CURRENT_REPOSITORY/src/rcwh/io.py,f8fba4dc3fc42ccff08db62d5986221cac221bf4a08f24a4e1999ff80ffb5c38,430,CURRENT_REPOSITORY,GitHub main snapshot f9ff4c23a47b0bf5981b9b3b93b9d964b261f2f7,01_CURRENT_REPOSITORY/src/rcwh/io.py,RETAINED
01_CURRENT_REPOSITORY/src/rcwh/knowledge.py,5aaf45c3edef5992f633a5ce8aedd35335f0f7e335cf52a135211388badda984,11533,CURRENT_REPOSITORY,GitHub main snapshot f9ff4c23a47b0bf5981b9b3b93b9d964b261f2f7,01_CURRENT_REPOSITORY/src/rcwh/knowledge.py,RETAINED
01_CURRENT_REPOSITORY/src/rcwh/literals.py,4dc8044e60d892bb784ef50ac1e21d98bfe0ee76446ab483d6236e3907fff939,6586,CURRENT_REPOSITORY,GitHub main snapshot f9ff4c23a47b0bf5981b9b3b93b9d964b261f2f7,01_CURRENT_REPOSITORY/src/rcwh/literals.py,RETAINED
01_CURRENT_REPOSITORY/src/rcwh/literary_ecology.py,17832f7543b4c096bc757de0ea4aaab168203d034aa10aeaf3fd16ad87dfc8ec,15961,CURRENT_REPOSITORY,GitHub main snapshot f9ff4c23a47b0bf5981b9b3b93b9d964b261f2f7,01_CURRENT_REPOSITORY/src/rcwh/literary_ecology.py,RETAINED
01_CURRENT_REPOSITORY/src/rcwh/literary_eval.py,1cfd03e16fc3d49858ad95870cd891348e4acf2717d4f7b5ba35d1ffdcaa063d,10361,CURRENT_REPOSITORY,GitHub main snapshot f9ff4c23a47b0bf5981b9b3b93b9d964b261f2f7,01_CURRENT_REPOSITORY/src/rcwh/literary_eval.py,RETAINED
01_CURRENT_REPOSITORY/src/rcwh/literary_production.py,2d37453887d975dbf14f5fc9a2d85dddeaf9b6c694806e5756d99c0e5ac1334b,9234,CURRENT_REPOSITORY,GitHub main snapshot f9ff4c23a47b0bf5981b9b3b93b9d964b261f2f7,01_CURRENT_REPOSITORY/src/rcwh/literary_production.py,RETAINED
01_CURRENT_REPOSITORY/src/rcwh/literary_stress.py,d5e067ab9fdaad61e3ae8b407093f0e4c833828a8714a80c0433446ba118d173,12174,CURRENT_REPOSITORY,GitHub main snapshot f9ff4c23a47b0bf5981b9b3b93b9d964b261f2f7,01_CURRENT_REPOSITORY/src/rcwh/literary_stress.py,RETAINED
01_CURRENT_REPOSITORY/src/rcwh/literary_suite.py,84cc02e5221f496e7d095f524d4031d028efaf0c1046dc0dda5419689f9aa8dc,19171,CURRENT_REPOSITORY,GitHub main snapshot f9ff4c23a47b0bf5981b9b3b93b9d964b261f2f7,01_CURRENT_REPOSITORY/src/rcwh/literary_suite.py,RETAINED
01_CURRENT_REPOSITORY/src/rcwh/mechanism_adapters.py,f7454b7197ad9376302b53a318bafe3cee773de2d5e64d9caa4a46a22584927c,10623,CURRENT_REPOSITORY,GitHub main snapshot f9ff4c23a47b0bf5981b9b3b93b9d964b261f2f7,01_CURRENT_REPOSITORY/src/rcwh/mechanism_adapters.py,RETAINED
01_CURRENT_REPOSITORY/src/rcwh/microdraft.py,69a2a5529247bd8c2f147c326b30696cd22a476f32d1c8567beacbcf26301834,7403,CURRENT_REPOSITORY,GitHub main snapshot f9ff4c23a47b0bf5981b9b3b93b9d964b261f2f7,01_CURRENT_REPOSITORY/src/rcwh/microdraft.py,RETAINED
01_CURRENT_REPOSITORY/src/rcwh/narrative_discourse.py,24ee01044172856dd4cdd39303bb0d06540ef8bb0631096a409c5e137be3dbce,14162,CURRENT_REPOSITORY,GitHub main snapshot f9ff4c23a47b0bf5981b9b3b93b9d964b261f2f7,01_CURRENT_REPOSITORY/src/rcwh/narrative_discourse.py,RETAINED
01_CURRENT_REPOSITORY/src/rcwh/object_network.py,583c4056e8cc752354237ae79979a2309965aab901b3d11926daee7b2874614a,14992,CURRENT_REPOSITORY,GitHub main snapshot f9ff4c23a47b0bf5981b9b3b93b9d964b261f2f7,01_CURRENT_REPOSITORY/src/rcwh/object_network.py,RETAINED
01_CURRENT_REPOSITORY/src/rcwh/open_interfaces.py,06d936a832786171e066980d27fcf6fe58e2fde2561d87d33eea649aaad4a24d,7591,CURRENT_REPOSITORY,GitHub main snapshot f9ff4c23a47b0bf5981b9b3b93b9d964b261f2f7,01_CURRENT_REPOSITORY/src/rcwh/open_interfaces.py,RETAINED
01_CURRENT_REPOSITORY/src/rcwh/pareto.py,e08f542ef37e6a654dcc3950686df9b16f9edc22ab1c92d463cc8e6cf2d275ae,15008,CURRENT_REPOSITORY,GitHub main snapshot f9ff4c23a47b0bf5981b9b3b93b9d964b261f2f7,01_CURRENT_REPOSITORY/src/rcwh/pareto.py,RETAINED
01_CURRENT_REPOSITORY/src/rcwh/plocks.py,22c1a49c05b44af9d898b15bfc2d1122ce7a46751108354c3061564e024a36b4,5336,CURRENT_REPOSITORY,GitHub main snapshot f9ff4c23a47b0bf5981b9b3b93b9d964b261f2f7,01_CURRENT_REPOSITORY/src/rcwh/plocks.py,RETAINED
01_CURRENT_REPOSITORY/src/rcwh/prewrite.py,db85c096fcf11faab822c4b3ef3d4438b97edf410ac858e8dab27e441b5f712a,22046,CURRENT_REPOSITORY,GitHub main snapshot f9ff4c23a47b0bf5981b9b3b93b9d964b261f2f7,01_CURRENT_REPOSITORY/src/rcwh/prewrite.py,RETAINED
01_CURRENT_REPOSITORY/src/rcwh/promotion.py,037f75cedb5e2219a360732664c4493a922c1f998a600df51c54e32ec03ed431,7483,CURRENT_REPOSITORY,GitHub main snapshot f9ff4c23a47b0bf5981b9b3b93b9d964b261f2f7,01_CURRENT_REPOSITORY/src/rcwh/promotion.py,RETAINED
01_CURRENT_REPOSITORY/src/rcwh/reconstruction.py,75befbb5e4fb5b73f6874177e05c4e9b9e29575e697afb4007807400e5a283c5,10006,CURRENT_REPOSITORY,GitHub main snapshot f9ff4c23a47b0bf5981b9b3b93b9d964b261f2f7,01_CURRENT_REPOSITORY/src/rcwh/reconstruction.py,RETAINED
01_CURRENT_REPOSITORY/src/rcwh/registry.py,80a50dcf73a1d6d85cd215e797fb0277c9e9da938afbcefaa758064d171e9241,14239,CURRENT_REPOSITORY,GitHub main snapshot f9ff4c23a47b0bf5981b9b3b93b9d964b261f2f7,01_CURRENT_REPOSITORY/src/rcwh/registry.py,RETAINED
01_CURRENT_REPOSITORY/src/rcwh/regression.py,56d61617ddc9ec3e8c82c0804a39006dbacedb90d821ddef7217732107a77805,10910,CURRENT_REPOSITORY,GitHub main snapshot f9ff4c23a47b0bf5981b9b3b93b9d964b261f2f7,01_CURRENT_REPOSITORY/src/rcwh/regression.py,RETAINED
01_CURRENT_REPOSITORY/src/rcwh/revision_ablation.py,aae654f145bac238ec2e0fb6f029ba9ce1a0d4bf948525075e11e1c66ef91787,7365,CURRENT_REPOSITORY,GitHub main snapshot f9ff4c23a47b0bf5981b9b3b93b9d964b261f2f7,01_CURRENT_REPOSITORY/src/rcwh/revision_ablation.py,RETAINED
01_CURRENT_REPOSITORY/src/rcwh/runtime.py,2fb9789a0f8e37be4afa0d6208cf9c475b93fe6390f2ac11cb98776b942917c8,3615,CURRENT_REPOSITORY,GitHub main snapshot f9ff4c23a47b0bf5981b9b3b93b9d964b261f2f7,01_CURRENT_REPOSITORY/src/rcwh/runtime.py,RETAINED
01_CURRENT_REPOSITORY/src/rcwh/scenario_replay.py,9e3f0af02a22be68e3a996a4e18eaeafcbc1f3dada4ba2b2a19ecf05ba3080c0,20973,CURRENT_REPOSITORY,GitHub main snapshot f9ff4c23a47b0bf5981b9b3b93b9d964b261f2f7,01_CURRENT_REPOSITORY/src/rcwh/scenario_replay.py,RETAINED
01_CURRENT_REPOSITORY/src/rcwh/scenarios.py,06474a12405998af927c7ad9d1b9e2860f860206b5314cae0c696dac87465280,7624,CURRENT_REPOSITORY,GitHub main snapshot f9ff4c23a47b0bf5981b9b3b93b9d964b261f2f7,01_CURRENT_REPOSITORY/src/rcwh/scenarios.py,RETAINED
01_CURRENT_REPOSITORY/src/rcwh/schema.py,1a9c1fd0b246157f08bf700f92c52767749acf8ba9ab855317cbe26e8c8ba628,882,CURRENT_REPOSITORY,GitHub main snapshot f9ff4c23a47b0bf5981b9b3b93b9d964b261f2f7,01_CURRENT_REPOSITORY/src/rcwh/schema.py,RETAINED
01_CURRENT_REPOSITORY/src/rcwh/trace.py,e4fd77bedd91a51f70c65f124dfb48e25a862ba63570ac18f04f15112bb6208c,6488,CURRENT_REPOSITORY,GitHub main snapshot f9ff4c23a47b0bf5981b9b3b93b9d964b261f2f7,01_CURRENT_REPOSITORY/src/rcwh/trace.py,RETAINED
01_CURRENT_REPOSITORY/src/rcwh/validate.py,5db36b72f2a0610946613b7853599c78488c0e41631fb89bde5fc83815e89b55,28127,CURRENT_REPOSITORY,GitHub main snapshot f9ff4c23a47b0bf5981b9b3b93b9d964b261f2f7,01_CURRENT_REPOSITORY/src/rcwh/validate.py,RETAINED
01_CURRENT_REPOSITORY/src/rcwh/world.py,a46a35a664894ef606d69ab51ea691ffc08725419d7baee7a31a72f3a2bd5535,12870,CURRENT_REPOSITORY,GitHub main snapshot f9ff4c23a47b0bf5981b9b3b93b9d964b261f2f7,01_CURRENT_REPOSITORY/src/rcwh/world.py,RETAINED
01_CURRENT_REPOSITORY/tests/test_blind_microdraft_review.py,6c89e97f011c57b8372b67d6e2965780b65ec500f1c5dda97ce908473e6b653c,3408,CURRENT_REPOSITORY,GitHub main snapshot f9ff4c23a47b0bf5981b9b3b93b9d964b261f2f7,01_CURRENT_REPOSITORY/tests/test_blind_microdraft_review.py,RETAINED
01_CURRENT_REPOSITORY/tests/test_character_knowledge.py,502645b59d74671b1d6d986c23f21e4e479433da1075e838e0c40119b16e709f,5620,CURRENT_REPOSITORY,GitHub main snapshot f9ff4c23a47b0bf5981b9b3b93b9d964b261f2f7,01_CURRENT_REPOSITORY/tests/test_character_knowledge.py,RETAINED
01_CURRENT_REPOSITORY/tests/test_competition.py,4d8534e86c802f3b215177058f01aaec0d047a0c5a406ad604efbf547b5ef829,7273,CURRENT_REPOSITORY,GitHub main snapshot f9ff4c23a47b0bf5981b9b3b93b9d964b261f2f7,01_CURRENT_REPOSITORY/tests/test_competition.py,RETAINED
01_CURRENT_REPOSITORY/tests/test_completion.py,50258d0667731e9061e57713eeaf7ea9e5fe5732f02bc864508e62c018122a31,5891,CURRENT_REPOSITORY,GitHub main snapshot f9ff4c23a47b0bf5981b9b3b93b9d964b261f2f7,01_CURRENT_REPOSITORY/tests/test_completion.py,RETAINED
01_CURRENT_REPOSITORY/tests/test_coverage.py,9f685451ea2027ce150a009b957d11dbb502570d5658fab52677e4395374767a,6903,CURRENT_REPOSITORY,GitHub main snapshot f9ff4c23a47b0bf5981b9b3b93b9d964b261f2f7,01_CURRENT_REPOSITORY/tests/test_coverage.py,RETAINED
01_CURRENT_REPOSITORY/tests/test_evaluate.py,0480b7ffb222fa5aa9c20c884449a2511734089436dab4ac14a41e31d2ba604d,791,CURRENT_REPOSITORY,GitHub main snapshot f9ff4c23a47b0bf5981b9b3b93b9d964b261f2f7,01_CURRENT_REPOSITORY/tests/test_evaluate.py,RETAINED
01_CURRENT_REPOSITORY/tests/test_full_migration_freeze.py,46d67cbf6cd7e89049bd8a9b7fe0a564dc5ccf98ba06278fbb7fec012aa7da9b,2342,CURRENT_REPOSITORY,GitHub main snapshot f9ff4c23a47b0bf5981b9b3b93b9d964b261f2f7,01_CURRENT_REPOSITORY/tests/test_full_migration_freeze.py,RETAINED
01_CURRENT_REPOSITORY/tests/test_historical_adapters.py,0cfe68d75b353d1b171da93012df1c6bb017e124f3f3d24654ce0edcef58a8c4,5363,CURRENT_REPOSITORY,GitHub main snapshot f9ff4c23a47b0bf5981b9b3b93b9d964b261f2f7,01_CURRENT_REPOSITORY/tests/test_historical_adapters.py,RETAINED
01_CURRENT_REPOSITORY/tests/test_historical_mechanisms.py,b79a44073f9cf5f05dad6c4edc2698125eda7318b9eaffaded1a29372e1e5614,3583,CURRENT_REPOSITORY,GitHub main snapshot f9ff4c23a47b0bf5981b9b3b93b9d964b261f2f7,01_CURRENT_REPOSITORY/tests/test_historical_mechanisms.py,RETAINED
01_CURRENT_REPOSITORY/tests/test_hypothesis_runtime.py,f17ca53a419459893b1c15cbf6d2b7b1803a6fb196ef55173c4b6ec9c26868ae,5128,CURRENT_REPOSITORY,GitHub main snapshot f9ff4c23a47b0bf5981b9b3b93b9d964b261f2f7,01_CURRENT_REPOSITORY/tests/test_hypothesis_runtime.py,RETAINED
01_CURRENT_REPOSITORY/tests/test_implementation_alignment.py,11ca04ff775871fc4f55fcc5bba677b5f46ae05bf0b036679675c64ba3af523c,7117,CURRENT_REPOSITORY,GitHub main snapshot f9ff4c23a47b0bf5981b9b3b93b9d964b261f2f7,01_CURRENT_REPOSITORY/tests/test_implementation_alignment.py,RETAINED
01_CURRENT_REPOSITORY/tests/test_literal_constraints.py,620cfff6af0d74bbb2d833fd58e249e0ba22f21954fa679a9ca224148a11f505,2623,CURRENT_REPOSITORY,GitHub main snapshot f9ff4c23a47b0bf5981b9b3b93b9d964b261f2f7,01_CURRENT_REPOSITORY/tests/test_literal_constraints.py,RETAINED
01_CURRENT_REPOSITORY/tests/test_literary_ecology.py,63abe03228aa08f37cddfc8a79e01cf137f32ad62406ef395ecffe7588017e3e,5499,CURRENT_REPOSITORY,GitHub main snapshot f9ff4c23a47b0bf5981b9b3b93b9d964b261f2f7,01_CURRENT_REPOSITORY/tests/test_literary_ecology.py,RETAINED
01_CURRENT_REPOSITORY/tests/test_literary_eval.py,42bf13ac41fc68c1bba9468ebb0ac99f7ecff2b618fcfb5399f4890e436facc2,3002,CURRENT_REPOSITORY,GitHub main snapshot f9ff4c23a47b0bf5981b9b3b93b9d964b261f2f7,01_CURRENT_REPOSITORY/tests/test_literary_eval.py,RETAINED
01_CURRENT_REPOSITORY/tests/test_literary_resume_ch89.py,0b7c2ca9d1555aaf934fb2eb0e11cb2fadb1f4fe9b0e1e676b6a9594b6e51c9d,4377,CURRENT_REPOSITORY,GitHub main snapshot f9ff4c23a47b0bf5981b9b3b93b9d964b261f2f7,01_CURRENT_REPOSITORY/tests/test_literary_resume_ch89.py,RETAINED
01_CURRENT_REPOSITORY/tests/test_literary_stress.py,c0c48699102bf6feec45a066dc17fed1735406250f034bacd4d375f0b25d2bcd,4950,CURRENT_REPOSITORY,GitHub main snapshot f9ff4c23a47b0bf5981b9b3b93b9d964b261f2f7,01_CURRENT_REPOSITORY/tests/test_literary_stress.py,RETAINED
01_CURRENT_REPOSITORY/tests/test_literary_suite.py,e7efc3d52180a24fff78be0e8052db648b1494b156a051a4dc377e4dfed81047,7128,CURRENT_REPOSITORY,GitHub main snapshot f9ff4c23a47b0bf5981b9b3b93b9d964b261f2f7,01_CURRENT_REPOSITORY/tests/test_literary_suite.py,RETAINED
01_CURRENT_REPOSITORY/tests/test_microdraft.py,e19b246049e4ad6218b3d8c946343bb8106e1d12097e841873590db08a40fa52,3671,CURRENT_REPOSITORY,GitHub main snapshot f9ff4c23a47b0bf5981b9b3b93b9d964b261f2f7,01_CURRENT_REPOSITORY/tests/test_microdraft.py,RETAINED
01_CURRENT_REPOSITORY/tests/test_narrative_discourse.py,74accf1710b2e11f0f791c9c60a9abd11e7287b1a91e0410d3ca741b141f4fa0,5742,CURRENT_REPOSITORY,GitHub main snapshot f9ff4c23a47b0bf5981b9b3b93b9d964b261f2f7,01_CURRENT_REPOSITORY/tests/test_narrative_discourse.py,RETAINED
01_CURRENT_REPOSITORY/tests/test_no_reverse_promotion.py,c076aa31427eb458c26c57d2c2ebef0278f564ee0aa455d077ad411f9d273bc5,1946,CURRENT_REPOSITORY,GitHub main snapshot f9ff4c23a47b0bf5981b9b3b93b9d964b261f2f7,01_CURRENT_REPOSITORY/tests/test_no_reverse_promotion.py,RETAINED
01_CURRENT_REPOSITORY/tests/test_object_network.py,8139a40fe3ff5af7a1208aa7685dad48167f0b0185753e591f3157cfe91a0168,5776,CURRENT_REPOSITORY,GitHub main snapshot f9ff4c23a47b0bf5981b9b3b93b9d964b261f2f7,01_CURRENT_REPOSITORY/tests/test_object_network.py,RETAINED
01_CURRENT_REPOSITORY/tests/test_open_lock.py,1903e52d123e2703fa1037bf7ebd8a72ea67c716b94ba48ec415a271050c17bd,3484,CURRENT_REPOSITORY,GitHub main snapshot f9ff4c23a47b0bf5981b9b3b93b9d964b261f2f7,01_CURRENT_REPOSITORY/tests/test_open_lock.py,RETAINED
01_CURRENT_REPOSITORY/tests/test_pareto.py,b8ee0c1dd5574bbd7499876b204156000b99c547e4483b9aec4a8e3d7429f170,4522,CURRENT_REPOSITORY,GitHub main snapshot f9ff4c23a47b0bf5981b9b3b93b9d964b261f2f7,01_CURRENT_REPOSITORY/tests/test_pareto.py,RETAINED
01_CURRENT_REPOSITORY/tests/test_plocks.py,cffa634526159be6bab4b12fd8e6412d59a517b8c82e7bdb2024ab7b953dbe30,3854,CURRENT_REPOSITORY,GitHub main snapshot f9ff4c23a47b0bf5981b9b3b93b9d964b261f2f7,01_CURRENT_REPOSITORY/tests/test_plocks.py,RETAINED
01_CURRENT_REPOSITORY/tests/test_prewrite_v06.py,8ab6bbbe6bccb2fba3cf59b59124d38f4cf8a65927bb368ac4b8e3e660b856ff,7533,CURRENT_REPOSITORY,GitHub main snapshot f9ff4c23a47b0bf5981b9b3b93b9d964b261f2f7,01_CURRENT_REPOSITORY/tests/test_prewrite_v06.py,RETAINED
01_CURRENT_REPOSITORY/tests/test_provenance_invariants.py,1465662d85ec14af52da25944be7e5cce770d9dff267ea16551af753f86f8e76,1062,CURRENT_REPOSITORY,GitHub main snapshot f9ff4c23a47b0bf5981b9b3b93b9d964b261f2f7,01_CURRENT_REPOSITORY/tests/test_provenance_invariants.py,RETAINED
01_CURRENT_REPOSITORY/tests/test_r4_regression.py,6a465b41257001eac9ccf29042aca7345a799a8c74134d5116e9dee9408694f4,1803,CURRENT_REPOSITORY,GitHub main snapshot f9ff4c23a47b0bf5981b9b3b93b9d964b261f2f7,01_CURRENT_REPOSITORY/tests/test_r4_regression.py,RETAINED
01_CURRENT_REPOSITORY/tests/test_reconstruction.py,77f0df125fc46215f4babd4d7d7d2999bdd01e5271c5065ec7594caecd8dfb35,3454,CURRENT_REPOSITORY,GitHub main snapshot f9ff4c23a47b0bf5981b9b3b93b9d964b261f2f7,01_CURRENT_REPOSITORY/tests/test_reconstruction.py,RETAINED
01_CURRENT_REPOSITORY/tests/test_registry.py,7fea0acb0298a86c9bd75599a3883d8cb83b34100a9726ec40c4297986a40560,4121,CURRENT_REPOSITORY,GitHub main snapshot f9ff4c23a47b0bf5981b9b3b93b9d964b261f2f7,01_CURRENT_REPOSITORY/tests/test_registry.py,RETAINED
01_CURRENT_REPOSITORY/tests/test_repository_governance.py,e415786d2da38868a2c11e9bd74682ca578251f979aff8d216e84a91af72f5b8,4377,CURRENT_REPOSITORY,GitHub main snapshot f9ff4c23a47b0bf5981b9b3b93b9d964b261f2f7,01_CURRENT_REPOSITORY/tests/test_repository_governance.py,RETAINED
01_CURRENT_REPOSITORY/tests/test_revision_ablation.py,8f091ebed9467833e8413df766ebccb59f19b4e467ad431aad8b93f1983d9941,3798,CURRENT_REPOSITORY,GitHub main snapshot f9ff4c23a47b0bf5981b9b3b93b9d964b261f2f7,01_CURRENT_REPOSITORY/tests/test_revision_ablation.py,RETAINED
01_CURRENT_REPOSITORY/tests/test_runtime.py,3c57343080f04274a61821b6c9baffc57a9ccd41cbe9e58bbed507cf2f29f03f,374,CURRENT_REPOSITORY,GitHub main snapshot f9ff4c23a47b0bf5981b9b3b93b9d964b261f2f7,01_CURRENT_REPOSITORY/tests/test_runtime.py,RETAINED
01_CURRENT_REPOSITORY/tests/test_scenario_replay.py,560d72faba89aaca8e52e50c973260b8c2ceaf030e5a6c302f51f12491a55f34,5344,CURRENT_REPOSITORY,GitHub main snapshot f9ff4c23a47b0bf5981b9b3b93b9d964b261f2f7,01_CURRENT_REPOSITORY/tests/test_scenario_replay.py,RETAINED
01_CURRENT_REPOSITORY/tests/test_scenario_runtime.py,6c85c2850b334365ac55beab7d3fcd992dcd3ce678efbda39a0ba20de1366344,3077,CURRENT_REPOSITORY,GitHub main snapshot f9ff4c23a47b0bf5981b9b3b93b9d964b261f2f7,01_CURRENT_REPOSITORY/tests/test_scenario_runtime.py,RETAINED
01_CURRENT_REPOSITORY/tests/test_title_axis.py,b6d586396a2887899e6569b003b664e119dc6e3878b2187f8a1e410740eecd88,2412,CURRENT_REPOSITORY,GitHub main snapshot f9ff4c23a47b0bf5981b9b3b93b9d964b261f2f7,01_CURRENT_REPOSITORY/tests/test_title_axis.py,RETAINED
01_CURRENT_REPOSITORY/tests/test_traceability.py,561741621f2da3895651877b24dc77b45e180cb2f0e51dd7ff41d187f0fa0b74,1549,CURRENT_REPOSITORY,GitHub main snapshot f9ff4c23a47b0bf5981b9b3b93b9d964b261f2f7,01_CURRENT_REPOSITORY/tests/test_traceability.py,RETAINED
01_CURRENT_REPOSITORY/tests/test_validation.py,792ea84740063691e155037a8ed678cc40c18ea0b20aa081dc9f2d20f6c4e32c,205,CURRENT_REPOSITORY,GitHub main snapshot f9ff4c23a47b0bf5981b9b3b93b9d964b261f2f7,01_CURRENT_REPOSITORY/tests/test_validation.py,RETAINED
01_CURRENT_REPOSITORY/tests/test_w2_policy.py,b1f923a6da8eeda8d80b5a508c29fb264c8d6a587203476dde30cac4c4ee5f89,2289,CURRENT_REPOSITORY,GitHub main snapshot f9ff4c23a47b0bf5981b9b3b93b9d964b261f2f7,01_CURRENT_REPOSITORY/tests/test_w2_policy.py,RETAINED
01_CURRENT_REPOSITORY/tests/test_world.py,22c39ee4a2a535567e848eb5206b87f7b254aaf89663bbb0ac97bd5d5cf3cdfa,4191,CURRENT_REPOSITORY,GitHub main snapshot f9ff4c23a47b0bf5981b9b3b93b9d964b261f2f7,01_CURRENT_REPOSITORY/tests/test_world.py,RETAINED
02_PRIMARY_SOURCES/红楼梦脂评汇校本 v3.1416_20251012_可复制.pdf,37441da3cb438d1b3eab2b511aa6f1695f309192fa63bea842413ff91655c1d7,7554963,PRIMARY_SOURCE,conversation-mounted source,红楼梦脂评汇校本 v3.1416_20251012_可复制.pdf,RETAINED
02_PRIMARY_SOURCES/（清）曹雪芹-红楼梦脂评汇校本.epub,ef840e3ff96b056594a1388d7accfe7065ad2a940568222e4075ecb7bc0ea755,1470557,PRIMARY_SOURCE,conversation-mounted source,（清）曹雪芹-红楼梦脂评汇校本.epub,RETAINED
03_CURRENT_PROJECT_SOURCES/红楼梦八十回后佚稿复原_工作底稿_v2.1_最终母本.md,c1946d9ff097372aa0583eec627a5f37ec77ec3b076fa2229c23f7f441bb7eb0,30894,CURRENT_PROJECT_SOURCE,conversation-mounted source,红楼梦八十回后佚稿复原_工作底稿_v2.1_最终母本.md,RETAINED
03_CURRENT_PROJECT_SOURCES/80回后佚失诗词文赋总表_v1.1_评审修订版.md,732b923ba07f0b72f0980915085eb65c5ff278d17b2f92cdb597abc6609060cd,23510,CURRENT_PROJECT_SOURCE,conversation-mounted source,80回后佚失诗词文赋总表_v1.1_评审修订版.md,RETAINED
03_CURRENT_PROJECT_SOURCES/红楼梦八十回后全幅文学补完大工程计划_v6.0_R4最终放行版.md,6ab10932c4f8ae3580ec1f1db3034e8ba2fee58ae038db9556204ee11aeb0d44,8395,CURRENT_PROJECT_SOURCE,conversation-mounted source,红楼梦八十回后全幅文学补完大工程计划_v6.0_R4最终放行版.md,RETAINED
03_CURRENT_PROJECT_SOURCES/RCWH_文学复原能力升级计划_v1.0_评审定稿_20261007.md,66508dc74b1e09e9b0ad69f0cb781ae881505ee4f446075d85386bfb228205b7,32655,CURRENT_PROJECT_SOURCE,conversation-mounted source,RCWH_文学复原能力升级计划_v1.0_评审定稿_20261007.md,RETAINED
03_CURRENT_PROJECT_SOURCES/清代机制核查_H04居所与主婚权_v0.1.md,8786bbf96f258a201be9deb5baa8d2cd58b12f9082b30bda52a8f76437c15ee9,7024,CURRENT_PROJECT_SOURCE,conversation-mounted source,清代机制核查_H04居所与主婚权_v0.1(1).md,RETAINED
03_CURRENT_PROJECT_SOURCES/P7_blind_microdraft_review.md,7e12697ab8a4a080ba8f389f3e665562a2ad772d61e0f156544867a42930a06b,10772,CURRENT_PROJECT_SOURCE,conversation-mounted source,P7_blind_microdraft_review.md,RETAINED
04_V5_PRE32_BASELINE/00_从这里开始/README_从这里开始.md,7d82d26ccada1cca9659ac5b893bb28e4100dee7d9fb86726c984b76c8df0077,2303,V5_PRE32_BASELINE,红楼梦探佚_截至第32步_v5.0启动前_精简过程文档体系_v2.0(3).zip,00_从这里开始/README_从这里开始.md,RETAINED
04_V5_PRE32_BASELINE/00_从这里开始/v5可继承的旧阶段方法论摘要.md,53c8058a5e72781ef8f4d8f75c8b6ac192de3266ccb7a84ebc86d4d9e0d89239,1071,V5_PRE32_BASELINE,红楼梦探佚_截至第32步_v5.0启动前_精简过程文档体系_v2.0(3).zip,00_从这里开始/v5可继承的旧阶段方法论摘要.md,RETAINED
04_V5_PRE32_BASELINE/00_从这里开始/冗余错误过期内容清理报告_v2.0.md,9c5dca7af4f14410feb909e7e601a843b07ad24e5ef4aed12a9153a3823dbd88,2682,V5_PRE32_BASELINE,红楼梦探佚_截至第32步_v5.0启动前_精简过程文档体系_v2.0(3).zip,00_从这里开始/冗余错误过期内容清理报告_v2.0.md,RETAINED
04_V5_PRE32_BASELINE/00_从这里开始/原工作区文件去留登记.md,327b2d0a31f1d71a10e2234c6f20b6b48c206e5c6178b058eab71a8178cc4783,41931,V5_PRE32_BASELINE,红楼梦探佚_截至第32步_v5.0启动前_精简过程文档体系_v2.0(3).zip,00_从这里开始/原工作区文件去留登记.md,RETAINED
04_V5_PRE32_BASELINE/00_从这里开始/当前有效规则与版本状态_v5.0.md,a96bbf10d7d45bd5d1225facf5c03e5e639b2e1304db472b75c59f578f3a2587,1406,V5_PRE32_BASELINE,红楼梦探佚_截至第32步_v5.0启动前_精简过程文档体系_v2.0(3).zip,00_从这里开始/当前有效规则与版本状态_v5.0.md,RETAINED
04_V5_PRE32_BASELINE/00_从这里开始/文件清单.md,f857731106249b2560ec39694c1e43586a4af34119ed838e54ee9938169d0775,14300,V5_PRE32_BASELINE,红楼梦探佚_截至第32步_v5.0启动前_精简过程文档体系_v2.0(3).zip,00_从这里开始/文件清单.md,RETAINED
04_V5_PRE32_BASELINE/02_证据与结构底板_只读/01_母本索引与状态链/81—100回相对时间轴_v1.0.md,4eed139b84d8506466df695d4ec9d2b1e479c2b5df856da8cf08d4d15f3091bd,3998,V5_PRE32_BASELINE,红楼梦探佚_截至第32步_v5.0启动前_精简过程文档体系_v2.0(3).zip,02_证据与结构底板_只读/01_母本索引与状态链/81—100回相对时间轴_v1.0.md,RETAINED
04_V5_PRE32_BASELINE/02_证据与结构底板_只读/01_母本索引与状态链/84—96回中枢状态链_v1.1.md,b32e45cbc0745d671b2eff2f8945316cf531fd3cd4f1af89a9ed6aaca8d06108,2198,V5_PRE32_BASELINE,红楼梦探佚_截至第32步_v5.0启动前_精简过程文档体系_v2.0(3).zip,02_证据与结构底板_只读/01_母本索引与状态链/84—96回中枢状态链_v1.1.md,RETAINED
04_V5_PRE32_BASELINE/02_证据与结构底板_只读/01_母本索引与状态链/87—96回生活状态转换总表_v0.1.md,0b2988010b917fab7a6b82c2da031c9c554b251bd35dacd5d2d4687e774a606d,15195,V5_PRE32_BASELINE,红楼梦探佚_截至第32步_v5.0启动前_精简过程文档体系_v2.0(3).zip,02_证据与结构底板_只读/01_母本索引与状态链/87—96回生活状态转换总表_v0.1.md,RETAINED
04_V5_PRE32_BASELINE/02_证据与结构底板_只读/01_母本索引与状态链/O01—O10接口冻结表_v1.0.md,708ed25a706620570bee49455f603feaa962d9609144b0d3e5ee469c8d0cb5c8,1400,V5_PRE32_BASELINE,红楼梦探佚_截至第32步_v5.0启动前_精简过程文档体系_v2.0(3).zip,02_证据与结构底板_只读/01_母本索引与状态链/O01—O10接口冻结表_v1.0.md,RETAINED
04_V5_PRE32_BASELINE/02_证据与结构底板_只读/01_母本索引与状态链/宝玉狱案机制表_v0.1.md,22663c798bd4d39d6d133dcc2f1bd48b7c1ce8d59def37d6b33faceb52f24448,2305,V5_PRE32_BASELINE,红楼梦探佚_截至第32步_v5.0启动前_精简过程文档体系_v2.0(3).zip,02_证据与结构底板_只读/01_母本索引与状态链/宝玉狱案机制表_v0.1.md,RETAINED
04_V5_PRE32_BASELINE/02_证据与结构底板_只读/01_母本索引与状态链/玉线物流表_v0.2.md,2b5f2bcae5ce0269b0f33f4d89cad32c03d5ad77b388232da28e6fa446f5ed9d,2848,V5_PRE32_BASELINE,红楼梦探佚_截至第32步_v5.0启动前_精简过程文档体系_v2.0(3).zip,02_证据与结构底板_只读/01_母本索引与状态链/玉线物流表_v0.2.md,RETAINED
04_V5_PRE32_BASELINE/02_证据与结构底板_只读/01_母本索引与状态链/红楼梦八十回后佚稿复原_RP回次证据索引_v1.0.md,2aa4d30b88ea4ba346c5230646b8b5234a5fd0e8a0c78db2fa42a1f11aa28a17,8029,V5_PRE32_BASELINE,红楼梦探佚_截至第32步_v5.0启动前_精简过程文档体系_v2.0(3).zip,02_证据与结构底板_只读/01_母本索引与状态链/红楼梦八十回后佚稿复原_RP回次证据索引_v1.0.md,RETAINED
04_V5_PRE32_BASELINE/02_证据与结构底板_只读/01_母本索引与状态链/红楼梦八十回后佚稿复原_决策台账_v2.5.md,95dffc7aa6792b140e9847b3effe599ea22105b07ba70fd57e0c012ef4205b61,2523,V5_PRE32_BASELINE,红楼梦探佚_截至第32步_v5.0启动前_精简过程文档体系_v2.0(3).zip,02_证据与结构底板_只读/01_母本索引与状态链/红楼梦八十回后佚稿复原_决策台账_v2.5.md,RETAINED
04_V5_PRE32_BASELINE/02_证据与结构底板_只读/02_历史机制_H01-H06/清代机制核查_H01狱神庙_v0.1.md,5063aa4b08c0f432ccd1ce3affe35403df6ae501e2b23ebc8656e770f3ee7b09,5725,V5_PRE32_BASELINE,红楼梦探佚_截至第32步_v5.0启动前_精简过程文档体系_v2.0(3).zip,02_证据与结构底板_只读/02_历史机制_H01-H06/清代机制核查_H01狱神庙_v0.1.md,RETAINED
04_V5_PRE32_BASELINE/02_证据与结构底板_只读/02_历史机制_H01-H06/清代机制核查_H02抄没与羁押_v0.1.md,f895eefe1ebb05d36b3cf2579036685b4b60283e3caa966c5654dcc0b5cd9304,5036,V5_PRE32_BASELINE,红楼梦探佚_截至第32步_v5.0启动前_精简过程文档体系_v2.0(3).zip,02_证据与结构底板_只读/02_历史机制_H01-H06/清代机制核查_H02抄没与羁押_v0.1.md,RETAINED
04_V5_PRE32_BASELINE/02_证据与结构底板_只读/02_历史机制_H01-H06/清代机制核查_H03服制与婚期_v0.1.md,69c77b68cbe5f9bb6fad4bbfa57275589ec76746d9559c49ae9fa45e77c1f97e,4931,V5_PRE32_BASELINE,红楼梦探佚_截至第32步_v5.0启动前_精简过程文档体系_v2.0(3).zip,02_证据与结构底板_只读/02_历史机制_H01-H06/清代机制核查_H03服制与婚期_v0.1.md,RETAINED
04_V5_PRE32_BASELINE/02_证据与结构底板_只读/02_历史机制_H01-H06/清代机制核查_H05贫困状态_v0.1.md,20cc84c24a402bffb114e0ba55be00222115c65560c3c275faf863300e9cfa40,5047,V5_PRE32_BASELINE,红楼梦探佚_截至第32步_v5.0启动前_精简过程文档体系_v2.0(3).zip,02_证据与结构底板_只读/02_历史机制_H01-H06/清代机制核查_H05贫困状态_v0.1.md,RETAINED
04_V5_PRE32_BASELINE/02_证据与结构底板_只读/02_历史机制_H01-H06/清代机制核查_H06薛家援助_v0.1.md,730031a7d958b0a48e496f1ff295e12117d2b43b61354e896d2d5348f75ce0d6,4587,V5_PRE32_BASELINE,红楼梦探佚_截至第32步_v5.0启动前_精简过程文档体系_v2.0(3).zip,02_证据与结构底板_只读/02_历史机制_H01-H06/清代机制核查_H06薛家援助_v0.1.md,RETAINED
04_V5_PRE32_BASELINE/02_证据与结构底板_只读/03_补充机制研究_不纳入母本H编号/补充机制研究_贾兰功名与李纨因子得荣_v0.1_原H07.md,3e1e430112b18f0915b505849a42d7dc8590bf857649aa037c861da10c06206a,5211,V5_PRE32_BASELINE,红楼梦探佚_截至第32步_v5.0启动前_精简过程文档体系_v2.0(3).zip,02_证据与结构底板_只读/03_补充机制研究_不纳入母本H编号/补充机制研究_贾兰功名与李纨因子得荣_v0.1_原H07.md,RETAINED
04_V5_PRE32_BASELINE/02_证据与结构底板_只读/04_开放接口历史研究/O01_O09_金玉婚姻相位与贾母主婚权联动比较表_v0.2.md,c828ab4cf3e46d87dc803218b4b1faf884fcdaa3d2338689ea569a83b84a1dac,2813,V5_PRE32_BASELINE,红楼梦探佚_截至第32步_v5.0启动前_精简过程文档体系_v2.0(3).zip,02_证据与结构底板_只读/04_开放接口历史研究/O01_O09_金玉婚姻相位与贾母主婚权联动比较表_v0.2.md,RETAINED
04_V5_PRE32_BASELINE/02_证据与结构底板_只读/04_开放接口历史研究/O05_凤姐终局与巧姐脱险比较表_v0.1.md,95f81452ec6655ea1d14502694a9b38f7ca6e0f0cfaec216abf56beb0be561d7,6038,V5_PRE32_BASELINE,红楼梦探佚_截至第32步_v5.0启动前_精简过程文档体系_v2.0(3).zip,02_证据与结构底板_只读/04_开放接口历史研究/O05_凤姐终局与巧姐脱险比较表_v0.1.md,RETAINED
04_V5_PRE32_BASELINE/02_证据与结构底板_只读/04_开放接口历史研究/O06_卫湘终局正文前预关闭结论_v1.0.md,133f591fd30ff40615ea6c2c667682f20dcc60f955f3314045efc6e65cf76fe6,1331,V5_PRE32_BASELINE,红楼梦探佚_截至第32步_v5.0启动前_精简过程文档体系_v2.0(3).zip,02_证据与结构底板_只读/04_开放接口历史研究/O06_卫湘终局正文前预关闭结论_v1.0.md,RETAINED
04_V5_PRE32_BASELINE/02_证据与结构底板_只读/04_开放接口历史研究/O06_卫湘终局比较表_v1.0_正文前预关闭.md,34b7538fc1d62174001601b700e2a3c5c18ea3f9c5bbe12dca12670be189813f,5474,V5_PRE32_BASELINE,红楼梦探佚_截至第32步_v5.0启动前_精简过程文档体系_v2.0(3).zip,02_证据与结构底板_只读/04_开放接口历史研究/O06_卫湘终局比较表_v1.0_正文前预关闭.md,RETAINED
04_V5_PRE32_BASELINE/02_证据与结构底板_只读/04_开放接口历史研究/O07_甄贾二宝照面方案表_v0.1.md,99b30d7bde38989f7b7485318d786beb904dc54a602728d6933930e09674aaa4,5662,V5_PRE32_BASELINE,红楼梦探佚_截至第32步_v5.0启动前_精简过程文档体系_v2.0(3).zip,02_证据与结构底板_只读/04_开放接口历史研究/O07_甄贾二宝照面方案表_v0.1.md,RETAINED
04_V5_PRE32_BASELINE/02_证据与结构底板_只读/04_开放接口历史研究/O08_妙玉终局与瓜州判定表_v0.1.md,cc383633d9aeb50a67e164014564ac2e0a9cedda1d0966cdeb839ed78dde4974,4019,V5_PRE32_BASELINE,红楼梦探佚_截至第32步_v5.0启动前_精简过程文档体系_v2.0(3).zip,02_证据与结构底板_只读/04_开放接口历史研究/O08_妙玉终局与瓜州判定表_v0.1.md,RETAINED
04_V5_PRE32_BASELINE/02_证据与结构底板_只读/04_开放接口历史研究/O10_第99—100回终局分工压力测试_v0.1.md,6e626fe1f4b4464f90a2c2c2efc944f0771c64f0324b4340074ec2e20b780ab9,4139,V5_PRE32_BASELINE,红楼梦探佚_截至第32步_v5.0启动前_精简过程文档体系_v2.0(3).zip,02_证据与结构底板_只读/04_开放接口历史研究/O10_第99—100回终局分工压力测试_v0.1.md,RETAINED
04_V5_PRE32_BASELINE/02_证据与结构底板_只读/05_结构复原历史基线/81—100回全20回场次卡总装_v1.5.md,3c394373cec3417735037bdc9495c75b9e9d653356a8535e1491f7cad448de29,171105,V5_PRE32_BASELINE,红楼梦探佚_截至第32步_v5.0启动前_精简过程文档体系_v2.0(3).zip,02_证据与结构底板_只读/05_结构复原历史基线/81—100回全20回场次卡总装_v1.5.md,RETAINED
04_V5_PRE32_BASELINE/02_证据与结构底板_只读/05_结构复原历史基线/81—100结构复原基线正文_v1.0_非文学终稿.md,e22c7eb49ceccf8d33f1ebb6eb79ba6c0f7850e960835d4b918471049c760282,53622,V5_PRE32_BASELINE,红楼梦探佚_截至第32步_v5.0启动前_精简过程文档体系_v2.0(3).zip,02_证据与结构底板_只读/05_结构复原历史基线/81—100结构复原基线正文_v1.0_非文学终稿.md,RETAINED
04_V5_PRE32_BASELINE/02_证据与结构底板_只读/05_结构复原历史基线/正文时代语汇与称谓表_v0.1.md,d1e2865d63b79f75c63c50cc03a5033fdddc26d21ac2632a689af26c682bc3fe,8773,V5_PRE32_BASELINE,红楼梦探佚_截至第32步_v5.0启动前_精简过程文档体系_v2.0(3).zip,02_证据与结构底板_只读/05_结构复原历史基线/正文时代语汇与称谓表_v0.1.md,RETAINED
04_V5_PRE32_BASELINE/03_前80文学语料基础_v4_供第33步升级/前八十回_人物对白语料库_v1.0.md,3a6c54bfac7be45f913a8f43d4869efe87a618a4161738f1424c20668ca24d9a,7431,V5_PRE32_BASELINE,红楼梦探佚_截至第32步_v5.0启动前_精简过程文档体系_v2.0(3).zip,03_前80文学语料基础_v4_供第33步升级/前八十回_人物对白语料库_v1.0.md,RETAINED
04_V5_PRE32_BASELINE/03_前80文学语料基础_v4_供第33步升级/前八十回_回次结构解剖表_v1.0.md,42016d91258f71f0bb574b67bfb54c8a607b60c6546ee08209532a198f85f7fa,20214,V5_PRE32_BASELINE,红楼梦探佚_截至第32步_v5.0启动前_精简过程文档体系_v2.0(3).zip,03_前80文学语料基础_v4_供第33步升级/前八十回_回次结构解剖表_v1.0.md,RETAINED
04_V5_PRE32_BASELINE/03_前80文学语料基础_v4_供第33步升级/前八十回_生活物质与家务索引_v1.0.md,3735d2b2d82d70aac061f2cf7f5ccee84370064d6935364aa587402dccb7ff96,4583,V5_PRE32_BASELINE,红楼梦探佚_截至第32步_v5.0启动前_精简过程文档体系_v2.0(3).zip,03_前80文学语料基础_v4_供第33步升级/前八十回_生活物质与家务索引_v1.0.md,RETAINED
04_V5_PRE32_BASELINE/03_前80文学语料基础_v4_供第33步升级/前八十回_章法技法索引_v1.0.md,fa3777ea9bf815e7885be960879a35732c51c78e392ad7d11ebe32a36cae181e,4376,V5_PRE32_BASELINE,红楼梦探佚_截至第32步_v5.0启动前_精简过程文档体系_v2.0(3).zip,03_前80文学语料基础_v4_供第33步升级/前八十回_章法技法索引_v1.0.md,RETAINED
04_V5_PRE32_BASELINE/03_前80文学语料基础_v4_供第33步升级/前八十回_诗词文书功能索引_v1.0.md,384ad26886acd15ec18e37d5b9d87a6db2cd5cee7509c7fc9ccb08cb670181f7,4865,V5_PRE32_BASELINE,红楼梦探佚_截至第32步_v5.0启动前_精简过程文档体系_v2.0(3).zip,03_前80文学语料基础_v4_供第33步升级/前八十回_诗词文书功能索引_v1.0.md,RETAINED
04_V5_PRE32_BASELINE/04_81—100生活世界与剧情卡/01_生活世界四表/81—100人物在场矩阵_v1.0.md,30a6ecd37a4f3e846a72ef3cd445ba78db902fa788d45ee7cd3d73d86eb4df32,8153,V5_PRE32_BASELINE,红楼梦探佚_截至第32步_v5.0启动前_精简过程文档体系_v2.0(3).zip,04_81—100生活世界与剧情卡/01_生活世界四表/81—100人物在场矩阵_v1.0.md,RETAINED
04_V5_PRE32_BASELINE/04_81—100生活世界与剧情卡/01_生活世界四表/81—100空间网络表_v1.0.md,92749de3e62e80c89611bf1b19081bbb56e4d025df981092451682333dd2b6bb,5374,V5_PRE32_BASELINE,红楼梦探佚_截至第32步_v5.0启动前_精简过程文档体系_v2.0(3).zip,04_81—100生活世界与剧情卡/01_生活世界四表/81—100空间网络表_v1.0.md,RETAINED
04_V5_PRE32_BASELINE/04_81—100生活世界与剧情卡/01_生活世界四表/81—100钱物与劳务流_v1.0.md,ffed02aee8809a8937651529048e2cc10256a0ae2e2706251c9b806a6ea6ef50,6500,V5_PRE32_BASELINE,红楼梦探佚_截至第32步_v5.0启动前_精简过程文档体系_v2.0(3).zip,04_81—100生活世界与剧情卡/01_生活世界四表/81—100钱物与劳务流_v1.0.md,RETAINED
04_V5_PRE32_BASELINE/04_81—100生活世界与剧情卡/01_生活世界四表/81—100长线织网图_v1.0.md,56727d17b5588cdecac3d0cf66b0030a6673ace47d532937d7988141e9cc41cd,7116,V5_PRE32_BASELINE,红楼梦探佚_截至第32步_v5.0启动前_精简过程文档体系_v2.0(3).zip,04_81—100生活世界与剧情卡/01_生活世界四表/81—100长线织网图_v1.0.md,RETAINED
04_V5_PRE32_BASELINE/04_81—100生活世界与剧情卡/02_第21步剧情增厚卡/81—100剧情增厚总表_v1.0.md,20323c5ef01f906317c6dcb1060d03bb182ae6b252be1dc5ced5fd74888bb62e,9423,V5_PRE32_BASELINE,红楼梦探佚_截至第32步_v5.0启动前_精简过程文档体系_v2.0(3).zip,04_81—100生活世界与剧情卡/02_第21步剧情增厚卡/81—100剧情增厚总表_v1.0.md,RETAINED
04_V5_PRE32_BASELINE/04_81—100生活世界与剧情卡/02_第21步剧情增厚卡/单回卡/第081回_文学复原剧情增厚卡_v1.0.md,576ea1a9a0975e803d328f77b255dfe85b94b168b335b878d4a71eb8fb2ef7b7,2538,V5_PRE32_BASELINE,红楼梦探佚_截至第32步_v5.0启动前_精简过程文档体系_v2.0(3).zip,04_81—100生活世界与剧情卡/02_第21步剧情增厚卡/单回卡/第081回_文学复原剧情增厚卡_v1.0.md,RETAINED
04_V5_PRE32_BASELINE/04_81—100生活世界与剧情卡/02_第21步剧情增厚卡/单回卡/第082回_文学复原剧情增厚卡_v1.0.md,ea25d164b0c308ce79fbade08df05383f65beb4aa68ab3cd8355f5968b4d0b0d,2376,V5_PRE32_BASELINE,红楼梦探佚_截至第32步_v5.0启动前_精简过程文档体系_v2.0(3).zip,04_81—100生活世界与剧情卡/02_第21步剧情增厚卡/单回卡/第082回_文学复原剧情增厚卡_v1.0.md,RETAINED
04_V5_PRE32_BASELINE/04_81—100生活世界与剧情卡/02_第21步剧情增厚卡/单回卡/第083回_文学复原剧情增厚卡_v1.0.md,b2a5d1282d2da1adc47743abb476826ac2850636fe05bf20e4fe45d2dbba774d,2288,V5_PRE32_BASELINE,红楼梦探佚_截至第32步_v5.0启动前_精简过程文档体系_v2.0(3).zip,04_81—100生活世界与剧情卡/02_第21步剧情增厚卡/单回卡/第083回_文学复原剧情增厚卡_v1.0.md,RETAINED
04_V5_PRE32_BASELINE/04_81—100生活世界与剧情卡/02_第21步剧情增厚卡/单回卡/第084回_文学复原剧情增厚卡_v1.0.md,34cdf5961deb09bf588106a1c34433c120526b5d673a4c2d4120853f8dd56a1d,2363,V5_PRE32_BASELINE,红楼梦探佚_截至第32步_v5.0启动前_精简过程文档体系_v2.0(3).zip,04_81—100生活世界与剧情卡/02_第21步剧情增厚卡/单回卡/第084回_文学复原剧情增厚卡_v1.0.md,RETAINED
04_V5_PRE32_BASELINE/04_81—100生活世界与剧情卡/02_第21步剧情增厚卡/单回卡/第085回_文学复原剧情增厚卡_v1.0.md,b9d058b873754bad8f2a25257d98646a79d972e542d2db4fe828ffc3a4ed899b,2240,V5_PRE32_BASELINE,红楼梦探佚_截至第32步_v5.0启动前_精简过程文档体系_v2.0(3).zip,04_81—100生活世界与剧情卡/02_第21步剧情增厚卡/单回卡/第085回_文学复原剧情增厚卡_v1.0.md,RETAINED
04_V5_PRE32_BASELINE/04_81—100生活世界与剧情卡/02_第21步剧情增厚卡/单回卡/第086回_文学复原剧情增厚卡_v1.0.md,daa2499f7b05b4404acbc185baa238e531d192519ab8f2b753f340fb4d5ceac0,9477,V5_PRE32_BASELINE,红楼梦探佚_截至第32步_v5.0启动前_精简过程文档体系_v2.0(3).zip,04_81—100生活世界与剧情卡/02_第21步剧情增厚卡/单回卡/第086回_文学复原剧情增厚卡_v1.0.md,RETAINED
04_V5_PRE32_BASELINE/04_81—100生活世界与剧情卡/02_第21步剧情增厚卡/单回卡/第087回_文学复原剧情增厚卡_v1.0.md,4f8b794f4a20bd8de5c1ccadcc2530ed812ded75930e9b181ce91fadba2aeeeb,2459,V5_PRE32_BASELINE,红楼梦探佚_截至第32步_v5.0启动前_精简过程文档体系_v2.0(3).zip,04_81—100生活世界与剧情卡/02_第21步剧情增厚卡/单回卡/第087回_文学复原剧情增厚卡_v1.0.md,RETAINED
04_V5_PRE32_BASELINE/04_81—100生活世界与剧情卡/02_第21步剧情增厚卡/单回卡/第088回_文学复原剧情增厚卡_v1.0.md,987ce7ccab33239601d6e08555f96744255ad2e911d620fd563719d939596a4e,2289,V5_PRE32_BASELINE,红楼梦探佚_截至第32步_v5.0启动前_精简过程文档体系_v2.0(3).zip,04_81—100生活世界与剧情卡/02_第21步剧情增厚卡/单回卡/第088回_文学复原剧情增厚卡_v1.0.md,RETAINED
04_V5_PRE32_BASELINE/04_81—100生活世界与剧情卡/02_第21步剧情增厚卡/单回卡/第089回_文学复原剧情增厚卡_v1.0.md,a9c66d17a7d27a9da59b05b874fb454d0269509a8003b6db8cdaa79656203fbc,2488,V5_PRE32_BASELINE,红楼梦探佚_截至第32步_v5.0启动前_精简过程文档体系_v2.0(3).zip,04_81—100生活世界与剧情卡/02_第21步剧情增厚卡/单回卡/第089回_文学复原剧情增厚卡_v1.0.md,RETAINED
04_V5_PRE32_BASELINE/04_81—100生活世界与剧情卡/02_第21步剧情增厚卡/单回卡/第090回_文学复原剧情增厚卡_v1.0.md,494b863881b9739110d15052c393c2b0fdc797d9997f2c5a367efc45fc3434f4,2490,V5_PRE32_BASELINE,红楼梦探佚_截至第32步_v5.0启动前_精简过程文档体系_v2.0(3).zip,04_81—100生活世界与剧情卡/02_第21步剧情增厚卡/单回卡/第090回_文学复原剧情增厚卡_v1.0.md,RETAINED
04_V5_PRE32_BASELINE/04_81—100生活世界与剧情卡/02_第21步剧情增厚卡/单回卡/第091回_文学复原剧情增厚卡_v1.0.md,4fbc0c34861a7ad4d7fd7b01703e383ce7b036a5e1e4642ab80049a43e7d4087,2265,V5_PRE32_BASELINE,红楼梦探佚_截至第32步_v5.0启动前_精简过程文档体系_v2.0(3).zip,04_81—100生活世界与剧情卡/02_第21步剧情增厚卡/单回卡/第091回_文学复原剧情增厚卡_v1.0.md,RETAINED
04_V5_PRE32_BASELINE/04_81—100生活世界与剧情卡/02_第21步剧情增厚卡/单回卡/第092回_文学复原剧情增厚卡_v1.0.md,66f02e1518318a56aa4e12a03de587a472cdf99004d96d3027d97230b5acfb09,3222,V5_PRE32_BASELINE,红楼梦探佚_截至第32步_v5.0启动前_精简过程文档体系_v2.0(3).zip,04_81—100生活世界与剧情卡/02_第21步剧情增厚卡/单回卡/第092回_文学复原剧情增厚卡_v1.0.md,RETAINED
04_V5_PRE32_BASELINE/04_81—100生活世界与剧情卡/02_第21步剧情增厚卡/单回卡/第093回_文学复原剧情增厚卡_v1.0.md,219e85da63cd1412d0ac2bab39fbeb84f7b0fe47dc96ba1748e75b9b19af06ed,2380,V5_PRE32_BASELINE,红楼梦探佚_截至第32步_v5.0启动前_精简过程文档体系_v2.0(3).zip,04_81—100生活世界与剧情卡/02_第21步剧情增厚卡/单回卡/第093回_文学复原剧情增厚卡_v1.0.md,RETAINED
04_V5_PRE32_BASELINE/04_81—100生活世界与剧情卡/02_第21步剧情增厚卡/单回卡/第094回_文学复原剧情增厚卡_v1.0.md,04229538c4b4098219673f5ce1d897abc32b4e1afa81ff8fe485e9d3374c5628,2551,V5_PRE32_BASELINE,红楼梦探佚_截至第32步_v5.0启动前_精简过程文档体系_v2.0(3).zip,04_81—100生活世界与剧情卡/02_第21步剧情增厚卡/单回卡/第094回_文学复原剧情增厚卡_v1.0.md,RETAINED
04_V5_PRE32_BASELINE/04_81—100生活世界与剧情卡/02_第21步剧情增厚卡/单回卡/第095回_文学复原剧情增厚卡_v1.0.md,2341ae11bc9500c91574085ba0386f2730d33d7be6de5f6b3e6007c17da5d575,2936,V5_PRE32_BASELINE,红楼梦探佚_截至第32步_v5.0启动前_精简过程文档体系_v2.0(3).zip,04_81—100生活世界与剧情卡/02_第21步剧情增厚卡/单回卡/第095回_文学复原剧情增厚卡_v1.0.md,RETAINED
04_V5_PRE32_BASELINE/04_81—100生活世界与剧情卡/02_第21步剧情增厚卡/单回卡/第096回_文学复原剧情增厚卡_v1.0.md,41bb2d128fa76fef0b329335b0a7a9d5f2ebb69797fe1160023703438bf15626,2381,V5_PRE32_BASELINE,红楼梦探佚_截至第32步_v5.0启动前_精简过程文档体系_v2.0(3).zip,04_81—100生活世界与剧情卡/02_第21步剧情增厚卡/单回卡/第096回_文学复原剧情增厚卡_v1.0.md,RETAINED
04_V5_PRE32_BASELINE/04_81—100生活世界与剧情卡/02_第21步剧情增厚卡/单回卡/第097回_文学复原剧情增厚卡_v1.0.md,77b6fd00f186dd742d61288241310b7560ec0fc6ec61057caed2e2f6815bfea7,2535,V5_PRE32_BASELINE,红楼梦探佚_截至第32步_v5.0启动前_精简过程文档体系_v2.0(3).zip,04_81—100生活世界与剧情卡/02_第21步剧情增厚卡/单回卡/第097回_文学复原剧情增厚卡_v1.0.md,RETAINED
04_V5_PRE32_BASELINE/04_81—100生活世界与剧情卡/02_第21步剧情增厚卡/单回卡/第098回_文学复原剧情增厚卡_v1.0.md,65918016b82034399bcc1f0ce2810fa45ef457ca43da9f0c0bd026b047665c20,2486,V5_PRE32_BASELINE,红楼梦探佚_截至第32步_v5.0启动前_精简过程文档体系_v2.0(3).zip,04_81—100生活世界与剧情卡/02_第21步剧情增厚卡/单回卡/第098回_文学复原剧情增厚卡_v1.0.md,RETAINED
04_V5_PRE32_BASELINE/04_81—100生活世界与剧情卡/02_第21步剧情增厚卡/单回卡/第099回_文学复原剧情增厚卡_v1.0.md,9392225a057f5f173cccdea6fa0bec5e73c1d1396a7c7eec95bc3afda62ce592,2535,V5_PRE32_BASELINE,红楼梦探佚_截至第32步_v5.0启动前_精简过程文档体系_v2.0(3).zip,04_81—100生活世界与剧情卡/02_第21步剧情增厚卡/单回卡/第099回_文学复原剧情增厚卡_v1.0.md,RETAINED
04_V5_PRE32_BASELINE/04_81—100生活世界与剧情卡/02_第21步剧情增厚卡/单回卡/第100回_文学复原剧情增厚卡_v1.0.md,b55a219adf8e3416148c7eaa3a3fbb4f3e03049568bf0c5cd4373d9979c4177f,2945,V5_PRE32_BASELINE,红楼梦探佚_截至第32步_v5.0启动前_精简过程文档体系_v2.0(3).zip,04_81—100生活世界与剧情卡/02_第21步剧情增厚卡/单回卡/第100回_文学复原剧情增厚卡_v1.0.md,RETAINED
04_V5_PRE32_BASELINE/05_v4文学施工关键里程碑_历史规则/文学复原施工规则_v1.1_第23步修订.md,b0bf467683ffc2e596037cb146d70aee302a87b195a9d2d94e9da1dd8d565f32,7078,V5_PRE32_BASELINE,红楼梦探佚_截至第32步_v5.0启动前_精简过程文档体系_v2.0(3).zip,05_v4文学施工关键里程碑_历史规则/文学复原施工规则_v1.1_第23步修订.md,RETAINED
04_V5_PRE32_BASELINE/05_v4文学施工关键里程碑_历史规则/第23步_三回满血试金石文学审计_v1.0.md,d4fde513b43eac5d039bb6c350afb3507e39d4489bdf81a927fed0bb57795a12,12933,V5_PRE32_BASELINE,红楼梦探佚_截至第32步_v5.0启动前_精简过程文档体系_v2.0(3).zip,05_v4文学施工关键里程碑_历史规则/第23步_三回满血试金石文学审计_v1.0.md,RETAINED
04_V5_PRE32_BASELINE/05_v4文学施工关键里程碑_历史规则/第24.5步_A组84—90返修验收_v1.0_final.md,b088e9074d7f6fcfcc9cc85c8c5ce57a126f286cdc905fdc4f53d794c77995b2,6132,V5_PRE32_BASELINE,红楼梦探佚_截至第32步_v5.0启动前_精简过程文档体系_v2.0(3).zip,05_v4文学施工关键里程碑_历史规则/第24.5步_A组84—90返修验收_v1.0_final.md,RETAINED
04_V5_PRE32_BASELINE/05_v4文学施工关键里程碑_历史规则/第24步_A组84—90连读评审_v1.0.md,676a5a287a7039661bb3f9cdfee1775c65d645a9537981e4befb735d4af7c62a,9903,V5_PRE32_BASELINE,红楼梦探佚_截至第32步_v5.0启动前_精简过程文档体系_v2.0(3).zip,05_v4文学施工关键里程碑_历史规则/第24步_A组84—90连读评审_v1.0.md,RETAINED
04_V5_PRE32_BASELINE/05_v4文学施工关键里程碑_历史规则/第25.5步_B组91—96定点返修验收_v1.0.md,a52f24ebf409fcf620d4c2e505637f29673d336044c3fba858677cc2f21a2dc8,8564,V5_PRE32_BASELINE,红楼梦探佚_截至第32步_v5.0启动前_精简过程文档体系_v2.0(3).zip,05_v4文学施工关键里程碑_历史规则/第25.5步_B组91—96定点返修验收_v1.0.md,RETAINED
04_V5_PRE32_BASELINE/05_v4文学施工关键里程碑_历史规则/第25步_B组91—96连读评审_v1.0.md,565cf989274e3abe49a8ae4d228cbf085ab662f7c2a90993acb399b1a87b03a6,13950,V5_PRE32_BASELINE,红楼梦探佚_截至第32步_v5.0启动前_精简过程文档体系_v2.0(3).zip,05_v4文学施工关键里程碑_历史规则/第25步_B组91—96连读评审_v1.0.md,RETAINED
04_V5_PRE32_BASELINE/05_v4文学施工关键里程碑_历史规则/第26.5A步_C组81—83_97—98定点返修验收_v1.0.md,c0339d48efdb321b23564ad5c6c7624e1ea5016b2eacf27d367741254ff85c44,1375,V5_PRE32_BASELINE,红楼梦探佚_截至第32步_v5.0启动前_精简过程文档体系_v2.0(3).zip,05_v4文学施工关键里程碑_历史规则/第26.5A步_C组81—83_97—98定点返修验收_v1.0.md,RETAINED
04_V5_PRE32_BASELINE/05_v4文学施工关键里程碑_历史规则/第26.5步_C组81—83_97—98连读评审_v1.0.md,cada14f50e22e874b8cc6db0be524bce31c3eb7e979a1ccd8d325876accf34c5,13854,V5_PRE32_BASELINE,红楼梦探佚_截至第32步_v5.0启动前_精简过程文档体系_v2.0(3).zip,05_v4文学施工关键里程碑_历史规则/第26.5步_C组81—83_97—98连读评审_v1.0.md,RETAINED
04_V5_PRE32_BASELINE/06_诗文情榜文书专项_第28步/01_保留为证据与声口基础/81—100诗词文书总表_v1.1_第28A步细目版.md,3125139ec23a88a430c51de8bcf828c97fd2209c9c5d353da02e3139f6038568,16326,V5_PRE32_BASELINE,红楼梦探佚_截至第32步_v5.0启动前_精简过程文档体系_v2.0(3).zip,06_诗文情榜文书专项_第28步/01_保留为证据与声口基础/81—100诗词文书总表_v1.1_第28A步细目版.md,RETAINED
04_V5_PRE32_BASELINE/06_诗文情榜文书专项_第28步/01_保留为证据与声口基础/第28A步_81—100诗词文书现状清点_v1.0.md,751c13216cf93f9aa996bbb1eb21653492e6997283ac6bfc906a9cabf2aa668f,17003,V5_PRE32_BASELINE,红楼梦探佚_截至第32步_v5.0启动前_精简过程文档体系_v2.0(3).zip,06_诗文情榜文书专项_第28步/01_保留为证据与声口基础/第28A步_81—100诗词文书现状清点_v1.0.md,RETAINED
04_V5_PRE32_BASELINE/06_诗文情榜文书专项_第28步/01_保留为证据与声口基础/第28C步_香菱诗文声口卡_v1.0.md,e441cb4792a16a8940f223ebb8530c7a77fb0e886494f4b8926b8c0e6dfd3f42,8375,V5_PRE32_BASELINE,红楼梦探佚_截至第32步_v5.0启动前_精简过程文档体系_v2.0(3).zip,06_诗文情榜文书专项_第28步/01_保留为证据与声口基础/第28C步_香菱诗文声口卡_v1.0.md,RETAINED
04_V5_PRE32_BASELINE/06_诗文情榜文书专项_第28步/01_保留为证据与声口基础/第28C步_香菱黛玉诗体比较审计与施工决策_v1.0.md,41b7b6819038948bf18e73dc3c0a46676b9a6242cc9e095222f0c312a91329ee,6388,V5_PRE32_BASELINE,红楼梦探佚_截至第32步_v5.0启动前_精简过程文档体系_v2.0(3).zip,06_诗文情榜文书专项_第28步/01_保留为证据与声口基础/第28C步_香菱黛玉诗体比较审计与施工决策_v1.0.md,RETAINED
04_V5_PRE32_BASELINE/06_诗文情榜文书专项_第28步/01_保留为证据与声口基础/第28C步_黛玉诗文声口卡_v1.0.md,e44db8f289c4f43d251701ca2449e8bbde643663fac4e5ac62a14ac31486fde8,9653,V5_PRE32_BASELINE,红楼梦探佚_截至第32步_v5.0启动前_精简过程文档体系_v2.0(3).zip,06_诗文情榜文书专项_第28步/01_保留为证据与声口基础/第28C步_黛玉诗文声口卡_v1.0.md,RETAINED
04_V5_PRE32_BASELINE/06_诗文情榜文书专项_第28步/01_保留为证据与声口基础/第28D-T步_现实文书群总验收与跨回一致性审计_v1.0.md,c9cab8b2f2e4fd84ecd56bf0a167e9b3191820b3a4e7ee687b049de71f92314b,8786,V5_PRE32_BASELINE,红楼梦探佚_截至第32步_v5.0启动前_精简过程文档体系_v2.0(3).zip,06_诗文情榜文书专项_第28步/01_保留为证据与声口基础/第28D-T步_现实文书群总验收与跨回一致性审计_v1.0.md,RETAINED
04_V5_PRE32_BASELINE/06_诗文情榜文书专项_第28步/01_保留为证据与声口基础/第28G-A_情榜硬证与推断分层表_v1.0.md,534fc410a743a1900b477c46d45f185a289527381d3262834badb00688cf39e2,2213,V5_PRE32_BASELINE,红楼梦探佚_截至第32步_v5.0启动前_精简过程文档体系_v2.0(3).zip,06_诗文情榜文书专项_第28步/01_保留为证据与声口基础/第28G-A_情榜硬证与推断分层表_v1.0.md,RETAINED
04_V5_PRE32_BASELINE/06_诗文情榜文书专项_第28步/01_保留为证据与声口基础/第28G-A_情榜证据全集_v1.0.md,1efea6c695e077840c1e5178fd0a6d04888da32d7dcfdab7e2f039ebdf79b06d,19420,V5_PRE32_BASELINE,红楼梦探佚_截至第32步_v5.0启动前_精简过程文档体系_v2.0(3).zip,06_诗文情榜文书专项_第28步/01_保留为证据与声口基础/第28G-A_情榜证据全集_v1.0.md,RETAINED
04_V5_PRE32_BASELINE/06_诗文情榜文书专项_第28步/01_保留为证据与声口基础/第28G-D3_情榜首选体例规范_C星_v1.0.md,ad3f26a4648b71e4542effe22ccdf3afa68231286e8642cb8e7668a842596e43,3172,V5_PRE32_BASELINE,红楼梦探佚_截至第32步_v5.0启动前_精简过程文档体系_v2.0(3).zip,06_诗文情榜文书专项_第28步/01_保留为证据与声口基础/第28G-D3_情榜首选体例规范_C星_v1.0.md,RETAINED
04_V5_PRE32_BASELINE/06_诗文情榜文书专项_第28步/01_保留为证据与声口基础/第28G-D_前80情字语汇与人物绑定证据库_v1.0.md,cac299674a8715da76fe8afafd0d0dd52122f3685e3c77f7784f16b6894d78a5,17339,V5_PRE32_BASELINE,红楼梦探佚_截至第32步_v5.0启动前_精简过程文档体系_v2.0(3).zip,06_诗文情榜文书专项_第28步/01_保留为证据与声口基础/第28G-D_前80情字语汇与人物绑定证据库_v1.0.md,RETAINED
04_V5_PRE32_BASELINE/06_诗文情榜文书专项_第28步/01_保留为证据与声口基础/第28G-F_五册六十芳锁版候选总表_v0.6.md,f32325f074f877aa8ec2ce6b4b16d0dd9a4fce6d23ce6269d8aec3ba637e2b30,3578,V5_PRE32_BASELINE,红楼梦探佚_截至第32步_v5.0启动前_精简过程文档体系_v2.0(3).zip,06_诗文情榜文书专项_第28步/01_保留为证据与声口基础/第28G-F_五册六十芳锁版候选总表_v0.6.md,RETAINED
04_V5_PRE32_BASELINE/06_诗文情榜文书专项_第28步/01_保留为证据与声口基础/第28G-G_警幻情榜完整榜面三案比较与终裁_v1.0.md,0b9da2aaea2a8881903c166dd9bc68e79ba8f92b5485bce2e9ad82bd5e3b9ccd,4927,V5_PRE32_BASELINE,红楼梦探佚_截至第32步_v5.0启动前_精简过程文档体系_v2.0(3).zip,06_诗文情榜文书专项_第28步/01_保留为证据与声口基础/第28G-G_警幻情榜完整榜面三案比较与终裁_v1.0.md,RETAINED
04_V5_PRE32_BASELINE/06_诗文情榜文书专项_第28步/01_保留为证据与声口基础/第28G-I_第100回完整情榜回填后终审报告_v1.0.md,35a04cb0ed002312ae743892a13c01db10a4584c966bbc40aa5e37b9a45f939f,5454,V5_PRE32_BASELINE,红楼梦探佚_截至第32步_v5.0启动前_精简过程文档体系_v2.0(3).zip,06_诗文情榜文书专项_第28步/01_保留为证据与声口基础/第28G-I_第100回完整情榜回填后终审报告_v1.0.md,RETAINED
04_V5_PRE32_BASELINE/06_诗文情榜文书专项_第28步/01_保留为证据与声口基础/第28G_警幻情榜完整复原专项_LOCK_v1.0.md,f6d19993e065b495a54053fb5818e564c21579c48c96a81199e8289bdebf640b,1555,V5_PRE32_BASELINE,红楼梦探佚_截至第32步_v5.0启动前_精简过程文档体系_v2.0(3).zip,06_诗文情榜文书专项_第28步/01_保留为证据与声口基础/第28G_警幻情榜完整复原专项_LOCK_v1.0.md,RETAINED
04_V5_PRE32_BASELINE/06_诗文情榜文书专项_第28步/02_历史缺席决策_须按v5重审/第28E步_轻文书与有意缺席专项审计_v1.0.md,3502fee61b458954a6f0fd4761630c530fd33e07754ca23b74650bcbe12bed6c,8773,V5_PRE32_BASELINE,红楼梦探佚_截至第32步_v5.0启动前_精简过程文档体系_v2.0(3).zip,06_诗文情榜文书专项_第28步/02_历史缺席决策_须按v5重审/第28E步_轻文书与有意缺席专项审计_v1.0.md,RETAINED
04_V5_PRE32_BASELINE/06_诗文情榜文书专项_第28步/02_历史缺席决策_须按v5重审/第28F步_81—100诗词文书全局总审计_v1.0.md,388d66ea8d4edcc98b03876a03b90679bbf4f541c91a65b53f475d1eaaf6248c,9570,V5_PRE32_BASELINE,红楼梦探佚_截至第32步_v5.0启动前_精简过程文档体系_v2.0(3).zip,06_诗文情榜文书专项_第28步/02_历史缺席决策_须按v5重审/第28F步_81—100诗词文书全局总审计_v1.0.md,RETAINED
04_V5_PRE32_BASELINE/06_诗文情榜文书专项_第28步/02_历史缺席决策_须按v5重审/第28F步_第100回终篇收束三案终审_v1.0.md,be8e70d3b754ee03e1be8cae6929b62322df3d94edade2a2186ab4fbbadd26f2,1721,V5_PRE32_BASELINE,红楼梦探佚_截至第32步_v5.0启动前_精简过程文档体系_v2.0(3).zip,06_诗文情榜文书专项_第28步/02_历史缺席决策_须按v5重审/第28F步_第100回终篇收束三案终审_v1.0.md,RETAINED
04_V5_PRE32_BASELINE/07_全文总装与文学证据审计_第30步/00_第29步总装沿革/第29-E_81—100总装锁版候选与总验收_v1.0.md,769493d12e4c50699e883e69871fe6d9eda0999519bc77eba874e0eb5218e1b7,3607,V5_PRE32_BASELINE,红楼梦探佚_截至第32步_v5.0启动前_精简过程文档体系_v2.0(3).zip,07_全文总装与文学证据审计_第30步/00_第29步总装沿革/第29-E_81—100总装锁版候选与总验收_v1.0.md,RETAINED
04_V5_PRE32_BASELINE/07_全文总装与文学证据审计_第30步/00_第29步总装沿革/第29-E_第30步WATCH移交清单_v1.0.md,708f7a5e275d38b5a0192ab84b594785f9dbef053135254a0453c46ccc8366b5,820,V5_PRE32_BASELINE,红楼梦探佚_截至第32步_v5.0启动前_精简过程文档体系_v2.0(3).zip,07_全文总装与文学证据审计_第30步/00_第29步总装沿革/第29-E_第30步WATCH移交清单_v1.0.md,RETAINED
04_V5_PRE32_BASELINE/07_全文总装与文学证据审计_第30步/第30-A_20回500字压缩损失矩阵_v1.0.md,1e0505a21d5eeb88c6b64eca0bcb331e264ca5e5df1c10229f4eddec7a8d907e,3877,V5_PRE32_BASELINE,红楼梦探佚_截至第32步_v5.0启动前_精简过程文档体系_v2.0(3).zip,07_全文总装与文学证据审计_第30步/第30-A_20回500字压缩损失矩阵_v1.0.md,RETAINED
04_V5_PRE32_BASELINE/07_全文总装与文学证据审计_第30步/第30-A_81—100梗概感文学审计_v1.0.md,959af074cad771f243c7773d27a7fa862bcac7ffea960fb76a143d5545e4f3eb,6469,V5_PRE32_BASELINE,红楼梦探佚_截至第32步_v5.0启动前_精简过程文档体系_v2.0(3).zip,07_全文总装与文学证据审计_第30步/第30-A_81—100梗概感文学审计_v1.0.md,RETAINED
04_V5_PRE32_BASELINE/07_全文总装与文学证据审计_第30步/第30-B_81—100群像多声部矩阵_v1.0.md,840b663859f745e257f62bbba0d4270a45e04956ce6e7bd5829c2713269af0c1,4738,V5_PRE32_BASELINE,红楼梦探佚_截至第32步_v5.0启动前_精简过程文档体系_v2.0(3).zip,07_全文总装与文学证据审计_第30步/第30-B_81—100群像多声部矩阵_v1.0.md,RETAINED
04_V5_PRE32_BASELINE/07_全文总装与文学证据审计_第30步/第30-B_81—100群像审计_v1.0.md,8921c55599b805e57b5db64f50b65dc32d074b807dc0615d88ca61c50241320f,6311,V5_PRE32_BASELINE,红楼梦探佚_截至第32步_v5.0启动前_精简过程文档体系_v2.0(3).zip,07_全文总装与文学证据审计_第30步/第30-B_81—100群像审计_v1.0.md,RETAINED
04_V5_PRE32_BASELINE/07_全文总装与文学证据审计_第30步/第30-B_工具人风险专项清单_v1.0.md,281e3fed9e70f9be54db4b4d97f8d7cd5ea915aa566d91937f55771c1d3f4a50,4026,V5_PRE32_BASELINE,红楼梦探佚_截至第32步_v5.0启动前_精简过程文档体系_v2.0(3).zip,07_全文总装与文学证据审计_第30步/第30-B_工具人风险专项清单_v1.0.md,RETAINED
04_V5_PRE32_BASELINE/07_全文总装与文学证据审计_第30步/第30-C_81—100人物声音审计_v1.0.md,7c59335f4ef3b754dde571193fe03c2f14cbc7ee4fed9c2ede044cc7abdcf662,7945,V5_PRE32_BASELINE,红楼梦探佚_截至第32步_v5.0启动前_精简过程文档体系_v2.0(3).zip,07_全文总装与文学证据审计_第30步/第30-C_81—100人物声音审计_v1.0.md,RETAINED
04_V5_PRE32_BASELINE/07_全文总装与文学证据审计_第30步/第30-C_人物声音去署名测试矩阵_v1.0.md,6f8c975c82a66f0293009ae4a448edea93b4e75352c14b06e6565d0f692e2fcd,3881,V5_PRE32_BASELINE,红楼梦探佚_截至第32步_v5.0启动前_精简过程文档体系_v2.0(3).zip,07_全文总装与文学证据审计_第30步/第30-C_人物声音去署名测试矩阵_v1.0.md,RETAINED
04_V5_PRE32_BASELINE/07_全文总装与文学证据审计_第30步/第30-D_81—100笑冷笔与闲笔审计_v1.0.md,3c36d03764bdc99ed559c56f374bb5817083e234d854f0f2b3232cc494c64490,7330,V5_PRE32_BASELINE,红楼梦探佚_截至第32步_v5.0启动前_精简过程文档体系_v2.0(3).zip,07_全文总装与文学证据审计_第30步/第30-D_81—100笑冷笔与闲笔审计_v1.0.md,RETAINED
04_V5_PRE32_BASELINE/07_全文总装与文学证据审计_第30步/第30-D_81—100闲笔与冷笔逐回矩阵_v1.0.md,b99e17fe0644fbc7f97b92ef91e19c01740f9dc048faf81567542abe6b4a8a28,4814,V5_PRE32_BASELINE,红楼梦探佚_截至第32步_v5.0启动前_精简过程文档体系_v2.0(3).zip,07_全文总装与文学证据审计_第30步/第30-D_81—100闲笔与冷笔逐回矩阵_v1.0.md,RETAINED
04_V5_PRE32_BASELINE/07_全文总装与文学证据审计_第30步/第30-E_81—100诗文生态审计_v1.0.md,019dfcbca4b0e41c405b17968efad4ff830b8a8a734c2a887e9c2beec8c28e6a,6735,V5_PRE32_BASELINE,红楼梦探佚_截至第32步_v5.0启动前_精简过程文档体系_v2.0(3).zip,07_全文总装与文学证据审计_第30步/第30-E_81—100诗文生态审计_v1.0.md,RETAINED
04_V5_PRE32_BASELINE/07_全文总装与文学证据审计_第30步/第30-E_诗词书信榜文文书声口功能矩阵_v1.0.md,8ec15ed65d558c25e5e12e3e32f7267038275889658a26ebce00ffac0b1ef382,7597,V5_PRE32_BASELINE,红楼梦探佚_截至第32步_v5.0启动前_精简过程文档体系_v2.0(3).zip,07_全文总装与文学证据审计_第30步/第30-E_诗词书信榜文文书声口功能矩阵_v1.0.md,RETAINED
04_V5_PRE32_BASELINE/07_全文总装与文学证据审计_第30步/第30-F_81—100草蛇灰线审计_v1.0.md,d5d7084210ccb0b05c53ab1544e6217c3228660827d0312534f71d37d84ccf30,4064,V5_PRE32_BASELINE,红楼梦探佚_截至第32步_v5.0启动前_精简过程文档体系_v2.0(3).zip,07_全文总装与文学证据审计_第30步/第30-F_81—100草蛇灰线审计_v1.0.md,RETAINED
04_V5_PRE32_BASELINE/07_全文总装与文学证据审计_第30步/第30-F_草蛇灰线分层抽样矩阵_v1.0.md,02dc44b0437d6381f2d16b9eb5b91d22fa6f3d28bfb22ae27d825b3cc37c59e3,10923,V5_PRE32_BASELINE,红楼梦探佚_截至第32步_v5.0启动前_精简过程文档体系_v2.0(3).zip,07_全文总装与文学证据审计_第30步/第30-F_草蛇灰线分层抽样矩阵_v1.0.md,RETAINED
04_V5_PRE32_BASELINE/07_全文总装与文学证据审计_第30步/第30-G_81—100盲读审计_v1.0.md,123f054753ce27e87da1a086021f83e4c5586b23e22862af0c45d77c7ba8bfa6,7450,V5_PRE32_BASELINE,红楼梦探佚_截至第32步_v5.0启动前_精简过程文档体系_v2.0(3).zip,07_全文总装与文学证据审计_第30步/第30-G_81—100盲读审计_v1.0.md,RETAINED
04_V5_PRE32_BASELINE/07_全文总装与文学证据审计_第30步/第30-G_历次遗留WATCH盲读终裁表_v1.0.md,a2f9055404e5618cbaf9a760c618178a9da7991c1a507c1208099a194a40ad70,2631,V5_PRE32_BASELINE,红楼梦探佚_截至第32步_v5.0启动前_精简过程文档体系_v2.0(3).zip,07_全文总装与文学证据审计_第30步/第30-G_历次遗留WATCH盲读终裁表_v1.0.md,RETAINED
04_V5_PRE32_BASELINE/07_全文总装与文学证据审计_第30步/第30-H1_R01—R43硬证兑现回归审计_v1.0.md,c98f99fedc5845e95031dc58df8b234ece2e396007ec324ef0f3a92587a9a52e,4418,V5_PRE32_BASELINE,红楼梦探佚_截至第32步_v5.0启动前_精简过程文档体系_v2.0(3).zip,07_全文总装与文学证据审计_第30步/第30-H1_R01—R43硬证兑现回归审计_v1.0.md,RETAINED
04_V5_PRE32_BASELINE/07_全文总装与文学证据审计_第30步/第30-H2_P01—P11硬偏序回归审计_v1.0.md,6b70ef92d2734a93336cf69de8fd52feef9ad856b34f28ca93bdf278bfec5312,1181,V5_PRE32_BASELINE,红楼梦探佚_截至第32步_v5.0启动前_精简过程文档体系_v2.0(3).zip,07_全文总装与文学证据审计_第30步/第30-H2_P01—P11硬偏序回归审计_v1.0.md,RETAINED
04_V5_PRE32_BASELINE/07_全文总装与文学证据审计_第30步/第30-H3_时间与历史机制回归审计_v1.0.md,1c276f6b2b3e4b808f4c4272d0f9bfc178b58f48f53fe77cf75aac2f9b4175e0,2553,V5_PRE32_BASELINE,红楼梦探佚_截至第32步_v5.0启动前_精简过程文档体系_v2.0(3).zip,07_全文总装与文学证据审计_第30步/第30-H3_时间与历史机制回归审计_v1.0.md,RETAINED
04_V5_PRE32_BASELINE/07_全文总装与文学证据审计_第30步/第30-H4_人物连续性与开放项回归审计_v1.0.md,106b24146aad728e3263094d7d5f979c829d00e68dc260bb5dd01f8354758771,3096,V5_PRE32_BASELINE,红楼梦探佚_截至第32步_v5.0启动前_精简过程文档体系_v2.0(3).zip,07_全文总装与文学证据审计_第30步/第30-H4_人物连续性与开放项回归审计_v1.0.md,RETAINED
04_V5_PRE32_BASELINE/07_全文总装与文学证据审计_第30步/第30-H5_传奇成本回归审计_v1.0.md,028ecc76a0246722c2ebd89cc546cb914077364923bdaec7816c278f920f7d3a,2667,V5_PRE32_BASELINE,红楼梦探佚_截至第32步_v5.0启动前_精简过程文档体系_v2.0(3).zip,07_全文总装与文学证据审计_第30步/第30-H5_传奇成本回归审计_v1.0.md,RETAINED
04_V5_PRE32_BASELINE/07_全文总装与文学证据审计_第30步/第30-H_原五轮证据审计回归与第30步总验收_v1.0.md,fef44566b5fdb654d86695f86be1b858aea0c4228e9941bc5260df49074c9ae6,3950,V5_PRE32_BASELINE,红楼梦探佚_截至第32步_v5.0启动前_精简过程文档体系_v2.0(3).zip,07_全文总装与文学证据审计_第30步/第30-H_原五轮证据审计回归与第30步总验收_v1.0.md,RETAINED
04_V5_PRE32_BASELINE/07_全文总装与文学证据审计_第30步/第30步_81—100文学与证据双重审计_LOCK_v1.0.md,4528daa7fd3e6344fb2cf3a5d07e831e33c826c469197c92418d71fae49039e5,1677,V5_PRE32_BASELINE,红楼梦探佚_截至第32步_v5.0启动前_精简过程文档体系_v2.0(3).zip,07_全文总装与文学证据审计_第30步/第30步_81—100文学与证据双重审计_LOCK_v1.0.md,RETAINED
04_V5_PRE32_BASELINE/08_第31步语言统一与版本治理/第31-A_81—100字法与称谓统一报告_v1.0.md,65e68c62d1fd1dbddab6383effe41e5e940853005af9d976c8aad03723dccb87,1340,V5_PRE32_BASELINE,红楼梦探佚_截至第32步_v5.0启动前_精简过程文档体系_v2.0(3).zip,08_第31步语言统一与版本治理/第31-A_81—100字法与称谓统一报告_v1.0.md,RETAINED
04_V5_PRE32_BASELINE/08_第31步语言统一与版本治理/第31-A_字法与称谓统一矩阵_v1.0.md,8cfb49404420cb1accc5e66e155285bc74f9cd9417cf77e45a60602172052ce9,5251,V5_PRE32_BASELINE,红楼梦探佚_截至第32步_v5.0启动前_精简过程文档体系_v2.0(3).zip,08_第31步语言统一与版本治理/第31-A_字法与称谓统一矩阵_v1.0.md,RETAINED
04_V5_PRE32_BASELINE/08_第31步语言统一与版本治理/第31-B_81—100回目与章回套语统一报告_v1.0.md,5b450c642e0d3ea935a2240fb3726626a67adbc87da20f07cfb544fc26f56988,912,V5_PRE32_BASELINE,红楼梦探佚_截至第32步_v5.0启动前_精简过程文档体系_v2.0(3).zip,08_第31步语言统一与版本治理/第31-B_81—100回目与章回套语统一报告_v1.0.md,RETAINED
04_V5_PRE32_BASELINE/08_第31步语言统一与版本治理/第31-B_回目与章回套语校定矩阵_v1.0.md,d12ee5f0481cc750b1854cb8489d9ba0f8c6f7ecf87c5112b75774911e869eee,3211,V5_PRE32_BASELINE,红楼梦探佚_截至第32步_v5.0启动前_精简过程文档体系_v2.0(3).zip,08_第31步语言统一与版本治理/第31-B_回目与章回套语校定矩阵_v1.0.md,RETAINED
04_V5_PRE32_BASELINE/08_第31步语言统一与版本治理/第31-C_81—100诗文文书排版统一报告_v1.0.md,0a7fe112483b61eb8aea41fbb9fc1c5900f2f866273a566751f64d8bcf317320,2825,V5_PRE32_BASELINE,红楼梦探佚_截至第32步_v5.0启动前_精简过程文档体系_v2.0(3).zip,08_第31步语言统一与版本治理/第31-C_81—100诗文文书排版统一报告_v1.0.md,RETAINED
04_V5_PRE32_BASELINE/08_第31步语言统一与版本治理/第31-C_书中文本排版规范_v1.0.md,7d26392985e78222e422016a2722ab301e345309006f092c68742b6738e93b9c,3613,V5_PRE32_BASELINE,红楼梦探佚_截至第32步_v5.0启动前_精简过程文档体系_v2.0(3).zip,08_第31步语言统一与版本治理/第31-C_书中文本排版规范_v1.0.md,RETAINED
04_V5_PRE32_BASELINE/08_第31步语言统一与版本治理/第31-D_81—100语言词法与标点终统一报告_v1.0.md,cc3f4fad83e31c5715fedf829ccf823411943b5d10231b53609c41e108408ff8,2256,V5_PRE32_BASELINE,红楼梦探佚_截至第32步_v5.0启动前_精简过程文档体系_v2.0(3).zip,08_第31步语言统一与版本治理/第31-D_81—100语言词法与标点终统一报告_v1.0.md,RETAINED
04_V5_PRE32_BASELINE/08_第31步语言统一与版本治理/第31-D_语言词法与标点终校矩阵_v1.0.md,34cacbd77285efb14d7ec405931b7350e1584f303ce8d249294cf5fc75704677,7583,V5_PRE32_BASELINE,红楼梦探佚_截至第32步_v5.0启动前_精简过程文档体系_v2.0(3).zip,08_第31步语言统一与版本治理/第31-D_语言词法与标点终校矩阵_v1.0.md,RETAINED
04_V5_PRE32_BASELINE/08_第31步语言统一与版本治理/第31-E_第31步总验收与统一稿LOCK候选_v1.0.md,d7cfc96f70e9d15deb7697f3ca5913af22058a5670572fb7d36ab26ff62028e8,1681,V5_PRE32_BASELINE,红楼梦探佚_截至第32步_v5.0启动前_精简过程文档体系_v2.0(3).zip,08_第31步语言统一与版本治理/第31-E_第31步总验收与统一稿LOCK候选_v1.0.md,RETAINED
04_V5_PRE32_BASELINE/08_第31步语言统一与版本治理/第31-E_第31步累计差异白名单_v1.0.md,94248d147b49ca1c601a395d5e960f070f18c46c9c8ada6b4ee2e32bed0d945d,1206,V5_PRE32_BASELINE,红楼梦探佚_截至第32步_v5.0启动前_精简过程文档体系_v2.0(3).zip,08_第31步语言统一与版本治理/第31-E_第31步累计差异白名单_v1.0.md,RETAINED
04_V5_PRE32_BASELINE/08_第31步语言统一与版本治理/第31步_81—100语言回目诗文统一_LOCK_v1.0.md,cce353337e7eba822b05e0f769cbfaaac42a8bd7f15f80daf1ea028c09bc0193,1193,V5_PRE32_BASELINE,红楼梦探佚_截至第32步_v5.0启动前_精简过程文档体系_v2.0(3).zip,08_第31步语言统一与版本治理/第31步_81—100语言回目诗文统一_LOCK_v1.0.md,RETAINED
04_V5_PRE32_BASELINE/09_第32步三版基线_作为v5输入/第32-A_红楼梦八十回后文学复原_纯读版_v1.0.docx,4cc010445af0c250f3648b8d75271299c84902f5237ce0964ace2d7ac92469fb,271578,V5_PRE32_BASELINE,红楼梦探佚_截至第32步_v5.0启动前_精简过程文档体系_v2.0(3).zip,09_第32步三版基线_作为v5输入/第32-A_红楼梦八十回后文学复原_纯读版_v1.0.docx,RETAINED
04_V5_PRE32_BASELINE/09_第32步三版基线_作为v5输入/第32-A_红楼梦八十回后文学复原_纯读版_v1.0.md,3dba3eac83aac149412cf91592caab5635837f38918d4d83218c352ae3241799,554505,V5_PRE32_BASELINE,红楼梦探佚_截至第32步_v5.0启动前_精简过程文档体系_v2.0(3).zip,09_第32步三版基线_作为v5输入/第32-A_红楼梦八十回后文学复原_纯读版_v1.0.md,RETAINED
04_V5_PRE32_BASELINE/09_第32步三版基线_作为v5输入/第32-B_红楼梦八十回后文学复原_学术版_v1.0.md,2a0cae39b1dd2ace070efe5ac32fdb6ff25243eba7bb820825eca650d880999f,570597,V5_PRE32_BASELINE,红楼梦探佚_截至第32步_v5.0启动前_精简过程文档体系_v2.0(3).zip,09_第32步三版基线_作为v5输入/第32-B_红楼梦八十回后文学复原_学术版_v1.0.md,RETAINED
04_V5_PRE32_BASELINE/09_第32步三版基线_作为v5输入/第32-C_红楼梦八十回后文学复原_证据版_v1.0.md,6915514403db68e92cea9b586675f374aa0d2315757fcb0975bd746d3cdb3af1,585914,V5_PRE32_BASELINE,红楼梦探佚_截至第32步_v5.0启动前_精简过程文档体系_v2.0(3).zip,09_第32步三版基线_作为v5输入/第32-C_红楼梦八十回后文学复原_证据版_v1.0.md,RETAINED
04_V5_PRE32_BASELINE/09_第32步三版基线_作为v5输入/第32-D_三版一致性总验收_v1.0.md,b4dcfe7ab7525340ffdac46648e06ff3aa9551ef30692f7a743c31019a1f12a9,1495,V5_PRE32_BASELINE,红楼梦探佚_截至第32步_v5.0启动前_精简过程文档体系_v2.0(3).zip,09_第32步三版基线_作为v5输入/第32-D_三版一致性总验收_v1.0.md,RETAINED
04_V5_PRE32_BASELINE/09_第32步三版基线_作为v5输入/第32-D_三版正文逐回SHA256一致性表_v1.0.md,e5f38a330dde6312f100ad3e17c803681732a2ebb5985d6dc9689f8f7bd900a0,2075,V5_PRE32_BASELINE,红楼梦探佚_截至第32步_v5.0启动前_精简过程文档体系_v2.0(3).zip,09_第32步三版基线_作为v5输入/第32-D_三版正文逐回SHA256一致性表_v1.0.md,RETAINED
04_V5_PRE32_BASELINE/09_第32步三版基线_作为v5输入/第32步_最终成果索引_v1.0.md,cf5cea537596a212b6731e7fa543cc8eaeef20a9cddd0a40a26b1c6e6e399c9f,745,V5_PRE32_BASELINE,红楼梦探佚_截至第32步_v5.0启动前_精简过程文档体系_v2.0(3).zip,09_第32步三版基线_作为v5输入/第32步_最终成果索引_v1.0.md,RETAINED
04_V5_PRE32_BASELINE/09_第32步三版基线_作为v5输入/第32步_红楼梦八十回后文学复原三版定稿_LOCK_v1.0.md,4f01cbd3929751b7aa33e62ccddec5c043f692279c4c0844d8dbb84c643c0203,1091,V5_PRE32_BASELINE,红楼梦探佚_截至第32步_v5.0启动前_精简过程文档体系_v2.0(3).zip,09_第32步三版基线_作为v5输入/第32步_红楼梦八十回后文学复原三版定稿_LOCK_v1.0.md,RETAINED
04_V5_PRE32_BASELINE/10_v5.0启动基线/81—100全幅文学补完第一轮优先级矩阵_v1.0.md,2537b13926b5b0bc4cab7a3d2a3b097c99087dcfe9deee314e05f4ba65d09f9a,1339,V5_PRE32_BASELINE,红楼梦探佚_截至第32步_v5.0启动前_精简过程文档体系_v2.0(3).zip,10_v5.0启动基线/81—100全幅文学补完第一轮优先级矩阵_v1.0.md,RETAINED
04_V5_PRE32_BASELINE/10_v5.0启动基线/旧禁写项重审登记_v1.0.md,2279e53f8a5a5e16b2a2ec716f8ed3da54ca809fab175807f1b7a9551f3cb8c1,1150,V5_PRE32_BASELINE,红楼梦探佚_截至第32步_v5.0启动前_精简过程文档体系_v2.0(3).zip,10_v5.0启动基线/旧禁写项重审登记_v1.0.md,RETAINED
04_V5_PRE32_BASELINE/10_v5.0启动基线/第33步输入资产索引.md,86b5a8d52407aba91e609587fd4389117694d1af3268484ea7cfb3dc30f89e5b,1564,V5_PRE32_BASELINE,红楼梦探佚_截至第32步_v5.0启动前_精简过程文档体系_v2.0(3).zip,10_v5.0启动基线/第33步输入资产索引.md,RETAINED
04_V5_PRE32_BASELINE/10_v5.0启动基线/红楼梦八十回后全幅文学补完大工程计划_v5.0.md,b80d646964bab1f04a401c55ccf9139aa3b63faf9aa224921e6a6144d7cf91ab,27567,V5_PRE32_BASELINE,红楼梦探佚_截至第32步_v5.0启动前_精简过程文档体系_v2.0(3).zip,10_v5.0启动基线/红楼梦八十回后全幅文学补完大工程计划_v5.0.md,RETAINED
05_POST_M8_SOURCE_ARCHIVE/CURRENT_RUNTIME/EVIDENCE/R4-F_Literal-Semantic-Boundary硬接口回归报告_v1.0_R4F_PASS.md,c7d8afb50c32fbe9e6a00915442b617cc714331a0cdccf491d3faeb6ae809930,6651,POST_M8_SOURCE_ARCHIVE,RCWH_SelfContained_Handover_v4.0_20261007(1).zip,02_CURRENT_RUNTIME/EVIDENCE/R4-F_Literal-Semantic-Boundary硬接口回归报告_v1.0_R4F_PASS.md,RETAINED
05_POST_M8_SOURCE_ARCHIVE/CURRENT_RUNTIME/EVIDENCE/R4_证据角色审计矩阵_v1.9_稳定ACTIVE.md,bdb3868be396dacc4986c15a1d8dd95484b7cd2518151e63dfcada896b73cb0b,3224,POST_M8_SOURCE_ARCHIVE,RCWH_SelfContained_Handover_v4.0_20261007(1).zip,02_CURRENT_RUNTIME/EVIDENCE/R4_证据角色审计矩阵_v1.9_稳定ACTIVE.md,RETAINED
05_POST_M8_SOURCE_ARCHIVE/CURRENT_RUNTIME/GOVERNANCE/00_当前操作链索引_v4.1.md,c903d6004de45c9c10d7e4bafa599de1a63b9ccd4ee3fae680d4be4010bbc678,976,POST_M8_SOURCE_ARCHIVE,RCWH_SelfContained_Handover_v4.0_20261007(1).zip,02_CURRENT_RUNTIME/GOVERNANCE/00_当前操作链索引_v4.1.md,RETAINED
05_POST_M8_SOURCE_ARCHIVE/CURRENT_RUNTIME/GOVERNANCE/R4_活动链状态_v2.0_R4_COMPLETE.md,07794156204376fc316d45bbaf43995d5e43b4165d9c4b7d247bbcdac6702402,735,POST_M8_SOURCE_ARCHIVE,RCWH_SelfContained_Handover_v4.0_20261007(1).zip,02_CURRENT_RUNTIME/GOVERNANCE/R4_活动链状态_v2.0_R4_COMPLETE.md,RETAINED
05_POST_M8_SOURCE_ARCHIVE/CURRENT_RUNTIME/GOVERNANCE/R4_稳定ACTIVE发布清单_v4.1.md,ef76fd7ff258ba6c765dbe4ba2bf9765ad6d03ffaea66d10d543e9bc7bd7729c,911,POST_M8_SOURCE_ARCHIVE,RCWH_SelfContained_Handover_v4.0_20261007(1).zip,02_CURRENT_RUNTIME/GOVERNANCE/R4_稳定ACTIVE发布清单_v4.1.md,RETAINED
05_POST_M8_SOURCE_ARCHIVE/CURRENT_RUNTIME/IMPLEMENTATION/81—100_正文实施事实登记表_v1.8_稳定ACTIVE.md,b90e41f44edbf0f3f86bd34365d842ccb121baa6ff1d8c9d047a38d86d67a95d,7102,POST_M8_SOURCE_ARCHIVE,RCWH_SelfContained_Handover_v4.0_20261007(1).zip,02_CURRENT_RUNTIME/IMPLEMENTATION/81—100_正文实施事实登记表_v1.8_稳定ACTIVE.md,RETAINED
05_POST_M8_SOURCE_ARCHIVE/CURRENT_RUNTIME/IMPLEMENTATION/第32-A_红楼梦八十回后文学复原_纯读版_v1.4_稳定ACTIVE基线.md,4645da79b1bed76f54be281c50b5df648f599ea41541fb7855685753b6a85320,545334,POST_M8_SOURCE_ARCHIVE,RCWH_SelfContained_Handover_v4.0_20261007(1).zip,02_CURRENT_RUNTIME/IMPLEMENTATION/第32-A_红楼梦八十回后文学复原_纯读版_v1.4_稳定ACTIVE基线.md,RETAINED
05_POST_M8_SOURCE_ARCHIVE/CURRENT_RUNTIME/LOCK/81—100_OPEN接口冻结表_v1.0.md,94328cfc12eac812304990578745dd74b1aad710c8a00759299ce78a585c3f4f,10177,POST_M8_SOURCE_ARCHIVE,RCWH_SelfContained_Handover_v4.0_20261007(1).zip,02_CURRENT_RUNTIME/LOCK/81—100_OPEN接口冻结表_v1.0.md,RETAINED
05_POST_M8_SOURCE_ARCHIVE/CURRENT_RUNTIME/LOCK/81—100_保护锁与不可破坏细节表_v2.5_稳定ACTIVE.md,626917a3603d00697ccb86e6be8d1bb5b40911ffad700436ea836cd8e6336261,18535,POST_M8_SOURCE_ARCHIVE,RCWH_SelfContained_Handover_v4.0_20261007(1).zip,02_CURRENT_RUNTIME/LOCK/81—100_保护锁与不可破坏细节表_v2.5_稳定ACTIVE.md,RETAINED
05_POST_M8_SOURCE_ARCHIVE/CURRENT_RUNTIME/LOCK/R4_OPEN-LOCK治理规范_v1.0.md,324c8bfbc5f590253cc66155c02784cee69f7af047f2994fc3f05e8746d60a1b,1826,POST_M8_SOURCE_ARCHIVE,RCWH_SelfContained_Handover_v4.0_20261007(1).zip,02_CURRENT_RUNTIME/LOCK/R4_OPEN-LOCK治理规范_v1.0.md,RETAINED
05_POST_M8_SOURCE_ARCHIVE/CURRENT_RUNTIME/MECHANISM/R4-E_H01-H06_来源台账_v1.0.md,b1722da8a2a77a0e1ffc231bd166cd03fc8fd93c78eea28c55ab8bd0bd68f1da,9157,POST_M8_SOURCE_ARCHIVE,RCWH_SelfContained_Handover_v4.0_20261007(1).zip,02_CURRENT_RUNTIME/MECHANISM/R4-E_H01-H06_来源台账_v1.0.md,RETAINED
05_POST_M8_SOURCE_ARCHIVE/CURRENT_RUNTIME/MECHANISM/R4-E_历史机制一手史料复核总表_v1.0_R4E_PASS.md,b63d359a25df64c9eb2d6588cb99cc0faf085dfaa45e920e3b9583dd93c3acc4,5183,POST_M8_SOURCE_ARCHIVE,RCWH_SelfContained_Handover_v4.0_20261007(1).zip,02_CURRENT_RUNTIME/MECHANISM/R4-E_历史机制一手史料复核总表_v1.0_R4E_PASS.md,RETAINED
05_POST_M8_SOURCE_ARCHIVE/CURRENT_RUNTIME/MECHANISM/R4-E_历史机制边界同步表_v1.0.md,b8b3f2d359b23648ae72c836af398da134fab1a471110676ae7a74ef215ed727,1248,POST_M8_SOURCE_ARCHIVE,RCWH_SelfContained_Handover_v4.0_20261007(1).zip,02_CURRENT_RUNTIME/MECHANISM/R4-E_历史机制边界同步表_v1.0.md,RETAINED
05_POST_M8_SOURCE_ARCHIVE/CURRENT_RUNTIME/RECONSTRUCTION/81—100_二十回全幅补完卡_v2.5_稳定ACTIVE.md,23861cce04acb8308e2d9c19a38445cddbe985b41fc8f0458d965e2379309072,60027,POST_M8_SOURCE_ARCHIVE,RCWH_SelfContained_Handover_v4.0_20261007(1).zip,02_CURRENT_RUNTIME/RECONSTRUCTION/81—100_二十回全幅补完卡_v2.5_稳定ACTIVE.md,RETAINED
05_POST_M8_SOURCE_ARCHIVE/VALID_HISTORY/ARCHIVE/HISTORICAL/088a9e7e3a__文档去重与归档说明_v3.4.md,088a9e7e3adfb430eedec7aa15b307d9d3c4c23f5aa33874134aad567a8be272,410,POST_M8_SOURCE_ARCHIVE,RCWH_SelfContained_Handover_v4.0_20261007(1).zip,03_VALID_HISTORY/ARCHIVE/HISTORICAL/088a9e7e3a__文档去重与归档说明_v3.4.md,RETAINED
05_POST_M8_SOURCE_ARCHIVE/VALID_HISTORY/ARCHIVE/HISTORICAL/0d6c97dbc1__ACTIVE文档内部依赖审计_v3.0.md,0d6c97dbc1d65d83d41024afe162f4658da9025b96f514b1fe84ffb592505171,521,POST_M8_SOURCE_ARCHIVE,RCWH_SelfContained_Handover_v4.0_20261007(1).zip,03_VALID_HISTORY/ARCHIVE/HISTORICAL/0d6c97dbc1__ACTIVE文档内部依赖审计_v3.0.md,RETAINED
05_POST_M8_SOURCE_ARCHIVE/VALID_HISTORY/ARCHIVE/HISTORICAL/1522ec54b7__R3过程文档同步审计_v1.4_最终定稿.md,1522ec54b7a943b18bbeab910e49640f1bbcdf6a8afbef2ced50a46dd6967e0c,633,POST_M8_SOURCE_ARCHIVE,RCWH_SelfContained_Handover_v4.0_20261007(1).zip,03_VALID_HISTORY/ARCHIVE/HISTORICAL/1522ec54b7__R3过程文档同步审计_v1.4_最终定稿.md,RETAINED
05_POST_M8_SOURCE_ARCHIVE/VALID_HISTORY/ARCHIVE/HISTORICAL/191272c27b__当前文档继承与废止表_v2.0.md,191272c27b0457334f267ca1c3e3559d87995d0c33c282545a9fc761709c605d,1422,POST_M8_SOURCE_ARCHIVE,RCWH_SelfContained_Handover_v4.0_20261007(1).zip,03_VALID_HISTORY/ARCHIVE/HISTORICAL/191272c27b__当前文档继承与废止表_v2.0.md,RETAINED
05_POST_M8_SOURCE_ARCHIVE/VALID_HISTORY/ARCHIVE/HISTORICAL/279da27322__R3过程文档同步审计_v1.0_初审.md,279da27322e4f0c4b05efd1f1b4c6990bb2db138db058178dd04450219385f5d,854,POST_M8_SOURCE_ARCHIVE,RCWH_SelfContained_Handover_v4.0_20261007(1).zip,03_VALID_HISTORY/ARCHIVE/HISTORICAL/279da27322__R3过程文档同步审计_v1.0_初审.md,RETAINED
05_POST_M8_SOURCE_ARCHIVE/VALID_HISTORY/ARCHIVE/HISTORICAL/2c7a874016__R2-E_85_87保留裁定_v1.0.md,2c7a874016c1bdda27a924a5b00d41c4ebab2e18fe800e8010ef32ae9bed1d12,1020,POST_M8_SOURCE_ARCHIVE,RCWH_SelfContained_Handover_v4.0_20261007(1).zip,03_VALID_HISTORY/ARCHIVE/HISTORICAL/2c7a874016__R2-E_85_87保留裁定_v1.0.md,RETAINED
05_POST_M8_SOURCE_ARCHIVE/VALID_HISTORY/ARCHIVE/HISTORICAL/2c97b9bbca__R2-C_史湘云卫若兰关系再审_v1.0.md,2c97b9bbca8b707fed74bf2c435677be36b2820405cab8e9b8f0c4587ecfaa46,2968,POST_M8_SOURCE_ARCHIVE,RCWH_SelfContained_Handover_v4.0_20261007(1).zip,03_VALID_HISTORY/ARCHIVE/HISTORICAL/2c97b9bbca__R2-C_史湘云卫若兰关系再审_v1.0.md,RETAINED
05_POST_M8_SOURCE_ARCHIVE/VALID_HISTORY/ARCHIVE/HISTORICAL/2f9a628db0__诗文B类非作品硬约束收口表_v1.0.md,2f9a628db061e13563e670c5e663c154ccf5b57557c038b6fbb797649c865e95,20268,POST_M8_SOURCE_ARCHIVE,RCWH_SelfContained_Handover_v4.0_20261007(1).zip,03_VALID_HISTORY/ARCHIVE/HISTORICAL/2f9a628db0__诗文B类非作品硬约束收口表_v1.0.md,RETAINED
05_POST_M8_SOURCE_ARCHIVE/VALID_HISTORY/ARCHIVE/HISTORICAL/3654a476d0__下一步唯一入口_R4全链审计.md,3654a476d08b451e32a231ccb7172d3c328d66e343e3929113e7c87d7a6cf626,421,POST_M8_SOURCE_ARCHIVE,RCWH_SelfContained_Handover_v4.0_20261007(1).zip,03_VALID_HISTORY/ARCHIVE/HISTORICAL/3654a476d0__下一步唯一入口_R4全链审计.md,RETAINED
05_POST_M8_SOURCE_ARCHIVE/VALID_HISTORY/ARCHIVE/HISTORICAL/41c410c02e__当前工程状态与下一步_v3.4.md,41c410c02eb2b9ea461a22b3a32842aef41c5f391a32dc5c2da7f5409bbee140,854,POST_M8_SOURCE_ARCHIVE,RCWH_SelfContained_Handover_v4.0_20261007(1).zip,03_VALID_HISTORY/ARCHIVE/HISTORICAL/41c410c02e__当前工程状态与下一步_v3.4.md,RETAINED
05_POST_M8_SOURCE_ARCHIVE/VALID_HISTORY/ARCHIVE/HISTORICAL/47ce0e4b1a__RCWH_现有压缩包材料盘点_manifest_v1.0.json,47ce0e4b1a09065526a4eccd13738e781457f654805454a1e74d9d7abe58d608,21198,POST_M8_SOURCE_ARCHIVE,RCWH_SelfContained_Handover_v4.0_20261007(1).zip,03_VALID_HISTORY/ARCHIVE/HISTORICAL/47ce0e4b1a__RCWH_现有压缩包材料盘点_manifest_v1.0.json,RETAINED
05_POST_M8_SOURCE_ARCHIVE/VALID_HISTORY/ARCHIVE/HISTORICAL/48dedfd6b3__SHA256_稳定ACTIVE_v4.1.md,48dedfd6b3e8d724cb1c839d6f621bb3812cb7220977b55278731962afa3ed84,3016,POST_M8_SOURCE_ARCHIVE,RCWH_SelfContained_Handover_v4.0_20261007(1).zip,03_VALID_HISTORY/ARCHIVE/HISTORICAL/48dedfd6b3__SHA256_稳定ACTIVE_v4.1.md,RETAINED
05_POST_M8_SOURCE_ARCHIVE/VALID_HISTORY/ARCHIVE/HISTORICAL/4fae62f7ee__SHA256SUMS.txt,4fae62f7ee05a4b9c03bb40673241bb64d1464446c4223ed05458a48ca79fbc7,22607,POST_M8_SOURCE_ARCHIVE,RCWH_SelfContained_Handover_v4.0_20261007(1).zip,03_VALID_HISTORY/ARCHIVE/HISTORICAL/4fae62f7ee__SHA256SUMS.txt,RETAINED
05_POST_M8_SOURCE_ARCHIVE/VALID_HISTORY/ARCHIVE/HISTORICAL/508d9cc44c__RCWH_v0.2_证据可追溯极简架构与实施计划.md,508d9cc44cc9b84afeb6222b6a1680aff98d9e7c8b34824b0709944be4d4f48a,20036,POST_M8_SOURCE_ARCHIVE,RCWH_SelfContained_Handover_v4.0_20261007(1).zip,03_VALID_HISTORY/ARCHIVE/HISTORICAL/508d9cc44c__RCWH_v0.2_证据可追溯极简架构与实施计划.md,RETAINED
05_POST_M8_SOURCE_ARCHIVE/VALID_HISTORY/ARCHIVE/HISTORICAL/59075edf06__p0_title_source_audit_v1.py,59075edf0684a4518d2489a2987b616deca57e57a5f04a0649b3255b589d8873,945,POST_M8_SOURCE_ARCHIVE,RCWH_SelfContained_Handover_v4.0_20261007(1).zip,03_VALID_HISTORY/ARCHIVE/HISTORICAL/59075edf06__p0_title_source_audit_v1.py,RETAINED
05_POST_M8_SOURCE_ARCHIVE/VALID_HISTORY/ARCHIVE/HISTORICAL/5a14db392c__SHA256_Phase6_CURRENT_v1.1.md,5a14db392c5b7258e77f48180af436be073edbb21a4f6b110f434af06e5c1a5a,3138,POST_M8_SOURCE_ARCHIVE,RCWH_SelfContained_Handover_v4.0_20261007(1).zip,03_VALID_HISTORY/ARCHIVE/HISTORICAL/5a14db392c__SHA256_Phase6_CURRENT_v1.1.md,RETAINED
05_POST_M8_SOURCE_ARCHIVE/VALID_HISTORY/ARCHIVE/HISTORICAL/5f62753156__v3.4当前操作链依赖审计.md,5f62753156b990ec50b58bb1f1b413907b92da13a1f6d1192abb841d476a9569,90,POST_M8_SOURCE_ARCHIVE,RCWH_SelfContained_Handover_v4.0_20261007(1).zip,03_VALID_HISTORY/ARCHIVE/HISTORICAL/5f62753156__v3.4当前操作链依赖审计.md,RETAINED
05_POST_M8_SOURCE_ARCHIVE/VALID_HISTORY/ARCHIVE/HISTORICAL/60d34dc058__R4审计结果矩阵模板_v1.0.md,60d34dc058b3a7712eb11996c2b6e71761c08ba0ffed8a74e9eebfd4d05be2ac,406,POST_M8_SOURCE_ARCHIVE,RCWH_SelfContained_Handover_v4.0_20261007(1).zip,03_VALID_HISTORY/ARCHIVE/HISTORICAL/60d34dc058__R4审计结果矩阵模板_v1.0.md,RETAINED
05_POST_M8_SOURCE_ARCHIVE/VALID_HISTORY/ARCHIVE/HISTORICAL/6f22371487__R1_ACTIVE内部依赖审计_v1.0.md,6f223714870dc590da05056e958fd6b39e4d25ef3e9c939e92284e681a3a0b60,2500,POST_M8_SOURCE_ARCHIVE,RCWH_SelfContained_Handover_v4.0_20261007(1).zip,03_VALID_HISTORY/ARCHIVE/HISTORICAL/6f22371487__R1_ACTIVE内部依赖审计_v1.0.md,RETAINED
05_POST_M8_SOURCE_ARCHIVE/VALID_HISTORY/ARCHIVE/HISTORICAL/75738aae84__正文基线状态_R1_等待v1.2.md,75738aae840a4a2eaf75c331c2276914ef3054550ad99aa43aae854c20288b01,590,POST_M8_SOURCE_ARCHIVE,RCWH_SelfContained_Handover_v4.0_20261007(1).zip,03_VALID_HISTORY/ARCHIVE/HISTORICAL/75738aae84__正文基线状态_R1_等待v1.2.md,RETAINED
05_POST_M8_SOURCE_ARCHIVE/VALID_HISTORY/ARCHIVE/HISTORICAL/7c998459fc__R2-A_回目竞选与裁定_v1.0.md,7c998459fc0c248761f9f9449ed0a4a5e6a900f4cb19482a101f4a28d1ce1f87,5109,POST_M8_SOURCE_ARCHIVE,RCWH_SelfContained_Handover_v4.0_20261007(1).zip,03_VALID_HISTORY/ARCHIVE/HISTORICAL/7c998459fc__R2-A_回目竞选与裁定_v1.0.md,RETAINED
05_POST_M8_SOURCE_ARCHIVE/VALID_HISTORY/ARCHIVE/HISTORICAL/83c2280a36__SHA256_Phase0-1_v1.0.md,83c2280a36621735e64622e0dba61c5e7895d97be500c1ac9b76f7263f59f259,931,POST_M8_SOURCE_ARCHIVE,RCWH_SelfContained_Handover_v4.0_20261007(1).zip,03_VALID_HISTORY/ARCHIVE/HISTORICAL/83c2280a36__SHA256_Phase0-1_v1.0.md,RETAINED
05_POST_M8_SOURCE_ARCHIVE/VALID_HISTORY/ARCHIVE/HISTORICAL/88913f21dc__SHA256_Phase8_R4G_FINAL_v2.0.md,88913f21dc12df7f41d2d23503a4519ef62965b23402a9989d7fc6faeb27ef6e,1309,POST_M8_SOURCE_ARCHIVE,RCWH_SelfContained_Handover_v4.0_20261007(1).zip,03_VALID_HISTORY/ARCHIVE/HISTORICAL/88913f21dc__SHA256_Phase8_R4G_FINAL_v2.0.md,RETAINED
05_POST_M8_SOURCE_ARCHIVE/VALID_HISTORY/ARCHIVE/HISTORICAL/8ccb91489b__R3过程文档同步审计_v1.2_复核前版.md,8ccb91489b4457ae745529ef5b962b007ffd3d45faf862318a35d6a7980dd6e5,700,POST_M8_SOURCE_ARCHIVE,RCWH_SelfContained_Handover_v4.0_20261007(1).zip,03_VALID_HISTORY/ARCHIVE/HISTORICAL/8ccb91489b__R3过程文档同步审计_v1.2_复核前版.md,RETAINED
05_POST_M8_SOURCE_ARCHIVE/VALID_HISTORY/ARCHIVE/HISTORICAL/9e3db5f788__SHA256_Phase7_R4FRegression_v1.2_FINAL.md,9e3db5f7886df4023800db1594c0afbdec05bca4642663dd0720900aa4b97879,1346,POST_M8_SOURCE_ARCHIVE,RCWH_SelfContained_Handover_v4.0_20261007(1).zip,03_VALID_HISTORY/ARCHIVE/HISTORICAL/9e3db5f788__SHA256_Phase7_R4FRegression_v1.2_FINAL.md,RETAINED
05_POST_M8_SOURCE_ARCHIVE/VALID_HISTORY/ARCHIVE/HISTORICAL/a792cbfac1__R1_ACTIVE内部依赖审计_v1.3.md,a792cbfac1c55d22a9e7201621081a2dee3468a07ce7d4e543558ae355476c86,660,POST_M8_SOURCE_ARCHIVE,RCWH_SelfContained_Handover_v4.0_20261007(1).zip,03_VALID_HISTORY/ARCHIVE/HISTORICAL/a792cbfac1__R1_ACTIVE内部依赖审计_v1.3.md,RETAINED
05_POST_M8_SOURCE_ARCHIVE/VALID_HISTORY/ARCHIVE/HISTORICAL/acf2a22b76__当前修复状态_R3.md,acf2a22b76ca56680cc8f6adc63cbbf88cff2a55fc411119cda0c31b8c65ddec,1021,POST_M8_SOURCE_ARCHIVE,RCWH_SelfContained_Handover_v4.0_20261007(1).zip,03_VALID_HISTORY/ARCHIVE/HISTORICAL/acf2a22b76__当前修复状态_R3.md,RETAINED
05_POST_M8_SOURCE_ARCHIVE/VALID_HISTORY/ARCHIVE/HISTORICAL/b87f43436d__v3.4精简过程文档体系验收审计.md,b87f43436d3e76577e12021248826ce1d31f15f76909f1e3b45de0bafea4f348,237,POST_M8_SOURCE_ARCHIVE,RCWH_SelfContained_Handover_v4.0_20261007(1).zip,03_VALID_HISTORY/ARCHIVE/HISTORICAL/b87f43436d__v3.4精简过程文档体系验收审计.md,RETAINED
05_POST_M8_SOURCE_ARCHIVE/VALID_HISTORY/ARCHIVE/HISTORICAL/be22d10df0__R2-B_93_94排序竞选_v1.0.md,be22d10df0db4f323197b70d899578f606b2ca69482cd16a1a8c9c6291c1d62d,2221,POST_M8_SOURCE_ARCHIVE,RCWH_SelfContained_Handover_v4.0_20261007(1).zip,03_VALID_HISTORY/ARCHIVE/HISTORICAL/be22d10df0__R2-B_93_94排序竞选_v1.0.md,RETAINED
05_POST_M8_SOURCE_ARCHIVE/VALID_HISTORY/ARCHIVE/HISTORICAL/d0f17d91a9__R1_ACTIVE内部依赖审计_v1.2.md,d0f17d91a96a6307e43d48a03bdeb080f9f2e71265c6c15663ddc3a6bdf94d13,2189,POST_M8_SOURCE_ARCHIVE,RCWH_SelfContained_Handover_v4.0_20261007(1).zip,03_VALID_HISTORY/ARCHIVE/HISTORICAL/d0f17d91a9__R1_ACTIVE内部依赖审计_v1.2.md,RETAINED
05_POST_M8_SOURCE_ARCHIVE/VALID_HISTORY/ARCHIVE/HISTORICAL/d244033203__下一阶段施工入口_第43-0.md,d244033203766b5660ba38216aa22d868c9a7d210f61c553fe95cef118651898,768,POST_M8_SOURCE_ARCHIVE,RCWH_SelfContained_Handover_v4.0_20261007(1).zip,03_VALID_HISTORY/ARCHIVE/HISTORICAL/d244033203__下一阶段施工入口_第43-0.md,RETAINED
05_POST_M8_SOURCE_ARCHIVE/VALID_HISTORY/ARCHIVE/HISTORICAL/ddba5a1815__R1_ACTIVE内部依赖审计_v1.1.md,ddba5a18152e4122c69fd706119a6a60ecd7853d3661b455840324bc0912ff0b,1869,POST_M8_SOURCE_ARCHIVE,RCWH_SelfContained_Handover_v4.0_20261007(1).zip,03_VALID_HISTORY/ARCHIVE/HISTORICAL/ddba5a1815__R1_ACTIVE内部依赖审计_v1.1.md,RETAINED
05_POST_M8_SOURCE_ARCHIVE/VALID_HISTORY/ARCHIVE/HISTORICAL/ed0e9d74b3__R3过程文档同步审计_v1.1_复核前版.md,ed0e9d74b395b527615a997d0a57774a3a8f413166a94da01e38dbc36bec1a22,1439,POST_M8_SOURCE_ARCHIVE,RCWH_SelfContained_Handover_v4.0_20261007(1).zip,03_VALID_HISTORY/ARCHIVE/HISTORICAL/ed0e9d74b3__R3过程文档同步审计_v1.1_复核前版.md,RETAINED
05_POST_M8_SOURCE_ARCHIVE/VALID_HISTORY/ARCHIVE/HISTORICAL/f6a874ef36__R3过程文档同步审计_v1.3_最终定稿.md,f6a874ef36cb8b7a4a1bd540f265cd20e2008a36f29ab12fc4f5e77ec0973e37,1184,POST_M8_SOURCE_ARCHIVE,RCWH_SelfContained_Handover_v4.0_20261007(1).zip,03_VALID_HISTORY/ARCHIVE/HISTORICAL/f6a874ef36__R3过程文档同步审计_v1.3_最终定稿.md,RETAINED
05_POST_M8_SOURCE_ARCHIVE/VALID_HISTORY/ARCHIVE/HISTORICAL/ff7f8c9380__当前修复状态_R2.md,ff7f8c9380d13e6cef34d7dc99bd9488535ee2703f00a7c677cb97e2667d43ed,674,POST_M8_SOURCE_ARCHIVE,RCWH_SelfContained_Handover_v4.0_20261007(1).zip,03_VALID_HISTORY/ARCHIVE/HISTORICAL/ff7f8c9380__当前修复状态_R2.md,RETAINED
05_POST_M8_SOURCE_ARCHIVE/VALID_HISTORY/ARCHIVE/HISTORICAL/ff8490f755__当前修复状态_R1.md,ff8490f755b9cbe5c13c1ebc5060d08213a5564a58b73dbe922e274825f396e9,851,POST_M8_SOURCE_ARCHIVE,RCWH_SelfContained_Handover_v4.0_20261007(1).zip,03_VALID_HISTORY/ARCHIVE/HISTORICAL/ff8490f755__当前修复状态_R1.md,RETAINED
05_POST_M8_SOURCE_ARCHIVE/VALID_HISTORY/EVIDENCE/REFERENCE/04eec4c60c__第32.5-B_当前第32-A直引硬锁自动比对报告_v1.1_V轴全量规则版.md,04eec4c60ca769ad44f8680eef4abed16fe50b2b80d461e5bd09b184d31641a0,1753,POST_M8_SOURCE_ARCHIVE,RCWH_SelfContained_Handover_v4.0_20261007(1).zip,03_VALID_HISTORY/EVIDENCE/REFERENCE/04eec4c60c__第32.5-B_当前第32-A直引硬锁自动比对报告_v1.1_V轴全量规则版.md,RETAINED
05_POST_M8_SOURCE_ARCHIVE/VALID_HISTORY/EVIDENCE/REFERENCE/0ab7a1f689__R4_证据角色审计矩阵_v1.7_Phase6同步.md,0ab7a1f6899133eeb17607d651582f17346211a1c5e4bc7de26d50460e3dec0d,2633,POST_M8_SOURCE_ARCHIVE,RCWH_SelfContained_Handover_v4.0_20261007(1).zip,03_VALID_HISTORY/EVIDENCE/REFERENCE/0ab7a1f689__R4_证据角色审计矩阵_v1.7_Phase6同步.md,RETAINED
05_POST_M8_SOURCE_ARCHIVE/VALID_HISTORY/EVIDENCE/REFERENCE/1840d12d25__81—100_保护锁与不可破坏细节表_v1.2_V轴全量回归版.md,1840d12d25424a164d326f9bab2de1c763278002600ea9bc6396e0832baffe58,12403,POST_M8_SOURCE_ARCHIVE,RCWH_SelfContained_Handover_v4.0_20261007(1).zip,03_VALID_HISTORY/EVIDENCE/REFERENCE/1840d12d25__81—100_保护锁与不可破坏细节表_v1.2_V轴全量回归版.md,RETAINED
05_POST_M8_SOURCE_ARCHIVE/VALID_HISTORY/EVIDENCE/REFERENCE/1f8ff4c617__81—100_回目T轴全量审计与重拟准入表_v1.0.md,1f8ff4c6177c1e21303d8a51da3f9d2303d1cbb659d255f71db2e942b424b9f1,4801,POST_M8_SOURCE_ARCHIVE,RCWH_SelfContained_Handover_v4.0_20261007(1).zip,03_VALID_HISTORY/EVIDENCE/REFERENCE/1f8ff4c617__81—100_回目T轴全量审计与重拟准入表_v1.0.md,RETAINED
05_POST_M8_SOURCE_ARCHIVE/VALID_HISTORY/EVIDENCE/REFERENCE/23c6a1ba0a__R4-B_证据角色与字面目标复核报告_v1.0.md,23c6a1ba0addb5cd54bfaf38d65d371c153aba295acfbe2ea3d4bb85d4cb654e,11261,POST_M8_SOURCE_ARCHIVE,RCWH_SelfContained_Handover_v4.0_20261007(1).zip,03_VALID_HISTORY/EVIDENCE/REFERENCE/23c6a1ba0a__R4-B_证据角色与字面目标复核报告_v1.0.md,RETAINED
05_POST_M8_SOURCE_ARCHIVE/VALID_HISTORY/EVIDENCE/REFERENCE/2508134d59__后80直引证据角色总台账_v1.2_R3同步版.md,2508134d59ae414a9807e02e7b9ca32ee26f2652ef758d25cbfc58d2f0022cf5,7585,POST_M8_SOURCE_ARCHIVE,RCWH_SelfContained_Handover_v4.0_20261007(1).zip,03_VALID_HISTORY/EVIDENCE/REFERENCE/2508134d59__后80直引证据角色总台账_v1.2_R3同步版.md,RETAINED
05_POST_M8_SOURCE_ARCHIVE/VALID_HISTORY/EVIDENCE/REFERENCE/2a4cc1b151__81—100_运行性前置状态总表_v1.2_V轴全量回归版.md,2a4cc1b1511e503542157867d9161749ddfef97f8b393831c5ce85c9a56d3309,19489,POST_M8_SOURCE_ARCHIVE,RCWH_SelfContained_Handover_v4.0_20261007(1).zip,03_VALID_HISTORY/EVIDENCE/REFERENCE/2a4cc1b151__81—100_运行性前置状态总表_v1.2_V轴全量回归版.md,RETAINED
05_POST_M8_SOURCE_ARCHIVE/VALID_HISTORY/EVIDENCE/REFERENCE/2a6f3e27d0__第32.5-A2_全脂批V轴穷尽审计报告_v1.0.md,2a6f3e27d071f2abf3112868a9c5d1e0a8b75d92404ec8c525798631ff97b45f,5792,POST_M8_SOURCE_ARCHIVE,RCWH_SelfContained_Handover_v4.0_20261007(1).zip,03_VALID_HISTORY/EVIDENCE/REFERENCE/2a6f3e27d0__第32.5-A2_全脂批V轴穷尽审计报告_v1.0.md,RETAINED
05_POST_M8_SOURCE_ARCHIVE/VALID_HISTORY/EVIDENCE/REFERENCE/3530807848__R4_证据角色审计矩阵_v1.8_R4FRegression_FINAL.md,3530807848001539172794fe83b72428f5b6cb5f6dc1f8521a57b5b1336b0bdd,3009,POST_M8_SOURCE_ARCHIVE,RCWH_SelfContained_Handover_v4.0_20261007(1).zip,03_VALID_HISTORY/EVIDENCE/REFERENCE/3530807848__R4_证据角色审计矩阵_v1.8_R4FRegression_FINAL.md,RETAINED
05_POST_M8_SOURCE_ARCHIVE/VALID_HISTORY/EVIDENCE/REFERENCE/4a278878a4__81—100_十二维文学文化缺口总表_v1.2_V轴全量回归版.md,4a278878a464c882820e97d2127f3e2691bbbae09cb917f590b83511bca1ef56,28525,POST_M8_SOURCE_ARCHIVE,RCWH_SelfContained_Handover_v4.0_20261007(1).zip,03_VALID_HISTORY/EVIDENCE/REFERENCE/4a278878a4__81—100_十二维文学文化缺口总表_v1.2_V轴全量回归版.md,RETAINED
05_POST_M8_SOURCE_ARCHIVE/VALID_HISTORY/EVIDENCE/REFERENCE/4d56ae1bed__81—100_作者层韵文配置与三案竞选总表_v1.2_V轴全量回归版.md,4d56ae1bed05a212c33f8bc1dc867605a50bdf40a3f2b0953fd1f292c82a1bd9,24428,POST_M8_SOURCE_ARCHIVE,RCWH_SelfContained_Handover_v4.0_20261007(1).zip,03_VALID_HISTORY/EVIDENCE/REFERENCE/4d56ae1bed__81—100_作者层韵文配置与三案竞选总表_v1.2_V轴全量回归版.md,RETAINED
05_POST_M8_SOURCE_ARCHIVE/VALID_HISTORY/EVIDENCE/REFERENCE/5bc1ec800a__R4_证据角色审计矩阵_v1.1_R4A完成.md,5bc1ec800aa71bf44654b29d57e55c5252e2d105fda49a3dd17ac094dd0feb0a,3303,POST_M8_SOURCE_ARCHIVE,RCWH_SelfContained_Handover_v4.0_20261007(1).zip,03_VALID_HISTORY/EVIDENCE/REFERENCE/5bc1ec800a__R4_证据角色审计矩阵_v1.1_R4A完成.md,RETAINED
05_POST_M8_SOURCE_ARCHIVE/VALID_HISTORY/EVIDENCE/REFERENCE/734718533e__81—100_二十回全幅补完卡_v1.2_V轴全量回归版.md,734718533ef8ced7cd358f583f9c247f7a90510c009d77cf9fe973d62e1c926e,58803,POST_M8_SOURCE_ARCHIVE,RCWH_SelfContained_Handover_v4.0_20261007(1).zip,03_VALID_HISTORY/EVIDENCE/REFERENCE/734718533e__81—100_二十回全幅补完卡_v1.2_V轴全量回归版.md,RETAINED
05_POST_M8_SOURCE_ARCHIVE/VALID_HISTORY/EVIDENCE/REFERENCE/7460edf4c5__R4_证据角色审计矩阵_v1.2_R4B完成.md,7460edf4c57f99214ffac510d6329865029a75e8ac5a5e4dfd182e8663806deb,4665,POST_M8_SOURCE_ARCHIVE,RCWH_SelfContained_Handover_v4.0_20261007(1).zip,03_VALID_HISTORY/EVIDENCE/REFERENCE/7460edf4c5__R4_证据角色审计矩阵_v1.2_R4B完成.md,RETAINED
05_POST_M8_SOURCE_ARCHIVE/VALID_HISTORY/EVIDENCE/REFERENCE/7b561d964f__红楼梦八十回后佚稿复原_工作底稿_v2.3_V轴全量审计回归母本.md,7b561d964f9b3c3971ca26f46c2abbf613fc8853ebda68268ac6fbfc5a3c05f4,35686,POST_M8_SOURCE_ARCHIVE,RCWH_SelfContained_Handover_v4.0_20261007(1).zip,03_VALID_HISTORY/EVIDENCE/REFERENCE/7b561d964f__红楼梦八十回后佚稿复原_工作底稿_v2.3_V轴全量审计回归母本.md,RETAINED
05_POST_M8_SOURCE_ARCHIVE/VALID_HISTORY/EVIDENCE/REFERENCE/88f96cc22c__81—100_被压缩形成过程与社会过程补完总表_v1.2_V轴全量回归版.md,88f96cc22c7debba3333afa0871fdc0547d0fc2f319325a0eac617f52de60bd2,39513,POST_M8_SOURCE_ARCHIVE,RCWH_SelfContained_Handover_v4.0_20261007(1).zip,03_VALID_HISTORY/EVIDENCE/REFERENCE/88f96cc22c__81—100_被压缩形成过程与社会过程补完总表_v1.2_V轴全量回归版.md,RETAINED
05_POST_M8_SOURCE_ARCHIVE/VALID_HISTORY/EVIDENCE/REFERENCE/901670c629__R4_证据角色审计矩阵_v1.4_R4C_PASS.md,901670c629cb989beb74919f34a0f4d33336e44a5c82a14a521a0532f0991db8,2623,POST_M8_SOURCE_ARCHIVE,RCWH_SelfContained_Handover_v4.0_20261007(1).zip,03_VALID_HISTORY/EVIDENCE/REFERENCE/901670c629__R4_证据角色审计矩阵_v1.4_R4C_PASS.md,RETAINED
05_POST_M8_SOURCE_ARCHIVE/VALID_HISTORY/EVIDENCE/REFERENCE/ad44ee6b1f__81—100_回目T轴审计与实施状态表_v1.2_当前版.md,ad44ee6b1fd05b1f55958c27524a77b2c3717dd7dbc681eb04a4af7a1b7d1821,5188,POST_M8_SOURCE_ARCHIVE,RCWH_SelfContained_Handover_v4.0_20261007(1).zip,03_VALID_HISTORY/EVIDENCE/REFERENCE/ad44ee6b1f__81—100_回目T轴审计与实施状态表_v1.2_当前版.md,RETAINED
05_POST_M8_SOURCE_ARCHIVE/VALID_HISTORY/EVIDENCE/REFERENCE/b6c6152e18__红楼梦八十回后佚稿复原_工作底稿_v2.2_V轴证据回归母本.md,b6c6152e1835a6f7cdc7df9a9ac71c50bab806f4b8410bd066ac45d44c1a4578,33859,POST_M8_SOURCE_ARCHIVE,RCWH_SelfContained_Handover_v4.0_20261007(1).zip,03_VALID_HISTORY/EVIDENCE/REFERENCE/b6c6152e18__红楼梦八十回后佚稿复原_工作底稿_v2.2_V轴证据回归母本.md,RETAINED
05_POST_M8_SOURCE_ARCHIVE/VALID_HISTORY/EVIDENCE/REFERENCE/c4f15da582__R4_证据角色审计矩阵_v1.8_R4F回归PASS.md,c4f15da5825d69c81a9f1dcdb2ab3c708ac012822a63ef730e17fb842f4550e7,3113,POST_M8_SOURCE_ARCHIVE,RCWH_SelfContained_Handover_v4.0_20261007(1).zip,03_VALID_HISTORY/EVIDENCE/REFERENCE/c4f15da582__R4_证据角色审计矩阵_v1.8_R4F回归PASS.md,RETAINED
05_POST_M8_SOURCE_ARCHIVE/VALID_HISTORY/EVIDENCE/REFERENCE/c5d239998a__R4_证据角色审计矩阵_v1.6_R4F_PASS.md,c5d239998aa9d529ae7dc908b2a3d2b4e63e813d0be328f5e5511903a5742143,2474,POST_M8_SOURCE_ARCHIVE,RCWH_SelfContained_Handover_v4.0_20261007(1).zip,03_VALID_HISTORY/EVIDENCE/REFERENCE/c5d239998a__R4_证据角色审计矩阵_v1.6_R4F_PASS.md,RETAINED
05_POST_M8_SOURCE_ARCHIVE/VALID_HISTORY/EVIDENCE/REFERENCE/ca88df6e6e__81—100_回目T轴全量审计与实施状态表_v1.1.md,ca88df6e6ecbf9ad4399531bc9a776a7f20b0b169511fb715de7e58165debf99,5180,POST_M8_SOURCE_ARCHIVE,RCWH_SelfContained_Handover_v4.0_20261007(1).zip,03_VALID_HISTORY/EVIDENCE/REFERENCE/ca88df6e6e__81—100_回目T轴全量审计与实施状态表_v1.1.md,RETAINED
05_POST_M8_SOURCE_ARCHIVE/VALID_HISTORY/EVIDENCE/REFERENCE/cf1ab51af7__R4_证据角色审计矩阵_v1.5_R4D_PASS.md,cf1ab51af7af2f8828d30c8db1f9bbb38d04658aa2588fe1723a4ff63b553fe4,3040,POST_M8_SOURCE_ARCHIVE,RCWH_SelfContained_Handover_v4.0_20261007(1).zip,03_VALID_HISTORY/EVIDENCE/REFERENCE/cf1ab51af7__R4_证据角色审计矩阵_v1.5_R4D_PASS.md,RETAINED
05_POST_M8_SOURCE_ARCHIVE/VALID_HISTORY/EVIDENCE/REFERENCE/e5cf297af2__R4_证据角色审计矩阵_v1.3_R4C审计.md,e5cf297af2d808e3109d35d48b8cfe76eb108b7c4755f07f224c8457247d8fd5,2861,POST_M8_SOURCE_ARCHIVE,RCWH_SelfContained_Handover_v4.0_20261007(1).zip,03_VALID_HISTORY/EVIDENCE/REFERENCE/e5cf297af2__R4_证据角色审计矩阵_v1.3_R4C审计.md,RETAINED
05_POST_M8_SOURCE_ARCHIVE/VALID_HISTORY/EVIDENCE/REFERENCE/e7d86de89a__R4_证据角色审计矩阵_v1.9_R4F回归终版.md,e7d86de89a58405fcea730e7b47dfc32cfd057ddbee87f78e85d3a58b9939ef3,3258,POST_M8_SOURCE_ARCHIVE,RCWH_SelfContained_Handover_v4.0_20261007(1).zip,03_VALID_HISTORY/EVIDENCE/REFERENCE/e7d86de89a__R4_证据角色审计矩阵_v1.9_R4F回归终版.md,RETAINED
05_POST_M8_SOURCE_ARCHIVE/VALID_HISTORY/EVIDENCE/REFERENCE/e99d85d38d__R4_证据角色审计矩阵_v1.0.md,e99d85d38ded796a9a1ccb6ef2c3b79e68c9f8b4c59f6a50ff020f6f30bb1663,1821,POST_M8_SOURCE_ARCHIVE,RCWH_SelfContained_Handover_v4.0_20261007(1).zip,03_VALID_HISTORY/EVIDENCE/REFERENCE/e99d85d38d__R4_证据角色审计矩阵_v1.0.md,RETAINED
05_POST_M8_SOURCE_ARCHIVE/VALID_HISTORY/EVIDENCE/REFERENCE/fdc75d8be5__后80直引证据角色总台账_v1.3_当前版.md,fdc75d8be557217496f187772a1fdd602c9d5b3fb339f818f465411be1b68629,7593,POST_M8_SOURCE_ARCHIVE,RCWH_SelfContained_Handover_v4.0_20261007(1).zip,03_VALID_HISTORY/EVIDENCE/REFERENCE/fdc75d8be5__后80直引证据角色总台账_v1.3_当前版.md,RETAINED
05_POST_M8_SOURCE_ARCHIVE/VALID_HISTORY/EVIDENCE_LITERARY/REFERENCE/0f2651a5c0__80回后佚失诗词文赋总表_v1.4_当前版.md,0f2651a5c0f1562b2372fd12710ecbe6aaaa706e5081bbd39b5ea3232ab536fa,4854,POST_M8_SOURCE_ARCHIVE,RCWH_SelfContained_Handover_v4.0_20261007(1).zip,03_VALID_HISTORY/EVIDENCE_LITERARY/REFERENCE/0f2651a5c0__80回后佚失诗词文赋总表_v1.4_当前版.md,RETAINED
05_POST_M8_SOURCE_ARCHIVE/VALID_HISTORY/EVIDENCE_LITERARY/REFERENCE/14d6520e39__80回后佚失诗词文赋总表_v1.2_来源与角色回归版.md,14d6520e3960682ab39942a81e37244ea69d988e54280292ad12c3b64f2a1e6b,4354,POST_M8_SOURCE_ARCHIVE,RCWH_SelfContained_Handover_v4.0_20261007(1).zip,03_VALID_HISTORY/EVIDENCE_LITERARY/REFERENCE/14d6520e39__80回后佚失诗词文赋总表_v1.2_来源与角色回归版.md,RETAINED
05_POST_M8_SOURCE_ARCHIVE/VALID_HISTORY/EVIDENCE_LITERARY/REFERENCE/1afd076b4e__80回后佚失诗词文赋总表_v1.3_R3同步版.md,1afd076b4e875e590b61dc899da39794742c861f5845d52990037f7a1423d501,4870,POST_M8_SOURCE_ARCHIVE,RCWH_SelfContained_Handover_v4.0_20261007(1).zip,03_VALID_HISTORY/EVIDENCE_LITERARY/REFERENCE/1afd076b4e__80回后佚失诗词文赋总表_v1.3_R3同步版.md,RETAINED
05_POST_M8_SOURCE_ARCHIVE/VALID_HISTORY/EVIDENCE_LITERARY/REFERENCE/5d51a872fd__诗文B类非作品约束收口表_v1.2_R3同步版.md,5d51a872fd0a26afcf3aa671d463cf52d9244788aca10019fbed0a77333510c2,2724,POST_M8_SOURCE_ARCHIVE,RCWH_SelfContained_Handover_v4.0_20261007(1).zip,03_VALID_HISTORY/EVIDENCE_LITERARY/REFERENCE/5d51a872fd__诗文B类非作品约束收口表_v1.2_R3同步版.md,RETAINED
05_POST_M8_SOURCE_ARCHIVE/VALID_HISTORY/EVIDENCE_LITERARY/REFERENCE/d86b5d325c__诗文B类非作品约束收口表_v1.1_证据角色回归版.md,d86b5d325c10d0aec0c48a6c6b46fe300d293e8644debff4214ec1898ee0b4b6,2513,POST_M8_SOURCE_ARCHIVE,RCWH_SelfContained_Handover_v4.0_20261007(1).zip,03_VALID_HISTORY/EVIDENCE_LITERARY/REFERENCE/d86b5d325c__诗文B类非作品约束收口表_v1.1_证据角色回归版.md,RETAINED
05_POST_M8_SOURCE_ARCHIVE/VALID_HISTORY/EVIDENCE_LITERARY/REFERENCE/eab875c697__诗文B类非作品约束收口表_v1.3_当前版.md,eab875c6975564b45f7a1bcb785cb1edcc9257f274f5402866a6d7b8d2b14adf,2724,POST_M8_SOURCE_ARCHIVE,RCWH_SelfContained_Handover_v4.0_20261007(1).zip,03_VALID_HISTORY/EVIDENCE_LITERARY/REFERENCE/eab875c697__诗文B类非作品约束收口表_v1.3_当前版.md,RETAINED
05_POST_M8_SOURCE_ARCHIVE/VALID_HISTORY/GOVERNANCE/HISTORICAL/12b8682b36__00_当前操作链索引_v4.0.md,12b8682b3637c079c9219e38c0f05840653d6bc5d0f87df9e0b7246094d90f78,746,POST_M8_SOURCE_ARCHIVE,RCWH_SelfContained_Handover_v4.0_20261007(1).zip,03_VALID_HISTORY/GOVERNANCE/HISTORICAL/12b8682b36__00_当前操作链索引_v4.0.md,RETAINED
05_POST_M8_SOURCE_ARCHIVE/VALID_HISTORY/GOVERNANCE/HISTORICAL/165c6360de__红楼梦八十回后全幅文学补完大工程计划_v5.3.1.md,165c6360de70e809c44c510359676d85645b3302bbdbb2b341e25f77d40a8e40,70137,POST_M8_SOURCE_ARCHIVE,RCWH_SelfContained_Handover_v4.0_20261007(1).zip,03_VALID_HISTORY/GOVERNANCE/HISTORICAL/165c6360de__红楼梦八十回后全幅文学补完大工程计划_v5.3.1.md,RETAINED
05_POST_M8_SOURCE_ARCHIVE/VALID_HISTORY/GOVERNANCE/HISTORICAL/1797e310a2__00_当前操作链索引_R4G_REOPENED_v1.6_R4F回归完成.md,1797e310a25be1c66ffe006a77fbe9c492379252c483ca2e9f6d23295d163aea,587,POST_M8_SOURCE_ARCHIVE,RCWH_SelfContained_Handover_v4.0_20261007(1).zip,03_VALID_HISTORY/GOVERNANCE/HISTORICAL/1797e310a2__00_当前操作链索引_R4G_REOPENED_v1.6_R4F回归完成.md,RETAINED
05_POST_M8_SOURCE_ARCHIVE/VALID_HISTORY/GOVERNANCE/HISTORICAL/24c4c617c6__00_当前操作链索引_R4G_REOPENED_v1.4_Phase5完成.md,24c4c617c647db7740e29cfc2bb6c2e7776d93ed963ae7d4411eed75bd0d2bf8,612,POST_M8_SOURCE_ARCHIVE,RCWH_SelfContained_Handover_v4.0_20261007(1).zip,03_VALID_HISTORY/GOVERNANCE/HISTORICAL/24c4c617c6__00_当前操作链索引_R4G_REOPENED_v1.4_Phase5完成.md,RETAINED
05_POST_M8_SOURCE_ARCHIVE/VALID_HISTORY/GOVERNANCE/HISTORICAL/2a230cad94__红楼梦八十回后全幅文学补完大工程计划_v5.3.2.md,2a230cad94ff09fdfe17bd8bbef265a9af630d8f8acaa4609a0b86bf1f7a997c,70203,POST_M8_SOURCE_ARCHIVE,RCWH_SelfContained_Handover_v4.0_20261007(1).zip,03_VALID_HISTORY/GOVERNANCE/HISTORICAL/2a230cad94__红楼梦八十回后全幅文学补完大工程计划_v5.3.2.md,RETAINED
05_POST_M8_SOURCE_ARCHIVE/VALID_HISTORY/GOVERNANCE/HISTORICAL/30cbd916f3__红楼梦八十回后全幅文学补完大工程计划_v5.6_R2完成版.md,30cbd916f34c11d5ec71ff8f29b43d4e753a1876cf14ab15af132a6eb4a56a61,1227,POST_M8_SOURCE_ARCHIVE,RCWH_SelfContained_Handover_v4.0_20261007(1).zip,03_VALID_HISTORY/GOVERNANCE/HISTORICAL/30cbd916f3__红楼梦八十回后全幅文学补完大工程计划_v5.6_R2完成版.md,RETAINED
05_POST_M8_SOURCE_ARCHIVE/VALID_HISTORY/GOVERNANCE/HISTORICAL/367e3d25e1__当前操作链索引_v3.4.md,367e3d25e177b34c3c9c114f8a26a97f4299d0d8ebd473c284ec81b06945dee5,1057,POST_M8_SOURCE_ARCHIVE,RCWH_SelfContained_Handover_v4.0_20261007(1).zip,03_VALID_HISTORY/GOVERNANCE/HISTORICAL/367e3d25e1__当前操作链索引_v3.4.md,RETAINED
05_POST_M8_SOURCE_ARCHIVE/VALID_HISTORY/GOVERNANCE/HISTORICAL/497e17485f__00_当前操作链索引_R4G_REOPENED_v1.0.md,497e17485fc26212a8130879cb067dec8c1fca713237097a88703c02623fc337,1325,POST_M8_SOURCE_ARCHIVE,RCWH_SelfContained_Handover_v4.0_20261007(1).zip,03_VALID_HISTORY/GOVERNANCE/HISTORICAL/497e17485f__00_当前操作链索引_R4G_REOPENED_v1.0.md,RETAINED
05_POST_M8_SOURCE_ARCHIVE/VALID_HISTORY/GOVERNANCE/HISTORICAL/52cd53640e__红楼梦八十回后全幅文学补完大工程计划_v5.3.4.md,52cd53640e6f25bc2f74cb8e84d59d8ab10a56897ac97f86472b27c6b4e3d9c3,69692,POST_M8_SOURCE_ARCHIVE,RCWH_SelfContained_Handover_v4.0_20261007(1).zip,03_VALID_HISTORY/GOVERNANCE/HISTORICAL/52cd53640e__红楼梦八十回后全幅文学补完大工程计划_v5.3.4.md,RETAINED
05_POST_M8_SOURCE_ARCHIVE/VALID_HISTORY/GOVERNANCE/HISTORICAL/683b4bec04__红楼梦八十回后全幅文学补完大工程计划_v5.2.md,683b4bec045c2a37df48004b40f3ee4e8432c927ad8d129f63a4d0cf219b9932,68597,POST_M8_SOURCE_ARCHIVE,RCWH_SelfContained_Handover_v4.0_20261007(1).zip,03_VALID_HISTORY/GOVERNANCE/HISTORICAL/683b4bec04__红楼梦八十回后全幅文学补完大工程计划_v5.2.md,RETAINED
05_POST_M8_SOURCE_ARCHIVE/VALID_HISTORY/GOVERNANCE/HISTORICAL/7b866195a4__00_当前操作链索引_R4G_REOPENED_v1.7_R4F回归PASS.md,7b866195a40d24437f2ce6287fee1ad159295aec61ab262fb9e363d794aeded2,542,POST_M8_SOURCE_ARCHIVE,RCWH_SelfContained_Handover_v4.0_20261007(1).zip,03_VALID_HISTORY/GOVERNANCE/HISTORICAL/7b866195a4__00_当前操作链索引_R4G_REOPENED_v1.7_R4F回归PASS.md,RETAINED
05_POST_M8_SOURCE_ARCHIVE/VALID_HISTORY/GOVERNANCE/HISTORICAL/82d451d2e8__红楼梦八十回后全幅文学补完大工程计划_v5.5_证据角色回归计划.md,82d451d2e866607c03a972f3097d734fe9b65f88fae0cd0b67a9edd4f7ca9589,2667,POST_M8_SOURCE_ARCHIVE,RCWH_SelfContained_Handover_v4.0_20261007(1).zip,03_VALID_HISTORY/GOVERNANCE/HISTORICAL/82d451d2e8__红楼梦八十回后全幅文学补完大工程计划_v5.5_证据角色回归计划.md,RETAINED
05_POST_M8_SOURCE_ARCHIVE/VALID_HISTORY/GOVERNANCE/HISTORICAL/8cc7a2a8c9__红楼梦八十回后全幅文学补完大工程计划_v5.9_R4通过版.md,8cc7a2a8c9aaeea62918cfcf270544160f7ac6a1169af0553d6d2041b0f34056,9173,POST_M8_SOURCE_ARCHIVE,RCWH_SelfContained_Handover_v4.0_20261007(1).zip,03_VALID_HISTORY/GOVERNANCE/HISTORICAL/8cc7a2a8c9__红楼梦八十回后全幅文学补完大工程计划_v5.9_R4通过版.md,RETAINED
05_POST_M8_SOURCE_ARCHIVE/VALID_HISTORY/GOVERNANCE/HISTORICAL/98e36258f6__00_当前操作链索引_R4G_REOPENED_v1.5_Phase6完成.md,98e36258f6a090a089f55a48df0cb5842960412ba0bcfb073b03dec7b0eaee63,984,POST_M8_SOURCE_ARCHIVE,RCWH_SelfContained_Handover_v4.0_20261007(1).zip,03_VALID_HISTORY/GOVERNANCE/HISTORICAL/98e36258f6__00_当前操作链索引_R4G_REOPENED_v1.5_Phase6完成.md,RETAINED
05_POST_M8_SOURCE_ARCHIVE/VALID_HISTORY/GOVERNANCE/HISTORICAL/9ebe27e9b4__红楼梦八十回后全幅文学补完大工程计划_v5.3.3.md,9ebe27e9b4acc407f3ac6d8b0afaebd4962bec6abdb0de94c4b1ef12deee3471,70273,POST_M8_SOURCE_ARCHIVE,RCWH_SelfContained_Handover_v4.0_20261007(1).zip,03_VALID_HISTORY/GOVERNANCE/HISTORICAL/9ebe27e9b4__红楼梦八十回后全幅文学补完大工程计划_v5.3.3.md,RETAINED
05_POST_M8_SOURCE_ARCHIVE/VALID_HISTORY/GOVERNANCE/HISTORICAL/9f4c663af8__00_当前操作链索引_R4G_REOPENED_v1.2_Phase3完成.md,9f4c663af8956cbb53b2556830f6e813d308427b6851ed6d934f769b2fcc5cf0,414,POST_M8_SOURCE_ARCHIVE,RCWH_SelfContained_Handover_v4.0_20261007(1).zip,03_VALID_HISTORY/GOVERNANCE/HISTORICAL/9f4c663af8__00_当前操作链索引_R4G_REOPENED_v1.2_Phase3完成.md,RETAINED
05_POST_M8_SOURCE_ARCHIVE/VALID_HISTORY/GOVERNANCE/HISTORICAL/9f7307efe5__00_当前操作链索引_R4G_FINAL_PASS_v1.8.md,9f7307efe5db664493ca52c85707711afb02784da8868fe96ced1b1a852d15dd,548,POST_M8_SOURCE_ARCHIVE,RCWH_SelfContained_Handover_v4.0_20261007(1).zip,03_VALID_HISTORY/GOVERNANCE/HISTORICAL/9f7307efe5__00_当前操作链索引_R4G_FINAL_PASS_v1.8.md,RETAINED
05_POST_M8_SOURCE_ARCHIVE/VALID_HISTORY/GOVERNANCE/HISTORICAL/a59f2d6b22__00_当前操作链索引_R4G_REOPENED_v1.1_Phase2完成.md,a59f2d6b226469a0ae92cecf71411fff074a3f732377af2cdd8c4af2aa15a177,558,POST_M8_SOURCE_ARCHIVE,RCWH_SelfContained_Handover_v4.0_20261007(1).zip,03_VALID_HISTORY/GOVERNANCE/HISTORICAL/a59f2d6b22__00_当前操作链索引_R4G_REOPENED_v1.1_Phase2完成.md,RETAINED
05_POST_M8_SOURCE_ARCHIVE/VALID_HISTORY/GOVERNANCE/HISTORICAL/ad31389fdf__红楼梦八十回后全幅文学补完大工程计划_v5.8_截至R3总整理与R4执行版.md,ad31389fdf0e1797e8bbacc6a60136e9453020fe1ea790acc2ae30e44799ceb5,8821,POST_M8_SOURCE_ARCHIVE,RCWH_SelfContained_Handover_v4.0_20261007(1).zip,03_VALID_HISTORY/GOVERNANCE/HISTORICAL/ad31389fdf__红楼梦八十回后全幅文学补完大工程计划_v5.8_截至R3总整理与R4执行版.md,RETAINED
05_POST_M8_SOURCE_ARCHIVE/VALID_HISTORY/GOVERNANCE/HISTORICAL/b0b205461a__00_当前操作链索引_R4G_REOPENED_v1.7_R4FRegression_FINAL_PASS.md,b0b205461ae7723d884c85667874f3001e9ecfcaf73b006422b776241cc60d9e,513,POST_M8_SOURCE_ARCHIVE,RCWH_SelfContained_Handover_v4.0_20261007(1).zip,03_VALID_HISTORY/GOVERNANCE/HISTORICAL/b0b205461a__00_当前操作链索引_R4G_REOPENED_v1.7_R4FRegression_FINAL_PASS.md,RETAINED
05_POST_M8_SOURCE_ARCHIVE/VALID_HISTORY/GOVERNANCE/HISTORICAL/bc46bc89fb__红楼梦八十回后全幅文学补完大工程计划_v5.8_R4审计准备版(3).md,bc46bc89fb41ba3a11240ba268b78daeef002240cf1009b1ffee3e36de084a6e,9206,POST_M8_SOURCE_ARCHIVE,RCWH_SelfContained_Handover_v4.0_20261007(1).zip,03_VALID_HISTORY/GOVERNANCE/HISTORICAL/bc46bc89fb__红楼梦八十回后全幅文学补完大工程计划_v5.8_R4审计准备版(3).md,RETAINED
05_POST_M8_SOURCE_ARCHIVE/VALID_HISTORY/GOVERNANCE/HISTORICAL/bfcfdb4eca__00_当前操作链索引_R4G_REOPENED_v1.3_Phase4完成.md,bfcfdb4eca178e5b685ec6d4fea04c737687a187124aaf537f0e0eb54b1d05d9,645,POST_M8_SOURCE_ARCHIVE,RCWH_SelfContained_Handover_v4.0_20261007(1).zip,03_VALID_HISTORY/GOVERNANCE/HISTORICAL/bfcfdb4eca__00_当前操作链索引_R4G_REOPENED_v1.3_Phase4完成.md,RETAINED
05_POST_M8_SOURCE_ARCHIVE/VALID_HISTORY/GOVERNANCE/HISTORICAL/c1bfab152a__R4_活动链状态_v1.3_R4_COMPLETE.md,c1bfab152ae2e95f971fa999c2f47b6c94b80a1af4cf2aa2609a43c0742bf206,733,POST_M8_SOURCE_ARCHIVE,RCWH_SelfContained_Handover_v4.0_20261007(1).zip,03_VALID_HISTORY/GOVERNANCE/HISTORICAL/c1bfab152a__R4_活动链状态_v1.3_R4_COMPLETE.md,RETAINED
05_POST_M8_SOURCE_ARCHIVE/VALID_HISTORY/GOVERNANCE/HISTORICAL/c3acca352d__红楼梦八十回后全幅文学补完大工程计划_v5.7_R3全体系同步版.md,c3acca352db43d44b9338ca8583ded6dcdb704dd4823959d9a674dc0061ec6e1,2133,POST_M8_SOURCE_ARCHIVE,RCWH_SelfContained_Handover_v4.0_20261007(1).zip,03_VALID_HISTORY/GOVERNANCE/HISTORICAL/c3acca352d__红楼梦八十回后全幅文学补完大工程计划_v5.7_R3全体系同步版.md,RETAINED
05_POST_M8_SOURCE_ARCHIVE/VALID_HISTORY/GOVERNANCE/HISTORICAL/c4a94fa001__红楼梦八十回后全幅文学补完大工程计划_v5.3.5.md,c4a94fa001db5c71ab97a4f368d43e79eb38de3a228ca92edc3e6f675bfbc052,69864,POST_M8_SOURCE_ARCHIVE,RCWH_SelfContained_Handover_v4.0_20261007(1).zip,03_VALID_HISTORY/GOVERNANCE/HISTORICAL/c4a94fa001__红楼梦八十回后全幅文学补完大工程计划_v5.3.5.md,RETAINED
05_POST_M8_SOURCE_ARCHIVE/VALID_HISTORY/GOVERNANCE/HISTORICAL/c618926334__R4_活动链状态_v1.1_R4E_PASS.md,c618926334f36d3bf9de2de1a997ca8f72c70fc41568b7e6d0a84094716a94da,1010,POST_M8_SOURCE_ARCHIVE,RCWH_SelfContained_Handover_v4.0_20261007(1).zip,03_VALID_HISTORY/GOVERNANCE/HISTORICAL/c618926334__R4_活动链状态_v1.1_R4E_PASS.md,RETAINED
05_POST_M8_SOURCE_ARCHIVE/VALID_HISTORY/GOVERNANCE/HISTORICAL/ca0fd3a092__红楼梦八十回后全幅文学补完大工程计划_v5.4_精简施工版.md,ca0fd3a0921e8bcf50cf4090f28f02683e83a8e02f3a04b3420fd0447e71d257,9128,POST_M8_SOURCE_ARCHIVE,RCWH_SelfContained_Handover_v4.0_20261007(1).zip,03_VALID_HISTORY/GOVERNANCE/HISTORICAL/ca0fd3a092__红楼梦八十回后全幅文学补完大工程计划_v5.4_精简施工版.md,RETAINED
05_POST_M8_SOURCE_ARCHIVE/VALID_HISTORY/GOVERNANCE/HISTORICAL/cc4e7b14bc__R4_活动链状态_v1.2_R4F_PASS.md,cc4e7b14bc06c5361f888788fbd1d5782e4141a15be85fc909d1978a6c132b43,972,POST_M8_SOURCE_ARCHIVE,RCWH_SelfContained_Handover_v4.0_20261007(1).zip,03_VALID_HISTORY/GOVERNANCE/HISTORICAL/cc4e7b14bc__R4_活动链状态_v1.2_R4F_PASS.md,RETAINED
05_POST_M8_SOURCE_ARCHIVE/VALID_HISTORY/GOVERNANCE/HISTORICAL/db9e7ae7b1__当前操作链索引_v3.3.md,db9e7ae7b19bf82745daf72da0865e16e6bc752115ad106dfbcf2c5021939c7d,1128,POST_M8_SOURCE_ARCHIVE,RCWH_SelfContained_Handover_v4.0_20261007(1).zip,03_VALID_HISTORY/GOVERNANCE/HISTORICAL/db9e7ae7b1__当前操作链索引_v3.3.md,RETAINED
05_POST_M8_SOURCE_ARCHIVE/VALID_HISTORY/GOVERNANCE/HISTORICAL/e1593847a1__RCWH_现有材料盘点与机器层导入总计划_v1.0.md,e1593847a17f4ad38e6d59704824829c29b669596e635f400ce97daf0f333ccc,20351,POST_M8_SOURCE_ARCHIVE,RCWH_SelfContained_Handover_v4.0_20261007(1).zip,03_VALID_HISTORY/GOVERNANCE/HISTORICAL/e1593847a1__RCWH_现有材料盘点与机器层导入总计划_v1.0.md,RETAINED
05_POST_M8_SOURCE_ARCHIVE/VALID_HISTORY/GOVERNANCE/HISTORICAL/e55ad4c519__红楼梦八十回后全幅文学补完大工程计划_v5.1.md,e55ad4c519d3f126b1239974ee7fdf2bd532432d9a57ce8000ab95c549657171,47426,POST_M8_SOURCE_ARCHIVE,RCWH_SelfContained_Handover_v4.0_20261007(1).zip,03_VALID_HISTORY/GOVERNANCE/HISTORICAL/e55ad4c519__红楼梦八十回后全幅文学补完大工程计划_v5.1.md,RETAINED
05_POST_M8_SOURCE_ARCHIVE/VALID_HISTORY/GOVERNANCE/HISTORICAL/f53ad3158a__红楼梦八十回后全幅文学补完大工程计划_v5.3.md,f53ad3158a252093913e4828b1d6d480215451f682d7b3e17654451be049ee15,69751,POST_M8_SOURCE_ARCHIVE,RCWH_SelfContained_Handover_v4.0_20261007(1).zip,03_VALID_HISTORY/GOVERNANCE/HISTORICAL/f53ad3158a__红楼梦八十回后全幅文学补完大工程计划_v5.3.md,RETAINED
05_POST_M8_SOURCE_ARCHIVE/VALID_HISTORY/GOVERNANCE/HISTORICAL/fc3a437512__R4_活动链状态_v1.0_R4D_PASS.md,fc3a4375120644edf5ade936d5eae26f3ebcb303f7d25f0b220c3be8ca330035,1152,POST_M8_SOURCE_ARCHIVE,RCWH_SelfContained_Handover_v4.0_20261007(1).zip,03_VALID_HISTORY/GOVERNANCE/HISTORICAL/fc3a437512__R4_活动链状态_v1.0_R4D_PASS.md,RETAINED
05_POST_M8_SOURCE_ARCHIVE/VALID_HISTORY/GOVERNANCE/REFERENCE/a071902d2c__证据角色六字段治理规范_v1.0.md,a071902d2cba7eaaeee821f91113e568f431ac88c70078c3a4e0489991b4a002,5347,POST_M8_SOURCE_ARCHIVE,RCWH_SelfContained_Handover_v4.0_20261007(1).zip,03_VALID_HISTORY/GOVERNANCE/REFERENCE/a071902d2c__证据角色六字段治理规范_v1.0.md,RETAINED
05_POST_M8_SOURCE_ARCHIVE/VALID_HISTORY/GOVERNANCE/REFERENCE/e320a041fa__证据角色六字段治理规范_v1.1_当前版.md,e320a041faa72a5298eff9ec01a7f3731c30b7dd933a12e16cb5c9c744e78f75,5509,POST_M8_SOURCE_ARCHIVE,RCWH_SelfContained_Handover_v4.0_20261007(1).zip,03_VALID_HISTORY/GOVERNANCE/REFERENCE/e320a041fa__证据角色六字段治理规范_v1.1_当前版.md,RETAINED
05_POST_M8_SOURCE_ARCHIVE/VALID_HISTORY/IMPLEMENTATION/REFERENCE/18f8bcc273__81—100_正文实施事实登记表_v1.2_当前版.md,18f8bcc2739481d0b66ace616bb7cfc8b3f09d109e189d0b081d9c70f074a2c2,2847,POST_M8_SOURCE_ARCHIVE,RCWH_SelfContained_Handover_v4.0_20261007(1).zip,03_VALID_HISTORY/IMPLEMENTATION/REFERENCE/18f8bcc273__81—100_正文实施事实登记表_v1.2_当前版.md,RETAINED
05_POST_M8_SOURCE_ARCHIVE/VALID_HISTORY/IMPLEMENTATION/REFERENCE/2f4e108156__81—100_正文实施事实登记表_v1.4_R4D同步版.md,2f4e108156c34ecaab360dc161826ed3e3e21da34cbb0fa3cae76d806ac621b7,4857,POST_M8_SOURCE_ARCHIVE,RCWH_SelfContained_Handover_v4.0_20261007(1).zip,03_VALID_HISTORY/IMPLEMENTATION/REFERENCE/2f4e108156__81—100_正文实施事实登记表_v1.4_R4D同步版.md,RETAINED
05_POST_M8_SOURCE_ARCHIVE/VALID_HISTORY/IMPLEMENTATION/REFERENCE/37a8e92ff2__81—100_正文实施事实登记表_v1.6_Phase6清扫版.md,37a8e92ff263fff70ffae635c11afeffb46356d0b5449a6912f7d762a0a64447,6304,POST_M8_SOURCE_ARCHIVE,RCWH_SelfContained_Handover_v4.0_20261007(1).zip,03_VALID_HISTORY/IMPLEMENTATION/REFERENCE/37a8e92ff2__81—100_正文实施事实登记表_v1.6_Phase6清扫版.md,RETAINED
05_POST_M8_SOURCE_ARCHIVE/VALID_HISTORY/IMPLEMENTATION/REFERENCE/3be10c692c__81—100_正文实施事实登记表_v1.8_R4F回归PASS候选版.md,3be10c692c0e7c331a8f32f1cb4cf6d0d35da6aaf071ed6a5c8b53c0ae2141c3,6848,POST_M8_SOURCE_ARCHIVE,RCWH_SelfContained_Handover_v4.0_20261007(1).zip,03_VALID_HISTORY/IMPLEMENTATION/REFERENCE/3be10c692c__81—100_正文实施事实登记表_v1.8_R4F回归PASS候选版.md,RETAINED
05_POST_M8_SOURCE_ARCHIVE/VALID_HISTORY/IMPLEMENTATION/REFERENCE/504954615f__81—100_正文实施事实登记表_v1.3_R4C位置修复版.md,504954615f893439ab599787012a43fb4ae7f70704655f5ee4b3e668744516f8,3075,POST_M8_SOURCE_ARCHIVE,RCWH_SelfContained_Handover_v4.0_20261007(1).zip,03_VALID_HISTORY/IMPLEMENTATION/REFERENCE/504954615f__81—100_正文实施事实登记表_v1.3_R4C位置修复版.md,RETAINED
05_POST_M8_SOURCE_ARCHIVE/VALID_HISTORY/IMPLEMENTATION/REFERENCE/7757618460__81—100_正文实施事实登记表_v1.7_R4FRegression_FINAL候选版.md,77576184608c4b4799e99fc1ceb8bbe564a70c466890edb10be2d9f77f14027b,6689,POST_M8_SOURCE_ARCHIVE,RCWH_SelfContained_Handover_v4.0_20261007(1).zip,03_VALID_HISTORY/IMPLEMENTATION/REFERENCE/7757618460__81—100_正文实施事实登记表_v1.7_R4FRegression_FINAL候选版.md,RETAINED
05_POST_M8_SOURCE_ARCHIVE/VALID_HISTORY/IMPLEMENTATION/REFERENCE/88abd48eff__81—100_正文实施事实登记表_v1.0.md,88abd48eff28d8d1d8bfc71e7fb0496e85fc3a7c28a2ab45f339e911d27d12b8,2268,POST_M8_SOURCE_ARCHIVE,RCWH_SelfContained_Handover_v4.0_20261007(1).zip,03_VALID_HISTORY/IMPLEMENTATION/REFERENCE/88abd48eff__81—100_正文实施事实登记表_v1.0.md,RETAINED
05_POST_M8_SOURCE_ARCHIVE/VALID_HISTORY/IMPLEMENTATION/REFERENCE/bbc63c383b__81—100_正文实施事实登记表_v1.5_R4F边界同步版.md,bbc63c383b7abb79c6e02b64e77d810c6f61de1deb561fa5c891159c8ff0cbed,5415,POST_M8_SOURCE_ARCHIVE,RCWH_SelfContained_Handover_v4.0_20261007(1).zip,03_VALID_HISTORY/IMPLEMENTATION/REFERENCE/bbc63c383b__81—100_正文实施事实登记表_v1.5_R4F边界同步版.md,RETAINED
05_POST_M8_SOURCE_ARCHIVE/VALID_HISTORY/IMPLEMENTATION/REFERENCE/c1849d0c1e__81—100_正文实施事实登记表_v1.7_R4F回归候选版.md,c1849d0c1ed3a44dfbaeded8e77af6fbbc37654497c1911a993af88ab385453a,6818,POST_M8_SOURCE_ARCHIVE,RCWH_SelfContained_Handover_v4.0_20261007(1).zip,03_VALID_HISTORY/IMPLEMENTATION/REFERENCE/c1849d0c1e__81—100_正文实施事实登记表_v1.7_R4F回归候选版.md,RETAINED
05_POST_M8_SOURCE_ARCHIVE/VALID_HISTORY/IMPLEMENTATION/REFERENCE/fad6de6970__81—100_正文实施事实登记表_v1.1_R3同步版.md,fad6de6970c6b3a8273f20f41a069cf586c725b00526954d6cd6be55909c8113,2702,POST_M8_SOURCE_ARCHIVE,RCWH_SelfContained_Handover_v4.0_20261007(1).zip,03_VALID_HISTORY/IMPLEMENTATION/REFERENCE/fad6de6970__81—100_正文实施事实登记表_v1.1_R3同步版.md,RETAINED
05_POST_M8_SOURCE_ARCHIVE/VALID_HISTORY/IMPLEMENTATION/VERSION_HISTORY/bd15b087dc__第32-A_红楼梦八十回后文学复原_纯读版_v1.3_R4C位置修复基线.md,bd15b087dc6ac701a83312007d1cc77453f22f1ffe7791dc77d787c9fc532664,554474,POST_M8_SOURCE_ARCHIVE,RCWH_SelfContained_Handover_v4.0_20261007(1).zip,03_VALID_HISTORY/IMPLEMENTATION/VERSION_HISTORY/bd15b087dc__第32-A_红楼梦八十回后文学复原_纯读版_v1.3_R4C位置修复基线.md,RETAINED
05_POST_M8_SOURCE_ARCHIVE/VALID_HISTORY/IMPLEMENTATION/VERSION_HISTORY/ea84c40c90__第32-A_红楼梦八十回后文学复原_纯读版_v1.2_证据角色回归基线.md,ea84c40c90cb0b11b826b2e567d0ae817621097959d9e7c412c62b49e05de002,553744,POST_M8_SOURCE_ARCHIVE,RCWH_SelfContained_Handover_v4.0_20261007(1).zip,03_VALID_HISTORY/IMPLEMENTATION/VERSION_HISTORY/ea84c40c90__第32-A_红楼梦八十回后文学复原_纯读版_v1.2_证据角色回归基线.md,RETAINED
05_POST_M8_SOURCE_ARCHIVE/VALID_HISTORY/LITERARY_ECOLOGY/REFERENCE/03f8395f3f__黛亡诗文总接口与旧作分工专题_v1.0.md,03f8395f3f255624a58c5502d01a025ab7be5cbc493601c7566de45ed6ff2eda,28739,POST_M8_SOURCE_ARCHIVE,RCWH_SelfContained_Handover_v4.0_20261007(1).zip,03_VALID_HISTORY/LITERARY_ECOLOGY/REFERENCE/03f8395f3f__黛亡诗文总接口与旧作分工专题_v1.0.md,RETAINED
05_POST_M8_SOURCE_ARCHIVE/VALID_HISTORY/LITERARY_ECOLOGY/REFERENCE/0dd9e1e8d1__81—100_哲学宗教梦境情榜太虚深化方案_v1.1_精简施工版.md,0dd9e1e8d10b89f1ac618db1176f3cb38b0d850ac3d2a1d3c0e0c56f31e1a819,28195,POST_M8_SOURCE_ARCHIVE,RCWH_SelfContained_Handover_v4.0_20261007(1).zip,03_VALID_HISTORY/LITERARY_ECOLOGY/REFERENCE/0dd9e1e8d1__81—100_哲学宗教梦境情榜太虚深化方案_v1.1_精简施工版.md,RETAINED
05_POST_M8_SOURCE_ARCHIVE/VALID_HISTORY/LITERARY_ECOLOGY/REFERENCE/0fdd1014c1__81—100_人物新增诗文G层竞选总表_v1.1_精简施工版.md,0fdd1014c1f261bc26ae339f6f480ce1c24a0d646ad741594c9cc9c7deb04ba9,24575,POST_M8_SOURCE_ARCHIVE,RCWH_SelfContained_Handover_v4.0_20261007(1).zip,03_VALID_HISTORY/LITERARY_ECOLOGY/REFERENCE/0fdd1014c1__81—100_人物新增诗文G层竞选总表_v1.1_精简施工版.md,RETAINED
05_POST_M8_SOURCE_ARCHIVE/VALID_HISTORY/LITERARY_ECOLOGY/REFERENCE/121ea5f568__81—100_旧文化生活定向补完表_v1.3_当前版.md,121ea5f5687f121241204a19c4717de7df5631a617424e11a1f5e01e4aedef2e,23444,POST_M8_SOURCE_ARCHIVE,RCWH_SelfContained_Handover_v4.0_20261007(1).zip,03_VALID_HISTORY/LITERARY_ECOLOGY/REFERENCE/121ea5f568__81—100_旧文化生活定向补完表_v1.3_当前版.md,RETAINED
05_POST_M8_SOURCE_ARCHIVE/VALID_HISTORY/LITERARY_ECOLOGY/REFERENCE/140b0b3084__81—100_哲学宗教梦境情榜太虚深化方案_v1.0.md,140b0b3084d040a21f5eae2b9df8c820e74ec024b4bd319ffc8b5f3a4b1fcea1,28308,POST_M8_SOURCE_ARCHIVE,RCWH_SelfContained_Handover_v4.0_20261007(1).zip,03_VALID_HISTORY/LITERARY_ECOLOGY/REFERENCE/140b0b3084__81—100_哲学宗教梦境情榜太虚深化方案_v1.0.md,RETAINED
05_POST_M8_SOURCE_ARCHIVE/VALID_HISTORY/LITERARY_ECOLOGY/REFERENCE/2e573c4523__前80_佛道梦幻哲学系统总谱_v1.0.md,2e573c452396e356265837b9130fb28351ca8b8a691c539685ffdcaba4e76136,33751,POST_M8_SOURCE_ARCHIVE,RCWH_SelfContained_Handover_v4.0_20261007(1).zip,03_VALID_HISTORY/LITERARY_ECOLOGY/REFERENCE/2e573c4523__前80_佛道梦幻哲学系统总谱_v1.0.md,RETAINED
05_POST_M8_SOURCE_ARCHIVE/VALID_HISTORY/LITERARY_ECOLOGY/REFERENCE/35c9a70cb3__81—100_旧文化生活定向补完表_v1.0.md,35c9a70cb3aadbc674d524c28fbae0d17d3cd8a9521540fdff84d47ad563992a,23058,POST_M8_SOURCE_ARCHIVE,RCWH_SelfContained_Handover_v4.0_20261007(1).zip,03_VALID_HISTORY/LITERARY_ECOLOGY/REFERENCE/35c9a70cb3__81—100_旧文化生活定向补完表_v1.0.md,RETAINED
05_POST_M8_SOURCE_ARCHIVE/VALID_HISTORY/LITERARY_ECOLOGY/REFERENCE/43d3c27fb9__黛亡诗文总接口与旧作分工专题_v1.2_当前版.md,43d3c27fb994ef2a6d9385229063cdaaadaa09765f845bd450279f040185e002,29233,POST_M8_SOURCE_ARCHIVE,RCWH_SelfContained_Handover_v4.0_20261007(1).zip,03_VALID_HISTORY/LITERARY_ECOLOGY/REFERENCE/43d3c27fb9__黛亡诗文总接口与旧作分工专题_v1.2_当前版.md,RETAINED
05_POST_M8_SOURCE_ARCHIVE/VALID_HISTORY/LITERARY_ECOLOGY/REFERENCE/516935ff3a__前80_80回章回外框与回前回末韵文总表_v1.0.md,516935ff3a97a24fea0f25f287f7c212037edc8bbe95ccb647c03d3ef0ca473e,42594,POST_M8_SOURCE_ARCHIVE,RCWH_SelfContained_Handover_v4.0_20261007(1).zip,03_VALID_HISTORY/LITERARY_ECOLOGY/REFERENCE/516935ff3a__前80_80回章回外框与回前回末韵文总表_v1.0.md,RETAINED
05_POST_M8_SOURCE_ARCHIVE/VALID_HISTORY/LITERARY_ECOLOGY/REFERENCE/52a50bd411__81—100_作者层韵文配置与三案竞选总表_v1.1_P0回归版.md,52a50bd411dd2717cd47f4b82c1622b4786496e72359abb026fb02ce70d15eeb,24301,POST_M8_SOURCE_ARCHIVE,RCWH_SelfContained_Handover_v4.0_20261007(1).zip,03_VALID_HISTORY/LITERARY_ECOLOGY/REFERENCE/52a50bd411__81—100_作者层韵文配置与三案竞选总表_v1.1_P0回归版.md,RETAINED
05_POST_M8_SOURCE_ARCHIVE/VALID_HISTORY/LITERARY_ECOLOGY/REFERENCE/5fc392e2be__前80_80回章回外框与回前回末韵文总表_v1.0.md,5fc392e2be2002cca5d51c70465325e29fbd9e51158fe0bbe3634451e7826a63,42583,POST_M8_SOURCE_ARCHIVE,RCWH_SelfContained_Handover_v4.0_20261007(1).zip,03_VALID_HISTORY/LITERARY_ECOLOGY/REFERENCE/5fc392e2be__前80_80回章回外框与回前回末韵文总表_v1.0.md,RETAINED
05_POST_M8_SOURCE_ARCHIVE/VALID_HISTORY/LITERARY_ECOLOGY/REFERENCE/663d991bed__前80_琴棋书画文人生活总谱_v1.0.md,663d991bedc4d362a6898f135edfe6f4bb907c5a25334374766667cbd964eb2d,30844,POST_M8_SOURCE_ARCHIVE,RCWH_SelfContained_Handover_v4.0_20261007(1).zip,03_VALID_HISTORY/LITERARY_ECOLOGY/REFERENCE/663d991bed__前80_琴棋书画文人生活总谱_v1.0.md,RETAINED
05_POST_M8_SOURCE_ARCHIVE/VALID_HISTORY/LITERARY_ECOLOGY/REFERENCE/6b76b1381c__81—100_旧文化生活定向补完表_v1.2_R3同步版.md,6b76b1381c5b40537933a381161dce3fd359d136fb6928691bf61b218ead931f,23296,POST_M8_SOURCE_ARCHIVE,RCWH_SelfContained_Handover_v4.0_20261007(1).zip,03_VALID_HISTORY/LITERARY_ECOLOGY/REFERENCE/6b76b1381c__81—100_旧文化生活定向补完表_v1.2_R3同步版.md,RETAINED
05_POST_M8_SOURCE_ARCHIVE/VALID_HISTORY/LITERARY_ECOLOGY/REFERENCE/6f30417c74__81—100_作者层韵文配置与三案竞选总表_v1.3_C_D1裁定版.md,6f30417c74b89de9f1b276acb784aed76119198e9d3c30161f2d6c1552f2c14e,24521,POST_M8_SOURCE_ARCHIVE,RCWH_SelfContained_Handover_v4.0_20261007(1).zip,03_VALID_HISTORY/LITERARY_ECOLOGY/REFERENCE/6f30417c74__81—100_作者层韵文配置与三案竞选总表_v1.3_C_D1裁定版.md,RETAINED
05_POST_M8_SOURCE_ARCHIVE/VALID_HISTORY/LITERARY_ECOLOGY/REFERENCE/757e5689c3__前80_80回章回外框与回前回末韵文总表_v0.8_全量初扫.md,757e5689c3bbf79bfd9e6d0cf2f13328fd497faaca12d149b4322b98d3fbfc55,35923,POST_M8_SOURCE_ARCHIVE,RCWH_SelfContained_Handover_v4.0_20261007(1).zip,03_VALID_HISTORY/LITERARY_ECOLOGY/REFERENCE/757e5689c3__前80_80回章回外框与回前回末韵文总表_v0.8_全量初扫.md,RETAINED
05_POST_M8_SOURCE_ARCHIVE/VALID_HISTORY/LITERARY_ECOLOGY/REFERENCE/7fd75a6d9b__81—100_人物新增诗文G层竞选总表_v1.0.md,7fd75a6d9b22a43a838bdbe91303337c6f402866dfd797a646ac039a20655f11,24926,POST_M8_SOURCE_ARCHIVE,RCWH_SelfContained_Handover_v4.0_20261007(1).zip,03_VALID_HISTORY/LITERARY_ECOLOGY/REFERENCE/7fd75a6d9b__81—100_人物新增诗文G层竞选总表_v1.0.md,RETAINED
05_POST_M8_SOURCE_ARCHIVE/VALID_HISTORY/LITERARY_ECOLOGY/REFERENCE/969df67818__81—100_哲学宗教梦境情榜太虚深化方案_v1.3_当前版.md,969df67818a9b3d3ecc387bafbb7f9a87167aca12765ee5b0cb44214832057c1,29138,POST_M8_SOURCE_ARCHIVE,RCWH_SelfContained_Handover_v4.0_20261007(1).zip,03_VALID_HISTORY/LITERARY_ECOLOGY/REFERENCE/969df67818__81—100_哲学宗教梦境情榜太虚深化方案_v1.3_当前版.md,RETAINED
05_POST_M8_SOURCE_ARCHIVE/VALID_HISTORY/LITERARY_ECOLOGY/REFERENCE/98d9c0a13e__前80_医学身体疾病书写总谱_v1.0.md,98d9c0a13e692043b440941fe50cdcb719ab9cb4f1623f061f894cb6d6a3155c,32714,POST_M8_SOURCE_ARCHIVE,RCWH_SelfContained_Handover_v4.0_20261007(1).zip,03_VALID_HISTORY/LITERARY_ECOLOGY/REFERENCE/98d9c0a13e__前80_医学身体疾病书写总谱_v1.0.md,RETAINED
05_POST_M8_SOURCE_ARCHIVE/VALID_HISTORY/LITERARY_ECOLOGY/REFERENCE/a00445a8ba__81—100_作者层韵文配置与三案竞选总表_v1.5_R3同步版.md,a00445a8ba50fd192bbb81d7330e940061cb11ebb71bedf2986f43bf12f7a4f8,24669,POST_M8_SOURCE_ARCHIVE,RCWH_SelfContained_Handover_v4.0_20261007(1).zip,03_VALID_HISTORY/LITERARY_ECOLOGY/REFERENCE/a00445a8ba__81—100_作者层韵文配置与三案竞选总表_v1.5_R3同步版.md,RETAINED
05_POST_M8_SOURCE_ARCHIVE/VALID_HISTORY/LITERARY_ECOLOGY/REFERENCE/aba6f98d2c__前80_世情百业礼俗经济总谱_v1.0.md,aba6f98d2cff1b0deb61037af4a20398c344c63b9ee694a564cef5fe00db65b0,29863,POST_M8_SOURCE_ARCHIVE,RCWH_SelfContained_Handover_v4.0_20261007(1).zip,03_VALID_HISTORY/LITERARY_ECOLOGY/REFERENCE/aba6f98d2c__前80_世情百业礼俗经济总谱_v1.0.md,RETAINED
05_POST_M8_SOURCE_ARCHIVE/VALID_HISTORY/LITERARY_ECOLOGY/REFERENCE/b4dcb1fc36__81—100_作者层韵文配置与三案竞选总表_v1.0.md,b4dcb1fc369eab496167d237b84b7b88994b1e5652918508e0bc307d654912bc,24056,POST_M8_SOURCE_ARCHIVE,RCWH_SelfContained_Handover_v4.0_20261007(1).zip,03_VALID_HISTORY/LITERARY_ECOLOGY/REFERENCE/b4dcb1fc36__81—100_作者层韵文配置与三案竞选总表_v1.0.md,RETAINED
05_POST_M8_SOURCE_ARCHIVE/VALID_HISTORY/LITERARY_ECOLOGY/REFERENCE/c3333589e6__黛亡诗文总接口与旧作分工专题_v1.1_R3同步版.md,c3333589e62f83ca33b4a82a4c060eea57b2b71e084e655fc7b372a050274531,29220,POST_M8_SOURCE_ARCHIVE,RCWH_SelfContained_Handover_v4.0_20261007(1).zip,03_VALID_HISTORY/LITERARY_ECOLOGY/REFERENCE/c3333589e6__黛亡诗文总接口与旧作分工专题_v1.1_R3同步版.md,RETAINED
05_POST_M8_SOURCE_ARCHIVE/VALID_HISTORY/LITERARY_ECOLOGY/REFERENCE/c974385eea__81—100_人物新增诗文G层竞选总表_v1.3_当前版.md,c974385eeaa02e7b1a6170cb702aae2bed84eab96e5ba13f5e68968d5f1700c2,25390,POST_M8_SOURCE_ARCHIVE,RCWH_SelfContained_Handover_v4.0_20261007(1).zip,03_VALID_HISTORY/LITERARY_ECOLOGY/REFERENCE/c974385eea__81—100_人物新增诗文G层竞选总表_v1.3_当前版.md,RETAINED
05_POST_M8_SOURCE_ARCHIVE/VALID_HISTORY/LITERARY_ECOLOGY/REFERENCE/d0d0681cc4__81—100_作者层韵文配置与三案竞选总表_v1.4_精简施工版.md,d0d0681cc461d0d342e3907b0dd6b399e7928cd1e3008157d1a11e698b79cd63,23987,POST_M8_SOURCE_ARCHIVE,RCWH_SelfContained_Handover_v4.0_20261007(1).zip,03_VALID_HISTORY/LITERARY_ECOLOGY/REFERENCE/d0d0681cc4__81—100_作者层韵文配置与三案竞选总表_v1.4_精简施工版.md,RETAINED
05_POST_M8_SOURCE_ARCHIVE/VALID_HISTORY/LITERARY_ECOLOGY/REFERENCE/d483c5063f__黛亡诗文总接口与旧作分工专题_v1.0.md,d483c5063f3b0a281adc29bbb81c7fe6157cb4f298f02b6c83f86be001b2cc42,28870,POST_M8_SOURCE_ARCHIVE,RCWH_SelfContained_Handover_v4.0_20261007(1).zip,03_VALID_HISTORY/LITERARY_ECOLOGY/REFERENCE/d483c5063f__黛亡诗文总接口与旧作分工专题_v1.0.md,RETAINED
05_POST_M8_SOURCE_ARCHIVE/VALID_HISTORY/LITERARY_ECOLOGY/REFERENCE/ddeb1147fd__前80_诗词曲赋完整生态谱_v1.0.md,ddeb1147fda8c4b5fd6de214ace78ddc672f07e527ac636143419ebb24cef299,37037,POST_M8_SOURCE_ARCHIVE,RCWH_SelfContained_Handover_v4.0_20261007(1).zip,03_VALID_HISTORY/LITERARY_ECOLOGY/REFERENCE/ddeb1147fd__前80_诗词曲赋完整生态谱_v1.0.md,RETAINED
05_POST_M8_SOURCE_ARCHIVE/VALID_HISTORY/LITERARY_ECOLOGY/REFERENCE/e5e72924d5__81—100_人物新增诗文G层竞选总表_v1.2_R3同步版.md,e5e72924d5ab44e498932b74d6667d49ce04efa81a5ceae0af33b3fa52cf2286,25247,POST_M8_SOURCE_ARCHIVE,RCWH_SelfContained_Handover_v4.0_20261007(1).zip,03_VALID_HISTORY/LITERARY_ECOLOGY/REFERENCE/e5e72924d5__81—100_人物新增诗文G层竞选总表_v1.2_R3同步版.md,RETAINED
05_POST_M8_SOURCE_ARCHIVE/VALID_HISTORY/LITERARY_ECOLOGY/REFERENCE/e9b9b54f25__前80_世情百业礼俗经济总谱_v1.0.md,e9b9b54f25c6c2419433b9b3da040e936d0f4d1bad4945817c5cad1643161f97,29873,POST_M8_SOURCE_ARCHIVE,RCWH_SelfContained_Handover_v4.0_20261007(1).zip,03_VALID_HISTORY/LITERARY_ECOLOGY/REFERENCE/e9b9b54f25__前80_世情百业礼俗经济总谱_v1.0.md,RETAINED
05_POST_M8_SOURCE_ARCHIVE/VALID_HISTORY/LITERARY_ECOLOGY/REFERENCE/f301af1984__81—100_哲学宗教梦境情榜太虚深化方案_v1.2_R3同步版.md,f301af19843ef330fd9760ff8d0f8002bcbda388dc80f439f913533c2a68fc0a,28995,POST_M8_SOURCE_ARCHIVE,RCWH_SelfContained_Handover_v4.0_20261007(1).zip,03_VALID_HISTORY/LITERARY_ECOLOGY/REFERENCE/f301af1984__81—100_哲学宗教梦境情榜太虚深化方案_v1.2_R3同步版.md,RETAINED
05_POST_M8_SOURCE_ARCHIVE/VALID_HISTORY/LITERARY_ECOLOGY/REFERENCE/fc421b406b__81—100_作者层韵文配置与三案竞选总表_v1.6_当前版.md,fc421b406baee7946b3d3bf4291c59678bfb09a04d13939c9e80199f157e7674,24810,POST_M8_SOURCE_ARCHIVE,RCWH_SelfContained_Handover_v4.0_20261007(1).zip,03_VALID_HISTORY/LITERARY_ECOLOGY/REFERENCE/fc421b406b__81—100_作者层韵文配置与三案竞选总表_v1.6_当前版.md,RETAINED
05_POST_M8_SOURCE_ARCHIVE/VALID_HISTORY/LITERARY_ECOLOGY/REFERENCE/ffaeeabeea__81—100_旧文化生活定向补完表_v1.1_精简施工版.md,ffaeeabeea1e97fce36bb3453d5c8d50ce0cfcf71ebcd3fe9e8afd56406ed0e9,22614,POST_M8_SOURCE_ARCHIVE,RCWH_SelfContained_Handover_v4.0_20261007(1).zip,03_VALID_HISTORY/LITERARY_ECOLOGY/REFERENCE/ffaeeabeea__81—100_旧文化生活定向补完表_v1.1_精简施工版.md,RETAINED
05_POST_M8_SOURCE_ARCHIVE/VALID_HISTORY/LITERARY_EVIDENCE/REFERENCE/1224debbcc__警幻情榜_榜式层级与生成边界专题_v1.0.md,1224debbccf8520488c210c0486487b99cba0344f003e6d1172a937046fc1432,30677,POST_M8_SOURCE_ARCHIVE,RCWH_SelfContained_Handover_v4.0_20261007(1).zip,03_VALID_HISTORY/LITERARY_EVIDENCE/REFERENCE/1224debbcc__警幻情榜_榜式层级与生成边界专题_v1.0.md,RETAINED
05_POST_M8_SOURCE_ARCHIVE/VALID_HISTORY/LITERARY_EVIDENCE/REFERENCE/171aa104e2__末回情榜系统_榜式层级与生成边界专题_v1.1_榜名降级版.md,171aa104e26bcca7b46a6e816f070ed91b98079df3aa70cbb755f6cb23d05ff1,3749,POST_M8_SOURCE_ARCHIVE,RCWH_SelfContained_Handover_v4.0_20261007(1).zip,03_VALID_HISTORY/LITERARY_EVIDENCE/REFERENCE/171aa104e2__末回情榜系统_榜式层级与生成边界专题_v1.1_榜名降级版.md,RETAINED
05_POST_M8_SOURCE_ARCHIVE/VALID_HISTORY/LITERARY_EVIDENCE/REFERENCE/293d5427a4__末回情榜系统_榜式层级与生成边界专题_v1.2_R3同步版.md,293d5427a4506736044e7acc28ff54793342ee04480c5166aa1628bc5e32e885,4028,POST_M8_SOURCE_ARCHIVE,RCWH_SelfContained_Handover_v4.0_20261007(1).zip,03_VALID_HISTORY/LITERARY_EVIDENCE/REFERENCE/293d5427a4__末回情榜系统_榜式层级与生成边界专题_v1.2_R3同步版.md,RETAINED
05_POST_M8_SOURCE_ARCHIVE/VALID_HISTORY/LITERARY_EVIDENCE/REFERENCE/2fdae4e6bc__末回情榜系统_五层芳讳候选证据矩阵_v1.2_证据角色回归版.md,2fdae4e6bc833549ad5d056c5bd7b953bce6b1012a3e23cb802b0f9acd2189d8,7833,POST_M8_SOURCE_ARCHIVE,RCWH_SelfContained_Handover_v4.0_20261007(1).zip,03_VALID_HISTORY/LITERARY_EVIDENCE/REFERENCE/2fdae4e6bc__末回情榜系统_五层芳讳候选证据矩阵_v1.2_证据角色回归版.md,RETAINED
05_POST_M8_SOURCE_ARCHIVE/VALID_HISTORY/LITERARY_EVIDENCE/REFERENCE/40b51f2691__警幻情榜_五层芳讳候选证据矩阵_v1.0.md,40b51f2691905e5160f15343c025dc1a3f5d83c5057f75e698e2661b666fd92c,6889,POST_M8_SOURCE_ARCHIVE,RCWH_SelfContained_Handover_v4.0_20261007(1).zip,03_VALID_HISTORY/LITERARY_EVIDENCE/REFERENCE/40b51f2691__警幻情榜_五层芳讳候选证据矩阵_v1.0.md,RETAINED
05_POST_M8_SOURCE_ARCHIVE/VALID_HISTORY/LITERARY_EVIDENCE/REFERENCE/5fddcda466__十独吟_作者形制时序专题_v1.3_当前版.md,5fddcda466a44b6d0d078a83f3b636c7084ddb3720cb0ec3487d1065f0e0f222,27023,POST_M8_SOURCE_ARCHIVE,RCWH_SelfContained_Handover_v4.0_20261007(1).zip,03_VALID_HISTORY/LITERARY_EVIDENCE/REFERENCE/5fddcda466__十独吟_作者形制时序专题_v1.3_当前版.md,RETAINED
05_POST_M8_SOURCE_ARCHIVE/VALID_HISTORY/LITERARY_EVIDENCE/REFERENCE/6bd63732a6__R2-D_第一百回情榜最小证据态重构方案_v1.0.md,6bd63732a6e1f4b1dc63a2232e12fc5ab8fa40b93523a8a00b6cc2b3c569745e,2126,POST_M8_SOURCE_ARCHIVE,RCWH_SelfContained_Handover_v4.0_20261007(1).zip,03_VALID_HISTORY/LITERARY_EVIDENCE/REFERENCE/6bd63732a6__R2-D_第一百回情榜最小证据态重构方案_v1.0.md,RETAINED
05_POST_M8_SOURCE_ARCHIVE/VALID_HISTORY/LITERARY_EVIDENCE/REFERENCE/826d133717__对景悼颦儿_场景体裁竞争专题_v1.3_当前版.md,826d133717a7ac46d487cc400fdda2a9f4f332409f1b9dc85f5cacd46d66929f,3625,POST_M8_SOURCE_ARCHIVE,RCWH_SelfContained_Handover_v4.0_20261007(1).zip,03_VALID_HISTORY/LITERARY_EVIDENCE/REFERENCE/826d133717__对景悼颦儿_场景体裁竞争专题_v1.3_当前版.md,RETAINED
05_POST_M8_SOURCE_ARCHIVE/VALID_HISTORY/LITERARY_EVIDENCE/REFERENCE/94b37cf2be__对景悼颦儿_场景体裁竞争专题_v1.0.md,94b37cf2be4c98f44633236f42af7989fe5243a10f52f74efe6ae266e168bd65,22489,POST_M8_SOURCE_ARCHIVE,RCWH_SelfContained_Handover_v4.0_20261007(1).zip,03_VALID_HISTORY/LITERARY_EVIDENCE/REFERENCE/94b37cf2be__对景悼颦儿_场景体裁竞争专题_v1.0.md,RETAINED
05_POST_M8_SOURCE_ARCHIVE/VALID_HISTORY/LITERARY_EVIDENCE/REFERENCE/961ab50f96__对景悼颦儿_场景体裁竞争专题_v1.1_W2来源回归版.md,961ab50f967ac6404f2f29c5f6812db3a1980cb6fb36eb66deec49badd89ccbb,3364,POST_M8_SOURCE_ARCHIVE,RCWH_SelfContained_Handover_v4.0_20261007(1).zip,03_VALID_HISTORY/LITERARY_EVIDENCE/REFERENCE/961ab50f96__对景悼颦儿_场景体裁竞争专题_v1.1_W2来源回归版.md,RETAINED
05_POST_M8_SOURCE_ARCHIVE/VALID_HISTORY/LITERARY_EVIDENCE/REFERENCE/a5a6b42d86__十独吟_作者形制时序专题_v1.1_证据角色回归版.md,a5a6b42d861b469f90879272d5a1ca305c2e58248cfac48f7c4e9367c77a669e,26779,POST_M8_SOURCE_ARCHIVE,RCWH_SelfContained_Handover_v4.0_20261007(1).zip,03_VALID_HISTORY/LITERARY_EVIDENCE/REFERENCE/a5a6b42d86__十独吟_作者形制时序专题_v1.1_证据角色回归版.md,RETAINED
05_POST_M8_SOURCE_ARCHIVE/VALID_HISTORY/LITERARY_EVIDENCE/REFERENCE/c4c3ccec56__末回情榜系统_五层芳讳候选证据矩阵_v1.3_R3同步版.md,c4c3ccec56f6b7aeb33a53945defc28f097311065117aded2cefb0266c065447,8161,POST_M8_SOURCE_ARCHIVE,RCWH_SelfContained_Handover_v4.0_20261007(1).zip,03_VALID_HISTORY/LITERARY_EVIDENCE/REFERENCE/c4c3ccec56__末回情榜系统_五层芳讳候选证据矩阵_v1.3_R3同步版.md,RETAINED
05_POST_M8_SOURCE_ARCHIVE/VALID_HISTORY/LITERARY_EVIDENCE/REFERENCE/cc1895317c__末回情榜系统_榜式层级与生成边界专题_v1.3_当前版.md,cc1895317c5806dabf7836be32a29d5b08bd1df242e92d1e84477f5fbdd3be31,4034,POST_M8_SOURCE_ARCHIVE,RCWH_SelfContained_Handover_v4.0_20261007(1).zip,03_VALID_HISTORY/LITERARY_EVIDENCE/REFERENCE/cc1895317c__末回情榜系统_榜式层级与生成边界专题_v1.3_当前版.md,RETAINED
05_POST_M8_SOURCE_ARCHIVE/VALID_HISTORY/LITERARY_EVIDENCE/REFERENCE/cdd61375cc__末回情榜系统_五层芳讳候选证据矩阵_v1.4_当前版.md,cdd61375cc17ad72506799fc23d3660b439712a9adf86d9d9be2acb67f7c1e44,8157,POST_M8_SOURCE_ARCHIVE,RCWH_SelfContained_Handover_v4.0_20261007(1).zip,03_VALID_HISTORY/LITERARY_EVIDENCE/REFERENCE/cdd61375cc__末回情榜系统_五层芳讳候选证据矩阵_v1.4_当前版.md,RETAINED
05_POST_M8_SOURCE_ARCHIVE/VALID_HISTORY/LITERARY_EVIDENCE/REFERENCE/dde8426302__警幻情榜_五层芳讳候选证据矩阵_v1.1_P0回归版.md,dde84263025133414c33a9752c806be5a979266f270f5b6c7ab40e1d30cd8571,7462,POST_M8_SOURCE_ARCHIVE,RCWH_SelfContained_Handover_v4.0_20261007(1).zip,03_VALID_HISTORY/LITERARY_EVIDENCE/REFERENCE/dde8426302__警幻情榜_五层芳讳候选证据矩阵_v1.1_P0回归版.md,RETAINED
05_POST_M8_SOURCE_ARCHIVE/VALID_HISTORY/LITERARY_EVIDENCE/REFERENCE/df0c9b8162__十独吟_作者形制时序专题_v1.2_R3同步版.md,df0c9b8162acdeb4679df5b7aa506fa77ce32298a1abc22e7c444657ae977e23,27028,POST_M8_SOURCE_ARCHIVE,RCWH_SelfContained_Handover_v4.0_20261007(1).zip,03_VALID_HISTORY/LITERARY_EVIDENCE/REFERENCE/df0c9b8162__十独吟_作者形制时序专题_v1.2_R3同步版.md,RETAINED
05_POST_M8_SOURCE_ARCHIVE/VALID_HISTORY/LITERARY_EVIDENCE/REFERENCE/e1ec888305__对景悼颦儿_场景体裁竞争专题_v1.2_R3同步版.md,e1ec888305c5d415481f4833eeba54b27908c06f8dc17651f23558b1470763ed,3619,POST_M8_SOURCE_ARCHIVE,RCWH_SelfContained_Handover_v4.0_20261007(1).zip,03_VALID_HISTORY/LITERARY_EVIDENCE/REFERENCE/e1ec888305__对景悼颦儿_场景体裁竞争专题_v1.2_R3同步版.md,RETAINED
05_POST_M8_SOURCE_ARCHIVE/VALID_HISTORY/LITERARY_EVIDENCE/REFERENCE/eac297db8f__十独吟_作者形制时序专题_v1.0.md,eac297db8f868701b3bf021a12a30e47048755af609b2d03ceea406a47e98198,26415,POST_M8_SOURCE_ARCHIVE,RCWH_SelfContained_Handover_v4.0_20261007(1).zip,03_VALID_HISTORY/LITERARY_EVIDENCE/REFERENCE/eac297db8f__十独吟_作者形制时序专题_v1.0.md,RETAINED
05_POST_M8_SOURCE_ARCHIVE/VALID_HISTORY/LOCK/REFERENCE/0ee8383bcf__81—100_保护锁与不可破坏细节表_v1.4_D2弱证裁定版.md,0ee8383bcf2cb1eeaaf50d781542e1ba772f60ea7a12828d32062b2161375046,13707,POST_M8_SOURCE_ARCHIVE,RCWH_SelfContained_Handover_v4.0_20261007(1).zip,03_VALID_HISTORY/LOCK/REFERENCE/0ee8383bcf__81—100_保护锁与不可破坏细节表_v1.4_D2弱证裁定版.md,RETAINED
05_POST_M8_SOURCE_ARCHIVE/VALID_HISTORY/LOCK/REFERENCE/12bd007a74__81—100_保护锁与不可破坏细节表_v1.6_P0关闭版.md,12bd007a7451cd2b30a385275a0157bc5a03b113e73b3e5b4385667777109396,14517,POST_M8_SOURCE_ARCHIVE,RCWH_SelfContained_Handover_v4.0_20261007(1).zip,03_VALID_HISTORY/LOCK/REFERENCE/12bd007a74__81—100_保护锁与不可破坏细节表_v1.6_P0关闭版.md,RETAINED
05_POST_M8_SOURCE_ARCHIVE/VALID_HISTORY/LOCK/REFERENCE/1ecdc78770__81—100_保护锁与不可破坏细节表_v1.8_R1证据角色回归版.md,1ecdc787708c47ac20fae13c2235a2319e5dd917431936100bdcca9332fe0ac6,2004,POST_M8_SOURCE_ARCHIVE,RCWH_SelfContained_Handover_v4.0_20261007(1).zip,03_VALID_HISTORY/LOCK/REFERENCE/1ecdc78770__81—100_保护锁与不可破坏细节表_v1.8_R1证据角色回归版.md,RETAINED
05_POST_M8_SOURCE_ARCHIVE/VALID_HISTORY/LOCK/REFERENCE/36084e9efa__81—100_保护锁与不可破坏细节表_v1.9_R2版.md,36084e9efa816e0c3869b732e9e06dcdf34e42498960d0da41499bfe1ea8101a,675,POST_M8_SOURCE_ARCHIVE,RCWH_SelfContained_Handover_v4.0_20261007(1).zip,03_VALID_HISTORY/LOCK/REFERENCE/36084e9efa__81—100_保护锁与不可破坏细节表_v1.9_R2版.md,RETAINED
05_POST_M8_SOURCE_ARCHIVE/VALID_HISTORY/LOCK/REFERENCE/367c5f2995__81—100_保护锁与不可破坏细节表_v2.3_Phase6候选版.md,367c5f2995b84e580521af3bcc7a29815ba6529d22ba0c992563eb29ff5ba768,17511,POST_M8_SOURCE_ARCHIVE,RCWH_SelfContained_Handover_v4.0_20261007(1).zip,03_VALID_HISTORY/LOCK/REFERENCE/367c5f2995__81—100_保护锁与不可破坏细节表_v2.3_Phase6候选版.md,RETAINED
05_POST_M8_SOURCE_ARCHIVE/VALID_HISTORY/LOCK/REFERENCE/3b1b4dcd8a__81—100_保护锁与不可破坏细节表_v1.7_精简施工版.md,3b1b4dcd8aae0250b59339c2f5bda3088ba1f7087aad6108290c96f89043358b,14465,POST_M8_SOURCE_ARCHIVE,RCWH_SelfContained_Handover_v4.0_20261007(1).zip,03_VALID_HISTORY/LOCK/REFERENCE/3b1b4dcd8a__81—100_保护锁与不可破坏细节表_v1.7_精简施工版.md,RETAINED
05_POST_M8_SOURCE_ARCHIVE/VALID_HISTORY/LOCK/REFERENCE/52175a0bbe__81—100_保护锁与不可破坏细节表_v2.4_R4G_FINAL候选版.md,52175a0bbe188eb6e186a6dadc1e4e318a6b4cb5bf16e565b2b2765367a7bbe5,18109,POST_M8_SOURCE_ARCHIVE,RCWH_SelfContained_Handover_v4.0_20261007(1).zip,03_VALID_HISTORY/LOCK/REFERENCE/52175a0bbe__81—100_保护锁与不可破坏细节表_v2.4_R4G_FINAL候选版.md,RETAINED
05_POST_M8_SOURCE_ARCHIVE/VALID_HISTORY/LOCK/REFERENCE/7c60c7ca58__81—100_保护锁与不可破坏细节表_v1.3_C_D1裁定版.md,7c60c7ca5889a57412e646686bda30ecbab33189ee740d3bb8d5d7c24d63bf56,13007,POST_M8_SOURCE_ARCHIVE,RCWH_SelfContained_Handover_v4.0_20261007(1).zip,03_VALID_HISTORY/LOCK/REFERENCE/7c60c7ca58__81—100_保护锁与不可破坏细节表_v1.3_C_D1裁定版.md,RETAINED
05_POST_M8_SOURCE_ARCHIVE/VALID_HISTORY/LOCK/REFERENCE/8262477669__81—100_保护锁与不可破坏细节表_v2.0_R3全量版.md,82624776693fe92036d198341ffe5428d9dd432fc1b0cdb89148f44e60c4a8c6,15135,POST_M8_SOURCE_ARCHIVE,RCWH_SelfContained_Handover_v4.0_20261007(1).zip,03_VALID_HISTORY/LOCK/REFERENCE/8262477669__81—100_保护锁与不可破坏细节表_v2.0_R3全量版.md,RETAINED
05_POST_M8_SOURCE_ARCHIVE/VALID_HISTORY/LOCK/REFERENCE/a673fd7b25__81—100_保护锁与不可破坏细节表_v1.1_P0回归版.md,a673fd7b2567a451e08d2c7173ab2fe0ccbe84a74cf0d93792d0583fea4d9567,11976,POST_M8_SOURCE_ARCHIVE,RCWH_SelfContained_Handover_v4.0_20261007(1).zip,03_VALID_HISTORY/LOCK/REFERENCE/a673fd7b25__81—100_保护锁与不可破坏细节表_v1.1_P0回归版.md,RETAINED
05_POST_M8_SOURCE_ARCHIVE/VALID_HISTORY/LOCK/REFERENCE/af9e8ef905__81—100_保护锁与不可破坏细节表_v1.0.md,af9e8ef905a0f3d453eff365c086d9f70c041d884cf69d13f0c77f63bad0d815,11030,POST_M8_SOURCE_ARCHIVE,RCWH_SelfContained_Handover_v4.0_20261007(1).zip,03_VALID_HISTORY/LOCK/REFERENCE/af9e8ef905__81—100_保护锁与不可破坏细节表_v1.0.md,RETAINED
05_POST_M8_SOURCE_ARCHIVE/VALID_HISTORY/LOCK/REFERENCE/c44c2007de__81—100_保护锁与不可破坏细节表_v2.2_R4G终审版.md,c44c2007def0bb75a6d30f072eb6fcbe02bedcb977c8c0ffc8ad89a40f76ff9c,16872,POST_M8_SOURCE_ARCHIVE,RCWH_SelfContained_Handover_v4.0_20261007(1).zip,03_VALID_HISTORY/LOCK/REFERENCE/c44c2007de__81—100_保护锁与不可破坏细节表_v2.2_R4G终审版.md,RETAINED
05_POST_M8_SOURCE_ARCHIVE/VALID_HISTORY/LOCK/REFERENCE/c83d915e0a__81—100_保护锁与不可破坏细节表_v2.1_当前版.md,c83d915e0a8cfe73a5a79c3a760e325fcda0efc22afffe9794846d800ee60571,15284,POST_M8_SOURCE_ARCHIVE,RCWH_SelfContained_Handover_v4.0_20261007(1).zip,03_VALID_HISTORY/LOCK/REFERENCE/c83d915e0a__81—100_保护锁与不可破坏细节表_v2.1_当前版.md,RETAINED
05_POST_M8_SOURCE_ARCHIVE/VALID_HISTORY/LOCK/REFERENCE/dd892bbebc__81—100_保护锁与不可破坏细节表_v1.5_E回灌冻结版.md,dd892bbebcb4ddb4d7bb24537b667868e5a7203b36aa2e14a94f26bc5965f499,14280,POST_M8_SOURCE_ARCHIVE,RCWH_SelfContained_Handover_v4.0_20261007(1).zip,03_VALID_HISTORY/LOCK/REFERENCE/dd892bbebc__81—100_保护锁与不可破坏细节表_v1.5_E回灌冻结版.md,RETAINED
05_POST_M8_SOURCE_ARCHIVE/VALID_HISTORY/LOCK/REFERENCE/f1325f6d8a__81—100_保护锁与不可破坏细节表_v2.3_Phase6候选版.md,f1325f6d8a2c9554ee3aa8dc120dcb60e65775b3dcab623fede6e2624e00f42d,17652,POST_M8_SOURCE_ARCHIVE,RCWH_SelfContained_Handover_v4.0_20261007(1).zip,03_VALID_HISTORY/LOCK/REFERENCE/f1325f6d8a__81—100_保护锁与不可破坏细节表_v2.3_Phase6候选版.md,RETAINED
05_POST_M8_SOURCE_ARCHIVE/VALID_HISTORY/MECHANISM_RESEARCH/REFERENCE/045c31fe44__清代机制核查_H03服制与婚期_v0.1.md,045c31fe44760c1e7626ade24598601da5585e555116dad9af0c9253e8b9028b,5072,POST_M8_SOURCE_ARCHIVE,RCWH_SelfContained_Handover_v4.0_20261007(1).zip,03_VALID_HISTORY/MECHANISM_RESEARCH/REFERENCE/045c31fe44__清代机制核查_H03服制与婚期_v0.1.md,RETAINED
05_POST_M8_SOURCE_ARCHIVE/VALID_HISTORY/MECHANISM_RESEARCH/REFERENCE/32cbad0779__清代机制核查_H04居所与主婚权_v0.1.md,32cbad077901d216bfc24b6d27229453b8f5d009a406b564297075f920cb7547,7165,POST_M8_SOURCE_ARCHIVE,RCWH_SelfContained_Handover_v4.0_20261007(1).zip,03_VALID_HISTORY/MECHANISM_RESEARCH/REFERENCE/32cbad0779__清代机制核查_H04居所与主婚权_v0.1.md,RETAINED
05_POST_M8_SOURCE_ARCHIVE/VALID_HISTORY/MECHANISM_RESEARCH/REFERENCE/5c494219cf__清代机制核查_H01狱神庙_v0.1.md,5c494219cf27418daafaab684bf3b3aa23c97766bc459989ae48565c8d8369fd,5866,POST_M8_SOURCE_ARCHIVE,RCWH_SelfContained_Handover_v4.0_20261007(1).zip,03_VALID_HISTORY/MECHANISM_RESEARCH/REFERENCE/5c494219cf__清代机制核查_H01狱神庙_v0.1.md,RETAINED
05_POST_M8_SOURCE_ARCHIVE/VALID_HISTORY/MECHANISM_RESEARCH/REFERENCE/8a8a090d90__清代机制核查_H05贫困状态_v0.1.md,8a8a090d90ca391d6b1e17025e8ac336cc080e19231b3510dc252788a3ad2b89,5188,POST_M8_SOURCE_ARCHIVE,RCWH_SelfContained_Handover_v4.0_20261007(1).zip,03_VALID_HISTORY/MECHANISM_RESEARCH/REFERENCE/8a8a090d90__清代机制核查_H05贫困状态_v0.1.md,RETAINED
05_POST_M8_SOURCE_ARCHIVE/VALID_HISTORY/MECHANISM_RESEARCH/REFERENCE/c55fa92033__清代机制核查_H02抄没与羁押_v0.1.md,c55fa92033019bba8a5fb4a3984b09c9fe24268b19300bbbe3234ae1f16f1c3c,5177,POST_M8_SOURCE_ARCHIVE,RCWH_SelfContained_Handover_v4.0_20261007(1).zip,03_VALID_HISTORY/MECHANISM_RESEARCH/REFERENCE/c55fa92033__清代机制核查_H02抄没与羁押_v0.1.md,RETAINED
05_POST_M8_SOURCE_ARCHIVE/VALID_HISTORY/MECHANISM_RESEARCH/REFERENCE/c7d8f3a40d__补充机制研究_贾兰功名与李纨因子得荣_v0.1_原H07.md,c7d8f3a40d5d39be25e9b18e6048dd2990251db97d96bcba6d8a9635364a7446,5352,POST_M8_SOURCE_ARCHIVE,RCWH_SelfContained_Handover_v4.0_20261007(1).zip,03_VALID_HISTORY/MECHANISM_RESEARCH/REFERENCE/c7d8f3a40d__补充机制研究_贾兰功名与李纨因子得荣_v0.1_原H07.md,RETAINED
05_POST_M8_SOURCE_ARCHIVE/VALID_HISTORY/MECHANISM_RESEARCH/REFERENCE/ede20d0c65__清代机制核查_H06薛家援助_v0.1.md,ede20d0c650dfd20784acae4f68beb719def76ba21bd68b691faa328c95c3e2e,4728,POST_M8_SOURCE_ARCHIVE,RCWH_SelfContained_Handover_v4.0_20261007(1).zip,03_VALID_HISTORY/MECHANISM_RESEARCH/REFERENCE/ede20d0c65__清代机制核查_H06薛家援助_v0.1.md,RETAINED
05_POST_M8_SOURCE_ARCHIVE/VALID_HISTORY/PLANNING/REFERENCE/0f7eb60caa__81—100_被压缩形成过程与社会过程补完总表_v1.5_精简施工版.md,0f7eb60caaffcb49d042c423bc4e738326b74f5adc344ca12053b2f2dbc8349f,39203,POST_M8_SOURCE_ARCHIVE,RCWH_SelfContained_Handover_v4.0_20261007(1).zip,03_VALID_HISTORY/PLANNING/REFERENCE/0f7eb60caa__81—100_被压缩形成过程与社会过程补完总表_v1.5_精简施工版.md,RETAINED
05_POST_M8_SOURCE_ARCHIVE/VALID_HISTORY/PLANNING/REFERENCE/11a94ea2d4__81—100_被压缩形成过程与社会过程补完总表_v1.6_R3同步版.md,11a94ea2d491931e6dae6689a538bd92d83833b59f7f1c41bc9660d09e506316,39854,POST_M8_SOURCE_ARCHIVE,RCWH_SelfContained_Handover_v4.0_20261007(1).zip,03_VALID_HISTORY/PLANNING/REFERENCE/11a94ea2d4__81—100_被压缩形成过程与社会过程补完总表_v1.6_R3同步版.md,RETAINED
05_POST_M8_SOURCE_ARCHIVE/VALID_HISTORY/PLANNING/REFERENCE/1412e58b66__81—100_十二维文学文化缺口总表_v1.5_R3同步版.md,1412e58b660dfa4f298785e8cb31d1a24dcfb5ec73db028d3701b40c52c6315e,29262,POST_M8_SOURCE_ARCHIVE,RCWH_SelfContained_Handover_v4.0_20261007(1).zip,03_VALID_HISTORY/PLANNING/REFERENCE/1412e58b66__81—100_十二维文学文化缺口总表_v1.5_R3同步版.md,RETAINED
05_POST_M8_SOURCE_ARCHIVE/VALID_HISTORY/PLANNING/REFERENCE/1a486c64bc__81—100_被压缩形成过程与社会过程补完总表_v1.1_P0回归版.md,1a486c64bc0dcce84a638ee684052626b08607094c33159efeaf3123e24c7b82,38855,POST_M8_SOURCE_ARCHIVE,RCWH_SelfContained_Handover_v4.0_20261007(1).zip,03_VALID_HISTORY/PLANNING/REFERENCE/1a486c64bc__81—100_被压缩形成过程与社会过程补完总表_v1.1_P0回归版.md,RETAINED
05_POST_M8_SOURCE_ARCHIVE/VALID_HISTORY/PLANNING/REFERENCE/339ff907b7__81—100_十二维文学文化缺口总表_v1.3_C_D1裁定版.md,339ff907b75562fd97bafb891c7c4e0946199e6ff644506c3c2a4dd5acc01c01,28422,POST_M8_SOURCE_ARCHIVE,RCWH_SelfContained_Handover_v4.0_20261007(1).zip,03_VALID_HISTORY/PLANNING/REFERENCE/339ff907b7__81—100_十二维文学文化缺口总表_v1.3_C_D1裁定版.md,RETAINED
05_POST_M8_SOURCE_ARCHIVE/VALID_HISTORY/PLANNING/REFERENCE/467d7ba914__81—100_十二维文学文化缺口总表_v1.0.md,467d7ba914bd4e3826b0f99903c5e2656cf4be3a9875eae7e54958d8fa844267,27818,POST_M8_SOURCE_ARCHIVE,RCWH_SelfContained_Handover_v4.0_20261007(1).zip,03_VALID_HISTORY/PLANNING/REFERENCE/467d7ba914__81—100_十二维文学文化缺口总表_v1.0.md,RETAINED
05_POST_M8_SOURCE_ARCHIVE/VALID_HISTORY/PLANNING/REFERENCE/4e1dd2a2d7__81—100_被压缩形成过程与社会过程补完总表_v1.7_当前版.md,4e1dd2a2d7669011ece72f8d7a5b93903b235042aadd528f0178f6544901dc7b,39996,POST_M8_SOURCE_ARCHIVE,RCWH_SelfContained_Handover_v4.0_20261007(1).zip,03_VALID_HISTORY/PLANNING/REFERENCE/4e1dd2a2d7__81—100_被压缩形成过程与社会过程补完总表_v1.7_当前版.md,RETAINED
05_POST_M8_SOURCE_ARCHIVE/VALID_HISTORY/PLANNING/REFERENCE/647b552f70__81—100_十二维文学文化缺口总表_v1.4_精简施工版.md,647b552f70d39fbe71c27d559ec5eddeda126487e9661c4f2ac6c0efe16a3e7a,28607,POST_M8_SOURCE_ARCHIVE,RCWH_SelfContained_Handover_v4.0_20261007(1).zip,03_VALID_HISTORY/PLANNING/REFERENCE/647b552f70__81—100_十二维文学文化缺口总表_v1.4_精简施工版.md,RETAINED
05_POST_M8_SOURCE_ARCHIVE/VALID_HISTORY/PLANNING/REFERENCE/9437bda004__81—100_被压缩形成过程与社会过程补完总表_v1.4_D2弱证裁定版.md,9437bda004dc1030b4a3901ce0610c4ec0b865c502112934d5abfdde9b707de4,39508,POST_M8_SOURCE_ARCHIVE,RCWH_SelfContained_Handover_v4.0_20261007(1).zip,03_VALID_HISTORY/PLANNING/REFERENCE/9437bda004__81—100_被压缩形成过程与社会过程补完总表_v1.4_D2弱证裁定版.md,RETAINED
05_POST_M8_SOURCE_ARCHIVE/VALID_HISTORY/PLANNING/REFERENCE/9635dc9dad__81—100_被压缩形成过程与社会过程补完总表_v1.3_C_D1裁定版.md,9635dc9dad76056dc3ef1e643963b069d00680d758018349fa8908240ed20ec4,39428,POST_M8_SOURCE_ARCHIVE,RCWH_SelfContained_Handover_v4.0_20261007(1).zip,03_VALID_HISTORY/PLANNING/REFERENCE/9635dc9dad__81—100_被压缩形成过程与社会过程补完总表_v1.3_C_D1裁定版.md,RETAINED
05_POST_M8_SOURCE_ARCHIVE/VALID_HISTORY/PLANNING/REFERENCE/96d933a21d__81—100_十二维文学文化缺口总表_v1.1_P0回归版.md,96d933a21dca1898acdeea81f5e8e6c8e2c1ddbaf54a431cb1774770e4038328,28351,POST_M8_SOURCE_ARCHIVE,RCWH_SelfContained_Handover_v4.0_20261007(1).zip,03_VALID_HISTORY/PLANNING/REFERENCE/96d933a21d__81—100_十二维文学文化缺口总表_v1.1_P0回归版.md,RETAINED
05_POST_M8_SOURCE_ARCHIVE/VALID_HISTORY/PLANNING/REFERENCE/f2ff147b1e__81—100_被压缩形成过程与社会过程补完总表_v1.0.md,f2ff147b1ecbc574691dac6a7c1e3f939be0b1186e48f45ebe1b756a568d95df,38398,POST_M8_SOURCE_ARCHIVE,RCWH_SelfContained_Handover_v4.0_20261007(1).zip,03_VALID_HISTORY/PLANNING/REFERENCE/f2ff147b1e__81—100_被压缩形成过程与社会过程补完总表_v1.0.md,RETAINED
05_POST_M8_SOURCE_ARCHIVE/VALID_HISTORY/PLANNING/REFERENCE/faae6f9960__81—100_十二维文学文化缺口总表_v1.6_当前版.md,faae6f996071b532940ceddfdd55830df7eb60a59d98ee167f725dffd7b4f3d0,29410,POST_M8_SOURCE_ARCHIVE,RCWH_SelfContained_Handover_v4.0_20261007(1).zip,03_VALID_HISTORY/PLANNING/REFERENCE/faae6f9960__81—100_十二维文学文化缺口总表_v1.6_当前版.md,RETAINED
05_POST_M8_SOURCE_ARCHIVE/VALID_HISTORY/RECONSTRUCTION/REFERENCE/0292382459__81—100_二十回全幅补完卡_v2.0_R3全量施工版.md,0292382459fbc68b12ec922d8776dbfe968c95ec93bfa301cbdc380aff83f0d0,58886,POST_M8_SOURCE_ARCHIVE,RCWH_SelfContained_Handover_v4.0_20261007(1).zip,03_VALID_HISTORY/RECONSTRUCTION/REFERENCE/0292382459__81—100_二十回全幅补完卡_v2.0_R3全量施工版.md,RETAINED
05_POST_M8_SOURCE_ARCHIVE/VALID_HISTORY/RECONSTRUCTION/REFERENCE/0a38c68d95__红楼梦八十回后佚稿复原_工作底稿_v2.6_E回灌冻结母本.md,0a38c68d95084f9f27ae97c1ad677e8cd6b321da30e9c61871a52eb1a4090fa1,37611,POST_M8_SOURCE_ARCHIVE,RCWH_SelfContained_Handover_v4.0_20261007(1).zip,03_VALID_HISTORY/RECONSTRUCTION/REFERENCE/0a38c68d95__红楼梦八十回后佚稿复原_工作底稿_v2.6_E回灌冻结母本.md,RETAINED
05_POST_M8_SOURCE_ARCHIVE/VALID_HISTORY/RECONSTRUCTION/REFERENCE/0b5b9af34e__81—100_二十回全幅补完卡_v2.4_Phase6清扫版.md,0b5b9af34edb54b1ebeb3f1d09e240a72f0aa0cd18391fb9d85f4420b6b58c04,60131,POST_M8_SOURCE_ARCHIVE,RCWH_SelfContained_Handover_v4.0_20261007(1).zip,03_VALID_HISTORY/RECONSTRUCTION/REFERENCE/0b5b9af34e__81—100_二十回全幅补完卡_v2.4_Phase6清扫版.md,RETAINED
05_POST_M8_SOURCE_ARCHIVE/VALID_HISTORY/RECONSTRUCTION/REFERENCE/290fc79c4c__红楼梦八十回后佚稿复原_工作底稿_v2.4_C_D1裁定母本.md,290fc79c4c793b9e868827af9d41189f0f94ba127bebca3addc4f48fadcb7bb1,36574,POST_M8_SOURCE_ARCHIVE,RCWH_SelfContained_Handover_v4.0_20261007(1).zip,03_VALID_HISTORY/RECONSTRUCTION/REFERENCE/290fc79c4c__红楼梦八十回后佚稿复原_工作底稿_v2.4_C_D1裁定母本.md,RETAINED
05_POST_M8_SOURCE_ARCHIVE/VALID_HISTORY/RECONSTRUCTION/REFERENCE/3378c74842__81—100_二十回全幅补完卡_v1.8_R1证据角色回归版.md,3378c7484243085098101b0c0917d7f47c7ab6128c146f2e9833f7115ce3711e,3157,POST_M8_SOURCE_ARCHIVE,RCWH_SelfContained_Handover_v4.0_20261007(1).zip,03_VALID_HISTORY/RECONSTRUCTION/REFERENCE/3378c74842__81—100_二十回全幅补完卡_v1.8_R1证据角色回归版.md,RETAINED
05_POST_M8_SOURCE_ARCHIVE/VALID_HISTORY/RECONSTRUCTION/REFERENCE/365166499d__红楼梦八十回后佚稿复原_工作底稿_v2.10_R2正文回归母本.md,365166499d79995564064d15ad6283cf7a00a44f590ae2a6a6d3f9c8160a4b30,2109,POST_M8_SOURCE_ARCHIVE,RCWH_SelfContained_Handover_v4.0_20261007(1).zip,03_VALID_HISTORY/RECONSTRUCTION/REFERENCE/365166499d__红楼梦八十回后佚稿复原_工作底稿_v2.10_R2正文回归母本.md,RETAINED
05_POST_M8_SOURCE_ARCHIVE/VALID_HISTORY/RECONSTRUCTION/REFERENCE/395773b9bc__81—100_二十回全幅补完卡_v1.1_P0回归版.md,395773b9bc558a31ae9298e443ce24aecb2229a716253a8c1fe35d9ab78a98ab,56949,POST_M8_SOURCE_ARCHIVE,RCWH_SelfContained_Handover_v4.0_20261007(1).zip,03_VALID_HISTORY/RECONSTRUCTION/REFERENCE/395773b9bc__81—100_二十回全幅补完卡_v1.1_P0回归版.md,RETAINED
05_POST_M8_SOURCE_ARCHIVE/VALID_HISTORY/RECONSTRUCTION/REFERENCE/4009c7e4e7__81—100_二十回全幅补完卡_v1.9_R2正文回归版.md,4009c7e4e7a390335e5f43401d2a3a228672bbfd815875557ca3eba6564c5991,789,POST_M8_SOURCE_ARCHIVE,RCWH_SelfContained_Handover_v4.0_20261007(1).zip,03_VALID_HISTORY/RECONSTRUCTION/REFERENCE/4009c7e4e7__81—100_二十回全幅补完卡_v1.9_R2正文回归版.md,RETAINED
05_POST_M8_SOURCE_ARCHIVE/VALID_HISTORY/RECONSTRUCTION/REFERENCE/423b4dc9fb__81—100_二十回全幅补完卡_v2.3_R4D同步版.md,423b4dc9fb813c678b29c0d30d679bcdf475c961ca9ee5759a1aed614774c881,59847,POST_M8_SOURCE_ARCHIVE,RCWH_SelfContained_Handover_v4.0_20261007(1).zip,03_VALID_HISTORY/RECONSTRUCTION/REFERENCE/423b4dc9fb__81—100_二十回全幅补完卡_v2.3_R4D同步版.md,RETAINED
05_POST_M8_SOURCE_ARCHIVE/VALID_HISTORY/RECONSTRUCTION/REFERENCE/432c7a9512__红楼梦八十回后佚稿复原_工作底稿_v2.12_当前母本.md,432c7a95120fe807bdfe2d89d90c430c5be34548fe957477251812cbd6817f26,3786,POST_M8_SOURCE_ARCHIVE,RCWH_SelfContained_Handover_v4.0_20261007(1).zip,03_VALID_HISTORY/RECONSTRUCTION/REFERENCE/432c7a9512__红楼梦八十回后佚稿复原_工作底稿_v2.12_当前母本.md,RETAINED
05_POST_M8_SOURCE_ARCHIVE/VALID_HISTORY/RECONSTRUCTION/REFERENCE/4a51126d57__81—100_二十回全幅补完卡_v1.4_D2弱证裁定版.md,4a51126d57efbe757accbd4306ce583ef6ff064a404be1880c3e3c689ea9ccb4,59093,POST_M8_SOURCE_ARCHIVE,RCWH_SelfContained_Handover_v4.0_20261007(1).zip,03_VALID_HISTORY/RECONSTRUCTION/REFERENCE/4a51126d57__81—100_二十回全幅补完卡_v1.4_D2弱证裁定版.md,RETAINED
05_POST_M8_SOURCE_ARCHIVE/VALID_HISTORY/RECONSTRUCTION/REFERENCE/4c190c48f8__81—100_二十回全幅补完卡_v1.5_E回灌冻结版.md,4c190c48f816381d360216986f2813d07e55fa46999ee459ccc9f3ca7f140755,59390,POST_M8_SOURCE_ARCHIVE,RCWH_SelfContained_Handover_v4.0_20261007(1).zip,03_VALID_HISTORY/RECONSTRUCTION/REFERENCE/4c190c48f8__81—100_二十回全幅补完卡_v1.5_E回灌冻结版.md,RETAINED
05_POST_M8_SOURCE_ARCHIVE/VALID_HISTORY/RECONSTRUCTION/REFERENCE/5d8c99cbce__81—100_二十回全幅补完卡_v2.4_Phase6清扫版.md,5d8c99cbce8c499e727982ed63b83029815b70da5e510da614b709cc4b4f79eb,60227,POST_M8_SOURCE_ARCHIVE,RCWH_SelfContained_Handover_v4.0_20261007(1).zip,03_VALID_HISTORY/RECONSTRUCTION/REFERENCE/5d8c99cbce__81—100_二十回全幅补完卡_v2.4_Phase6清扫版.md,RETAINED
05_POST_M8_SOURCE_ARCHIVE/VALID_HISTORY/RECONSTRUCTION/REFERENCE/65098e2195__81—100_二十回全幅补完卡_v1.6_P0关闭施工版.md,65098e219524248837eade26c2198a3e215e2c0f444b67919255bcf4c73fdf30,59637,POST_M8_SOURCE_ARCHIVE,RCWH_SelfContained_Handover_v4.0_20261007(1).zip,03_VALID_HISTORY/RECONSTRUCTION/REFERENCE/65098e2195__81—100_二十回全幅补完卡_v1.6_P0关闭施工版.md,RETAINED
05_POST_M8_SOURCE_ARCHIVE/VALID_HISTORY/RECONSTRUCTION/REFERENCE/6626dc5218__81—100_二十回全幅补完卡_v2.1_当前施工版.md,6626dc52188b7efb3e07d7ee69ee78496b996ec0507e64fa6d50cb6bf66fd3fa,59075,POST_M8_SOURCE_ARCHIVE,RCWH_SelfContained_Handover_v4.0_20261007(1).zip,03_VALID_HISTORY/RECONSTRUCTION/REFERENCE/6626dc5218__81—100_二十回全幅补完卡_v2.1_当前施工版.md,RETAINED
05_POST_M8_SOURCE_ARCHIVE/VALID_HISTORY/RECONSTRUCTION/REFERENCE/695f582180__81—100_二十回全幅补完卡_v1.7_精简施工版.md,695f58218028df8cd88f3197812a7e7fce19ccff8d06657237dd3cfc7b6292aa,58662,POST_M8_SOURCE_ARCHIVE,RCWH_SelfContained_Handover_v4.0_20261007(1).zip,03_VALID_HISTORY/RECONSTRUCTION/REFERENCE/695f582180__81—100_二十回全幅补完卡_v1.7_精简施工版.md,RETAINED
05_POST_M8_SOURCE_ARCHIVE/VALID_HISTORY/RECONSTRUCTION/REFERENCE/aa51a3da8c__红楼梦八十回后佚稿复原_工作底稿_v2.5_D2弱证裁定母本.md,aa51a3da8c68681f8f4b13d0d20f75f1e1e7f5e48f20e2f9a896bae6a15c3278,36690,POST_M8_SOURCE_ARCHIVE,RCWH_SelfContained_Handover_v4.0_20261007(1).zip,03_VALID_HISTORY/RECONSTRUCTION/REFERENCE/aa51a3da8c__红楼梦八十回后佚稿复原_工作底稿_v2.5_D2弱证裁定母本.md,RETAINED
05_POST_M8_SOURCE_ARCHIVE/VALID_HISTORY/RECONSTRUCTION/REFERENCE/b0918128c3__红楼梦八十回后佚稿复原_工作底稿_v2.9_R1证据角色回归母本.md,b0918128c39775fbce3f905c1c287be11f1d44a4ab1146b68ed4aa363da62e7a,3315,POST_M8_SOURCE_ARCHIVE,RCWH_SelfContained_Handover_v4.0_20261007(1).zip,03_VALID_HISTORY/RECONSTRUCTION/REFERENCE/b0918128c3__红楼梦八十回后佚稿复原_工作底稿_v2.9_R1证据角色回归母本.md,RETAINED
05_POST_M8_SOURCE_ARCHIVE/VALID_HISTORY/RECONSTRUCTION/REFERENCE/b594944a56__81—100_二十回全幅补完卡_v1.3_C_D1裁定版.md,b594944a56f52d919b2dc853fb7fafea698bc7e5ba8fe6c455f62845b74804c4,58727,POST_M8_SOURCE_ARCHIVE,RCWH_SelfContained_Handover_v4.0_20261007(1).zip,03_VALID_HISTORY/RECONSTRUCTION/REFERENCE/b594944a56__81—100_二十回全幅补完卡_v1.3_C_D1裁定版.md,RETAINED
05_POST_M8_SOURCE_ARCHIVE/VALID_HISTORY/RECONSTRUCTION/REFERENCE/b6cf4af316__红楼梦八十回后佚稿复原_工作底稿_v2.8_精简施工母本.md,b6cf4af316cf0ab2d2a453889da75ae86dbacc0f1f7ae535f203a3927af7671c,37580,POST_M8_SOURCE_ARCHIVE,RCWH_SelfContained_Handover_v4.0_20261007(1).zip,03_VALID_HISTORY/RECONSTRUCTION/REFERENCE/b6cf4af316__红楼梦八十回后佚稿复原_工作底稿_v2.8_精简施工母本.md,RETAINED
05_POST_M8_SOURCE_ARCHIVE/VALID_HISTORY/RECONSTRUCTION/REFERENCE/bebb475bed__红楼梦八十回后佚稿复原_工作底稿_v2.7_P0关闭母本.md,bebb475bed84d146005010c9aaa9ff61c2647f7ccc7fe559b8db402e1f5ab071,38038,POST_M8_SOURCE_ARCHIVE,RCWH_SelfContained_Handover_v4.0_20261007(1).zip,03_VALID_HISTORY/RECONSTRUCTION/REFERENCE/bebb475bed__红楼梦八十回后佚稿复原_工作底稿_v2.7_P0关闭母本.md,RETAINED
05_POST_M8_SOURCE_ARCHIVE/VALID_HISTORY/RECONSTRUCTION/REFERENCE/e2a7a33638__红楼梦八十回后佚稿复原_工作底稿_v2.11_R3全体系同步母本.md,e2a7a33638935f53558bdd9582680862d6a883293e96341769a7418bd2e51cd3,2563,POST_M8_SOURCE_ARCHIVE,RCWH_SelfContained_Handover_v4.0_20261007(1).zip,03_VALID_HISTORY/RECONSTRUCTION/REFERENCE/e2a7a33638__红楼梦八十回后佚稿复原_工作底稿_v2.11_R3全体系同步母本.md,RETAINED
05_POST_M8_SOURCE_ARCHIVE/VALID_HISTORY/RECONSTRUCTION/REFERENCE/f1de52e99f__81—100_二十回全幅补完卡_v2.2_R4C位置修复版.md,f1de52e99f65bcc86fa95910fc416dfc5332614e85cbc6bb72c2dffce8e29f2d,59573,POST_M8_SOURCE_ARCHIVE,RCWH_SelfContained_Handover_v4.0_20261007(1).zip,03_VALID_HISTORY/RECONSTRUCTION/REFERENCE/f1de52e99f__81—100_二十回全幅补完卡_v2.2_R4C位置修复版.md,RETAINED
05_POST_M8_SOURCE_ARCHIVE/VALID_HISTORY/RECONSTRUCTION/REFERENCE/f2227fd0f2__81—100_二十回全幅补完卡_v1.0.md,f2227fd0f21d5bc78825bb30e1fa450d64c2b5d45dfda0e2a916df9665c7e622,55490,POST_M8_SOURCE_ARCHIVE,RCWH_SelfContained_Handover_v4.0_20261007(1).zip,03_VALID_HISTORY/RECONSTRUCTION/REFERENCE/f2227fd0f2__81—100_二十回全幅补完卡_v1.0.md,RETAINED
05_POST_M8_SOURCE_ARCHIVE/VALID_HISTORY/REGISTRY/REFERENCE/064ab52756__历史过程补档索引_v1.0.md,064ab5275606d839add73229c091d39723dc705e1fc97c49c8ad2f95594bad4e,11925,POST_M8_SOURCE_ARCHIVE,RCWH_SelfContained_Handover_v4.0_20261007(1).zip,03_VALID_HISTORY/REGISTRY/REFERENCE/064ab52756__历史过程补档索引_v1.0.md,RETAINED
05_POST_M8_SOURCE_ARCHIVE/VALID_HISTORY/REGISTRY/REFERENCE/25e4fcea81__丢失风险与恢复说明_v1.0.md,25e4fcea81f28bd7bff1124d57230e24d5703125166daefaf312906e21a76b38,618,POST_M8_SOURCE_ARCHIVE,RCWH_SelfContained_Handover_v4.0_20261007(1).zip,03_VALID_HISTORY/REGISTRY/REFERENCE/25e4fcea81__丢失风险与恢复说明_v1.0.md,RETAINED
05_POST_M8_SOURCE_ARCHIVE/VALID_HISTORY/REGISTRY/REFERENCE/2828be8d22__README_R3_从这里开始.md,2828be8d2293b6ab40f1dbfcd229a51ce5fdee68cdcdf07e53da5ca4c74bd334,1021,POST_M8_SOURCE_ARCHIVE,RCWH_SelfContained_Handover_v4.0_20261007(1).zip,03_VALID_HISTORY/REGISTRY/REFERENCE/2828be8d22__README_R3_从这里开始.md,RETAINED
05_POST_M8_SOURCE_ARCHIVE/VALID_HISTORY/REGISTRY/REFERENCE/2c62c34a18__README_只读.md,2c62c34a18b4d95f43a414baef068abcdf0624d1378912c9dfa1ccb8989f9264,157,POST_M8_SOURCE_ARCHIVE,RCWH_SelfContained_Handover_v4.0_20261007(1).zip,03_VALID_HISTORY/REGISTRY/REFERENCE/2c62c34a18__README_只读.md,RETAINED
05_POST_M8_SOURCE_ARCHIVE/VALID_HISTORY/REGISTRY/REFERENCE/2db90c5e0a__三套来源包文件清单.csv,2db90c5e0a25baacae5325616e2e87f70e82827f2758e6d8743acfc65eaba2f3,114578,POST_M8_SOURCE_ARCHIVE,RCWH_SelfContained_Handover_v4.0_20261007(1).zip,03_VALID_HISTORY/REGISTRY/REFERENCE/2db90c5e0a__三套来源包文件清单.csv,RETAINED
05_POST_M8_SOURCE_ARCHIVE/VALID_HISTORY/REGISTRY/REFERENCE/37f7d82894__全量文件索引.csv,37f7d828946844b2e351971981532bab5fd9431963ecad9e74ad021c215b5fab,186249,POST_M8_SOURCE_ARCHIVE,RCWH_SelfContained_Handover_v4.0_20261007(1).zip,03_VALID_HISTORY/REGISTRY/REFERENCE/37f7d82894__全量文件索引.csv,RETAINED
05_POST_M8_SOURCE_ARCHIVE/VALID_HISTORY/REGISTRY/REFERENCE/37fe9259ae__文档体系地图与权威链_v4.2.md,37fe9259ae61a079ba81e3767b7f5a1a3e84545bbb329bc96a7181fd219b6165,2556,POST_M8_SOURCE_ARCHIVE,RCWH_SelfContained_Handover_v4.0_20261007(1).zip,03_VALID_HISTORY/REGISTRY/REFERENCE/37fe9259ae__文档体系地图与权威链_v4.2.md,RETAINED
05_POST_M8_SOURCE_ARCHIVE/VALID_HISTORY/REGISTRY/REFERENCE/3b291baa84__文档体系地图与权威链_v3.4.md,3b291baa8426b8ccc2761b9af0c99a52823cdf41a884863d45e31676da09fabc,1912,POST_M8_SOURCE_ARCHIVE,RCWH_SelfContained_Handover_v4.0_20261007(1).zip,03_VALID_HISTORY/REGISTRY/REFERENCE/3b291baa84__文档体系地图与权威链_v3.4.md,RETAINED
05_POST_M8_SOURCE_ARCHIVE/VALID_HISTORY/REGISTRY/REFERENCE/3d981a5eb2__文件清单与SHA256_v3.0.md,3d981a5eb223fe3ab94be5bf9533578dd06d0f0019bd329637216183d32ba07a,9210,POST_M8_SOURCE_ARCHIVE,RCWH_SelfContained_Handover_v4.0_20261007(1).zip,03_VALID_HISTORY/REGISTRY/REFERENCE/3d981a5eb2__文件清单与SHA256_v3.0.md,RETAINED
05_POST_M8_SOURCE_ARCHIVE/VALID_HISTORY/REGISTRY/REFERENCE/42b4f11246__全量来源覆盖审计_v1.0.md,42b4f11246217d4def67ca6ac479170942ee5583ec2e45198aec4ca981907a0f,811,POST_M8_SOURCE_ARCHIVE,RCWH_SelfContained_Handover_v4.0_20261007(1).zip,03_VALID_HISTORY/REGISTRY/REFERENCE/42b4f11246__全量来源覆盖审计_v1.0.md,RETAINED
05_POST_M8_SOURCE_ARCHIVE/VALID_HISTORY/REGISTRY/REFERENCE/59d49367fa__README.md,59d49367fad8bd14e682c4d5e22dcdf3a7d7a67555c7efec412f9f3caa1f1912,515,POST_M8_SOURCE_ARCHIVE,RCWH_SelfContained_Handover_v4.0_20261007(1).zip,03_VALID_HISTORY/REGISTRY/REFERENCE/59d49367fa__README.md,RETAINED
05_POST_M8_SOURCE_ARCHIVE/VALID_HISTORY/REGISTRY/REFERENCE/5f458d52cc__R1文件清单与SHA256_v1.3.md,5f458d52cc6dbe39965969e73b89f62284283b375de7dc5830dcb15b48fadb0a,13390,POST_M8_SOURCE_ARCHIVE,RCWH_SelfContained_Handover_v4.0_20261007(1).zip,03_VALID_HISTORY/REGISTRY/REFERENCE/5f458d52cc__R1文件清单与SHA256_v1.3.md,RETAINED
05_POST_M8_SOURCE_ARCHIVE/VALID_HISTORY/REGISTRY/REFERENCE/6b85071a4a__重整完成报告_v1.0.md,6b85071a4a2a4c1359c254090ed55d6284161ae64f0c97c8936bdf5c8c7ade40,565,POST_M8_SOURCE_ARCHIVE,RCWH_SelfContained_Handover_v4.0_20261007(1).zip,03_VALID_HISTORY/REGISTRY/REFERENCE/6b85071a4a__重整完成报告_v1.0.md,RETAINED
05_POST_M8_SOURCE_ARCHIVE/VALID_HISTORY/REGISTRY/REFERENCE/70263357a0__README_使用边界.md,70263357a0729014aec3abf96a1bc14b498e8ead972995834c7cbd6618279681,543,POST_M8_SOURCE_ARCHIVE,RCWH_SelfContained_Handover_v4.0_20261007(1).zip,03_VALID_HISTORY/REGISTRY/REFERENCE/70263357a0__README_使用边界.md,RETAINED
05_POST_M8_SOURCE_ARCHIVE/VALID_HISTORY/REGISTRY/REFERENCE/73a1b9afda__README_从这里开始.md,73a1b9afda8ad841e65513e626d07f2dc171ae2b89d69082f2af99dd0ce3dc8c,1629,POST_M8_SOURCE_ARCHIVE,RCWH_SelfContained_Handover_v4.0_20261007(1).zip,03_VALID_HISTORY/REGISTRY/REFERENCE/73a1b9afda__README_从这里开始.md,RETAINED
05_POST_M8_SOURCE_ARCHIVE/VALID_HISTORY/REGISTRY/REFERENCE/76741567b0__README_v3.4_从这里开始.md,76741567b01d4acdf2691f8f54cb096cec79ef386f13e23bce9944d591c11668,1403,POST_M8_SOURCE_ARCHIVE,RCWH_SelfContained_Handover_v4.0_20261007(1).zip,03_VALID_HISTORY/REGISTRY/REFERENCE/76741567b0__README_v3.4_从这里开始.md,RETAINED
05_POST_M8_SOURCE_ARCHIVE/VALID_HISTORY/REGISTRY/REFERENCE/79fc66b388__README_使用边界.md,79fc66b388bbfb6e4b7863b163ed5723ed46ad540a186e80fd426920bac5876f,350,POST_M8_SOURCE_ARCHIVE,RCWH_SelfContained_Handover_v4.0_20261007(1).zip,03_VALID_HISTORY/REGISTRY/REFERENCE/79fc66b388__README_使用边界.md,RETAINED
05_POST_M8_SOURCE_ARCHIVE/VALID_HISTORY/REGISTRY/REFERENCE/860f66ee9c__R3文件清单与SHA256_v1.4.md,860f66ee9c5e3d370ee373fcc214e2961ad23109e5517f77561fa21ddb613a0e,22232,POST_M8_SOURCE_ARCHIVE,RCWH_SelfContained_Handover_v4.0_20261007(1).zip,03_VALID_HISTORY/REGISTRY/REFERENCE/860f66ee9c__R3文件清单与SHA256_v1.4.md,RETAINED
05_POST_M8_SOURCE_ARCHIVE/VALID_HISTORY/REGISTRY/REFERENCE/887d0e06d9__主题整理来源映射.csv,887d0e06d9ecfe852b57de482cc8bae2a81cfd9b3b94c2d57137c28ba6fa0657,338916,POST_M8_SOURCE_ARCHIVE,RCWH_SelfContained_Handover_v4.0_20261007(1).zip,03_VALID_HISTORY/REGISTRY/REFERENCE/887d0e06d9__主题整理来源映射.csv,RETAINED
05_POST_M8_SOURCE_ARCHIVE/VALID_HISTORY/REGISTRY/REFERENCE/8c853f6e7e__README_使用边界.md,8c853f6e7e43d7b1805fa306eab1ece796e23e04f8759579707a4cf81c60f5b9,206,POST_M8_SOURCE_ARCHIVE,RCWH_SelfContained_Handover_v4.0_20261007(1).zip,03_VALID_HISTORY/REGISTRY/REFERENCE/8c853f6e7e__README_使用边界.md,RETAINED
05_POST_M8_SOURCE_ARCHIVE/VALID_HISTORY/REGISTRY/REFERENCE/8fca1840d6__重复内容组.csv,8fca1840d60e51c231960f1b0c5fa4a5d75e97ad3a625a84f61350e93f59b179,6880,POST_M8_SOURCE_ARCHIVE,RCWH_SelfContained_Handover_v4.0_20261007(1).zip,03_VALID_HISTORY/REGISTRY/REFERENCE/8fca1840d6__重复内容组.csv,RETAINED
05_POST_M8_SOURCE_ARCHIVE/VALID_HISTORY/REGISTRY/REFERENCE/957b40d6d5__R3文件清单与SHA256_v1.3.md,957b40d6d53c3cc5e3bc39eed3a8adf058ea05a6686a7ef841b521b51aa9cb71,21910,POST_M8_SOURCE_ARCHIVE,RCWH_SelfContained_Handover_v4.0_20261007(1).zip,03_VALID_HISTORY/REGISTRY/REFERENCE/957b40d6d5__R3文件清单与SHA256_v1.3.md,RETAINED
05_POST_M8_SOURCE_ARCHIVE/VALID_HISTORY/REGISTRY/REFERENCE/9d30076090__SHA256SUMS_v4.2.txt,9d30076090d9880f099fa73e3364e43079b6cd8c982a13aea71444a8aab01c1f,177772,POST_M8_SOURCE_ARCHIVE,RCWH_SelfContained_Handover_v4.0_20261007(1).zip,03_VALID_HISTORY/REGISTRY/REFERENCE/9d30076090__SHA256SUMS_v4.2.txt,RETAINED
05_POST_M8_SOURCE_ARCHIVE/VALID_HISTORY/REGISTRY/REFERENCE/9d4bf975bb__README_R1_从这里开始.md,9d4bf975bb9260c7960aae1771d2bb1d7f9c7f26871113ab14767dd9546266ab,1312,POST_M8_SOURCE_ARCHIVE,RCWH_SelfContained_Handover_v4.0_20261007(1).zip,03_VALID_HISTORY/REGISTRY/REFERENCE/9d4bf975bb__README_R1_从这里开始.md,RETAINED
05_POST_M8_SOURCE_ARCHIVE/VALID_HISTORY/REGISTRY/REFERENCE/9e4cb117bf__文档体系清理与整编报告_v3.4.md,9e4cb117bf0791e81bf64a4b64a01f202c3aecbb98f56835546040aa9e4e06d0,928,POST_M8_SOURCE_ARCHIVE,RCWH_SelfContained_Handover_v4.0_20261007(1).zip,03_VALID_HISTORY/REGISTRY/REFERENCE/9e4cb117bf__文档体系清理与整编报告_v3.4.md,RETAINED
05_POST_M8_SOURCE_ARCHIVE/VALID_HISTORY/REGISTRY/REFERENCE/a0289f6323__下一轮修复_R1治理层完成报告_v1.0.md,a0289f6323891e97d1e1a3df039eea9415544621cfbc44d044df3a345844faf8,1461,POST_M8_SOURCE_ARCHIVE,RCWH_SelfContained_Handover_v4.0_20261007(1).zip,03_VALID_HISTORY/REGISTRY/REFERENCE/a0289f6323__下一轮修复_R1治理层完成报告_v1.0.md,RETAINED
05_POST_M8_SOURCE_ARCHIVE/VALID_HISTORY/REGISTRY/REFERENCE/a435f49d6c__当前ACTIVE文档体系_全量证据身份与结构一致性评审报告_v1.0.md,a435f49d6c130a0653b4f19ecdc70e78ef0811ee60e8fc2582398a382c75e176,29157,POST_M8_SOURCE_ARCHIVE,RCWH_SelfContained_Handover_v4.0_20261007(1).zip,03_VALID_HISTORY/REGISTRY/REFERENCE/a435f49d6c__当前ACTIVE文档体系_全量证据身份与结构一致性评审报告_v1.0.md,RETAINED
05_POST_M8_SOURCE_ARCHIVE/VALID_HISTORY/REGISTRY/REFERENCE/b65320cdd2__README_稳定ACTIVE_v4.0.md,b65320cdd262c05b4e621328fad80d59b78cc3db0c047d0f2c2d2c58160da350,989,POST_M8_SOURCE_ARCHIVE,RCWH_SelfContained_Handover_v4.0_20261007(1).zip,03_VALID_HISTORY/REGISTRY/REFERENCE/b65320cdd2__README_稳定ACTIVE_v4.0.md,RETAINED
05_POST_M8_SOURCE_ARCHIVE/VALID_HISTORY/REGISTRY/REFERENCE/ba014f12f2__R3_过程文档全同步完成报告_v1.0.md,ba014f12f2349f33490885f1a82bdc52d8234526a2387122a4a295393cdfecdb,1069,POST_M8_SOURCE_ARCHIVE,RCWH_SelfContained_Handover_v4.0_20261007(1).zip,03_VALID_HISTORY/REGISTRY/REFERENCE/ba014f12f2__R3_过程文档全同步完成报告_v1.0.md,RETAINED
05_POST_M8_SOURCE_ARCHIVE/VALID_HISTORY/REGISTRY/REFERENCE/c372171dca__README_R1后历史状态.md,c372171dca4997f94d564d8755d6f36cd78d0a11170f13f35b44194cc33ae081,458,POST_M8_SOURCE_ARCHIVE,RCWH_SelfContained_Handover_v4.0_20261007(1).zip,03_VALID_HISTORY/REGISTRY/REFERENCE/c372171dca__README_R1后历史状态.md,RETAINED
05_POST_M8_SOURCE_ARCHIVE/VALID_HISTORY/REGISTRY/REFERENCE/c854b24a9a__README_使用边界.md,c854b24a9a853aff6ce3ca401de239bfbe5be3c402d43695139370a19b3ded6e,480,POST_M8_SOURCE_ARCHIVE,RCWH_SelfContained_Handover_v4.0_20261007(1).zip,03_VALID_HISTORY/REGISTRY/REFERENCE/c854b24a9a__README_使用边界.md,RETAINED
05_POST_M8_SOURCE_ARCHIVE/VALID_HISTORY/REGISTRY/REFERENCE/ce6afd1f77__README_R3_一手史料复核状态.md,ce6afd1f772b3e6de10ae676f3da544b3502b7211acc5b9c1195ec14287170f7,715,POST_M8_SOURCE_ARCHIVE,RCWH_SelfContained_Handover_v4.0_20261007(1).zip,03_VALID_HISTORY/REGISTRY/REFERENCE/ce6afd1f77__README_R3_一手史料复核状态.md,RETAINED
05_POST_M8_SOURCE_ARCHIVE/VALID_HISTORY/REGISTRY/REFERENCE/d5d94544bc__冗余错误过期内容清理报告_v3.0.md,d5d94544bc44f85adfe5f4f30de33329cfc4ea6cbb21d8788bbab300e29c5583,2984,POST_M8_SOURCE_ARCHIVE,RCWH_SelfContained_Handover_v4.0_20261007(1).zip,03_VALID_HISTORY/REGISTRY/REFERENCE/d5d94544bc__冗余错误过期内容清理报告_v3.0.md,RETAINED
05_POST_M8_SOURCE_ARCHIVE/VALID_HISTORY/REGISTRY/REFERENCE/dd3e5560df__R4全链审计执行清单_v1.0.md,dd3e5560df8e63fa1554014fbeddb12c6f11665274c920d1a8579d436f55237d,1082,POST_M8_SOURCE_ARCHIVE,RCWH_SelfContained_Handover_v4.0_20261007(1).zip,03_VALID_HISTORY/REGISTRY/REFERENCE/dd3e5560df__R4全链审计执行清单_v1.0.md,RETAINED
05_POST_M8_SOURCE_ARCHIVE/VALID_HISTORY/REGISTRY/REFERENCE/dd57fc2c82__文件清单与SHA256_v3.4.md,dd57fc2c8243d777c541b49d63b0a5f3cad95c4ad9a4d09ac6d1d51fa8bb91f2,10365,POST_M8_SOURCE_ARCHIVE,RCWH_SelfContained_Handover_v4.0_20261007(1).zip,03_VALID_HISTORY/REGISTRY/REFERENCE/dd57fc2c82__文件清单与SHA256_v3.4.md,RETAINED
05_POST_M8_SOURCE_ARCHIVE/VALID_HISTORY/REGISTRY/REFERENCE/e145357d68__全量文件清单与SHA256_v3.4.md,e145357d6867f23346e9e04e3c8797430bb450253da51fd3cf6fd5e1766c302d,37848,POST_M8_SOURCE_ARCHIVE,RCWH_SelfContained_Handover_v4.0_20261007(1).zip,03_VALID_HISTORY/REGISTRY/REFERENCE/e145357d68__全量文件清单与SHA256_v3.4.md,RETAINED
05_POST_M8_SOURCE_ARCHIVE/VALID_HISTORY/REGISTRY/REFERENCE/e2f51062a5__README_从这里开始.md,e2f51062a5d9a8f3521d3b2a1b64ebcec9d1ebbc2a083b7712cb573f2dd42ece,2380,POST_M8_SOURCE_ARCHIVE,RCWH_SelfContained_Handover_v4.0_20261007(1).zip,03_VALID_HISTORY/REGISTRY/REFERENCE/e2f51062a5__README_从这里开始.md,RETAINED
05_POST_M8_SOURCE_ARCHIVE/VALID_HISTORY/REGISTRY/REFERENCE/fda55b62fd__README_从这里开始.md,fda55b62fd6e1d5ac0ce3e4aab58bdb64ae5f4d56e70011d5b2a11966417834c,2464,POST_M8_SOURCE_ARCHIVE,RCWH_SelfContained_Handover_v4.0_20261007(1).zip,03_VALID_HISTORY/REGISTRY/REFERENCE/fda55b62fd__README_从这里开始.md,RETAINED
05_POST_M8_SOURCE_ARCHIVE/VALID_HISTORY/RELEASE_HISTORY/VERSION_HISTORY/04979be1e4__第32.5_过程文档版本继承与作废清单_v1.3.md,04979be1e49b621bb6277bbc5334eb551569dd6ab26a1992673f8183c22dbbdd,3636,POST_M8_SOURCE_ARCHIVE,RCWH_SelfContained_Handover_v4.0_20261007(1).zip,03_VALID_HISTORY/RELEASE_HISTORY/VERSION_HISTORY/04979be1e4__第32.5_过程文档版本继承与作废清单_v1.3.md,RETAINED
05_POST_M8_SOURCE_ARCHIVE/VALID_HISTORY/RELEASE_HISTORY/VERSION_HISTORY/12f76b2168__第32.5_过程文档版本继承与作废清单_v1.2.md,12f76b2168f81b2996cf30a2656ef9b3e9ad1a392c9ff64db35c46fe7713f4da,3077,POST_M8_SOURCE_ARCHIVE,RCWH_SelfContained_Handover_v4.0_20261007(1).zip,03_VALID_HISTORY/RELEASE_HISTORY/VERSION_HISTORY/12f76b2168__第32.5_过程文档版本继承与作废清单_v1.2.md,RETAINED
05_POST_M8_SOURCE_ARCHIVE/VALID_HISTORY/RELEASE_HISTORY/VERSION_HISTORY/1a5b41326f__第32.5-A3_新增V锁对过程文档影响与整改清单_v1.0.md,1a5b41326f9b67344fceb48231a06cb9f105f25a5b91d06aff2ea4840f28562f,1304,POST_M8_SOURCE_ARCHIVE,RCWH_SelfContained_Handover_v4.0_20261007(1).zip,03_VALID_HISTORY/RELEASE_HISTORY/VERSION_HISTORY/1a5b41326f__第32.5-A3_新增V锁对过程文档影响与整改清单_v1.0.md,RETAINED
05_POST_M8_SOURCE_ARCHIVE/VALID_HISTORY/RELEASE_HISTORY/VERSION_HISTORY/1fa1cd8797__第32.5_过程文档版本继承与作废清单_v1.1.md,1fa1cd87976e75a04d36275541b29456e293b86551bf59b1c8bdb7d1993672dd,2584,POST_M8_SOURCE_ARCHIVE,RCWH_SelfContained_Handover_v4.0_20261007(1).zip,03_VALID_HISTORY/RELEASE_HISTORY/VERSION_HISTORY/1fa1cd8797__第32.5_过程文档版本继承与作废清单_v1.1.md,RETAINED
05_POST_M8_SOURCE_ARCHIVE/VALID_HISTORY/RELEASE_HISTORY/VERSION_HISTORY/341ae66498__p0_vlock_audit.py,341ae66498aa81f252f1d1ee23507b6aeb8b738c0f13c64da57d7f0be93c200d,1361,POST_M8_SOURCE_ARCHIVE,RCWH_SelfContained_Handover_v4.0_20261007(1).zip,03_VALID_HISTORY/RELEASE_HISTORY/VERSION_HISTORY/341ae66498__p0_vlock_audit.py,RETAINED
05_POST_M8_SOURCE_ARCHIVE/VALID_HISTORY/RELEASE_HISTORY/VERSION_HISTORY/4032adea29__工程版本谱系与状态说明_v4.2.md,4032adea29a45cf0513e3cd6884b49232ec5be646237322dcb1a2ba19ec342d7,841,POST_M8_SOURCE_ARCHIVE,RCWH_SelfContained_Handover_v4.0_20261007(1).zip,03_VALID_HISTORY/RELEASE_HISTORY/VERSION_HISTORY/4032adea29__工程版本谱系与状态说明_v4.2.md,RETAINED
05_POST_M8_SOURCE_ARCHIVE/VALID_HISTORY/RELEASE_HISTORY/VERSION_HISTORY/4dc6d4997b__SHA256_Phase5_OPENLOCK.md,4dc6d4997b28573c26f891e1f08eac7b27dcdb3a12e65c131857cc2e395ee322,739,POST_M8_SOURCE_ARCHIVE,RCWH_SelfContained_Handover_v4.0_20261007(1).zip,03_VALID_HISTORY/RELEASE_HISTORY/VERSION_HISTORY/4dc6d4997b__SHA256_Phase5_OPENLOCK.md,RETAINED
05_POST_M8_SOURCE_ARCHIVE/VALID_HISTORY/RELEASE_HISTORY/VERSION_HISTORY/4fd67be4b3__第32.5-E_第32-A_v1.1最小补丁规范_v1.0.md,4fd67be4b3aa97193928cc2d7405df377d31a9e336f5dfc1cc962a5692dec36c,7838,POST_M8_SOURCE_ARCHIVE,RCWH_SelfContained_Handover_v4.0_20261007(1).zip,03_VALID_HISTORY/RELEASE_HISTORY/VERSION_HISTORY/4fd67be4b3__第32.5-E_第32-A_v1.1最小补丁规范_v1.0.md,RETAINED
05_POST_M8_SOURCE_ARCHIVE/VALID_HISTORY/RELEASE_HISTORY/VERSION_HISTORY/566eb16323__工程版本谱系_v1.0.md,566eb16323342c3517105289a25ac8d09170bc0ee62e34ff65f09e5d86fbab94,618,POST_M8_SOURCE_ARCHIVE,RCWH_SelfContained_Handover_v4.0_20261007(1).zip,03_VALID_HISTORY/RELEASE_HISTORY/VERSION_HISTORY/566eb16323__工程版本谱系_v1.0.md,RETAINED
05_POST_M8_SOURCE_ARCHIVE/VALID_HISTORY/RELEASE_HISTORY/VERSION_HISTORY/57ffe3272d__第32.5_过程文档版本继承与作废清单_v1.4.md,57ffe3272df139418e6e41dfe1a3749c21dda0ca1080fc48c76261e30d52695d,4218,POST_M8_SOURCE_ARCHIVE,RCWH_SelfContained_Handover_v4.0_20261007(1).zip,03_VALID_HISTORY/RELEASE_HISTORY/VERSION_HISTORY/57ffe3272d__第32.5_过程文档版本继承与作废清单_v1.4.md,RETAINED
05_POST_M8_SOURCE_ARCHIVE/VALID_HISTORY/RELEASE_HISTORY/VERSION_HISTORY/5fb19fca45__第32.5_过程文档版本继承与作废清单_v1.0.md,5fb19fca458c092ed425106e46d4da03e9544c1b704fd1030bf456910422c53f,1888,POST_M8_SOURCE_ARCHIVE,RCWH_SelfContained_Handover_v4.0_20261007(1).zip,03_VALID_HISTORY/RELEASE_HISTORY/VERSION_HISTORY/5fb19fca45__第32.5_过程文档版本继承与作废清单_v1.0.md,RETAINED
05_POST_M8_SOURCE_ARCHIVE/VALID_HISTORY/RELEASE_HISTORY/VERSION_HISTORY/63e803a18f__第32.5_过程文档版本继承与作废清单_v1.5.md,63e803a18f607365c9aabc59372526b915d006f508bbf856694398966b760b74,4753,POST_M8_SOURCE_ARCHIVE,RCWH_SelfContained_Handover_v4.0_20261007(1).zip,03_VALID_HISTORY/RELEASE_HISTORY/VERSION_HISTORY/63e803a18f__第32.5_过程文档版本继承与作废清单_v1.5.md,RETAINED
05_POST_M8_SOURCE_ARCHIVE/VALID_HISTORY/RELEASE_HISTORY/VERSION_HISTORY/75681ccaae__当前版本_状态与下一步_v4.2.md,75681ccaae1509b984e691b034fc7a27071ee474a31257cadc28cab0ef8198e5,741,POST_M8_SOURCE_ARCHIVE,RCWH_SelfContained_Handover_v4.0_20261007(1).zip,03_VALID_HISTORY/RELEASE_HISTORY/VERSION_HISTORY/75681ccaae__当前版本_状态与下一步_v4.2.md,RETAINED
05_POST_M8_SOURCE_ARCHIVE/VALID_HISTORY/RELEASE_HISTORY/VERSION_HISTORY/78d30a2950__第32.5_P0证据完整性事故关闭报告_v1.0.md,78d30a29502cc0121e2d9b7b4532a7b66978583852f595e6036069dffb74702c,2972,POST_M8_SOURCE_ARCHIVE,RCWH_SelfContained_Handover_v4.0_20261007(1).zip,03_VALID_HISTORY/RELEASE_HISTORY/VERSION_HISTORY/78d30a2950__第32.5_P0证据完整性事故关闭报告_v1.0.md,RETAINED
05_POST_M8_SOURCE_ARCHIVE/VALID_HISTORY/RELEASE_HISTORY/VERSION_HISTORY/8428afe57e__第32.5-D2_狱庙相逢与贾芸仗义探庵_W2接口裁定_v1.0.md,8428afe57e7f1057f7ea588b057e80c7aeab4c5d79ab4e7fa9c871a970a9c89e,11261,POST_M8_SOURCE_ARCHIVE,RCWH_SelfContained_Handover_v4.0_20261007(1).zip,03_VALID_HISTORY/RELEASE_HISTORY/VERSION_HISTORY/8428afe57e__第32.5-D2_狱庙相逢与贾芸仗义探庵_W2接口裁定_v1.0.md,RETAINED
05_POST_M8_SOURCE_ARCHIVE/VALID_HISTORY/RELEASE_HISTORY/VERSION_HISTORY/ac7702e1e8__第32.5-A_后80直引硬锁总台账_v1.0_全量审计版.md,ac7702e1e869699d16bfb53b02dc667faebbcbd2a8780f6ef5e16b1a53bffcea,12467,POST_M8_SOURCE_ARCHIVE,RCWH_SelfContained_Handover_v4.0_20261007(1).zip,03_VALID_HISTORY/RELEASE_HISTORY/VERSION_HISTORY/ac7702e1e8__第32.5-A_后80直引硬锁总台账_v1.0_全量审计版.md,RETAINED
05_POST_M8_SOURCE_ARCHIVE/VALID_HISTORY/RELEASE_HISTORY/VERSION_HISTORY/b8897b75c0__第32.5-E_硬接口统一回灌总表_v1.0.md,b8897b75c05427f6c99359fa7731bb5d83fe647d7d1435d5382ef34c0f197263,5840,POST_M8_SOURCE_ARCHIVE,RCWH_SelfContained_Handover_v4.0_20261007(1).zip,03_VALID_HISTORY/RELEASE_HISTORY/VERSION_HISTORY/b8897b75c0__第32.5-E_硬接口统一回灌总表_v1.0.md,RETAINED
05_POST_M8_SOURCE_ARCHIVE/VALID_HISTORY/RELEASE_HISTORY/VERSION_HISTORY/c0e426139c__第32.5-E_回灌干跑审计报告_v1.0.md,c0e426139c696bd0ac9f234136306346ad2f452a84dd47533c8b4ba31278d4c1,1378,POST_M8_SOURCE_ARCHIVE,RCWH_SelfContained_Handover_v4.0_20261007(1).zip,03_VALID_HISTORY/RELEASE_HISTORY/VERSION_HISTORY/c0e426139c__第32.5-E_回灌干跑审计报告_v1.0.md,RETAINED
05_POST_M8_SOURCE_ARCHIVE/VALID_HISTORY/RELEASE_HISTORY/VERSION_HISTORY/cb0f0c6dbb__第32.5_过程文档版本继承与作废清单_v1.6_P0关闭版.md,cb0f0c6dbbc0b2cf108b300e613091f6da6e25a15f8f284a7c0af497452d684a,5477,POST_M8_SOURCE_ARCHIVE,RCWH_SelfContained_Handover_v4.0_20261007(1).zip,03_VALID_HISTORY/RELEASE_HISTORY/VERSION_HISTORY/cb0f0c6dbb__第32.5_过程文档版本继承与作废清单_v1.6_P0关闭版.md,RETAINED
05_POST_M8_SOURCE_ARCHIVE/VALID_HISTORY/RELEASE_HISTORY/VERSION_HISTORY/cb4bb14b0a__当前ACTIVE版本总表_v3.0.md,cb4bb14b0ad362962f72ddec3a83cc3b203f484c90419148c66a9d46a31e472b,1333,POST_M8_SOURCE_ARCHIVE,RCWH_SelfContained_Handover_v4.0_20261007(1).zip,03_VALID_HISTORY/RELEASE_HISTORY/VERSION_HISTORY/cb4bb14b0a__当前ACTIVE版本总表_v3.0.md,RETAINED
05_POST_M8_SOURCE_ARCHIVE/VALID_HISTORY/RELEASE_HISTORY/VERSION_HISTORY/cd3432e46f__第32.5-D1_88_91_92_95_98回目来源边界与工作标题裁定_v1.0.md,cd3432e46f18e02cd746b79f0a6a613389b6fe626f8180b731911d86e6d913ca,7695,POST_M8_SOURCE_ARCHIVE,RCWH_SelfContained_Handover_v4.0_20261007(1).zip,03_VALID_HISTORY/RELEASE_HISTORY/VERSION_HISTORY/cd3432e46f__第32.5-D1_88_91_92_95_98回目来源边界与工作标题裁定_v1.0.md,RETAINED
05_POST_M8_SOURCE_ARCHIVE/VALID_HISTORY/RELEASE_HISTORY/VERSION_HISTORY/d8fc5ddf64__第32.5-B_当前第32-A直引硬锁自动比对报告_v1.0.md,d8fc5ddf64cb53c171a2a9b488203ff57adb3476412550ad3ab0afe280a750d9,1956,POST_M8_SOURCE_ARCHIVE,RCWH_SelfContained_Handover_v4.0_20261007(1).zip,03_VALID_HISTORY/RELEASE_HISTORY/VERSION_HISTORY/d8fc5ddf64__第32.5-B_当前第32-A直引硬锁自动比对报告_v1.0.md,RETAINED
05_POST_M8_SOURCE_ARCHIVE/VALID_HISTORY/RELEASE_HISTORY/VERSION_HISTORY/f2912f99f6__p0_vlock_audit_v2.py,f2912f99f6992e9b5e262e99e7ae0e7d6bbd88cef2412c1b147f99a538adfc31,1848,POST_M8_SOURCE_ARCHIVE,RCWH_SelfContained_Handover_v4.0_20261007(1).zip,03_VALID_HISTORY/RELEASE_HISTORY/VERSION_HISTORY/f2912f99f6__p0_vlock_audit_v2.py,RETAINED
05_POST_M8_SOURCE_ARCHIVE/VALID_HISTORY/RELEASE_HISTORY/VERSION_HISTORY/f68cf4db06__第32.5前置_直引硬锁失守问题完整复盘及整改方案_v1.0(1).md,f68cf4db064e12960e189d32ee40f5f0a688fcb51a76e86ddb4254f25a60962d,25062,POST_M8_SOURCE_ARCHIVE,RCWH_SelfContained_Handover_v4.0_20261007(1).zip,03_VALID_HISTORY/RELEASE_HISTORY/VERSION_HISTORY/f68cf4db06__第32.5前置_直引硬锁失守问题完整复盘及整改方案_v1.0(1).md,RETAINED
05_POST_M8_SOURCE_ARCHIVE/VALID_HISTORY/RELEASE_HISTORY/VERSION_HISTORY/f89d17199d__第32.5-C_第90回V0回目与借词知命功能修复裁定_v1.0.md,f89d17199daf9b63e13414063e6d230d60acdf71f4cdd33331ba01517dc47cd0,7009,POST_M8_SOURCE_ARCHIVE,RCWH_SelfContained_Handover_v4.0_20261007(1).zip,03_VALID_HISTORY/RELEASE_HISTORY/VERSION_HISTORY/f89d17199d__第32.5-C_第90回V0回目与借词知命功能修复裁定_v1.0.md,RETAINED
05_POST_M8_SOURCE_ARCHIVE/VALID_HISTORY/REVIEW/AUDIT/01b833e319__R4_Phase5_OPEN-LOCK冻结执行报告_v1.0_PASS.md,01b833e319043ab7259b8fc132aca4719de4c4e050954e095bbe1d39160d40d8,2128,POST_M8_SOURCE_ARCHIVE,RCWH_SelfContained_Handover_v4.0_20261007(1).zip,03_VALID_HISTORY/REVIEW/AUDIT/01b833e319__R4_Phase5_OPEN-LOCK冻结执行报告_v1.0_PASS.md,RETAINED
05_POST_M8_SOURCE_ARCHIVE/VALID_HISTORY/REVIEW/AUDIT/0327ba6762__R4-G_Phase2_第92候选修订说明_v1.0.md,0327ba6762adc85169bd3bf1bbe79a7ba7d55bdb96f5e1966248205c88dd545e,618,POST_M8_SOURCE_ARCHIVE,RCWH_SelfContained_Handover_v4.0_20261007(1).zip,03_VALID_HISTORY/REVIEW/AUDIT/0327ba6762__R4-G_Phase2_第92候选修订说明_v1.0.md,RETAINED
05_POST_M8_SOURCE_ARCHIVE/VALID_HISTORY/REVIEW/AUDIT/04ef46e366__R4_全链审计总方案_v1.0.md,04ef46e366fe04f0469f2d2787a17682d7e6d4ca244f229c22e2f1d7c9ae84bf,1701,POST_M8_SOURCE_ARCHIVE,RCWH_SelfContained_Handover_v4.0_20261007(1).zip,03_VALID_HISTORY/REVIEW/AUDIT/04ef46e366__R4_全链审计总方案_v1.0.md,RETAINED
05_POST_M8_SOURCE_ARCHIVE/VALID_HISTORY/REVIEW/AUDIT/052a628aca__R4-H_最终机械一致性检查_v1.0_PASS.json,052a628acaf04f825399a6d5c8b40bf120b280650aee5dc1e79574afad426e2d,292,POST_M8_SOURCE_ARCHIVE,RCWH_SelfContained_Handover_v4.0_20261007(1).zip,03_VALID_HISTORY/REVIEW/AUDIT/052a628aca__R4-H_最终机械一致性检查_v1.0_PASS.json,RETAINED
05_POST_M8_SOURCE_ARCHIVE/VALID_HISTORY/REVIEW/AUDIT/089acdf621__R4-G_文学保护与越界终审_v2.0_FINAL_PASS.md,089acdf621d2a021ac2ba6259663c3aacfad57ef4895d755041b6a99c45c367d,7718,POST_M8_SOURCE_ARCHIVE,RCWH_SelfContained_Handover_v4.0_20261007(1).zip,03_VALID_HISTORY/REVIEW/AUDIT/089acdf621__R4-G_文学保护与越界终审_v2.0_FINAL_PASS.md,RETAINED
05_POST_M8_SOURCE_ARCHIVE/VALID_HISTORY/REVIEW/AUDIT/0e6ff7bbaa__R4-F_regression_R4G候选正文_v1.1_PASS.md,0e6ff7bbaa86e0e4bd44196f0968a9d5303dc85ef0292b57e2bd497da2db3773,352,POST_M8_SOURCE_ARCHIVE,RCWH_SelfContained_Handover_v4.0_20261007(1).zip,03_VALID_HISTORY/REVIEW/AUDIT/0e6ff7bbaa__R4-F_regression_R4G候选正文_v1.1_PASS.md,RETAINED
05_POST_M8_SOURCE_ARCHIVE/VALID_HISTORY/REVIEW/AUDIT/0f1413d5b1__R4-G_Phase2_RG-92-01_A-B-C实验报告_v1.0_REVISE-B.md,0f1413d5b11abae81efe97a67d63786d2032923d00e466de7138fb8902238f6a,341,POST_M8_SOURCE_ARCHIVE,RCWH_SelfContained_Handover_v4.0_20261007(1).zip,03_VALID_HISTORY/REVIEW/AUDIT/0f1413d5b1__R4-G_Phase2_RG-92-01_A-B-C实验报告_v1.0_REVISE-B.md,RETAINED
05_POST_M8_SOURCE_ARCHIVE/VALID_HISTORY/REVIEW/AUDIT/107553c7f5__R4-G_Phase3_第97_B_妙玉轻压版.md,107553c7f50f37f051827a3d1b0aa284d446dcf0bf99fcc8c84037f9e60dc041,27766,POST_M8_SOURCE_ARCHIVE,RCWH_SelfContained_Handover_v4.0_20261007(1).zip,03_VALID_HISTORY/REVIEW/AUDIT/107553c7f5__R4-G_Phase3_第97_B_妙玉轻压版.md,RETAINED
05_POST_M8_SOURCE_ARCHIVE/VALID_HISTORY/REVIEW/AUDIT/11e87edd4c__第32.5_P0证据完整性整改总路线图与过程文档回归矩阵_v1.0.md,11e87edd4ce1c9c09c58d25c7baa4af0762f211c6db7fd0d4422fb08fdf4450e,7965,POST_M8_SOURCE_ARCHIVE,RCWH_SelfContained_Handover_v4.0_20261007(1).zip,03_VALID_HISTORY/REVIEW/AUDIT/11e87edd4c__第32.5_P0证据完整性整改总路线图与过程文档回归矩阵_v1.0.md,RETAINED
05_POST_M8_SOURCE_ARCHIVE/VALID_HISTORY/REVIEW/AUDIT/135ee87238__R4-G_Phase2_RG-92-01_A-B-C实验报告_v1.3_FINAL_REVISE-B.md,135ee8723833bca0eaf41085fad6ec7f3e669271ca5592c0481162fe067e6f7a,4336,POST_M8_SOURCE_ARCHIVE,RCWH_SelfContained_Handover_v4.0_20261007(1).zip,03_VALID_HISTORY/REVIEW/AUDIT/135ee87238__R4-G_Phase2_RG-92-01_A-B-C实验报告_v1.3_FINAL_REVISE-B.md,RETAINED
05_POST_M8_SOURCE_ARCHIVE/VALID_HISTORY/REVIEW/AUDIT/172d3eeac7__R4-C_局部位置修复指令_v1.0.md,172d3eeac7bbd157fb9b58080629cb48aaf714cd626a693e515e663ab9a13b71,1132,POST_M8_SOURCE_ARCHIVE,RCWH_SelfContained_Handover_v4.0_20261007(1).zip,03_VALID_HISTORY/REVIEW/AUDIT/172d3eeac7__R4-C_局部位置修复指令_v1.0.md,RETAINED
05_POST_M8_SOURCE_ARCHIVE/VALID_HISTORY/REVIEW/AUDIT/1cc0a6c9ab__R4_遗留问题总台账_v1.2_Phase3同步.md,1cc0a6c9abd08b698114e2d5400c9ce45cda984b2992c13af4758f2b0f37f0b8,717,POST_M8_SOURCE_ARCHIVE,RCWH_SelfContained_Handover_v4.0_20261007(1).zip,03_VALID_HISTORY/REVIEW/AUDIT/1cc0a6c9ab__R4_遗留问题总台账_v1.2_Phase3同步.md,RETAINED
05_POST_M8_SOURCE_ARCHIVE/VALID_HISTORY/REVIEW/AUDIT/1dc347ce78__R4_遗留问题总台账_v1.6_R4F回归同步.csv,1dc347ce787bcd15892eaa1749f8f89040ab9934ad602b2a786af159098b5205,12781,POST_M8_SOURCE_ARCHIVE,RCWH_SelfContained_Handover_v4.0_20261007(1).zip,03_VALID_HISTORY/REVIEW/AUDIT/1dc347ce78__R4_遗留问题总台账_v1.6_R4F回归同步.csv,RETAINED
05_POST_M8_SOURCE_ARCHIVE/VALID_HISTORY/REVIEW/AUDIT/1f5338967e__R4_Phase6_CURRENT活动文档白名单_v1.1.md,1f5338967eeb68a42dd62e6153c4e08eb9c009f607a7cd7299f26f16daa94ed2,1657,POST_M8_SOURCE_ARCHIVE,RCWH_SelfContained_Handover_v4.0_20261007(1).zip,03_VALID_HISTORY/REVIEW/AUDIT/1f5338967e__R4_Phase6_CURRENT活动文档白名单_v1.1.md,RETAINED
05_POST_M8_SOURCE_ARCHIVE/VALID_HISTORY/REVIEW/AUDIT/1f82b20965__R4-G_Phase4_第100_A_当前长尾版.md,1f82b209658b3308ae00433f60151a386f71c32eaf69e99a36b47d971ef6c70f,29080,POST_M8_SOURCE_ARCHIVE,RCWH_SelfContained_Handover_v4.0_20261007(1).zip,03_VALID_HISTORY/REVIEW/AUDIT/1f82b20965__R4-G_Phase4_第100_A_当前长尾版.md,RETAINED
05_POST_M8_SOURCE_ARCHIVE/VALID_HISTORY/REVIEW/AUDIT/23ead50a31__第32.5-A_后80直引硬锁总台账_v0.1_已知项回归版.md,23ead50a315daef44853f9f71c3206b4cf4065f657f3556605fd5e0ae6c924da,4577,POST_M8_SOURCE_ARCHIVE,RCWH_SelfContained_Handover_v4.0_20261007(1).zip,03_VALID_HISTORY/REVIEW/AUDIT/23ead50a31__第32.5-A_后80直引硬锁总台账_v0.1_已知项回归版.md,RETAINED
05_POST_M8_SOURCE_ARCHIVE/VALID_HISTORY/REVIEW/AUDIT/2532ba0d86__证据治理回归与文档清理摘要_v1.0.md,2532ba0d86ad8855e58ec1e569e9a8117f9545989510473235218bc47942b058,1399,POST_M8_SOURCE_ARCHIVE,RCWH_SelfContained_Handover_v4.0_20261007(1).zip,03_VALID_HISTORY/REVIEW/AUDIT/2532ba0d86__证据治理回归与文档清理摘要_v1.0.md,RETAINED
05_POST_M8_SOURCE_ARCHIVE/VALID_HISTORY/REVIEW/AUDIT/256d861a4b__R4_Phase6_活动文档机械清扫报告_v1.0.md,256d861a4b4f89f694850eba8ccb6a1c02d743486576ff57643a92e7d4784e9d,7442,POST_M8_SOURCE_ARCHIVE,RCWH_SelfContained_Handover_v4.0_20261007(1).zip,03_VALID_HISTORY/REVIEW/AUDIT/256d861a4b__R4_Phase6_活动文档机械清扫报告_v1.0.md,RETAINED
05_POST_M8_SOURCE_ARCHIVE/VALID_HISTORY/REVIEW/AUDIT/315c0f36b1__R4-G_Phase3_第97_A_当前基线.md,315c0f36b16a0b4816a20edc282caf60a4aca2da5aa4e728ae84d0837d5eea33,28819,POST_M8_SOURCE_ARCHIVE,RCWH_SelfContained_Handover_v4.0_20261007(1).zip,03_VALID_HISTORY/REVIEW/AUDIT/315c0f36b1__R4-G_Phase3_第97_A_当前基线.md,RETAINED
05_POST_M8_SOURCE_ARCHIVE/VALID_HISTORY/REVIEW/AUDIT/32ff8e43ce__R4_遗留问题总台账_v1.2_Phase3同步.md,32ff8e43ce50b97fe92fb122cabcc58f96cef9149ff8b75ec374409195838397,824,POST_M8_SOURCE_ARCHIVE,RCWH_SelfContained_Handover_v4.0_20261007(1).zip,03_VALID_HISTORY/REVIEW/AUDIT/32ff8e43ce__R4_遗留问题总台账_v1.2_Phase3同步.md,RETAINED
05_POST_M8_SOURCE_ARCHIVE/VALID_HISTORY/REVIEW/AUDIT/331d48a3a8__R4-H_稳定ACTIVE_v4.0放行报告_v1.0.md,331d48a3a8a774311400bfc1716e6278c8f146347d9263d10cf812e2798397ba,1501,POST_M8_SOURCE_ARCHIVE,RCWH_SelfContained_Handover_v4.0_20261007(1).zip,03_VALID_HISTORY/REVIEW/AUDIT/331d48a3a8__R4-H_稳定ACTIVE_v4.0放行报告_v1.0.md,RETAINED
05_POST_M8_SOURCE_ARCHIVE/VALID_HISTORY/REVIEW/AUDIT/3951814a3c__R4-A_来源见证复核报告_v1.0.md,3951814a3c23f34062f88745c8cc678742086bbce0f8360a9928876e3a4d364b,7984,POST_M8_SOURCE_ARCHIVE,RCWH_SelfContained_Handover_v4.0_20261007(1).zip,03_VALID_HISTORY/REVIEW/AUDIT/3951814a3c__R4-A_来源见证复核报告_v1.0.md,RETAINED
05_POST_M8_SOURCE_ARCHIVE/VALID_HISTORY/REVIEW/AUDIT/3bedd1888c__第32-A_v1.1_P0证据回归四审报告_v1.0.md,3bedd1888c606e2e133fbfa4b2e33d34bb5e717c8d4f4b55b1ef3d9db53572b4,4570,POST_M8_SOURCE_ARCHIVE,RCWH_SelfContained_Handover_v4.0_20261007(1).zip,03_VALID_HISTORY/REVIEW/AUDIT/3bedd1888c__第32-A_v1.1_P0证据回归四审报告_v1.0.md,RETAINED
05_POST_M8_SOURCE_ARCHIVE/VALID_HISTORY/REVIEW/AUDIT/3dfbfffe20__R4-A_来源见证复核补遗_v1.1.md,3dfbfffe2000cc65e25004f4975a2e3f43f8ea85d13c5ffbee88f0f1963c5047,1494,POST_M8_SOURCE_ARCHIVE,RCWH_SelfContained_Handover_v4.0_20261007(1).zip,03_VALID_HISTORY/REVIEW/AUDIT/3dfbfffe20__R4-A_来源见证复核补遗_v1.1.md,RETAINED
05_POST_M8_SOURCE_ARCHIVE/VALID_HISTORY/REVIEW/AUDIT/45a63b0cc2__R4-G_Phase4_第100_C_短尾版.md,45a63b0cc2353af0edf4f1b7a37743e50b06036cf1f6a462e1dc7565759d1fd6,26429,POST_M8_SOURCE_ARCHIVE,RCWH_SelfContained_Handover_v4.0_20261007(1).zip,03_VALID_HISTORY/REVIEW/AUDIT/45a63b0cc2__R4-G_Phase4_第100_C_短尾版.md,RETAINED
05_POST_M8_SOURCE_ARCHIVE/VALID_HISTORY/REVIEW/AUDIT/462d2fc615__R4-G_Phase2_RG-92-01_A-B-C实验报告_v1.2_FINAL_REVISE-B.md,462d2fc615c560220f932189921d64b6da4f67f7cbea1761ae56c0a1f49da16d,3119,POST_M8_SOURCE_ARCHIVE,RCWH_SelfContained_Handover_v4.0_20261007(1).zip,03_VALID_HISTORY/REVIEW/AUDIT/462d2fc615__R4-G_Phase2_RG-92-01_A-B-C实验报告_v1.2_FINAL_REVISE-B.md,RETAINED
05_POST_M8_SOURCE_ARCHIVE/VALID_HISTORY/REVIEW/AUDIT/4860cddff6__R4_过早放行产物冻结清单_v1.0.md,4860cddff6515ef37df3ac92b5c65e3db96e4f40218e3bbb5a69e6c36904991d,1425,POST_M8_SOURCE_ARCHIVE,RCWH_SelfContained_Handover_v4.0_20261007(1).zip,03_VALID_HISTORY/REVIEW/AUDIT/4860cddff6__R4_过早放行产物冻结清单_v1.0.md,RETAINED
05_POST_M8_SOURCE_ARCHIVE/VALID_HISTORY/REVIEW/AUDIT/4cca387bea__R4-G_Phase3_RG-97-01_妙玉压缩实验_v1.1_FINAL_REVISE-B.md,4cca387bea616dd0ab9206f3ceb9e5c93b0b76af859585003ccbf80697226b24,5237,POST_M8_SOURCE_ARCHIVE,RCWH_SelfContained_Handover_v4.0_20261007(1).zip,03_VALID_HISTORY/REVIEW/AUDIT/4cca387bea__R4-G_Phase3_RG-97-01_妙玉压缩实验_v1.1_FINAL_REVISE-B.md,RETAINED
05_POST_M8_SOURCE_ARCHIVE/VALID_HISTORY/REVIEW/AUDIT/4e7260ac9b__R4-G_Phase2_第92_A_当前基线.md,4e7260ac9b80e10a2ae932429217c8550d944e09a26af05ea2d3fcdd62cdaa04,37296,POST_M8_SOURCE_ARCHIVE,RCWH_SelfContained_Handover_v4.0_20261007(1).zip,03_VALID_HISTORY/REVIEW/AUDIT/4e7260ac9b__R4-G_Phase2_第92_A_当前基线.md,RETAINED
05_POST_M8_SOURCE_ARCHIVE/VALID_HISTORY/REVIEW/AUDIT/55136d9db2__R4_遗留问题总台账_v1.2_Phase3同步.csv,55136d9db20a60e0e3adf2ccd9460dbc8fe72b516fcb12c3e86ba3c27d8d3173,10879,POST_M8_SOURCE_ARCHIVE,RCWH_SelfContained_Handover_v4.0_20261007(1).zip,03_VALID_HISTORY/REVIEW/AUDIT/55136d9db2__R4_遗留问题总台账_v1.2_Phase3同步.csv,RETAINED
05_POST_M8_SOURCE_ARCHIVE/VALID_HISTORY/REVIEW/AUDIT/56cbfe9c23__R4-G_Phase3_第97_C_妙玉中压版.md,56cbfe9c233bb62eed42587950c35c74f24a1254028652441aca9f318c79da39,26834,POST_M8_SOURCE_ARCHIVE,RCWH_SelfContained_Handover_v4.0_20261007(1).zip,03_VALID_HISTORY/REVIEW/AUDIT/56cbfe9c23__R4-G_Phase3_第97_C_妙玉中压版.md,RETAINED
05_POST_M8_SOURCE_ARCHIVE/VALID_HISTORY/REVIEW/AUDIT/584dc0ea89__R4-C_回次位置与回目证据审计_v1.0.md,584dc0ea89a5f6df71df191109a4512ff0363f36011f84ba2ba8b265273295cc,6938,POST_M8_SOURCE_ARCHIVE,RCWH_SelfContained_Handover_v4.0_20261007(1).zip,03_VALID_HISTORY/REVIEW/AUDIT/584dc0ea89__R4-C_回次位置与回目证据审计_v1.0.md,RETAINED
05_POST_M8_SOURCE_ARCHIVE/VALID_HISTORY/REVIEW/AUDIT/5bb4f62bec__R4_遗留问题总台账_v1.7_R4G_FINAL.md,5bb4f62bec6b0e68924fad8d07e43982e193cd0c686c47abb4153721199f3caa,320,POST_M8_SOURCE_ARCHIVE,RCWH_SelfContained_Handover_v4.0_20261007(1).zip,03_VALID_HISTORY/REVIEW/AUDIT/5bb4f62bec__R4_遗留问题总台账_v1.7_R4G_FINAL.md,RETAINED
05_POST_M8_SOURCE_ARCHIVE/VALID_HISTORY/REVIEW/AUDIT/5ccf4935ea__第32-A_红楼梦八十回后文学复原_纯读版_v1.1_P0证据回归基线.md,5ccf4935eabd9892d9e8020ee2f9a765d53e4ca1d8687dd7a29a808981692c16,555194,POST_M8_SOURCE_ARCHIVE,RCWH_SelfContained_Handover_v4.0_20261007(1).zip,03_VALID_HISTORY/REVIEW/AUDIT/5ccf4935ea__第32-A_红楼梦八十回后文学复原_纯读版_v1.1_P0证据回归基线.md,RETAINED
05_POST_M8_SOURCE_ARCHIVE/VALID_HISTORY/REVIEW/AUDIT/5e6e403371__R4_遗留问题总台账_v1.6_R4F回归PASS.csv,5e6e40337125b9ca10a6a90d747b93f4402c8c2d58215bcaf3f15a87800c17d7,12821,POST_M8_SOURCE_ARCHIVE,RCWH_SelfContained_Handover_v4.0_20261007(1).zip,03_VALID_HISTORY/REVIEW/AUDIT/5e6e403371__R4_遗留问题总台账_v1.6_R4F回归PASS.csv,RETAINED
05_POST_M8_SOURCE_ARCHIVE/VALID_HISTORY/REVIEW/AUDIT/6029bd36f9__R4-G_Phase2_第92_B_程序压缩版.md,6029bd36f9b3969d07b3a238a417509c6ca3f13aa3cc2daa31326481418739bd,30675,POST_M8_SOURCE_ARCHIVE,RCWH_SelfContained_Handover_v4.0_20261007(1).zip,03_VALID_HISTORY/REVIEW/AUDIT/6029bd36f9__R4-G_Phase2_第92_B_程序压缩版.md,RETAINED
05_POST_M8_SOURCE_ARCHIVE/VALID_HISTORY/REVIEW/AUDIT/60800c8969__R4-F_regression_R4G候选正文_v1.1_PASS.md,60800c8969742ef65db6e2dfb6a2157b61a5c006a5479bee890932637b627bdf,2413,POST_M8_SOURCE_ARCHIVE,RCWH_SelfContained_Handover_v4.0_20261007(1).zip,03_VALID_HISTORY/REVIEW/AUDIT/60800c8969__R4-F_regression_R4G候选正文_v1.1_PASS.md,RETAINED
05_POST_M8_SOURCE_ARCHIVE/VALID_HISTORY/REVIEW/AUDIT/60bbcaefec__R4_遗留问题总台账_v1.8_R4_COMPLETE.csv,60bbcaefecfc751bc8eb32d7fa3f7c6d8a48b1e5de8f14d431ec81bedfc780b6,12876,POST_M8_SOURCE_ARCHIVE,RCWH_SelfContained_Handover_v4.0_20261007(1).zip,03_VALID_HISTORY/REVIEW/AUDIT/60bbcaefec__R4_遗留问题总台账_v1.8_R4_COMPLETE.csv,RETAINED
05_POST_M8_SOURCE_ARCHIVE/VALID_HISTORY/REVIEW/AUDIT/6b3bc8a891__R4-G_Phase3_RG-97-01_妙玉压缩实验_v1.0_FINAL_REVISE-B.md,6b3bc8a89105b7aa83dabc1a1bbb1c49706adae250bdf1edeb2733abf4e1cb6d,194,POST_M8_SOURCE_ARCHIVE,RCWH_SelfContained_Handover_v4.0_20261007(1).zip,03_VALID_HISTORY/REVIEW/AUDIT/6b3bc8a891__R4-G_Phase3_RG-97-01_妙玉压缩实验_v1.0_FINAL_REVISE-B.md,RETAINED
05_POST_M8_SOURCE_ARCHIVE/VALID_HISTORY/REVIEW/AUDIT/6e71fe8998__R4_纠偏施工总控_v1.0_Phase6.md,6e71fe89984dee6b425a7226625b81041f4d28f485d3bba4c13517eb422de011,1519,POST_M8_SOURCE_ARCHIVE,RCWH_SelfContained_Handover_v4.0_20261007(1).zip,03_VALID_HISTORY/REVIEW/AUDIT/6e71fe8998__R4_纠偏施工总控_v1.0_Phase6.md,RETAINED
05_POST_M8_SOURCE_ARCHIVE/VALID_HISTORY/REVIEW/AUDIT/71c32925d2__第32-A_v1.0_to_v1.1_P0证据回归统一差分.patch,71c32925d2ade93902057c7d0a5dbd7a433fe8aded9359fd9cba3d5bb3ace94a,20470,POST_M8_SOURCE_ARCHIVE,RCWH_SelfContained_Handover_v4.0_20261007(1).zip,03_VALID_HISTORY/REVIEW/AUDIT/71c32925d2__第32-A_v1.0_to_v1.1_P0证据回归统一差分.patch,RETAINED
05_POST_M8_SOURCE_ARCHIVE/VALID_HISTORY/REVIEW/AUDIT/71f4136cd7__R4_遗留问题总台账_v1.4_Phase5同步.csv,71f4136cd7cac54169907df2368f329f111a41239eb57d3b9116e959603986b5,12403,POST_M8_SOURCE_ARCHIVE,RCWH_SelfContained_Handover_v4.0_20261007(1).zip,03_VALID_HISTORY/REVIEW/AUDIT/71f4136cd7__R4_遗留问题总台账_v1.4_Phase5同步.csv,RETAINED
05_POST_M8_SOURCE_ARCHIVE/VALID_HISTORY/REVIEW/AUDIT/73ef34364c__R4_Phase6_活动文档机械清扫报告_v1.1_PASS.md,73ef34364cd0a70d64d413a6cf7e6489ae0864ea58563873b38e0f6b86989620,620,POST_M8_SOURCE_ARCHIVE,RCWH_SelfContained_Handover_v4.0_20261007(1).zip,03_VALID_HISTORY/REVIEW/AUDIT/73ef34364c__R4_Phase6_活动文档机械清扫报告_v1.1_PASS.md,RETAINED
05_POST_M8_SOURCE_ARCHIVE/VALID_HISTORY/REVIEW/AUDIT/7588e65019__R4-C_v1.0_to_v1.1_局部位置修复.patch,7588e65019db0f1bf421a27e276abd421bdaa2a4d646c2c01fe8ac1c3014d6bc,9623,POST_M8_SOURCE_ARCHIVE,RCWH_SelfContained_Handover_v4.0_20261007(1).zip,03_VALID_HISTORY/REVIEW/AUDIT/7588e65019__R4-C_v1.0_to_v1.1_局部位置修复.patch,RETAINED
05_POST_M8_SOURCE_ARCHIVE/VALID_HISTORY/REVIEW/AUDIT/789a15bca4__R4_历史机制一手史料复核任务表_v1.0.md,789a15bca4e0c7100a7e96bf243bc0ff3c4cfc16f57a8591c79431fdc58725f2,1072,POST_M8_SOURCE_ARCHIVE,RCWH_SelfContained_Handover_v4.0_20261007(1).zip,03_VALID_HISTORY/REVIEW/AUDIT/789a15bca4__R4_历史机制一手史料复核任务表_v1.0.md,RETAINED
05_POST_M8_SOURCE_ARCHIVE/VALID_HISTORY/REVIEW/AUDIT/7913e73e7b__R4_遗留问题总台账_v1.0.md,7913e73e7beb43489739980fe44199d96177f094613fc00f0fcf5eba3a75420c,11307,POST_M8_SOURCE_ARCHIVE,RCWH_SelfContained_Handover_v4.0_20261007(1).zip,03_VALID_HISTORY/REVIEW/AUDIT/7913e73e7b__R4_遗留问题总台账_v1.0.md,RETAINED
05_POST_M8_SOURCE_ARCHIVE/VALID_HISTORY/REVIEW/AUDIT/7a2bb2d5b2__R4-G_三处候选合并报告_v1.0.md,7a2bb2d5b2e2902326176ba2d2fd0b8097e57c11f32980abb57064d0cfb7279b,967,POST_M8_SOURCE_ARCHIVE,RCWH_SelfContained_Handover_v4.0_20261007(1).zip,03_VALID_HISTORY/REVIEW/AUDIT/7a2bb2d5b2__R4-G_三处候选合并报告_v1.0.md,RETAINED
05_POST_M8_SOURCE_ARCHIVE/VALID_HISTORY/REVIEW/AUDIT/7c9086bae2__R4_放行门槛与失败回滚规则_v1.0.md,7c9086bae23677ebe63f7dc30f3a9c0f4fdad1d48777cbaea7c5a568da6400af,674,POST_M8_SOURCE_ARCHIVE,RCWH_SelfContained_Handover_v4.0_20261007(1).zip,03_VALID_HISTORY/REVIEW/AUDIT/7c9086bae2__R4_放行门槛与失败回滚规则_v1.0.md,RETAINED
05_POST_M8_SOURCE_ARCHIVE/VALID_HISTORY/REVIEW/AUDIT/7d68ab3256__R4_当前纠偏状态_v1.0.md,7d68ab32563a3712b0ca424734cd3dc067f2bc654c9e078777e16be2ed345101,451,POST_M8_SOURCE_ARCHIVE,RCWH_SelfContained_Handover_v4.0_20261007(1).zip,03_VALID_HISTORY/REVIEW/AUDIT/7d68ab3256__R4_当前纠偏状态_v1.0.md,RETAINED
05_POST_M8_SOURCE_ARCHIVE/VALID_HISTORY/REVIEW/AUDIT/7facdcca6a__R4-D_Implementation正文实现审计_v1.0_IMPLEMENTATION_PASS.md,7facdcca6a4963b5a7617c8b08ddbf4f471934f66155322607e0623dc6d9e7f1,6204,POST_M8_SOURCE_ARCHIVE,RCWH_SelfContained_Handover_v4.0_20261007(1).zip,03_VALID_HISTORY/REVIEW/AUDIT/7facdcca6a__R4-D_Implementation正文实现审计_v1.0_IMPLEMENTATION_PASS.md,RETAINED
05_POST_M8_SOURCE_ARCHIVE/VALID_HISTORY/REVIEW/AUDIT/82b1d5c358__SHA256_Phase3_RG97.md,82b1d5c358bd68078fb5fe4e522809002c9a7c74e23d7dfbbd47e42c215f9dee,972,POST_M8_SOURCE_ARCHIVE,RCWH_SelfContained_Handover_v4.0_20261007(1).zip,03_VALID_HISTORY/REVIEW/AUDIT/82b1d5c358__SHA256_Phase3_RG97.md,RETAINED
05_POST_M8_SOURCE_ARCHIVE/VALID_HISTORY/REVIEW/AUDIT/871ffdb275__R4-G_Phase2_RG-92-01_A-B-C实验报告_v1.1_REVISE-B.md,871ffdb2755bb207577899d66135f36bc1d6dfd8645da0d0494c01b5e78b23e7,3922,POST_M8_SOURCE_ARCHIVE,RCWH_SelfContained_Handover_v4.0_20261007(1).zip,03_VALID_HISTORY/REVIEW/AUDIT/871ffdb275__R4-G_Phase2_RG-92-01_A-B-C实验报告_v1.1_REVISE-B.md,RETAINED
05_POST_M8_SOURCE_ARCHIVE/VALID_HISTORY/REVIEW/AUDIT/8b60ee8e62__R4_遗留问题总台账_v1.6_R4FRegression_FINAL.md,8b60ee8e62fb82841497b0bc25bedb45f4b36702f02e278f92d1a112b5bebe01,272,POST_M8_SOURCE_ARCHIVE,RCWH_SelfContained_Handover_v4.0_20261007(1).zip,03_VALID_HISTORY/REVIEW/AUDIT/8b60ee8e62__R4_遗留问题总台账_v1.6_R4FRegression_FINAL.md,RETAINED
05_POST_M8_SOURCE_ARCHIVE/VALID_HISTORY/REVIEW/AUDIT/8bfa037a8c__R4_Phase6_全包状态与活动文档一致性清扫_v1.1_PASS.md,8bfa037a8cb35d88e6c27d876fc83c3dde66c1102428472b76611190b24e1009,2395,POST_M8_SOURCE_ARCHIVE,RCWH_SelfContained_Handover_v4.0_20261007(1).zip,03_VALID_HISTORY/REVIEW/AUDIT/8bfa037a8c__R4_Phase6_全包状态与活动文档一致性清扫_v1.1_PASS.md,RETAINED
05_POST_M8_SOURCE_ARCHIVE/VALID_HISTORY/REVIEW/AUDIT/8d6452d4fb__第32.5-A_后80直引硬锁总台账_v1.1_证据角色回归版.md,8d6452d4fbfa0cd84a0f93b33e963a780d16ffcd95cda214c232a042505532a5,7023,POST_M8_SOURCE_ARCHIVE,RCWH_SelfContained_Handover_v4.0_20261007(1).zip,03_VALID_HISTORY/REVIEW/AUDIT/8d6452d4fb__第32.5-A_后80直引硬锁总台账_v1.1_证据角色回归版.md,RETAINED
05_POST_M8_SOURCE_ARCHIVE/VALID_HISTORY/REVIEW/AUDIT/920018f722__第32-A_v1.1_to_v1.2_证据角色回归统一差分.patch,920018f7224d976ce1d0c845f0c8aeee62c556638cfacab251301d80fdd5d319,11096,POST_M8_SOURCE_ARCHIVE,RCWH_SelfContained_Handover_v4.0_20261007(1).zip,03_VALID_HISTORY/REVIEW/AUDIT/920018f722__第32-A_v1.1_to_v1.2_证据角色回归统一差分.patch,RETAINED
05_POST_M8_SOURCE_ARCHIVE/VALID_HISTORY/REVIEW/AUDIT/95a4032d32__R4_Phase6_全包状态与活动文档一致性清扫_v1.0_PASS.md,95a4032d3236e75fc67c7b33a9859d7852ea6d25be43c357009d9124d23f25f0,2615,POST_M8_SOURCE_ARCHIVE,RCWH_SelfContained_Handover_v4.0_20261007(1).zip,03_VALID_HISTORY/REVIEW/AUDIT/95a4032d32__R4_Phase6_全包状态与活动文档一致性清扫_v1.0_PASS.md,RETAINED
05_POST_M8_SOURCE_ARCHIVE/VALID_HISTORY/REVIEW/AUDIT/9669820084__R4-F_regression_R4G候选正文_v1.0_PASS.md,966982008462bdefe979b9d28bca902bba2143db68740071edea24e8bd5fb7b4,2159,POST_M8_SOURCE_ARCHIVE,RCWH_SelfContained_Handover_v4.0_20261007(1).zip,03_VALID_HISTORY/REVIEW/AUDIT/9669820084__R4-F_regression_R4G候选正文_v1.0_PASS.md,RETAINED
05_POST_M8_SOURCE_ARCHIVE/VALID_HISTORY/REVIEW/AUDIT/99a86508d2__R4-G_Phase4_第100_B_中压尾版.md,99a86508d2b8d34421b35839e617eb643466c3ad31d6c81a3c21bbbe7e35fb46,27616,POST_M8_SOURCE_ARCHIVE,RCWH_SelfContained_Handover_v4.0_20261007(1).zip,03_VALID_HISTORY/REVIEW/AUDIT/99a86508d2__R4-G_Phase4_第100_B_中压尾版.md,RETAINED
05_POST_M8_SOURCE_ARCHIVE/VALID_HISTORY/REVIEW/AUDIT/a09f1a87a4__R4_遗留问题总台账_v1.5_Phase6同步.md,a09f1a87a4fb410e0a4662c941bbb66b17700ea7f81bb3efa083858a48b74a2c,564,POST_M8_SOURCE_ARCHIVE,RCWH_SelfContained_Handover_v4.0_20261007(1).zip,03_VALID_HISTORY/REVIEW/AUDIT/a09f1a87a4__R4_遗留问题总台账_v1.5_Phase6同步.md,RETAINED
05_POST_M8_SOURCE_ARCHIVE/VALID_HISTORY/REVIEW/AUDIT/a2f7a571af__R4-G_Phase4_RG-100-01_长中短尾竞争_v1.0_FINAL_REVISE-B.md,a2f7a571af7ffd541f2541e16278729cb1345df77f3c27ce8e3d57afa4992795,4902,POST_M8_SOURCE_ARCHIVE,RCWH_SelfContained_Handover_v4.0_20261007(1).zip,03_VALID_HISTORY/REVIEW/AUDIT/a2f7a571af__R4-G_Phase4_RG-100-01_长中短尾竞争_v1.0_FINAL_REVISE-B.md,RETAINED
05_POST_M8_SOURCE_ARCHIVE/VALID_HISTORY/REVIEW/AUDIT/a3e05e2594__R4_遗留问题总台账_v1.7_R4G_FINAL.csv,a3e05e2594b5df02e4fd9ae512ebf0d6ae2953a5b6ef6b9207bfee3c056b5691,12809,POST_M8_SOURCE_ARCHIVE,RCWH_SelfContained_Handover_v4.0_20261007(1).zip,03_VALID_HISTORY/REVIEW/AUDIT/a3e05e2594__R4_遗留问题总台账_v1.7_R4G_FINAL.csv,RETAINED
05_POST_M8_SOURCE_ARCHIVE/VALID_HISTORY/REVIEW/AUDIT/a50f114c70__R4_遗留问题总台账_v1.6_R4F回归PASS.md,a50f114c7042fd0f4fdaccb31e041c537041fa20290d3b5822741786accfdc4a,269,POST_M8_SOURCE_ARCHIVE,RCWH_SelfContained_Handover_v4.0_20261007(1).zip,03_VALID_HISTORY/REVIEW/AUDIT/a50f114c70__R4_遗留问题总台账_v1.6_R4F回归PASS.md,RETAINED
05_POST_M8_SOURCE_ARCHIVE/VALID_HISTORY/REVIEW/AUDIT/a5e486bd5b__R4_遗留问题总台账_v1.0.csv,a5e486bd5b96637ee2bccfae225fa0f2f72ce2be25ee50f90ba6bff821f6f2c1,10777,POST_M8_SOURCE_ARCHIVE,RCWH_SelfContained_Handover_v4.0_20261007(1).zip,03_VALID_HISTORY/REVIEW/AUDIT/a5e486bd5b__R4_遗留问题总台账_v1.0.csv,RETAINED
05_POST_M8_SOURCE_ARCHIVE/VALID_HISTORY/REVIEW/AUDIT/a765477efd__R4-C_回归复核报告_v1.1_PLACEMENT_PASS.md,a765477efde209b609d71e2be421d02f01afd16c7a589624e19a6a5ba71529c8,3717,POST_M8_SOURCE_ARCHIVE,RCWH_SelfContained_Handover_v4.0_20261007(1).zip,03_VALID_HISTORY/REVIEW/AUDIT/a765477efd__R4-C_回归复核报告_v1.1_PLACEMENT_PASS.md,RETAINED
05_POST_M8_SOURCE_ARCHIVE/VALID_HISTORY/REVIEW/AUDIT/a862dc2638__SHA256_Phase4_RG100.md,a862dc2638b9a65d9fc0e975339b10aac4d2ae2bd90e4c3ef0fb9728878580f1,857,POST_M8_SOURCE_ARCHIVE,RCWH_SelfContained_Handover_v4.0_20261007(1).zip,03_VALID_HISTORY/REVIEW/AUDIT/a862dc2638__SHA256_Phase4_RG100.md,RETAINED
05_POST_M8_SOURCE_ARCHIVE/VALID_HISTORY/REVIEW/AUDIT/a950bb4b28__R4_遗留问题总台账_v1.6_R4F回归同步.md,a950bb4b28b4909949e69f0b0db724a1d18e82a5b00bbfdd361e2b33653ea5b7,288,POST_M8_SOURCE_ARCHIVE,RCWH_SelfContained_Handover_v4.0_20261007(1).zip,03_VALID_HISTORY/REVIEW/AUDIT/a950bb4b28__R4_遗留问题总台账_v1.6_R4F回归同步.md,RETAINED
05_POST_M8_SOURCE_ARCHIVE/VALID_HISTORY/REVIEW/AUDIT/ae1bd64da9__第32-A_v1.2_证据角色回归基线审计报告_v1.0.md,ae1bd64da998ae831409dbb15a404997f339810a23a94583c02cff51e025f3da,1835,POST_M8_SOURCE_ARCHIVE,RCWH_SelfContained_Handover_v4.0_20261007(1).zip,03_VALID_HISTORY/REVIEW/AUDIT/ae1bd64da9__第32-A_v1.2_证据角色回归基线审计报告_v1.0.md,RETAINED
05_POST_M8_SOURCE_ARCHIVE/VALID_HISTORY/REVIEW/AUDIT/b0ae64b407__R4_最终审计摘要_v1.0.md,b0ae64b40715750cb469d555f65c4b74306a9d0e61f10283de11391eef6abe09,1059,POST_M8_SOURCE_ARCHIVE,RCWH_SelfContained_Handover_v4.0_20261007(1).zip,03_VALID_HISTORY/REVIEW/AUDIT/b0ae64b407__R4_最终审计摘要_v1.0.md,RETAINED
05_POST_M8_SOURCE_ARCHIVE/VALID_HISTORY/REVIEW/AUDIT/b424c01877__SHA256_Phase2_RG92.md,b424c0187791c1f87664a9a0fd663811ab9e84cf15662edc2e8002e12ffe2d05,860,POST_M8_SOURCE_ARCHIVE,RCWH_SelfContained_Handover_v4.0_20261007(1).zip,03_VALID_HISTORY/REVIEW/AUDIT/b424c01877__SHA256_Phase2_RG92.md,RETAINED
05_POST_M8_SOURCE_ARCHIVE/VALID_HISTORY/REVIEW/AUDIT/b7513deb17__R4-G_Phase2_第92_C_强压缩下限版.md,b7513deb17621165e1437457bab2b0846ca88e30501355f4fdaa1e5431f452c6,27797,POST_M8_SOURCE_ARCHIVE,RCWH_SelfContained_Handover_v4.0_20261007(1).zip,03_VALID_HISTORY/REVIEW/AUDIT/b7513deb17__R4-G_Phase2_第92_C_强压缩下限版.md,RETAINED
05_POST_M8_SOURCE_ARCHIVE/VALID_HISTORY/REVIEW/AUDIT/bd685112a6__R4-G_Phase3_妙玉段功能拆分_v1.1.md,bd685112a6255b7438c146e95732a1f506bdf9220883e8e6ca0f7e42341efeee,1041,POST_M8_SOURCE_ARCHIVE,RCWH_SelfContained_Handover_v4.0_20261007(1).zip,03_VALID_HISTORY/REVIEW/AUDIT/bd685112a6__R4-G_Phase3_妙玉段功能拆分_v1.1.md,RETAINED
05_POST_M8_SOURCE_ARCHIVE/VALID_HISTORY/REVIEW/AUDIT/bf971aaf32__第32.5-D1_活跃过程文档标题来源回归审计报告_v1.0.md,bf971aaf32a4820fbe45aeac1619a80828f38b977c5ea5ea452d0285203f29cd,1361,POST_M8_SOURCE_ARCHIVE,RCWH_SelfContained_Handover_v4.0_20261007(1).zip,03_VALID_HISTORY/REVIEW/AUDIT/bf971aaf32__第32.5-D1_活跃过程文档标题来源回归审计报告_v1.0.md,RETAINED
05_POST_M8_SOURCE_ARCHIVE/VALID_HISTORY/REVIEW/AUDIT/c153fbba91__R4_遗留问题总台账_v1.5_Phase6同步.csv,c153fbba91c6a28a7d669cae935861c7fb91cd38546bb69ad69fc294ff3e515a,12776,POST_M8_SOURCE_ARCHIVE,RCWH_SelfContained_Handover_v4.0_20261007(1).zip,03_VALID_HISTORY/REVIEW/AUDIT/c153fbba91__R4_遗留问题总台账_v1.5_Phase6同步.csv,RETAINED
05_POST_M8_SOURCE_ARCHIVE/VALID_HISTORY/REVIEW/AUDIT/c2ed5d1e9a__R4_遗留问题总台账_v1.3_Phase4同步.md,c2ed5d1e9a45393848d5debc90e8d308b20b4fa34a2f8caa6436fafe427c598a,752,POST_M8_SOURCE_ARCHIVE,RCWH_SelfContained_Handover_v4.0_20261007(1).zip,03_VALID_HISTORY/REVIEW/AUDIT/c2ed5d1e9a__R4_遗留问题总台账_v1.3_Phase4同步.md,RETAINED
05_POST_M8_SOURCE_ARCHIVE/VALID_HISTORY/REVIEW/AUDIT/c4436883a2__R4_Phase6_CURRENT活动文档白名单_v1.0.md,c4436883a2c1013b2d808361b34676938d89f2962dc1dfb4409f1cd6c23f6884,1374,POST_M8_SOURCE_ARCHIVE,RCWH_SelfContained_Handover_v4.0_20261007(1).zip,03_VALID_HISTORY/REVIEW/AUDIT/c4436883a2__R4_Phase6_CURRENT活动文档白名单_v1.0.md,RETAINED
05_POST_M8_SOURCE_ARCHIVE/VALID_HISTORY/REVIEW/AUDIT/c57489c816__R4_遗留问题总台账_v1.6_R4FRegression_FINAL.csv,c57489c816f33a153b5795e098714d7249e1de0d5b746ed49e2a0f477c05198b,12795,POST_M8_SOURCE_ARCHIVE,RCWH_SelfContained_Handover_v4.0_20261007(1).zip,03_VALID_HISTORY/REVIEW/AUDIT/c57489c816__R4_遗留问题总台账_v1.6_R4FRegression_FINAL.csv,RETAINED
05_POST_M8_SOURCE_ARCHIVE/VALID_HISTORY/REVIEW/AUDIT/c690f39455__R4_遗留问题总台账_v1.1_Phase2同步.csv,c690f39455509d130dba0f846f240c3e53bcbec88802f7a924e16d0428ff6a7d,10819,POST_M8_SOURCE_ARCHIVE,RCWH_SelfContained_Handover_v4.0_20261007(1).zip,03_VALID_HISTORY/REVIEW/AUDIT/c690f39455__R4_遗留问题总台账_v1.1_Phase2同步.csv,RETAINED
05_POST_M8_SOURCE_ARCHIVE/VALID_HISTORY/REVIEW/AUDIT/c6e838c511__R4-G_Phase3_第97_B_妙玉轻压版.md,c6e838c5113f3a7ec4ad581870240867e9eab3d9a26e058aa2b6210fa2585443,23499,POST_M8_SOURCE_ARCHIVE,RCWH_SelfContained_Handover_v4.0_20261007(1).zip,03_VALID_HISTORY/REVIEW/AUDIT/c6e838c511__R4-G_Phase3_第97_B_妙玉轻压版.md,RETAINED
05_POST_M8_SOURCE_ARCHIVE/VALID_HISTORY/REVIEW/AUDIT/c7f08458ce__R4-G_文学保护与越界审计_v1.0_PLOCK_LITERARY_PASS.md,c7f08458ce03b8ea38547818b2c0096fa0674cd60b9b8a16c9e2ff3e250c045a,10371,POST_M8_SOURCE_ARCHIVE,RCWH_SelfContained_Handover_v4.0_20261007(1).zip,03_VALID_HISTORY/REVIEW/AUDIT/c7f08458ce__R4-G_文学保护与越界审计_v1.0_PLOCK_LITERARY_PASS.md,RETAINED
05_POST_M8_SOURCE_ARCHIVE/VALID_HISTORY/REVIEW/AUDIT/c80053647f__R4_Phase0-1_执行报告_v1.0.md,c80053647fb54b4eefdb2ba6f2064973869ef5914da3c364f236897540f2dd53,978,POST_M8_SOURCE_ARCHIVE,RCWH_SelfContained_Handover_v4.0_20261007(1).zip,03_VALID_HISTORY/REVIEW/AUDIT/c80053647f__R4_Phase0-1_执行报告_v1.0.md,RETAINED
05_POST_M8_SOURCE_ARCHIVE/VALID_HISTORY/REVIEW/AUDIT/cd78f8d5da__R4_遗留问题清零与重新放行计划_v1.0.md,cd78f8d5da55dcee963456914d8d86251a97787a4d43e87b624c361f3f953762,15413,POST_M8_SOURCE_ARCHIVE,RCWH_SelfContained_Handover_v4.0_20261007(1).zip,03_VALID_HISTORY/REVIEW/AUDIT/cd78f8d5da__R4_遗留问题清零与重新放行计划_v1.0.md,RETAINED
05_POST_M8_SOURCE_ARCHIVE/VALID_HISTORY/REVIEW/AUDIT/cf237666db__R4-G_Phase3_RG-97-01_妙玉压缩实验_v1.0_FINAL_REVISE-B.md,cf237666db3d817c66145457aad7ba002ee2ab5b9f566adb5ab039ae9cf1e11a,4894,POST_M8_SOURCE_ARCHIVE,RCWH_SelfContained_Handover_v4.0_20261007(1).zip,03_VALID_HISTORY/REVIEW/AUDIT/cf237666db__R4-G_Phase3_RG-97-01_妙玉压缩实验_v1.0_FINAL_REVISE-B.md,RETAINED
05_POST_M8_SOURCE_ARCHIVE/VALID_HISTORY/REVIEW/AUDIT/d73467866d__R4_放行撤销与当前状态校正_v1.0.md,d73467866dcbff4225615ac0edb593e1779b0c1314b61ebdbca09ccaf322b631,3177,POST_M8_SOURCE_ARCHIVE,RCWH_SelfContained_Handover_v4.0_20261007(1).zip,03_VALID_HISTORY/REVIEW/AUDIT/d73467866d__R4_放行撤销与当前状态校正_v1.0.md,RETAINED
05_POST_M8_SOURCE_ARCHIVE/VALID_HISTORY/REVIEW/AUDIT/d9deb45cb8__R4_遗留问题总台账_v1.1_Phase2同步.md,d9deb45cb8c71fd292a817afe4674a0e867c3d82a2fba954145d59afee5de010,1572,POST_M8_SOURCE_ARCHIVE,RCWH_SelfContained_Handover_v4.0_20261007(1).zip,03_VALID_HISTORY/REVIEW/AUDIT/d9deb45cb8__R4_遗留问题总台账_v1.1_Phase2同步.md,RETAINED
05_POST_M8_SOURCE_ARCHIVE/VALID_HISTORY/REVIEW/AUDIT/db483cf951__R4_遗留问题总台账_v1.8_R4_COMPLETE.md,db483cf951e81ae78b994938414a452cc61b724c3cb74a15897d589c3e198850,1029,POST_M8_SOURCE_ARCHIVE,RCWH_SelfContained_Handover_v4.0_20261007(1).zip,03_VALID_HISTORY/REVIEW/AUDIT/db483cf951__R4_遗留问题总台账_v1.8_R4_COMPLETE.md,RETAINED
05_POST_M8_SOURCE_ARCHIVE/VALID_HISTORY/REVIEW/AUDIT/deba27852b__R4-H_稳定ACTIVE_v4.1放行报告_v2.0_FINAL_PASS.md,deba27852bf635683d8a038fd1b545f4b7fdae8ca7f822169d2ae96ece2ab41e,2564,POST_M8_SOURCE_ARCHIVE,RCWH_SelfContained_Handover_v4.0_20261007(1).zip,03_VALID_HISTORY/REVIEW/AUDIT/deba27852b__R4-H_稳定ACTIVE_v4.1放行报告_v2.0_FINAL_PASS.md,RETAINED
05_POST_M8_SOURCE_ARCHIVE/VALID_HISTORY/REVIEW/AUDIT/e29b44ea97__R4_遗留问题总台账_v1.3_Phase4同步.csv,e29b44ea9792d0588d8a3923a7e9406fce97c6105b1ea4de2a79e025883154dd,10981,POST_M8_SOURCE_ARCHIVE,RCWH_SelfContained_Handover_v4.0_20261007(1).zip,03_VALID_HISTORY/REVIEW/AUDIT/e29b44ea97__R4_遗留问题总台账_v1.3_Phase4同步.csv,RETAINED
05_POST_M8_SOURCE_ARCHIVE/VALID_HISTORY/REVIEW/AUDIT/e2f31e0d8a__R4-F_regression_R4G候选正文_v1.0_PASS.md,e2f31e0d8ab0a4c9775461c7bcda05bce44d0c64325b2b9bb10eb2247390ac3d,277,POST_M8_SOURCE_ARCHIVE,RCWH_SelfContained_Handover_v4.0_20261007(1).zip,03_VALID_HISTORY/REVIEW/AUDIT/e2f31e0d8a__R4-F_regression_R4G候选正文_v1.0_PASS.md,RETAINED
05_POST_M8_SOURCE_ARCHIVE/VALID_HISTORY/REVIEW/AUDIT/e73dbcb5a2__R4-G_Phase2_第92_C_极简压缩版.md,e73dbcb5a249d552d58f9d0be591b56d31f3f990afbfc45acc42ee3be41607a6,94,POST_M8_SOURCE_ARCHIVE,RCWH_SelfContained_Handover_v4.0_20261007(1).zip,03_VALID_HISTORY/REVIEW/AUDIT/e73dbcb5a2__R4-G_Phase2_第92_C_极简压缩版.md,RETAINED
05_POST_M8_SOURCE_ARCHIVE/VALID_HISTORY/REVIEW/AUDIT/e997078b28__R4_遗留问题总台账_v1.2_Phase3同步.csv,e997078b282a64b8d0291e3d9b41352e35db03dcb9159601832f865298247cef,10875,POST_M8_SOURCE_ARCHIVE,RCWH_SelfContained_Handover_v4.0_20261007(1).zip,03_VALID_HISTORY/REVIEW/AUDIT/e997078b28__R4_遗留问题总台账_v1.2_Phase3同步.csv,RETAINED
05_POST_M8_SOURCE_ARCHIVE/VALID_HISTORY/REVIEW/AUDIT/ece4234e24__第32.5-D2_弱证越界回归审计报告_v1.0.md,ece4234e24f60f761106f954ac7356cf9bd64daa3f8df6d8cf9f4446be79be81,907,POST_M8_SOURCE_ARCHIVE,RCWH_SelfContained_Handover_v4.0_20261007(1).zip,03_VALID_HISTORY/REVIEW/AUDIT/ece4234e24__第32.5-D2_弱证越界回归审计报告_v1.0.md,RETAINED
05_POST_M8_SOURCE_ARCHIVE/VALID_HISTORY/REVIEW/AUDIT/ef410621f8__SHA256_Phase3_RG97_v1.1.md,ef410621f8b8ee338ae6d13d27504b67d1c1bcf616377c413a374cebfb05359f,977,POST_M8_SOURCE_ARCHIVE,RCWH_SelfContained_Handover_v4.0_20261007(1).zip,03_VALID_HISTORY/REVIEW/AUDIT/ef410621f8__SHA256_Phase3_RG97_v1.1.md,RETAINED
05_POST_M8_SOURCE_ARCHIVE/VALID_HISTORY/REVIEW/AUDIT/f53700d865__R4-G_Phase3_妙玉段功能拆分_v1.0.md,f53700d8659d6202ba1a3742d0781ed9395c03a918b10b2debb584741242e6ef,1254,POST_M8_SOURCE_ARCHIVE,RCWH_SelfContained_Handover_v4.0_20261007(1).zip,03_VALID_HISTORY/REVIEW/AUDIT/f53700d865__R4-G_Phase3_妙玉段功能拆分_v1.0.md,RETAINED
05_POST_M8_SOURCE_ARCHIVE/VALID_HISTORY/REVIEW/AUDIT/f79ba80ca2__R4-F_regression_R4G候选正文_v1.2_FINAL_PASS.md,f79ba80ca2e9caff0113e83100bc5b046736ce0faa03413bdbbf464dba3c6794,2098,POST_M8_SOURCE_ARCHIVE,RCWH_SelfContained_Handover_v4.0_20261007(1).zip,03_VALID_HISTORY/REVIEW/AUDIT/f79ba80ca2__R4-F_regression_R4G候选正文_v1.2_FINAL_PASS.md,RETAINED
05_POST_M8_SOURCE_ARCHIVE/VALID_HISTORY/REVIEW/AUDIT/fab887c5bb__R4_遗留问题总台账_v1.4_Phase5同步.md,fab887c5bb8692551dc1f32fc955524e8bcb3058fad892ef31b875504aa02234,1343,POST_M8_SOURCE_ARCHIVE,RCWH_SelfContained_Handover_v4.0_20261007(1).zip,03_VALID_HISTORY/REVIEW/AUDIT/fab887c5bb__R4_遗留问题总台账_v1.4_Phase5同步.md,RETAINED
05_POST_M8_SOURCE_ARCHIVE/VALID_HISTORY/REVIEW/AUDIT/faf1291756__第32-A_v1.1_P0证据回归四审报告_v1.1_更正终版.md,faf12917560eff8f5753abc4ff1a4a69984764526c5c16e8f6fb96378dbb36fc,4012,POST_M8_SOURCE_ARCHIVE,RCWH_SelfContained_Handover_v4.0_20261007(1).zip,03_VALID_HISTORY/REVIEW/AUDIT/faf1291756__第32-A_v1.1_P0证据回归四审报告_v1.1_更正终版.md,RETAINED
05_POST_M8_SOURCE_ARCHIVE/VALID_HISTORY/REVIEW/AUDIT/fed05a049d__R4-G_Phase3_第97_C_妙玉中压版.md,fed05a049d5d45da6799ec3aa7697ab957a7d5fac5592c720edf610e72a42460,21608,POST_M8_SOURCE_ARCHIVE,RCWH_SelfContained_Handover_v4.0_20261007(1).zip,03_VALID_HISTORY/REVIEW/AUDIT/fed05a049d__R4-G_Phase3_第97_C_妙玉中压版.md,RETAINED
05_POST_M8_SOURCE_ARCHIVE/VALID_HISTORY/WORLD/REFERENCE/0231d161d1__81—100_运行性前置状态总表_v1.7_R3同步版.md,0231d161d17080966136b7525bd79ddecbcff131b717276b79cef543f075798c,19778,POST_M8_SOURCE_ARCHIVE,RCWH_SelfContained_Handover_v4.0_20261007(1).zip,03_VALID_HISTORY/WORLD/REFERENCE/0231d161d1__81—100_运行性前置状态总表_v1.7_R3同步版.md,RETAINED
05_POST_M8_SOURCE_ARCHIVE/VALID_HISTORY/WORLD/REFERENCE/2d711c0fa4__81—100_社会基础设施现金流职业世界总表_v1.0.md,2d711c0fa4150adef3a5af9671a5092c0f155f60e5505ef73b504e7dc1602cf7,28413,POST_M8_SOURCE_ARCHIVE,RCWH_SelfContained_Handover_v4.0_20261007(1).zip,03_VALID_HISTORY/WORLD/REFERENCE/2d711c0fa4__81—100_社会基础设施现金流职业世界总表_v1.0.md,RETAINED
05_POST_M8_SOURCE_ARCHIVE/VALID_HISTORY/WORLD/REFERENCE/32e817a5b1__81—100_运行性前置状态总表_v1.1_P0回归版.md,32e817a5b185ae6b7bb37329cf26a7b873510703a91d7a2f88737d213c114cc6,19175,POST_M8_SOURCE_ARCHIVE,RCWH_SelfContained_Handover_v4.0_20261007(1).zip,03_VALID_HISTORY/WORLD/REFERENCE/32e817a5b1__81—100_运行性前置状态总表_v1.1_P0回归版.md,RETAINED
05_POST_M8_SOURCE_ARCHIVE/VALID_HISTORY/WORLD/REFERENCE/3e8d0581cc__81—100_运行性前置状态总表_v1.3_D2弱证裁定版.md,3e8d0581cc1007606bab32b3555b7738b1090d86990312fe41469a7bbdc93d69,19563,POST_M8_SOURCE_ARCHIVE,RCWH_SelfContained_Handover_v4.0_20261007(1).zip,03_VALID_HISTORY/WORLD/REFERENCE/3e8d0581cc__81—100_运行性前置状态总表_v1.3_D2弱证裁定版.md,RETAINED
05_POST_M8_SOURCE_ARCHIVE/VALID_HISTORY/WORLD/REFERENCE/417a201365__81—100_运行性前置状态总表_v1.8_当前版.md,417a201365f0e5c961b1497b098eaa8f40c02cabc07cf2a79391a6d2ae00ed69,19924,POST_M8_SOURCE_ARCHIVE,RCWH_SelfContained_Handover_v4.0_20261007(1).zip,03_VALID_HISTORY/WORLD/REFERENCE/417a201365__81—100_运行性前置状态总表_v1.8_当前版.md,RETAINED
05_POST_M8_SOURCE_ARCHIVE/VALID_HISTORY/WORLD/REFERENCE/48b7b89131__81—100_社会基础设施现金流职业世界总表_v1.3_R3同步版.md,48b7b891316ca8e19dcbfbe3f2b78bb49175f74ad88f670e73c844bc508a7d2b,28903,POST_M8_SOURCE_ARCHIVE,RCWH_SelfContained_Handover_v4.0_20261007(1).zip,03_VALID_HISTORY/WORLD/REFERENCE/48b7b89131__81—100_社会基础设施现金流职业世界总表_v1.3_R3同步版.md,RETAINED
05_POST_M8_SOURCE_ARCHIVE/VALID_HISTORY/WORLD/REFERENCE/5cf54fd9e8__81—100_运行性前置状态总表_v1.6_R2版.md,5cf54fd9e8a9a16534605f5db1836ce57406d0c80e008d821b0ed66e646048ee,481,POST_M8_SOURCE_ARCHIVE,RCWH_SelfContained_Handover_v4.0_20261007(1).zip,03_VALID_HISTORY/WORLD/REFERENCE/5cf54fd9e8__81—100_运行性前置状态总表_v1.6_R2版.md,RETAINED
05_POST_M8_SOURCE_ARCHIVE/VALID_HISTORY/WORLD/REFERENCE/bc6bf7cb5e__81—100_社会基础设施现金流职业世界总表_v1.4_当前版.md,bc6bf7cb5e60a47ff8a60fe348fc816c060d39901714efb1006695da81a68823,29051,POST_M8_SOURCE_ARCHIVE,RCWH_SelfContained_Handover_v4.0_20261007(1).zip,03_VALID_HISTORY/WORLD/REFERENCE/bc6bf7cb5e__81—100_社会基础设施现金流职业世界总表_v1.4_当前版.md,RETAINED
05_POST_M8_SOURCE_ARCHIVE/VALID_HISTORY/WORLD/REFERENCE/c3187c20a8__81—100_运行性前置状态总表_v1.5_R1暂停版.md,c3187c20a89f2203e1c8f437f73670bc5abb7330198b39957a8c599b93147d20,1348,POST_M8_SOURCE_ARCHIVE,RCWH_SelfContained_Handover_v4.0_20261007(1).zip,03_VALID_HISTORY/WORLD/REFERENCE/c3187c20a8__81—100_运行性前置状态总表_v1.5_R1暂停版.md,RETAINED
05_POST_M8_SOURCE_ARCHIVE/VALID_HISTORY/WORLD/REFERENCE/d9f57feeb7__81—100_运行性前置状态总表_v1.0.md,d9f57feeb7fbbbf9df56f7a23b3e3ffcf4e5ba736d3965d6b95ca30a947d91b1,18579,POST_M8_SOURCE_ARCHIVE,RCWH_SelfContained_Handover_v4.0_20261007(1).zip,03_VALID_HISTORY/WORLD/REFERENCE/d9f57feeb7__81—100_运行性前置状态总表_v1.0.md,RETAINED
05_POST_M8_SOURCE_ARCHIVE/VALID_HISTORY/WORLD/REFERENCE/df6265fa79__81—100_社会基础设施现金流职业世界总表_v1.2_精简施工版.md,df6265fa797fd1b80b9b11f63d91e6ebce93aa20735bf5631ff36ebabbc4c928,28214,POST_M8_SOURCE_ARCHIVE,RCWH_SelfContained_Handover_v4.0_20261007(1).zip,03_VALID_HISTORY/WORLD/REFERENCE/df6265fa79__81—100_社会基础设施现金流职业世界总表_v1.2_精简施工版.md,RETAINED
05_POST_M8_SOURCE_ARCHIVE/VALID_HISTORY/WORLD/REFERENCE/e0951a7671__81—100_社会基础设施现金流职业世界总表_v1.1_D2弱证回归版.md,e0951a7671658a4d8fc4af32ee34cb682e62538352b5350172b6a83b14ee1538,29249,POST_M8_SOURCE_ARCHIVE,RCWH_SelfContained_Handover_v4.0_20261007(1).zip,03_VALID_HISTORY/WORLD/REFERENCE/e0951a7671__81—100_社会基础设施现金流职业世界总表_v1.1_D2弱证回归版.md,RETAINED
05_POST_M8_SOURCE_ARCHIVE/VALID_HISTORY/WORLD/REFERENCE/eb16a3f2b4__81—100_运行性前置状态总表_v1.4_精简施工版.md,eb16a3f2b4a1f1e07f379a166bbebf5fc108a568cd586a88ba6fbd1117978d2e,19230,POST_M8_SOURCE_ARCHIVE,RCWH_SelfContained_Handover_v4.0_20261007(1).zip,03_VALID_HISTORY/WORLD/REFERENCE/eb16a3f2b4__81—100_运行性前置状态总表_v1.4_精简施工版.md,RETAINED
05_POST_M8_SOURCE_ARCHIVE/VALID_HISTORY/WORLD_LITERARY/REFERENCE/1dddde4f10__续庄子绝句_物质文本流转专题_v1.2_当前版.md,1dddde4f100b2596778e58e1a7ab2557b25b836d083a567ffff0bf1aa8023c54,25866,POST_M8_SOURCE_ARCHIVE,RCWH_SelfContained_Handover_v4.0_20261007(1).zip,03_VALID_HISTORY/WORLD_LITERARY/REFERENCE/1dddde4f10__续庄子绝句_物质文本流转专题_v1.2_当前版.md,RETAINED
05_POST_M8_SOURCE_ARCHIVE/VALID_HISTORY/WORLD_LITERARY/REFERENCE/223580dbc0__81—100_医学身体饮食婚丧礼俗补完表_v1.1_精简施工版.md,223580dbc0b8d5a6bda3248c54c27e52d1d772dded948c17cf29ad788900f124,28080,POST_M8_SOURCE_ARCHIVE,RCWH_SelfContained_Handover_v4.0_20261007(1).zip,03_VALID_HISTORY/WORLD_LITERARY/REFERENCE/223580dbc0__81—100_医学身体饮食婚丧礼俗补完表_v1.1_精简施工版.md,RETAINED
05_POST_M8_SOURCE_ARCHIVE/VALID_HISTORY/WORLD_LITERARY/REFERENCE/2371bc542f__81—100_医学身体饮食婚丧礼俗补完表_v1.0.md,2371bc542fba79484859103dfb44a8e7b3fc0c231d963f983d389c75ff8f0597,28373,POST_M8_SOURCE_ARCHIVE,RCWH_SelfContained_Handover_v4.0_20261007(1).zip,03_VALID_HISTORY/WORLD_LITERARY/REFERENCE/2371bc542f__81—100_医学身体饮食婚丧礼俗补完表_v1.0.md,RETAINED
05_POST_M8_SOURCE_ARCHIVE/VALID_HISTORY/WORLD_LITERARY/REFERENCE/29367a7cb0__续庄子绝句_物质文本流转专题_v1.0.md,29367a7cb0667140e4be33ed3d92a3d9ac70670c0b140f4eed9c2783239a3163,25453,POST_M8_SOURCE_ARCHIVE,RCWH_SelfContained_Handover_v4.0_20261007(1).zip,03_VALID_HISTORY/WORLD_LITERARY/REFERENCE/29367a7cb0__续庄子绝句_物质文本流转专题_v1.0.md,RETAINED
05_POST_M8_SOURCE_ARCHIVE/VALID_HISTORY/WORLD_LITERARY/REFERENCE/555c83434d__81—100_医学身体饮食婚丧礼俗补完表_v1.2_R3同步版.md,555c83434d17e9d1dcc12679c22e8b5109524d9f2b9d0a2a67e515e4d8bd4b5b,28755,POST_M8_SOURCE_ARCHIVE,RCWH_SelfContained_Handover_v4.0_20261007(1).zip,03_VALID_HISTORY/WORLD_LITERARY/REFERENCE/555c83434d__81—100_医学身体饮食婚丧礼俗补完表_v1.2_R3同步版.md,RETAINED
05_POST_M8_SOURCE_ARCHIVE/VALID_HISTORY/WORLD_LITERARY/REFERENCE/7e4ba5576d__81—100_医学身体饮食婚丧礼俗补完表_v1.3_当前版.md,7e4ba5576d56cf953338ef9dfa98b9dea3da4be4a595fff241a5c26d4c7e23bf,28903,POST_M8_SOURCE_ARCHIVE,RCWH_SelfContained_Handover_v4.0_20261007(1).zip,03_VALID_HISTORY/WORLD_LITERARY/REFERENCE/7e4ba5576d__81—100_医学身体饮食婚丧礼俗补完表_v1.3_当前版.md,RETAINED
05_POST_M8_SOURCE_ARCHIVE/VALID_HISTORY/WORLD_LITERARY/REFERENCE/96fef3c6af__续庄子绝句_物质文本流转专题_v1.1_R3同步版.md,96fef3c6af65160cc2e323638e0fae615cfe118e8a82a43fbbd50efc29172be0,25869,POST_M8_SOURCE_ARCHIVE,RCWH_SelfContained_Handover_v4.0_20261007(1).zip,03_VALID_HISTORY/WORLD_LITERARY/REFERENCE/96fef3c6af__续庄子绝句_物质文本流转专题_v1.1_R3同步版.md,RETAINED
05_POST_M8_SOURCE_ARCHIVE/VALID_HISTORY/WORLD_LITERARY/REFERENCE/a6d636d36f__续庄子绝句_物质文本流转专题_v1.0.md,a6d636d36fef7ec3a46289ebf693d53ebb43e3e8eab2c5e67ae9d0db3ae685d5,25584,POST_M8_SOURCE_ARCHIVE,RCWH_SelfContained_Handover_v4.0_20261007(1).zip,03_VALID_HISTORY/WORLD_LITERARY/REFERENCE/a6d636d36f__续庄子绝句_物质文本流转专题_v1.0.md,RETAINED
06_LEGACY_INVENTORY_AND_MAPPINGS/00_SELF_CONTAINED_PATH_MAP_v3.0.csv,fbdeec837684a87cd23be145ff4614a90ec5bf465ca31c90777b3b576aff2829,383672,POST_M8_SOURCE_ARCHIVE,RCWH_SelfContained_Handover_v4.0_20261007(1).zip,05_HANDOVER_AND_INVENTORY/00_SELF_CONTAINED_PATH_MAP_v3.0.csv,RETAINED
06_LEGACY_INVENTORY_AND_MAPPINGS/01_CANONICAL_CONTEXT_INDEX_v4.0.csv,e9418b1989ccea34f805ba79ecffbde42e42850a6b693a191d66d0630df129c8,2091,POST_M8_SOURCE_ARCHIVE,RCWH_SelfContained_Handover_v4.0_20261007(1).zip,05_HANDOVER_AND_INVENTORY/01_CANONICAL_CONTEXT_INDEX_v4.0.csv,RETAINED
06_LEGACY_INVENTORY_AND_MAPPINGS/01_旧成果_to_Harness节点_完整迁移总表_v2.0.csv,974774f4af57bd4ae4fd7dd454d88afc82aae7475e2363de6d5bede4c1f32f26,636277,POST_M8_SOURCE_ARCHIVE,RCWH_SelfContained_Handover_v4.0_20261007(1).zip,05_HANDOVER_AND_INVENTORY/01_旧成果_to_Harness节点_完整迁移总表_v2.0.csv,RETAINED
06_LEGACY_INVENTORY_AND_MAPPINGS/02_EXCLUDED_FROM_V4_PACKAGE.csv,75710c69c8434ac2ef81b227e1ba77d8aa7a1789ce951d12e279c680be993e38,2119,POST_M8_SOURCE_ARCHIVE,RCWH_SelfContained_Handover_v4.0_20261007(1).zip,05_HANDOVER_AND_INVENTORY/02_EXCLUDED_FROM_V4_PACKAGE.csv,RETAINED
06_LEGACY_INVENTORY_AND_MAPPINGS/02_压缩包总览_v2.0.csv,9826cc9c0dd5a5887e86a0dcb48c6fb2a5ec7ed01864656e9e9966e1d6e2ca0a,4829,POST_M8_SOURCE_ARCHIVE,RCWH_SelfContained_Handover_v4.0_20261007(1).zip,05_HANDOVER_AND_INVENTORY/02_压缩包总览_v2.0.csv,RETAINED
06_LEGACY_INVENTORY_AND_MAPPINGS/04_全量文件出现记录_v2.0.csv,3df04c5a261ffb76eb2230f7b967b5c150be3ac57a721753fdd2e0e303cc4ba9,627469,POST_M8_SOURCE_ARCHIVE,RCWH_SelfContained_Handover_v4.0_20261007(1).zip,05_HANDOVER_AND_INVENTORY/04_全量文件出现记录_v2.0.csv,RETAINED
06_LEGACY_INVENTORY_AND_MAPPINGS/08_EXCLUDED_REDUNDANT_OR_SUPERSEDED_v3.0.csv,6301959e51ef62f2541594431b694108099cce798b2418e043a79b026ef2a401,12266,POST_M8_SOURCE_ARCHIVE,RCWH_SelfContained_Handover_v4.0_20261007(1).zip,05_HANDOVER_AND_INVENTORY/08_EXCLUDED_REDUNDANT_OR_SUPERSEDED_v3.0.csv,RETAINED
